sample_id,dataset,label,detector_name,modality,fake_score,score_type,inference_time_ms,window_start_sec,window_end_sec,status,error_message
aalscayrfi,DFDC,0,SBI,visual,0.062334,probability,557.7,N/A,N/A,ok,
aalyqplqns,DFDC,0,SBI,visual,0.260559,probability,363.6,N/A,N/A,ok,
aarpyivfys,DFDC,0,SBI,visual,0.12551,probability,795.1,N/A,N/A,ok,
abajdarwnl,DFDC,0,SBI,visual,0.411067,probability,731.5,N/A,N/A,ok,
abwvsloero,DFDC,0,SBI,visual,0.015525,probability,484.3,N/A,N/A,ok,
abyulwmxen,DFDC,0,SBI,visual,0.072591,probability,709.4,N/A,N/A,ok,
acejoopbey,DFDC,0,SBI,visual,0.062196,probability,588.7,N/A,N/A,ok,
achpfflhju,DFDC,0,SBI,visual,0.305072,probability,156.0,N/A,N/A,ok,
acmwqyjvoz,DFDC,0,SBI,visual,0.029754,probability,592.9,N/A,N/A,ok,
adsjhmclqx,DFDC,0,SBI,visual,0.051409,probability,441.2,N/A,N/A,ok,
adykfzegpc,DFDC,0,SBI,visual,0.010132,probability,456.8,N/A,N/A,ok,
aeibsrjfdo,DFDC,0,SBI,visual,0.476271,probability,523.7,N/A,N/A,ok,
aejcxligwn,DFDC,0,SBI,visual,0.042415,probability,363.2,N/A,N/A,ok,
aekpwrkywd,DFDC,0,SBI,visual,0.683938,probability,470.7,N/A,N/A,ok,
aerypjwzad,DFDC,0,SBI,visual,0.269682,probability,420.1,N/A,N/A,ok,
aeskwxnrpa,DFDC,0,SBI,visual,0.572836,probability,242.3,N/A,N/A,ok,
afjjwsmzxv,DFDC,0,SBI,visual,0.045111,probability,340.3,N/A,N/A,ok,
agarzvbaqz,DFDC,0,SBI,visual,0.520149,probability,336.4,N/A,N/A,ok,
agdkvthrpq,DFDC,0,SBI,visual,0.201302,probability,378.6,N/A,N/A,ok,
agkvhqusqq,DFDC,0,SBI,visual,0.042397,probability,370.4,N/A,N/A,ok,
agryncucgi,DFDC,0,SBI,visual,0.011324,probability,316.4,N/A,N/A,ok,
ahalakrkhf,DFDC,0,SBI,visual,0.045845,probability,624.0,N/A,N/A,ok,
aheytcuhqb,DFDC,0,SBI,visual,0.116679,probability,815.5,N/A,N/A,ok,
ahmqtdzriq,DFDC,0,SBI,visual,0.500885,probability,681.7,N/A,N/A,ok,
ahslbdxbjz,DFDC,0,SBI,visual,0.016767,probability,567.9,N/A,N/A,ok,
ahunojlhec,DFDC,0,SBI,visual,0.014203,probability,650.5,N/A,N/A,ok,
ailljwjwvl,DFDC,0,SBI,visual,0.896737,probability,82.4,N/A,N/A,ok,
aimfweaqeq,DFDC,0,SBI,visual,0.008315,probability,209.0,N/A,N/A,ok,
airwxzbtgc,DFDC,0,SBI,visual,0.010613,probability,472.3,N/A,N/A,ok,
ajabvafiow,DFDC,0,SBI,visual,0.272846,probability,494.2,N/A,N/A,ok,
ajcostgfft,DFDC,0,SBI,visual,0.089396,probability,490.5,N/A,N/A,ok,
ajcyrjhppv,DFDC,0,SBI,visual,0.002096,probability,555.8,N/A,N/A,ok,
ajdxzmgtrg,DFDC,0,SBI,visual,0.277918,probability,527.3,N/A,N/A,ok,
akojtrykwg,DFDC,0,SBI,visual,0.455209,probability,390.0,N/A,N/A,ok,
aksxapgqri,DFDC,0,SBI,visual,0.071365,probability,369.1,N/A,N/A,ok,
alceitvqms,DFDC,0,SBI,visual,0.394369,probability,365.6,N/A,N/A,ok,
algsradbrc,DFDC,0,SBI,visual,0.027437,probability,327.5,N/A,N/A,ok,
aluddintgf,DFDC,0,SBI,visual,0.044188,probability,339.8,N/A,N/A,ok,
alxkmxynew,DFDC,0,SBI,visual,0.173943,probability,140.9,N/A,N/A,ok,
alzkwzxevr,DFDC,0,SBI,visual,0.082138,probability,675.5,N/A,N/A,ok,
alzpunwsla,DFDC,0,SBI,visual,0.073737,probability,515.6,N/A,N/A,ok,
ambzbzclrq,DFDC,0,SBI,visual,0.0407,probability,556.5,N/A,N/A,ok,
amcqszhjsq,DFDC,0,SBI,visual,0.257819,probability,448.0,N/A,N/A,ok,
amdxcpeuvi,DFDC,0,SBI,visual,0.219857,probability,446.7,N/A,N/A,ok,
amqnzhseqg,DFDC,0,SBI,visual,0.01786,probability,594.1,N/A,N/A,ok,
angbdylxus,DFDC,0,SBI,visual,0.021493,probability,119.7,N/A,N/A,ok,
anhpzbkbky,DFDC,0,SBI,visual,0.423496,probability,393.7,N/A,N/A,ok,
anjqzvkkzc,DFDC,0,SBI,visual,0.020334,probability,50.7,N/A,N/A,ok,
ankdyoquiu,DFDC,0,SBI,visual,0.098177,probability,63.2,N/A,N/A,ok,
annbfwzdkn,DFDC,0,SBI,visual,0.061624,probability,323.9,N/A,N/A,ok,
ansmokqvyf,DFDC,0,SBI,visual,0.144716,probability,407.2,N/A,N/A,ok,
aoooytoctg,DFDC,0,SBI,visual,0.048564,probability,186.3,N/A,N/A,ok,
apglzrxxto,DFDC,0,SBI,visual,0.932223,probability,390.7,N/A,N/A,ok,
apmxeenhpt,DFDC,0,SBI,visual,0.070923,probability,126.3,N/A,N/A,ok,
apniylcvur,DFDC,0,SBI,visual,0.044771,probability,327.2,N/A,N/A,ok,
apzaiuqphz,DFDC,0,SBI,visual,0.001203,probability,76.7,N/A,N/A,ok,
aqtauyhhoh,DFDC,0,SBI,visual,0.162776,probability,217.7,N/A,N/A,ok,
aqtrruhcat,DFDC,0,SBI,visual,0.041396,probability,330.3,N/A,N/A,ok,
arlolgssas,DFDC,0,SBI,visual,0.065686,probability,726.2,N/A,N/A,ok,
arvapvgzii,DFDC,0,SBI,visual,0.400105,probability,226.8,N/A,N/A,ok,
ascobsrydl,DFDC,0,SBI,visual,0.226805,probability,468.7,N/A,N/A,ok,
asoxlgqueu,DFDC,0,SBI,visual,0.011827,probability,470.8,N/A,N/A,ok,
aswrmkooxl,DFDC,0,SBI,visual,0.071712,probability,486.8,N/A,N/A,ok,
asygmewpwe,DFDC,0,SBI,visual,0.207097,probability,470.5,N/A,N/A,ok,
atavtujddj,DFDC,0,SBI,visual,0.001891,probability,394.8,N/A,N/A,ok,
aubfotksjv,DFDC,0,SBI,visual,0.079336,probability,352.8,N/A,N/A,ok,
aucftdmmze,DFDC,0,SBI,visual,0.084142,probability,160.7,N/A,N/A,ok,
aunuinfsap,DFDC,0,SBI,visual,0.515163,probability,40.0,N/A,N/A,ok,
auttliqxls,DFDC,0,SBI,visual,0.126122,probability,186.4,N/A,N/A,ok,
avfglbzzpu,DFDC,0,SBI,visual,0.002789,probability,334.2,N/A,N/A,ok,
avgbrvqybz,DFDC,0,SBI,visual,0.091018,probability,349.3,N/A,N/A,ok,
avlnzlacbm,DFDC,0,SBI,visual,0.084997,probability,414.2,N/A,N/A,ok,
avlsohbebl,DFDC,0,SBI,visual,0.293413,probability,312.6,N/A,N/A,ok,
avpceuqpuq,DFDC,0,SBI,visual,0.782312,probability,347.4,N/A,N/A,ok,
avqvjbickl,DFDC,0,SBI,visual,0.432254,probability,168.5,N/A,N/A,ok,
avtdrvnfyh,DFDC,0,SBI,visual,0.185702,probability,160.0,N/A,N/A,ok,
avtpmzitxr,DFDC,0,SBI,visual,0.043656,probability,196.4,N/A,N/A,ok,
awqbyzfohj,DFDC,0,SBI,visual,0.006467,probability,405.0,N/A,N/A,ok,
axhxbelqwr,DFDC,0,SBI,visual,0.267874,probability,140.6,N/A,N/A,ok,
axmdvjhcin,DFDC,0,SBI,visual,0.021206,probability,377.9,N/A,N/A,ok,
ayhhwrghfe,DFDC,0,SBI,visual,0.018214,probability,518.3,N/A,N/A,ok,
aylwesnztz,DFDC,0,SBI,visual,0.071035,probability,523.5,N/A,N/A,ok,
azdmkyyfgv,DFDC,0,SBI,visual,0.146305,probability,439.6,N/A,N/A,ok,
aziormhfvb,DFDC,0,SBI,visual,0.395913,probability,109.9,N/A,N/A,ok,
azkdermivp,DFDC,0,SBI,visual,0.337077,probability,269.3,N/A,N/A,ok,
baefqrgttz,DFDC,0,SBI,visual,0.0588,probability,387.6,N/A,N/A,ok,
bakrkkibfx,DFDC,0,SBI,visual,0.259344,probability,297.5,N/A,N/A,ok,
bauxtweokm,DFDC,0,SBI,visual,0.011948,probability,373.1,N/A,N/A,ok,
bbkwdpnfxx,DFDC,0,SBI,visual,0.026111,probability,466.7,N/A,N/A,ok,
bbnuxuehbc,DFDC,0,SBI,visual,0.04653,probability,380.1,N/A,N/A,ok,
bbqvdmkxoc,DFDC,0,SBI,visual,0.014849,probability,357.8,N/A,N/A,ok,
bclygfslat,DFDC,0,SBI,visual,0.008517,probability,344.2,N/A,N/A,ok,
bcppeksvoh,DFDC,0,SBI,visual,0.055961,probability,360.7,N/A,N/A,ok,
bcqfxynbkq,DFDC,0,SBI,visual,0.290025,probability,343.2,N/A,N/A,ok,
bcrbbfpdqu,DFDC,0,SBI,visual,0.220465,probability,32.2,N/A,N/A,ok,
bdlcufupou,DFDC,0,SBI,visual,0.091176,probability,279.2,N/A,N/A,ok,
bdnlpsvzlh,DFDC,0,SBI,visual,0.229561,probability,296.4,N/A,N/A,ok,
bdrusuytvj,DFDC,0,SBI,visual,0.023967,probability,373.4,N/A,N/A,ok,
bdxgegsjpi,DFDC,0,SBI,visual,0.011001,probability,374.6,N/A,N/A,ok,
bdywikyrnc,DFDC,0,SBI,visual,0.122932,probability,515.6,N/A,N/A,ok,
behmjnahbe,DFDC,0,SBI,visual,0.005402,probability,300.1,N/A,N/A,ok,
belyafpqap,DFDC,0,SBI,visual,0.344144,probability,483.9,N/A,N/A,ok,
beozwqdkms,DFDC,0,SBI,visual,0.081429,probability,455.0,N/A,N/A,ok,
bepzmgxsef,DFDC,0,SBI,visual,0.053255,probability,360.2,N/A,N/A,ok,
bezgpdxiqo,DFDC,0,SBI,visual,0.133081,probability,558.6,N/A,N/A,ok,
bftfkocdhh,DFDC,0,SBI,visual,0.16887,probability,410.2,N/A,N/A,ok,
bfvwpdcweq,DFDC,0,SBI,visual,0.032211,probability,229.2,N/A,N/A,ok,
bglhicdktn,DFDC,0,SBI,visual,0.172644,probability,385.2,N/A,N/A,ok,
bglinmcjcs,DFDC,0,SBI,visual,0.280448,probability,378.2,N/A,N/A,ok,
bgmpmgtxkt,DFDC,0,SBI,visual,0.032539,probability,344.0,N/A,N/A,ok,
bgsjwznbge,DFDC,0,SBI,visual,0.022152,probability,376.8,N/A,N/A,ok,
bgwytqcaox,DFDC,0,SBI,visual,0.039883,probability,345.4,N/A,N/A,ok,
bhdplxfbwn,DFDC,0,SBI,visual,0.307869,probability,404.3,N/A,N/A,ok,
bhhcmvjuks,DFDC,0,SBI,visual,0.086582,probability,532.0,N/A,N/A,ok,
bhtytlxyau,DFDC,0,SBI,visual,0.005535,probability,562.8,N/A,N/A,ok,
bhwfiogzmn,DFDC,0,SBI,visual,0.052234,probability,254.0,N/A,N/A,ok,
bifozouymd,DFDC,0,SBI,visual,0.553645,probability,46.0,N/A,N/A,ok,
biklirozwk,DFDC,0,SBI,visual,0.022752,probability,385.3,N/A,N/A,ok,
binpavhvht,DFDC,0,SBI,visual,0.39549,probability,439.3,N/A,N/A,ok,
bisuhlnkye,DFDC,0,SBI,visual,0.013306,probability,457.0,N/A,N/A,ok,
bkbcsaatyp,DFDC,0,SBI,visual,0.015946,probability,209.7,N/A,N/A,ok,
bksdiqafep,DFDC,0,SBI,visual,0.024285,probability,357.5,N/A,N/A,ok,
blcfheybjc,DFDC,0,SBI,visual,0.029986,probability,317.0,N/A,N/A,ok,
bljwnczerg,DFDC,0,SBI,visual,0.022239,probability,337.8,N/A,N/A,ok,
blwzpqnnzs,DFDC,0,SBI,visual,0.005748,probability,353.6,N/A,N/A,ok,
bmcqsokyye,DFDC,0,SBI,visual,0.05214,probability,323.7,N/A,N/A,ok,
bmtjzuzwdo,DFDC,0,SBI,visual,0.116568,probability,413.3,N/A,N/A,ok,
bmtxirquhg,DFDC,0,SBI,visual,0.06605,probability,387.0,N/A,N/A,ok,
bngetvfytn,DFDC,0,SBI,visual,0.005002,probability,233.7,N/A,N/A,ok,
bnlropggas,DFDC,0,SBI,visual,0.219202,probability,330.0,N/A,N/A,ok,
bnqqeykvbi,DFDC,0,SBI,visual,0.025371,probability,113.9,N/A,N/A,ok,
bnxbkzhxzk,DFDC,0,SBI,visual,0.038714,probability,151.0,N/A,N/A,ok,
boemzeavif,DFDC,0,SBI,visual,0.12994,probability,249.4,N/A,N/A,ok,
bofxltpmxn,DFDC,0,SBI,visual,0.006263,probability,517.1,N/A,N/A,ok,
bonizsgxpx,DFDC,0,SBI,visual,0.180457,probability,405.5,N/A,N/A,ok,
bpjbidjbag,DFDC,0,SBI,visual,0.016912,probability,366.2,N/A,N/A,ok,
bpmagazrlb,DFDC,0,SBI,visual,0.197261,probability,384.7,N/A,N/A,ok,
bpqawurfiz,DFDC,0,SBI,visual,0.482776,probability,429.8,N/A,N/A,ok,
bptiaycugg,DFDC,0,SBI,visual,0.018522,probability,414.6,N/A,N/A,ok,
bqygiiureu,DFDC,0,SBI,visual,0.124108,probability,465.7,N/A,N/A,ok,
bqyixvjrsq,DFDC,0,SBI,visual,0.030494,probability,310.5,N/A,N/A,ok,
brbfjluwvo,DFDC,0,SBI,visual,0.147503,probability,347.9,N/A,N/A,ok,
brhxmyecox,DFDC,0,SBI,visual,0.067684,probability,117.9,N/A,N/A,ok,
brwshvpbgz,DFDC,0,SBI,visual,0.003527,probability,331.3,N/A,N/A,ok,
brxvolpgxl,DFDC,0,SBI,visual,0.32399,probability,360.1,N/A,N/A,ok,
bsduhevcwg,DFDC,0,SBI,visual,0.055864,probability,125.2,N/A,N/A,ok,
bstcitubhv,DFDC,0,SBI,visual,0.010925,probability,401.0,N/A,N/A,ok,
bswwsjiexr,DFDC,0,SBI,visual,0.54738,probability,320.2,N/A,N/A,ok,
btdrbmbfjh,DFDC,0,SBI,visual,0.07082,probability,452.4,N/A,N/A,ok,
btfcvrvuze,DFDC,0,SBI,visual,0.140133,probability,481.6,N/A,N/A,ok,
btgcnyaqez,DFDC,0,SBI,visual,0.068738,probability,332.5,N/A,N/A,ok,
btrzintddm,DFDC,0,SBI,visual,0.254436,probability,419.9,N/A,N/A,ok,
bttohqfafv,DFDC,0,SBI,visual,0.188806,probability,345.0,N/A,N/A,ok,
btvikanfdf,DFDC,0,SBI,visual,0.028461,probability,389.9,N/A,N/A,ok,
bucrskscgj,DFDC,0,SBI,visual,0.047467,probability,497.5,N/A,N/A,ok,
bucuqcqztq,DFDC,0,SBI,visual,0.277005,probability,188.9,N/A,N/A,ok,
butpxyrveu,DFDC,0,SBI,visual,0.01401,probability,407.0,N/A,N/A,ok,
buwwmndbtu,DFDC,0,SBI,visual,0.007177,probability,326.7,N/A,N/A,ok,
bvcklbzpnh,DFDC,0,SBI,visual,0.850636,probability,410.2,N/A,N/A,ok,
bvewnkolss,DFDC,0,SBI,visual,0.153888,probability,323.0,N/A,N/A,ok,
bvoecyskgu,DFDC,0,SBI,visual,0.392419,probability,105.3,N/A,N/A,ok,
bvtykwecyj,DFDC,0,SBI,visual,0.034748,probability,397.0,N/A,N/A,ok,
bvzwxwexll,DFDC,0,SBI,visual,0.053031,probability,473.0,N/A,N/A,ok,
bweefahzei,DFDC,0,SBI,visual,0.044614,probability,373.3,N/A,N/A,ok,
bwoccqzwxf,DFDC,0,SBI,visual,0.404444,probability,451.2,N/A,N/A,ok,
bwqdkjggkw,DFDC,0,SBI,visual,0.06774,probability,75.2,N/A,N/A,ok,
bwudpcdqie,DFDC,0,SBI,visual,0.108844,probability,140.5,N/A,N/A,ok,
bwuxebkkio,DFDC,0,SBI,visual,0.083036,probability,462.6,N/A,N/A,ok,
bxcbtwfziq,DFDC,0,SBI,visual,0.310831,probability,92.8,N/A,N/A,ok,
bxnblualhv,DFDC,0,SBI,visual,0.051396,probability,424.0,N/A,N/A,ok,
bxpzinvwhy,DFDC,0,SBI,visual,0.040007,probability,119.3,N/A,N/A,ok,
bybmesjwnw,DFDC,0,SBI,visual,0.076024,probability,503.3,N/A,N/A,ok,
bycdautmmp,DFDC,0,SBI,visual,0.148672,probability,563.4,N/A,N/A,ok,
byjdwqmfhp,DFDC,0,SBI,visual,0.093041,probability,410.3,N/A,N/A,ok,
byjrlwftlu,DFDC,0,SBI,visual,0.033841,probability,451.5,N/A,N/A,ok,
byqtjaxjvy,DFDC,0,SBI,visual,0.489167,probability,338.4,N/A,N/A,ok,
byyzdjwwuh,DFDC,0,SBI,visual,0.224185,probability,115.7,N/A,N/A,ok,
bzadpodauu,DFDC,0,SBI,visual,0.245611,probability,24.2,N/A,N/A,ok,
bzfrflwqqg,DFDC,0,SBI,visual,0.025824,probability,367.9,N/A,N/A,ok,
bzfslmqpih,DFDC,0,SBI,visual,0.009791,probability,379.0,N/A,N/A,ok,
bzqohcbrip,DFDC,0,SBI,visual,0.122496,probability,29.6,N/A,N/A,ok,
bzurvbxfch,DFDC,0,SBI,visual,0.074596,probability,468.8,N/A,N/A,ok,
bzymsawzpb,DFDC,0,SBI,visual,0.310169,probability,283.7,N/A,N/A,ok,
caejfdqynu,DFDC,0,SBI,visual,0.020388,probability,215.5,N/A,N/A,ok,
caykdozstc,DFDC,0,SBI,visual,0.232807,probability,250.0,N/A,N/A,ok,
cbktzncwmz,DFDC,0,SBI,visual,0.046424,probability,453.3,N/A,N/A,ok,
cbwlyvvbjw,DFDC,0,SBI,visual,0.00191,probability,314.8,N/A,N/A,ok,
cbydzwapcw,DFDC,0,SBI,visual,0.030002,probability,375.4,N/A,N/A,ok,
ccbofgqpzd,DFDC,0,SBI,visual,0.137636,probability,419.2,N/A,N/A,ok,
ccwmnfsmyf,DFDC,0,SBI,visual,0.446629,probability,173.6,N/A,N/A,ok,
cdehnmodht,DFDC,0,SBI,visual,0.064881,probability,459.9,N/A,N/A,ok,
cdirrqhuch,DFDC,0,SBI,visual,0.024881,probability,30.9,N/A,N/A,ok,
ceampfzwni,DFDC,0,SBI,visual,0.017777,probability,369.2,N/A,N/A,ok,
cegnnsyqei,DFDC,0,SBI,visual,0.057785,probability,452.3,N/A,N/A,ok,
celigvliux,DFDC,0,SBI,visual,0.011093,probability,485.3,N/A,N/A,ok,
cembuhxegh,DFDC,0,SBI,visual,0.367588,probability,351.6,N/A,N/A,ok,
cemvsipmew,DFDC,0,SBI,visual,0.010105,probability,21.3,N/A,N/A,ok,
cengqgjpqv,DFDC,0,SBI,visual,0.026127,probability,411.2,N/A,N/A,ok,
cfvjyxrecx,DFDC,0,SBI,visual,0.174792,probability,279.8,N/A,N/A,ok,
cfzegxcfdx,DFDC,0,SBI,visual,0.027207,probability,311.3,N/A,N/A,ok,
cgbplcqvok,DFDC,0,SBI,visual,0.097137,probability,154.8,N/A,N/A,ok,
cgmmvjdrgu,DFDC,0,SBI,visual,0.052338,probability,443.3,N/A,N/A,ok,
cgravvfulo,DFDC,0,SBI,visual,0.10601,probability,324.1,N/A,N/A,ok,
cgrkvwvjes,DFDC,0,SBI,visual,0.286166,probability,340.5,N/A,N/A,ok,
cgxpxvypkq,DFDC,0,SBI,visual,0.021818,probability,42.3,N/A,N/A,ok,
chafgebiwy,DFDC,0,SBI,visual,0.039865,probability,360.0,N/A,N/A,ok,
chkunxdril,DFDC,0,SBI,visual,0.057089,probability,431.0,N/A,N/A,ok,
chscllvfgu,DFDC,0,SBI,visual,0.068626,probability,515.5,N/A,N/A,ok,
chyfcacfjr,DFDC,0,SBI,visual,0.024061,probability,327.1,N/A,N/A,ok,
ciashqmpnl,DFDC,0,SBI,visual,0.117625,probability,578.2,N/A,N/A,ok,
ciavfmlgcv,DFDC,0,SBI,visual,0.760873,probability,346.0,N/A,N/A,ok,
cibguhaayy,DFDC,0,SBI,visual,0.186865,probability,353.4,N/A,N/A,ok,
cimhcytxvb,DFDC,0,SBI,visual,0.046415,probability,460.0,N/A,N/A,ok,
ciospnqjel,DFDC,0,SBI,visual,0.08625,probability,354.9,N/A,N/A,ok,
ciqhumpurn,DFDC,0,SBI,visual,0.023451,probability,351.6,N/A,N/A,ok,
cisiccqvbr,DFDC,0,SBI,visual,0.139821,probability,338.0,N/A,N/A,ok,
cjjtirbrca,DFDC,0,SBI,visual,0.114919,probability,433.0,N/A,N/A,ok,
cjufxeljeu,DFDC,0,SBI,visual,0.131623,probability,310.3,N/A,N/A,ok,
ckdkqzeyjb,DFDC,0,SBI,visual,0.06438,probability,349.6,N/A,N/A,ok,
ckmdlcepzt,DFDC,0,SBI,visual,0.534975,probability,62.1,N/A,N/A,ok,
ckqafaicuy,DFDC,0,SBI,visual,0.05104,probability,327.9,N/A,N/A,ok,
ckrkiahcjx,DFDC,0,SBI,visual,0.304307,probability,340.5,N/A,N/A,ok,
ckxifxdelg,DFDC,0,SBI,visual,0.025936,probability,315.2,N/A,N/A,ok,
clkxynuwdf,DFDC,0,SBI,visual,0.104507,probability,342.3,N/A,N/A,ok,
clltctfxgj,DFDC,0,SBI,visual,0.692072,probability,533.1,N/A,N/A,ok,
cmcfahfsvm,DFDC,0,SBI,visual,0.061346,probability,359.0,N/A,N/A,ok,
cmcqzgyjsk,DFDC,0,SBI,visual,0.055933,probability,451.6,N/A,N/A,ok,
cmdechrtqu,DFDC,0,SBI,visual,0.047916,probability,375.0,N/A,N/A,ok,
cmhdcbamci,DFDC,0,SBI,visual,0.184801,probability,282.9,N/A,N/A,ok,
cnjcxxiogi,DFDC,0,SBI,visual,0.188849,probability,424.9,N/A,N/A,ok,
cnkhmyhxrz,DFDC,0,SBI,visual,0.013862,probability,328.4,N/A,N/A,ok,
cnvxovuelp,DFDC,0,SBI,visual,0.012764,probability,261.7,N/A,N/A,ok,
cotpxcfokb,DFDC,0,SBI,visual,0.00766,probability,46.3,N/A,N/A,ok,
coxqzdbleu,DFDC,0,SBI,visual,0.153248,probability,511.3,N/A,N/A,ok,
cpahwafqru,DFDC,0,SBI,visual,0.064781,probability,305.4,N/A,N/A,ok,
cpgzdpppre,DFDC,0,SBI,visual,0.450493,probability,293.4,N/A,N/A,ok,
cpwyafaemg,DFDC,0,SBI,visual,0.169535,probability,156.6,N/A,N/A,ok,
cqhpagvjvz,DFDC,0,SBI,visual,0.084512,probability,412.1,N/A,N/A,ok,
cqphgeghnf,DFDC,0,SBI,visual,0.947056,probability,361.4,N/A,N/A,ok,
cqpkoodbzt,DFDC,0,SBI,visual,0.503045,probability,374.9,N/A,N/A,ok,
cqwsirqioe,DFDC,0,SBI,visual,0.199625,probability,319.3,N/A,N/A,ok,
cqxtmhhhvz,DFDC,0,SBI,visual,0.14525,probability,504.9,N/A,N/A,ok,
crcwehakoj,DFDC,0,SBI,visual,0.055239,probability,417.8,N/A,N/A,ok,
crkbacgefp,DFDC,0,SBI,visual,0.031327,probability,427.4,N/A,N/A,ok,
crybjsrcff,DFDC,0,SBI,visual,0.210021,probability,388.8,N/A,N/A,ok,
crzwstcvgr,DFDC,0,SBI,visual,0.008171,probability,370.1,N/A,N/A,ok,
csiuvutygt,DFDC,0,SBI,visual,0.081933,probability,401.1,N/A,N/A,ok,
cstquwjtxk,DFDC,0,SBI,visual,0.061293,probability,258.3,N/A,N/A,ok,
csvvyknqhn,DFDC,0,SBI,visual,0.01723,probability,381.6,N/A,N/A,ok,
csxzbgkplj,DFDC,0,SBI,visual,0.176335,probability,338.2,N/A,N/A,ok,
ctctxnoffc,DFDC,0,SBI,visual,0.015768,probability,342.2,N/A,N/A,ok,
ctejegpbsi,DFDC,0,SBI,visual,0.222061,probability,44.7,N/A,N/A,ok,
ctfixghkfz,DFDC,0,SBI,visual,0.079715,probability,215.8,N/A,N/A,ok,
ctjebboebx,DFDC,0,SBI,visual,0.039498,probability,423.5,N/A,N/A,ok,
ctjybjdkrn,DFDC,0,SBI,visual,0.067451,probability,343.8,N/A,N/A,ok,
ctkbrareyz,DFDC,0,SBI,visual,0.043715,probability,251.7,N/A,N/A,ok,
ctxuoaaszw,DFDC,0,SBI,visual,0.014523,probability,37.8,N/A,N/A,ok,
cueipufgai,DFDC,0,SBI,visual,0.007127,probability,290.0,N/A,N/A,ok,
cufkrbgczi,DFDC,0,SBI,visual,0.088168,probability,346.5,N/A,N/A,ok,
cuiyrhtzer,DFDC,0,SBI,visual,0.240644,probability,296.7,N/A,N/A,ok,
cumagtekkr,DFDC,0,SBI,visual,0.071458,probability,350.6,N/A,N/A,ok,
cutqagfgxm,DFDC,0,SBI,visual,0.035511,probability,381.6,N/A,N/A,ok,
cuvxbbmeaf,DFDC,0,SBI,visual,0.805303,probability,395.8,N/A,N/A,ok,
cvfftjwjhf,DFDC,0,SBI,visual,0.079325,probability,305.3,N/A,N/A,ok,
cwvnlolklu,DFDC,0,SBI,visual,0.162135,probability,455.1,N/A,N/A,ok,
cxezdsxhfu,DFDC,0,SBI,visual,0.013076,probability,389.0,N/A,N/A,ok,
cxgpfoespk,DFDC,0,SBI,visual,0.029245,probability,409.6,N/A,N/A,ok,
cxmvwocgwj,DFDC,0,SBI,visual,0.086852,probability,332.3,N/A,N/A,ok,
cxqpvvblqm,DFDC,0,SBI,visual,0.331417,probability,406.6,N/A,N/A,ok,
cxqqmtxbhk,DFDC,0,SBI,visual,0.148328,probability,429.7,N/A,N/A,ok,
cyarbaoqfj,DFDC,0,SBI,visual,0.36293,probability,318.5,N/A,N/A,ok,
cycrvukvrw,DFDC,0,SBI,visual,0.106528,probability,419.9,N/A,N/A,ok,
cyimzzksow,DFDC,0,SBI,visual,0.481025,probability,313.4,N/A,N/A,ok,
cyjxeyvtii,DFDC,0,SBI,visual,0.004884,probability,343.9,N/A,N/A,ok,
cylocokdvm,DFDC,0,SBI,visual,0.078842,probability,354.1,N/A,N/A,ok,
cymauttisg,DFDC,0,SBI,visual,0.081714,probability,342.4,N/A,N/A,ok,
czfgndjqbn,DFDC,0,SBI,visual,0.032816,probability,395.3,N/A,N/A,ok,
czkiwohnqa,DFDC,0,SBI,visual,0.302634,probability,374.4,N/A,N/A,ok,
czyccupxkl,DFDC,0,SBI,visual,0.06341,probability,358.3,N/A,N/A,ok,
dabrmlixvl,DFDC,0,SBI,visual,0.16372,probability,330.3,N/A,N/A,ok,
dapjcojkor,DFDC,0,SBI,visual,0.083706,probability,555.5,N/A,N/A,ok,
dapkptdvvh,DFDC,0,SBI,visual,0.007027,probability,175.2,N/A,N/A,ok,
datqlsqgrk,DFDC,0,SBI,visual,0.00305,probability,467.0,N/A,N/A,ok,
dbzukyenis,DFDC,0,SBI,visual,0.024844,probability,412.2,N/A,N/A,ok,
dcjemlopof,DFDC,0,SBI,visual,0.122468,probability,408.4,N/A,N/A,ok,
dcjrumugjq,DFDC,0,SBI,visual,0.077469,probability,356.7,N/A,N/A,ok,
dditcjfebd,DFDC,0,SBI,visual,0.021062,probability,375.7,N/A,N/A,ok,
ddolvvnwqh,DFDC,0,SBI,visual,0.0211,probability,414.1,N/A,N/A,ok,
ddynolewht,DFDC,0,SBI,visual,0.403946,probability,331.0,N/A,N/A,ok,
deabbmxags,DFDC,0,SBI,visual,0.276801,probability,328.8,N/A,N/A,ok,
dekgxeowxj,DFDC,0,SBI,visual,0.002534,probability,358.5,N/A,N/A,ok,
dfbprpqabv,DFDC,0,SBI,visual,0.154654,probability,420.3,N/A,N/A,ok,
dfhllucjbz,DFDC,0,SBI,visual,0.118826,probability,359.5,N/A,N/A,ok,
dfuaqoyohm,DFDC,0,SBI,visual,0.009155,probability,343.4,N/A,N/A,ok,
dgdvioxbnj,DFDC,0,SBI,visual,0.389154,probability,381.0,N/A,N/A,ok,
dgkyatsmmt,DFDC,0,SBI,visual,0.056302,probability,367.2,N/A,N/A,ok,
dglpjzzetr,DFDC,0,SBI,visual,0.019256,probability,364.3,N/A,N/A,ok,
dhafaeocni,DFDC,0,SBI,visual,0.086635,probability,449.9,N/A,N/A,ok,
dhtrnzvhcc,DFDC,0,SBI,visual,0.343089,probability,393.0,N/A,N/A,ok,
diblrpwhjb,DFDC,0,SBI,visual,0.189334,probability,483.7,N/A,N/A,ok,
dietapvpsp,DFDC,0,SBI,visual,0.128495,probability,498.5,N/A,N/A,ok,
digyingqxy,DFDC,0,SBI,visual,0.074912,probability,548.7,N/A,N/A,ok,
dilopgwiln,DFDC,0,SBI,visual,0.059694,probability,388.8,N/A,N/A,ok,
diqedbeyex,DFDC,0,SBI,visual,0.034058,probability,361.6,N/A,N/A,ok,
dixsldzmxr,DFDC,0,SBI,visual,0.186373,probability,389.9,N/A,N/A,ok,
djvvaitqri,DFDC,0,SBI,visual,0.014335,probability,394.4,N/A,N/A,ok,
dkokrdwuoz,DFDC,0,SBI,visual,0.07499,probability,363.0,N/A,N/A,ok,
dkqxcfjhgw,DFDC,0,SBI,visual,0.308947,probability,352.6,N/A,N/A,ok,
dkuevnpjzg,DFDC,0,SBI,visual,0.133857,probability,407.5,N/A,N/A,ok,
dkutejpyyd,DFDC,0,SBI,visual,0.015906,probability,338.6,N/A,N/A,ok,
dlilqriegb,DFDC,0,SBI,visual,0.03107,probability,423.5,N/A,N/A,ok,
dmeusfirqq,DFDC,0,SBI,visual,0.114295,probability,70.9,N/A,N/A,ok,
dmflufyfsr,DFDC,0,SBI,visual,0.185974,probability,434.7,N/A,N/A,ok,
dmiuszslpe,DFDC,0,SBI,visual,0.036557,probability,430.0,N/A,N/A,ok,
dmvrcmfnmp,DFDC,0,SBI,visual,0.018311,probability,455.2,N/A,N/A,ok,
dnchnqszbg,DFDC,0,SBI,visual,0.146159,probability,423.5,N/A,N/A,ok,
dndvvnjumg,DFDC,0,SBI,visual,0.340059,probability,154.3,N/A,N/A,ok,
dngymdwsnj,DFDC,0,SBI,visual,0.021646,probability,189.5,N/A,N/A,ok,
dnnwybgxrx,DFDC,0,SBI,visual,0.018197,probability,404.4,N/A,N/A,ok,
dnpnznjsoq,DFDC,0,SBI,visual,0.033731,probability,364.1,N/A,N/A,ok,
dnvziblwjj,DFDC,0,SBI,visual,0.046246,probability,128.1,N/A,N/A,ok,
dohmoomkjp,DFDC,0,SBI,visual,0.035258,probability,39.9,N/A,N/A,ok,
donjjxssaa,DFDC,0,SBI,visual,0.044995,probability,456.9,N/A,N/A,ok,
douvolwuxl,DFDC,0,SBI,visual,0.218086,probability,370.4,N/A,N/A,ok,
dpfwvjqflw,DFDC,0,SBI,visual,0.031594,probability,363.0,N/A,N/A,ok,
dpjblybnum,DFDC,0,SBI,visual,0.085886,probability,297.8,N/A,N/A,ok,
dpkgpmxfdd,DFDC,0,SBI,visual,0.102614,probability,394.1,N/A,N/A,ok,
dpnadvfpvo,DFDC,0,SBI,visual,0.025479,probability,355.2,N/A,N/A,ok,
dpnycpzzkq,DFDC,0,SBI,visual,0.074687,probability,339.2,N/A,N/A,ok,
dqcdgxdkfz,DFDC,0,SBI,visual,0.298469,probability,297.4,N/A,N/A,ok,
dqgwpahsao,DFDC,0,SBI,visual,0.00265,probability,477.1,N/A,N/A,ok,
dqocjywofb,DFDC,0,SBI,visual,0.054125,probability,400.0,N/A,N/A,ok,
dqpsxvxnca,DFDC,0,SBI,visual,0.090945,probability,513.7,N/A,N/A,ok,
dqqcoribwo,DFDC,0,SBI,visual,0.020564,probability,486.6,N/A,N/A,ok,
dqvyszpvqp,DFDC,0,SBI,visual,0.421643,probability,404.0,N/A,N/A,ok,
drbwbwogvi,DFDC,0,SBI,visual,0.106179,probability,390.8,N/A,N/A,ok,
drmwgmsyui,DFDC,0,SBI,visual,0.15469,probability,472.8,N/A,N/A,ok,
drqauxsbbm,DFDC,0,SBI,visual,0.028302,probability,375.1,N/A,N/A,ok,
drqqfwbmeq,DFDC,0,SBI,visual,0.068099,probability,407.9,N/A,N/A,ok,
drxsrwearu,DFDC,0,SBI,visual,0.22303,probability,322.1,N/A,N/A,ok,
dryuntlnbk,DFDC,0,SBI,visual,0.32975,probability,374.9,N/A,N/A,ok,
dtqmjylqzm,DFDC,0,SBI,visual,0.018023,probability,447.1,N/A,N/A,ok,
dudwgcsgir,DFDC,0,SBI,visual,0.119826,probability,418.8,N/A,N/A,ok,
duhbjxgvxa,DFDC,0,SBI,visual,0.063189,probability,27.2,N/A,N/A,ok,
duilizamdj,DFDC,0,SBI,visual,0.062805,probability,489.2,N/A,N/A,ok,
dvwgasvech,DFDC,0,SBI,visual,0.059086,probability,727.5,N/A,N/A,ok,
dvwtbzhihk,DFDC,0,SBI,visual,0.079891,probability,860.4,N/A,N/A,ok,
dwarmqettl,DFDC,0,SBI,visual,0.010824,probability,218.0,N/A,N/A,ok,
dwggnifywb,DFDC,0,SBI,visual,0.048547,probability,607.0,N/A,N/A,ok,
dwiipumroy,DFDC,0,SBI,visual,0.165781,probability,539.1,N/A,N/A,ok,
dwnkjvanth,DFDC,0,SBI,visual,0.453915,probability,21.3,N/A,N/A,ok,
dwtmqvyjts,DFDC,0,SBI,visual,0.012324,probability,414.7,N/A,N/A,ok,
dxdsiqaxkt,DFDC,0,SBI,visual,0.124974,probability,92.4,N/A,N/A,ok,
dxetqusiye,DFDC,0,SBI,visual,0.129641,probability,422.5,N/A,N/A,ok,
dxiwltsubd,DFDC,0,SBI,visual,0.160917,probability,512.2,N/A,N/A,ok,
dxkpuojidl,DFDC,0,SBI,visual,0.229252,probability,374.9,N/A,N/A,ok,
dxlsrevxxx,DFDC,0,SBI,visual,0.179218,probability,300.0,N/A,N/A,ok,
dxuxornpue,DFDC,0,SBI,visual,0.082415,probability,95.7,N/A,N/A,ok,
dxvibsbhad,DFDC,0,SBI,visual,0.091532,probability,372.6,N/A,N/A,ok,
dyexxvijyv,DFDC,0,SBI,visual,0.061311,probability,357.2,N/A,N/A,ok,
dygsuznjzl,DFDC,0,SBI,visual,0.44044,probability,374.6,N/A,N/A,ok,
dzojhdcspj,DFDC,0,SBI,visual,0.068244,probability,126.6,N/A,N/A,ok,
dzqkxpaaqh,DFDC,0,SBI,visual,0.059298,probability,411.2,N/A,N/A,ok,
dzvmbgqhqn,DFDC,0,SBI,visual,0.023628,probability,182.2,N/A,N/A,ok,
eahockvylx,DFDC,0,SBI,visual,0.033208,probability,148.5,N/A,N/A,ok,
eahytdroum,DFDC,0,SBI,visual,0.401335,probability,163.1,N/A,N/A,ok,
eajfiaeobq,DFDC,0,SBI,visual,0.042101,probability,328.5,N/A,N/A,ok,
eaxpfkndlm,DFDC,0,SBI,visual,0.014057,probability,45.2,N/A,N/A,ok,
ebinzkctgl,DFDC,0,SBI,visual,0.057058,probability,406.4,N/A,N/A,ok,
eblkbislyd,DFDC,0,SBI,visual,0.054957,probability,482.2,N/A,N/A,ok,
ebntfhildy,DFDC,0,SBI,visual,0.106878,probability,92.4,N/A,N/A,ok,
ebnyqglcen,DFDC,0,SBI,visual,0.005993,probability,427.2,N/A,N/A,ok,
ebsyevapvd,DFDC,0,SBI,visual,0.328872,probability,200.8,N/A,N/A,ok,
ecrjsszwnt,DFDC,0,SBI,visual,0.02216,probability,453.0,N/A,N/A,ok,
edkdzilzlx,DFDC,0,SBI,visual,0.392471,probability,309.3,N/A,N/A,ok,
edpeakhxky,DFDC,0,SBI,visual,0.087242,probability,332.7,N/A,N/A,ok,
eduzchrjyv,DFDC,0,SBI,visual,0.005977,probability,406.7,N/A,N/A,ok,
eejeswniyb,DFDC,0,SBI,visual,0.0402,probability,461.6,N/A,N/A,ok,
eeyllggprp,DFDC,0,SBI,visual,0.060879,probability,441.3,N/A,N/A,ok,
egdoesqauk,DFDC,0,SBI,visual,0.008592,probability,472.3,N/A,N/A,ok,
eggamkgpyj,DFDC,0,SBI,visual,0.031142,probability,425.9,N/A,N/A,ok,
eglviwuxej,DFDC,0,SBI,visual,0.230976,probability,367.7,N/A,N/A,ok,
egmptkcwsw,DFDC,0,SBI,visual,0.039649,probability,415.1,N/A,N/A,ok,
egrqwkzzyw,DFDC,0,SBI,visual,0.048847,probability,532.3,N/A,N/A,ok,
egtjoeibrn,DFDC,0,SBI,visual,0.05258,probability,68.0,N/A,N/A,ok,
egxsckqubp,DFDC,0,SBI,visual,0.181607,probability,107.1,N/A,N/A,ok,
ehodbowihh,DFDC,0,SBI,visual,0.162816,probability,361.5,N/A,N/A,ok,
ehyaufmtvg,DFDC,0,SBI,visual,0.038331,probability,487.4,N/A,N/A,ok,
eijurmdjwa,DFDC,0,SBI,visual,0.052206,probability,512.8,N/A,N/A,ok,
eijzzgfroj,DFDC,0,SBI,visual,0.024854,probability,375.8,N/A,N/A,ok,
eiupyrzqct,DFDC,0,SBI,visual,0.2449,probability,408.9,N/A,N/A,ok,
ejamhpktsv,DFDC,0,SBI,visual,0.176981,probability,468.1,N/A,N/A,ok,
ejcqjyykde,DFDC,0,SBI,visual,0.189004,probability,376.0,N/A,N/A,ok,
ejoyqcqbwz,DFDC,0,SBI,visual,0.030861,probability,390.9,N/A,N/A,ok,
ejunkkahbw,DFDC,0,SBI,visual,0.21438,probability,21.6,N/A,N/A,ok,
ejxpvcnhgp,DFDC,0,SBI,visual,0.23574,probability,363.8,N/A,N/A,ok,
ejzkqkyyjn,DFDC,0,SBI,visual,0.073901,probability,339.7,N/A,N/A,ok,
ekadcashsk,DFDC,0,SBI,visual,0.085558,probability,204.2,N/A,N/A,ok,
ekchwxfidi,DFDC,0,SBI,visual,0.029836,probability,350.0,N/A,N/A,ok,
ekkugairyt,DFDC,0,SBI,visual,0.152002,probability,348.7,N/A,N/A,ok,
eknsovspcq,DFDC,0,SBI,visual,0.062364,probability,14.9,N/A,N/A,ok,
ekyizqofll,DFDC,0,SBI,visual,0.115869,probability,81.8,N/A,N/A,ok,
elcgtgbnyp,DFDC,0,SBI,visual,0.009442,probability,639.7,N/A,N/A,ok,
eleorlxdfn,DFDC,0,SBI,visual,0.031871,probability,397.0,N/A,N/A,ok,
elfvsplvsm,DFDC,0,SBI,visual,0.005411,probability,493.2,N/A,N/A,ok,
elgacurben,DFDC,0,SBI,visual,0.038052,probability,469.0,N/A,N/A,ok,
elnfssjwac,DFDC,0,SBI,visual,0.202265,probability,446.9,N/A,N/A,ok,
emktbernwu,DFDC,0,SBI,visual,0.148979,probability,534.2,N/A,N/A,ok,
emxmzlyptu,DFDC,0,SBI,visual,0.050536,probability,574.1,N/A,N/A,ok,
enfuaxtrzw,DFDC,0,SBI,visual,0.161286,probability,371.0,N/A,N/A,ok,
ensomzcksk,DFDC,0,SBI,visual,0.037827,probability,113.5,N/A,N/A,ok,
eoacfrppkd,DFDC,0,SBI,visual,0.041289,probability,434.5,N/A,N/A,ok,
eofackxdyv,DFDC,0,SBI,visual,0.075109,probability,274.0,N/A,N/A,ok,
eoqklpsdkk,DFDC,0,SBI,visual,0.00515,probability,361.5,N/A,N/A,ok,
eppwzalgil,DFDC,0,SBI,visual,0.036164,probability,45.2,N/A,N/A,ok,
epsagamsaz,DFDC,0,SBI,visual,0.223312,probability,48.6,N/A,N/A,ok,
eqbmwufitj,DFDC,0,SBI,visual,0.127294,probability,382.8,N/A,N/A,ok,
eqebmvfsoo,DFDC,0,SBI,visual,0.126252,probability,515.6,N/A,N/A,ok,
eqftvetmri,DFDC,0,SBI,visual,0.085466,probability,470.4,N/A,N/A,ok,
eqxzdpxsni,DFDC,0,SBI,visual,0.091908,probability,534.1,N/A,N/A,ok,
erecdkwexc,DFDC,0,SBI,visual,0.097588,probability,628.6,N/A,N/A,ok,
ernfnnoyoh,DFDC,0,SBI,visual,0.042643,probability,429.6,N/A,N/A,ok,
ersbqxgktr,DFDC,0,SBI,visual,0.006336,probability,398.9,N/A,N/A,ok,
erwuheqezz,DFDC,0,SBI,visual,0.213897,probability,248.8,N/A,N/A,ok,
etlorhhybb,DFDC,0,SBI,visual,0.083536,probability,432.7,N/A,N/A,ok,
etpukpfwdd,DFDC,0,SBI,visual,0.120146,probability,400.9,N/A,N/A,ok,
etvkaiehuf,DFDC,0,SBI,visual,0.232049,probability,210.2,N/A,N/A,ok,
etvrvsqjdg,DFDC,0,SBI,visual,0.038998,probability,439.4,N/A,N/A,ok,
etxpsgmszb,DFDC,0,SBI,visual,0.339493,probability,118.7,N/A,N/A,ok,
eunvnqqtzq,DFDC,0,SBI,visual,0.312537,probability,261.1,N/A,N/A,ok,
eupqsbgytd,DFDC,0,SBI,visual,0.086559,probability,354.6,N/A,N/A,ok,
euqpaipvqe,DFDC,0,SBI,visual,0.021566,probability,348.6,N/A,N/A,ok,
euugqjlsoq,DFDC,0,SBI,visual,0.15844,probability,395.9,N/A,N/A,ok,
euzavbbmzm,DFDC,0,SBI,visual,0.512004,probability,169.4,N/A,N/A,ok,
euzkpofgus,DFDC,0,SBI,visual,0.062556,probability,146.6,N/A,N/A,ok,
evcfwczoxo,DFDC,0,SBI,visual,0.529528,probability,54.5,N/A,N/A,ok,
evcnzubsib,DFDC,0,SBI,visual,0.011731,probability,347.5,N/A,N/A,ok,
ewfeuljajp,DFDC,0,SBI,visual,0.155536,probability,417.3,N/A,N/A,ok,
ewnafyyoso,DFDC,0,SBI,visual,0.012507,probability,499.1,N/A,N/A,ok,
ewnwcrsdcg,DFDC,0,SBI,visual,0.175212,probability,390.6,N/A,N/A,ok,
ewpviahcru,DFDC,0,SBI,visual,0.176884,probability,506.2,N/A,N/A,ok,
extyitlbzu,DFDC,0,SBI,visual,0.133136,probability,535.0,N/A,N/A,ok,
eyfocbwehu,DFDC,0,SBI,visual,0.283093,probability,32.4,N/A,N/A,ok,
eyjupcqlae,DFDC,0,SBI,visual,0.010953,probability,1070.9,N/A,N/A,ok,
eykkgxsaef,DFDC,0,SBI,visual,0.035708,probability,243.9,N/A,N/A,ok,
eyrzmbdhiq,DFDC,0,SBI,visual,0.045695,probability,361.2,N/A,N/A,ok,
eytswfrvaa,DFDC,0,SBI,visual,0.269607,probability,333.8,N/A,N/A,ok,
ezpzilzmti,DFDC,0,SBI,visual,0.777375,probability,38.0,N/A,N/A,ok,
ezuwhrpzds,DFDC,0,SBI,visual,0.040527,probability,230.0,N/A,N/A,ok,
ezyxpzdigj,DFDC,0,SBI,visual,0.164448,probability,156.1,N/A,N/A,ok,
fagregozex,DFDC,0,SBI,visual,0.103477,probability,80.0,N/A,N/A,ok,
faofhovwxb,DFDC,0,SBI,visual,0.056727,probability,388.1,N/A,N/A,ok,
faugjugqed,DFDC,0,SBI,visual,0.306707,probability,341.0,N/A,N/A,ok,
fbblkqdwsh,DFDC,0,SBI,visual,0.321082,probability,340.6,N/A,N/A,ok,
fbcdsriasc,DFDC,0,SBI,visual,0.102711,probability,400.5,N/A,N/A,ok,
fbeytayyvl,DFDC,0,SBI,visual,0.04253,probability,328.4,N/A,N/A,ok,
fbgehdbgim,DFDC,0,SBI,visual,0.117717,probability,341.3,N/A,N/A,ok,
fbqedhqajw,DFDC,0,SBI,visual,0.07119,probability,532.4,N/A,N/A,ok,
fbtiqatdmr,DFDC,0,SBI,visual,0.010315,probability,485.1,N/A,N/A,ok,
fcbwcbmtgf,DFDC,0,SBI,visual,0.142891,probability,503.4,N/A,N/A,ok,
fcckmsgxus,DFDC,0,SBI,visual,0.57328,probability,508.9,N/A,N/A,ok,
fclicrptzy,DFDC,0,SBI,visual,0.070535,probability,363.4,N/A,N/A,ok,
fcndzebluf,DFDC,0,SBI,visual,0.212857,probability,400.2,N/A,N/A,ok,
fcnfoiywiq,DFDC,0,SBI,visual,0.026839,probability,263.0,N/A,N/A,ok,
fcpcqehztd,DFDC,0,SBI,visual,0.161729,probability,162.7,N/A,N/A,ok,
fcymecwwoz,DFDC,0,SBI,visual,0.10821,probability,436.1,N/A,N/A,ok,
fdtjayrber,DFDC,0,SBI,visual,0.015944,probability,414.2,N/A,N/A,ok,
fedsbokaxo,DFDC,0,SBI,visual,0.008756,probability,409.9,N/A,N/A,ok,
feppjmjdlp,DFDC,0,SBI,visual,0.158193,probability,468.5,N/A,N/A,ok,
fepurhrkqi,DFDC,0,SBI,visual,0.055194,probability,340.3,N/A,N/A,ok,
fgizxesznq,DFDC,0,SBI,visual,0.616317,probability,493.6,N/A,N/A,ok,
fgxevqqpuo,DFDC,0,SBI,visual,0.071223,probability,854.7,N/A,N/A,ok,
fgxnfexcmd,DFDC,0,SBI,visual,0.035714,probability,538.5,N/A,N/A,ok,
fhbzrownlj,DFDC,0,SBI,visual,0.356538,probability,498.8,N/A,N/A,ok,
fhklfzlzww,DFDC,0,SBI,visual,0.163849,probability,486.5,N/A,N/A,ok,
fhtrzycstq,DFDC,0,SBI,visual,0.060014,probability,450.2,N/A,N/A,ok,
fhxdezdkhv,DFDC,0,SBI,visual,0.157804,probability,539.9,N/A,N/A,ok,
fhzfjsdwnw,DFDC,0,SBI,visual,0.031624,probability,403.1,N/A,N/A,ok,
fibudclsfs,DFDC,0,SBI,visual,0.022906,probability,373.1,N/A,N/A,ok,
fivvezdmdl,DFDC,0,SBI,visual,0.020693,probability,424.4,N/A,N/A,ok,
fjeuyaezfh,DFDC,0,SBI,visual,0.145226,probability,341.8,N/A,N/A,ok,
fjgxgkmyei,DFDC,0,SBI,visual,0.005928,probability,388.0,N/A,N/A,ok,
fjkpdhxlrt,DFDC,0,SBI,visual,0.006884,probability,372.4,N/A,N/A,ok,
fkgmjcjdec,DFDC,0,SBI,visual,0.042901,probability,515.3,N/A,N/A,ok,
fkwgvwaipt,DFDC,0,SBI,visual,0.077482,probability,375.3,N/A,N/A,ok,
fkxczboruw,DFDC,0,SBI,visual,0.049419,probability,311.6,N/A,N/A,ok,
flbjhhjjfa,DFDC,0,SBI,visual,0.011068,probability,355.0,N/A,N/A,ok,
flccigbmqe,DFDC,0,SBI,visual,0.286773,probability,711.7,N/A,N/A,ok,
fleahnpqtq,DFDC,0,SBI,visual,0.059028,probability,483.5,N/A,N/A,ok,
flierzeiub,DFDC,0,SBI,visual,0.01068,probability,348.5,N/A,N/A,ok,
flkumgevzc,DFDC,0,SBI,visual,0.062651,probability,292.1,N/A,N/A,ok,
flndnjvmfo,DFDC,0,SBI,visual,0.124339,probability,472.2,N/A,N/A,ok,
fmbzkvyfrz,DFDC,0,SBI,visual,0.10625,probability,449.2,N/A,N/A,ok,
fmcwiwhrhp,DFDC,0,SBI,visual,0.004905,probability,466.3,N/A,N/A,ok,
fmdtzfucit,DFDC,0,SBI,visual,0.060968,probability,465.3,N/A,N/A,ok,
fmfohogigc,DFDC,0,SBI,visual,0.612126,probability,361.3,N/A,N/A,ok,
fmifhryxjf,DFDC,0,SBI,visual,0.084332,probability,490.1,N/A,N/A,ok,
fnfllbjkbl,DFDC,0,SBI,visual,0.303828,probability,92.5,N/A,N/A,ok,
fniyjebwat,DFDC,0,SBI,visual,0.008851,probability,403.0,N/A,N/A,ok,
fnxiejlhsa,DFDC,0,SBI,visual,0.103183,probability,386.3,N/A,N/A,ok,
fojcfmyrvh,DFDC,0,SBI,visual,0.061762,probability,490.7,N/A,N/A,ok,
fonrkfamkc,DFDC,0,SBI,visual,0.092228,probability,395.3,N/A,N/A,ok,
fotqcvjygo,DFDC,0,SBI,visual,0.117904,probability,209.5,N/A,N/A,ok,
fphmxaudbt,DFDC,0,SBI,visual,0.093603,probability,404.4,N/A,N/A,ok,
fpiosmdsqn,DFDC,0,SBI,visual,0.069425,probability,363.9,N/A,N/A,ok,
fpjckvphaa,DFDC,0,SBI,visual,0.100365,probability,326.4,N/A,N/A,ok,
fppbtognih,DFDC,0,SBI,visual,0.078699,probability,381.6,N/A,N/A,ok,
fppfcdkkqi,DFDC,0,SBI,visual,0.042201,probability,117.4,N/A,N/A,ok,
fptvavkzfv,DFDC,0,SBI,visual,0.142218,probability,425.0,N/A,N/A,ok,
fpznjnbkla,DFDC,0,SBI,visual,0.387235,probability,502.1,N/A,N/A,ok,
fqherwmfqn,DFDC,0,SBI,visual,0.172906,probability,122.5,N/A,N/A,ok,
fqjgevcujf,DFDC,0,SBI,visual,0.193406,probability,372.2,N/A,N/A,ok,
fqlmositql,DFDC,0,SBI,visual,0.044113,probability,393.3,N/A,N/A,ok,
fqlyhbtsnz,DFDC,0,SBI,visual,0.741692,probability,233.2,N/A,N/A,ok,
fsepzcdipk,DFDC,0,SBI,visual,0.018129,probability,311.5,N/A,N/A,ok,
fsvqzkbygi,DFDC,0,SBI,visual,0.272217,probability,346.3,N/A,N/A,ok,
ftcxjnfotd,DFDC,0,SBI,visual,0.163172,probability,398.6,N/A,N/A,ok,
ftqhtsnspk,DFDC,0,SBI,visual,0.135982,probability,335.8,N/A,N/A,ok,
ftvxeobwml,DFDC,0,SBI,visual,0.257485,probability,160.6,N/A,N/A,ok,
ftwqdnsagj,DFDC,0,SBI,visual,0.015765,probability,252.6,N/A,N/A,ok,
ftyqwfnahu,DFDC,0,SBI,visual,0.088706,probability,351.3,N/A,N/A,ok,
fuozqyayay,DFDC,0,SBI,visual,0.060313,probability,407.9,N/A,N/A,ok,
futqedsrlz,DFDC,0,SBI,visual,0.099656,probability,390.5,N/A,N/A,ok,
fvbjxmirvi,DFDC,0,SBI,visual,0.040414,probability,309.6,N/A,N/A,ok,
fvbpywbipk,DFDC,0,SBI,visual,0.029143,probability,329.9,N/A,N/A,ok,
fvitjsicwr,DFDC,0,SBI,visual,0.040776,probability,77.4,N/A,N/A,ok,
fvktmglbif,DFDC,0,SBI,visual,0.044841,probability,390.9,N/A,N/A,ok,
fvpdkzcfiz,DFDC,0,SBI,visual,0.119023,probability,357.4,N/A,N/A,ok,
fvxcstnbwe,DFDC,0,SBI,visual,0.204667,probability,425.1,N/A,N/A,ok,
fwnfmxized,DFDC,0,SBI,visual,0.095764,probability,452.5,N/A,N/A,ok,
fxentjzduw,DFDC,0,SBI,visual,0.318165,probability,410.0,N/A,N/A,ok,
fxgfkuwhrq,DFDC,0,SBI,visual,0.098024,probability,411.9,N/A,N/A,ok,
fxhidqptjm,DFDC,0,SBI,visual,0.047052,probability,457.3,N/A,N/A,ok,
fxjgatovwf,DFDC,0,SBI,visual,0.060539,probability,98.3,N/A,N/A,ok,
fxmmgjcasv,DFDC,0,SBI,visual,0.032181,probability,379.8,N/A,N/A,ok,
fxrvoawape,DFDC,0,SBI,visual,0.224217,probability,334.6,N/A,N/A,ok,
fxwczkyooa,DFDC,0,SBI,visual,0.014027,probability,435.2,N/A,N/A,ok,
fxyqdjkqus,DFDC,0,SBI,visual,0.196149,probability,374.8,N/A,N/A,ok,
fydclqaqof,DFDC,0,SBI,visual,0.806985,probability,31.1,N/A,N/A,ok,
fzcnqugxiw,DFDC,0,SBI,visual,0.057962,probability,390.3,N/A,N/A,ok,
fzjqembrqm,DFDC,0,SBI,visual,0.043851,probability,406.3,N/A,N/A,ok,
fzssokwsow,DFDC,0,SBI,visual,0.074395,probability,401.2,N/A,N/A,ok,
gaiwuodtrf,DFDC,0,SBI,visual,0.828632,probability,356.0,N/A,N/A,ok,
gajpdknozz,DFDC,0,SBI,visual,0.01176,probability,450.4,N/A,N/A,ok,
galdtxmleu,DFDC,0,SBI,visual,0.009688,probability,482.8,N/A,N/A,ok,
gaugsiqjdj,DFDC,0,SBI,visual,0.07341,probability,42.9,N/A,N/A,ok,
gbneqeeeid,DFDC,0,SBI,visual,0.244507,probability,442.3,N/A,N/A,ok,
gbnmxmglxs,DFDC,0,SBI,visual,0.053898,probability,326.3,N/A,N/A,ok,
gcgipvobxq,DFDC,0,SBI,visual,0.180228,probability,538.9,N/A,N/A,ok,
gcirixsvvh,DFDC,0,SBI,visual,0.449044,probability,416.9,N/A,N/A,ok,
gcixgvhiyz,DFDC,0,SBI,visual,0.067899,probability,423.2,N/A,N/A,ok,
gckebpohji,DFDC,0,SBI,visual,0.007954,probability,372.9,N/A,N/A,ok,
gckjrngmcc,DFDC,0,SBI,visual,0.033572,probability,379.7,N/A,N/A,ok,
gdnacoubws,DFDC,0,SBI,visual,0.664599,probability,43.8,N/A,N/A,ok,
gdoyxukhwl,DFDC,0,SBI,visual,0.307658,probability,393.9,N/A,N/A,ok,
gdrergmdss,DFDC,0,SBI,visual,0.049945,probability,273.3,N/A,N/A,ok,
gecaveezvp,DFDC,0,SBI,visual,0.070826,probability,490.0,N/A,N/A,ok,
geefmvbvlb,DFDC,0,SBI,visual,0.041942,probability,398.2,N/A,N/A,ok,
gegchpmydl,DFDC,0,SBI,visual,0.010413,probability,375.5,N/A,N/A,ok,
geiwkschht,DFDC,0,SBI,visual,0.509554,probability,468.4,N/A,N/A,ok,
gesxtfxqft,DFDC,0,SBI,visual,0.081531,probability,375.8,N/A,N/A,ok,
geufrdrmms,DFDC,0,SBI,visual,0.051967,probability,362.8,N/A,N/A,ok,
gewcktuznr,DFDC,0,SBI,visual,0.438479,probability,309.1,N/A,N/A,ok,
gewoknrnmn,DFDC,0,SBI,visual,0.199132,probability,481.8,N/A,N/A,ok,
gfasecjgtj,DFDC,0,SBI,visual,0.030575,probability,564.7,N/A,N/A,ok,
gfiivbchzo,DFDC,0,SBI,visual,0.168506,probability,499.5,N/A,N/A,ok,
gfshkxpskg,DFDC,0,SBI,visual,0.061677,probability,91.5,N/A,N/A,ok,
gfwwgynvkt,DFDC,0,SBI,visual,0.006269,probability,368.9,N/A,N/A,ok,
gfynppxmqe,DFDC,0,SBI,visual,0.081267,probability,398.9,N/A,N/A,ok,
ggglpcjgjn,DFDC,0,SBI,visual,0.034772,probability,363.8,N/A,N/A,ok,
ggkwwepwiq,DFDC,0,SBI,visual,0.014395,probability,454.1,N/A,N/A,ok,
ggoeyorwry,DFDC,0,SBI,visual,0.023963,probability,407.5,N/A,N/A,ok,
ggugeipjhi,DFDC,0,SBI,visual,0.22128,probability,261.7,N/A,N/A,ok,
ggvxezamwg,DFDC,0,SBI,visual,0.257834,probability,98.1,N/A,N/A,ok,
ggxgnivbir,DFDC,0,SBI,visual,0.241368,probability,397.3,N/A,N/A,ok,
gigcfsnabk,DFDC,0,SBI,visual,0.424685,probability,263.2,N/A,N/A,ok,
gikdmpwknc,DFDC,0,SBI,visual,0.039198,probability,440.6,N/A,N/A,ok,
ginoteclmc,DFDC,0,SBI,visual,0.416067,probability,293.8,N/A,N/A,ok,
gizslvhjgg,DFDC,0,SBI,visual,0.012392,probability,330.4,N/A,N/A,ok,
gjumraslfd,DFDC,0,SBI,visual,0.031239,probability,401.5,N/A,N/A,ok,
gklbfoehde,DFDC,0,SBI,visual,0.118447,probability,343.7,N/A,N/A,ok,
gksvydtijf,DFDC,0,SBI,visual,0.101688,probability,376.9,N/A,N/A,ok,
gldaexzzqg,DFDC,0,SBI,visual,0.144818,probability,381.0,N/A,N/A,ok,
glgcnvkktt,DFDC,0,SBI,visual,0.044136,probability,367.1,N/A,N/A,ok,
glghpqwtup,DFDC,0,SBI,visual,0.026011,probability,398.5,N/A,N/A,ok,
glqkxjzmwt,DFDC,0,SBI,visual,0.436381,probability,464.3,N/A,N/A,ok,
gmbekidkrm,DFDC,0,SBI,visual,0.034111,probability,450.0,N/A,N/A,ok,
gmgttwprlv,DFDC,0,SBI,visual,0.399127,probability,457.6,N/A,N/A,ok,
gmkwaopwmy,DFDC,0,SBI,visual,0.027945,probability,422.4,N/A,N/A,ok,
gmpopozjxq,DFDC,0,SBI,visual,0.157615,probability,531.9,N/A,N/A,ok,
gncpzukgmp,DFDC,0,SBI,visual,0.340257,probability,309.8,N/A,N/A,ok,
gneywehaxx,DFDC,0,SBI,visual,0.061599,probability,383.3,N/A,N/A,ok,
gnkhqsfowa,DFDC,0,SBI,visual,0.047931,probability,394.8,N/A,N/A,ok,
gnrbewlotf,DFDC,0,SBI,visual,0.043965,probability,157.9,N/A,N/A,ok,
gnvhvmzklj,DFDC,0,SBI,visual,0.013334,probability,394.8,N/A,N/A,ok,
gnvzwpalsh,DFDC,0,SBI,visual,0.034722,probability,324.8,N/A,N/A,ok,
gnxmbepwpg,DFDC,0,SBI,visual,0.112061,probability,376.9,N/A,N/A,ok,
gocjpmgymw,DFDC,0,SBI,visual,0.734909,probability,70.1,N/A,N/A,ok,
goodbhstjd,DFDC,0,SBI,visual,0.016733,probability,285.3,N/A,N/A,ok,
gouzsyheaq,DFDC,0,SBI,visual,0.114956,probability,363.5,N/A,N/A,ok,
gpaoydxrsi,DFDC,0,SBI,visual,0.085681,probability,318.2,N/A,N/A,ok,
gpbyusiuzl,DFDC,0,SBI,visual,0.028455,probability,453.0,N/A,N/A,ok,
gplppncosq,DFDC,0,SBI,visual,0.017246,probability,374.6,N/A,N/A,ok,
gqdptzfpbs,DFDC,0,SBI,visual,0.377943,probability,516.3,N/A,N/A,ok,
gqqhtdjoha,DFDC,0,SBI,visual,0.581788,probability,100.7,N/A,N/A,ok,
gqsltckrcy,DFDC,0,SBI,visual,0.013551,probability,529.6,N/A,N/A,ok,
gqspoaseuh,DFDC,0,SBI,visual,0.083243,probability,486.6,N/A,N/A,ok,
gqvbzznvmy,DFDC,0,SBI,visual,0.153005,probability,357.4,N/A,N/A,ok,
gqxouphsrb,DFDC,0,SBI,visual,0.208401,probability,452.8,N/A,N/A,ok,
grafhswwhk,DFDC,0,SBI,visual,0.032142,probability,343.8,N/A,N/A,ok,
grhpuddkab,DFDC,0,SBI,visual,0.552126,probability,68.0,N/A,N/A,ok,
grskojjbht,DFDC,0,SBI,visual,0.166428,probability,560.7,N/A,N/A,ok,
gskupoaqhj,DFDC,0,SBI,visual,0.168929,probability,553.0,N/A,N/A,ok,
gsxrnvowhr,DFDC,0,SBI,visual,0.335632,probability,489.8,N/A,N/A,ok,
gtawafsria,DFDC,0,SBI,visual,0.194254,probability,391.4,N/A,N/A,ok,
gtnioxzylm,DFDC,0,SBI,visual,0.249299,probability,421.6,N/A,N/A,ok,
gtwikzrljf,DFDC,0,SBI,visual,0.108097,probability,297.2,N/A,N/A,ok,
gtynytoail,DFDC,0,SBI,visual,0.106269,probability,46.7,N/A,N/A,ok,
gtzpgjtjfq,DFDC,0,SBI,visual,0.006256,probability,332.4,N/A,N/A,ok,
gudxviyvcg,DFDC,0,SBI,visual,0.005295,probability,396.0,N/A,N/A,ok,
gugvlthskw,DFDC,0,SBI,visual,0.680502,probability,415.7,N/A,N/A,ok,
gultnyvmdb,DFDC,0,SBI,visual,0.012853,probability,351.6,N/A,N/A,ok,
guvzgzehqb,DFDC,0,SBI,visual,0.024734,probability,480.8,N/A,N/A,ok,
gvcdsdwclx,DFDC,0,SBI,visual,0.004641,probability,504.7,N/A,N/A,ok,
gvrxjesctd,DFDC,0,SBI,visual,0.34312,probability,440.5,N/A,N/A,ok,
gvstykbufc,DFDC,0,SBI,visual,0.042006,probability,388.0,N/A,N/A,ok,
gvuzabcign,DFDC,0,SBI,visual,0.009143,probability,497.6,N/A,N/A,ok,
gvwghcaaqi,DFDC,0,SBI,visual,0.040126,probability,74.1,N/A,N/A,ok,
gwmyntlwxd,DFDC,0,SBI,visual,0.034735,probability,367.9,N/A,N/A,ok,
gwumtdvrah,DFDC,0,SBI,visual,0.062827,probability,350.5,N/A,N/A,ok,
gxjqnomcyg,DFDC,0,SBI,visual,0.011428,probability,419.3,N/A,N/A,ok,
gxolhtjaay,DFDC,0,SBI,visual,0.038779,probability,339.2,N/A,N/A,ok,
gxqgajnigt,DFDC,0,SBI,visual,0.088449,probability,325.2,N/A,N/A,ok,
gxuespltvr,DFDC,0,SBI,visual,0.03523,probability,347.7,N/A,N/A,ok,
gxxssnesxd,DFDC,0,SBI,visual,0.081451,probability,319.3,N/A,N/A,ok,
gxymcylvtc,DFDC,0,SBI,visual,0.176982,probability,402.2,N/A,N/A,ok,
gyewljzvpk,DFDC,0,SBI,visual,0.216296,probability,199.2,N/A,N/A,ok,
gylvlcgsda,DFDC,0,SBI,visual,0.101679,probability,261.9,N/A,N/A,ok,
gymtkntsdn,DFDC,0,SBI,visual,0.075678,probability,369.3,N/A,N/A,ok,
gysgalxvdb,DFDC,0,SBI,visual,0.150769,probability,399.8,N/A,N/A,ok,
gytujwgcfs,DFDC,0,SBI,visual,0.015083,probability,371.5,N/A,N/A,ok,
gytxrbatwr,DFDC,0,SBI,visual,0.378435,probability,41.0,N/A,N/A,ok,
gyuzaicmfj,DFDC,0,SBI,visual,0.049291,probability,23.0,N/A,N/A,ok,
gyweftlpef,DFDC,0,SBI,visual,0.076131,probability,311.3,N/A,N/A,ok,
gyymeisnag,DFDC,0,SBI,visual,0.010206,probability,33.3,N/A,N/A,ok,
gzdbemyzgj,DFDC,0,SBI,visual,0.037379,probability,394.4,N/A,N/A,ok,
gzedbmvlab,DFDC,0,SBI,visual,0.791077,probability,405.9,N/A,N/A,ok,
gzggqmsnfa,DFDC,0,SBI,visual,0.119571,probability,452.7,N/A,N/A,ok,
gzkzyteytv,DFDC,0,SBI,visual,0.594223,probability,466.8,N/A,N/A,ok,
gzneqgwhkp,DFDC,0,SBI,visual,0.023009,probability,561.6,N/A,N/A,ok,
gzvfvrohsu,DFDC,0,SBI,visual,0.109753,probability,369.6,N/A,N/A,ok,
gzyvtzlxvc,DFDC,0,SBI,visual,0.011286,probability,339.4,N/A,N/A,ok,
hagowzspwf,DFDC,0,SBI,visual,0.010503,probability,418.6,N/A,N/A,ok,
haidmxyqqa,DFDC,0,SBI,visual,0.078256,probability,308.8,N/A,N/A,ok,
hbbpkyyeps,DFDC,0,SBI,visual,0.478645,probability,340.6,N/A,N/A,ok,
hbdkgtrxft,DFDC,0,SBI,visual,0.039442,probability,368.3,N/A,N/A,ok,
hbkeeokfcp,DFDC,0,SBI,visual,0.157901,probability,375.5,N/A,N/A,ok,
hbydqewfad,DFDC,0,SBI,visual,0.03398,probability,417.7,N/A,N/A,ok,
hcjcbqaxqa,DFDC,0,SBI,visual,0.393762,probability,357.1,N/A,N/A,ok,
hckjndrawh,DFDC,0,SBI,visual,0.006293,probability,355.0,N/A,N/A,ok,
hcmgwxyrjx,DFDC,0,SBI,visual,0.069492,probability,435.1,N/A,N/A,ok,
hdbjdpzymh,DFDC,0,SBI,visual,0.105154,probability,472.9,N/A,N/A,ok,
hddnknfrfp,DFDC,0,SBI,visual,0.043752,probability,493.4,N/A,N/A,ok,
hdhgpncvey,DFDC,0,SBI,visual,0.022477,probability,469.1,N/A,N/A,ok,
hdifdnaogk,DFDC,0,SBI,visual,0.052447,probability,70.8,N/A,N/A,ok,
heeadokghc,DFDC,0,SBI,visual,0.058697,probability,490.8,N/A,N/A,ok,
hfbhemfsge,DFDC,0,SBI,visual,0.45259,probability,336.4,N/A,N/A,ok,
hflzulwkqp,DFDC,0,SBI,visual,0.01425,probability,355.5,N/A,N/A,ok,
hfnvhitnnb,DFDC,0,SBI,visual,0.375176,probability,328.7,N/A,N/A,ok,
hfpnlezvbo,DFDC,0,SBI,visual,0.028973,probability,307.7,N/A,N/A,ok,
hfyfesbequ,DFDC,0,SBI,visual,0.037933,probability,308.7,N/A,N/A,ok,
hfympfkedl,DFDC,0,SBI,visual,0.043076,probability,406.9,N/A,N/A,ok,
hfysflkmpk,DFDC,0,SBI,visual,0.341097,probability,174.4,N/A,N/A,ok,
hgijutaxea,DFDC,0,SBI,visual,0.027631,probability,299.4,N/A,N/A,ok,
hgsxilcvux,DFDC,0,SBI,visual,0.592841,probability,387.9,N/A,N/A,ok,
hhclpwhvwl,DFDC,0,SBI,visual,0.003105,probability,293.6,N/A,N/A,ok,
hhmyohkxod,DFDC,0,SBI,visual,0.016805,probability,436.2,N/A,N/A,ok,
hhwgoorqhf,DFDC,0,SBI,visual,0.248283,probability,373.3,N/A,N/A,ok,
hjbljvfkhd,DFDC,0,SBI,visual,0.153636,probability,416.2,N/A,N/A,ok,
hjgwhudqln,DFDC,0,SBI,visual,0.352442,probability,402.1,N/A,N/A,ok,
hjjbopgnmm,DFDC,0,SBI,visual,0.189299,probability,419.9,N/A,N/A,ok,
hjvgyelzmj,DFDC,0,SBI,visual,0.032833,probability,372.7,N/A,N/A,ok,
hkgtgrucgy,DFDC,0,SBI,visual,0.05035,probability,436.0,N/A,N/A,ok,
hkkiotnxqz,DFDC,0,SBI,visual,0.526992,probability,213.6,N/A,N/A,ok,
hkkqtregvm,DFDC,0,SBI,visual,0.162443,probability,324.9,N/A,N/A,ok,
hkwysjmqbc,DFDC,0,SBI,visual,0.227358,probability,409.5,N/A,N/A,ok,
hlagszdrar,DFDC,0,SBI,visual,0.307632,probability,318.6,N/A,N/A,ok,
hlnaewggxq,DFDC,0,SBI,visual,0.143518,probability,390.0,N/A,N/A,ok,
hlorwkxuum,DFDC,0,SBI,visual,0.044637,probability,417.9,N/A,N/A,ok,
hlquizgomm,DFDC,0,SBI,visual,0.157779,probability,87.7,N/A,N/A,ok,
hmmnljhtom,DFDC,0,SBI,visual,0.039138,probability,95.2,N/A,N/A,ok,
hmvjiodnxy,DFDC,0,SBI,visual,0.574479,probability,105.6,N/A,N/A,ok,
hmzevnhivl,DFDC,0,SBI,visual,0.115405,probability,272.2,N/A,N/A,ok,
hoburozehx,DFDC,0,SBI,visual,0.085764,probability,634.4,N/A,N/A,ok,
hofaxxvuac,DFDC,0,SBI,visual,0.414719,probability,368.6,N/A,N/A,ok,
holkdnsibh,DFDC,0,SBI,visual,0.198106,probability,46.1,N/A,N/A,ok,
hophqgnqqf,DFDC,0,SBI,visual,0.034756,probability,554.4,N/A,N/A,ok,
hqfpcnnxuj,DFDC,0,SBI,visual,0.042513,probability,82.9,N/A,N/A,ok,
hqjafpxhio,DFDC,0,SBI,visual,0.177703,probability,553.8,N/A,N/A,ok,
hqpszaucuo,DFDC,0,SBI,visual,0.018591,probability,385.2,N/A,N/A,ok,
hrdngtfcid,DFDC,0,SBI,visual,0.060124,probability,497.8,N/A,N/A,ok,
hroyfnkoii,DFDC,0,SBI,visual,0.018583,probability,355.6,N/A,N/A,ok,
hrpkmbrlmf,DFDC,0,SBI,visual,0.072501,probability,281.8,N/A,N/A,ok,
hrtkwnhzox,DFDC,0,SBI,visual,0.071832,probability,138.6,N/A,N/A,ok,
hrttihqgrl,DFDC,0,SBI,visual,0.340526,probability,327.3,N/A,N/A,ok,
hrvqddcodm,DFDC,0,SBI,visual,0.015911,probability,371.6,N/A,N/A,ok,
hsgostmflh,DFDC,0,SBI,visual,0.060507,probability,403.6,N/A,N/A,ok,
hstqdyvaok,DFDC,0,SBI,visual,0.006118,probability,576.7,N/A,N/A,ok,
hswqufrqdq,DFDC,0,SBI,visual,0.051716,probability,84.3,N/A,N/A,ok,
hunncfchla,DFDC,0,SBI,visual,0.123782,probability,400.6,N/A,N/A,ok,
hutcjfcqml,DFDC,0,SBI,visual,0.181013,probability,374.1,N/A,N/A,ok,
hwopswmtft,DFDC,0,SBI,visual,0.289049,probability,363.4,N/A,N/A,ok,
hwvhwexwhe,DFDC,0,SBI,visual,0.091648,probability,371.7,N/A,N/A,ok,
hwysavmwmp,DFDC,0,SBI,visual,0.032528,probability,72.1,N/A,N/A,ok,
hxmbrvegjl,DFDC,0,SBI,visual,0.19136,probability,418.5,N/A,N/A,ok,
hxrpcnpqmf,DFDC,0,SBI,visual,0.064354,probability,317.7,N/A,N/A,ok,
hyiuisttjf,DFDC,0,SBI,visual,0.453001,probability,378.9,N/A,N/A,ok,
hyoehoklpt,DFDC,0,SBI,visual,0.010438,probability,361.3,N/A,N/A,ok,
hyugerzmgw,DFDC,0,SBI,visual,0.089233,probability,403.6,N/A,N/A,ok,
hyxqlilqem,DFDC,0,SBI,visual,0.322803,probability,323.7,N/A,N/A,ok,
hzjvykxajp,DFDC,0,SBI,visual,0.022704,probability,406.2,N/A,N/A,ok,
hznvpcnvni,DFDC,0,SBI,visual,0.057773,probability,544.0,N/A,N/A,ok,
hzotyxtbst,DFDC,0,SBI,visual,0.002686,probability,474.6,N/A,N/A,ok,
hzslacpvwl,DFDC,0,SBI,visual,0.040952,probability,491.7,N/A,N/A,ok,
hzvbloaxuo,DFDC,0,SBI,visual,0.233348,probability,544.9,N/A,N/A,ok,
hzwhyjrakl,DFDC,0,SBI,visual,0.382786,probability,408.0,N/A,N/A,ok,
hzypvwcqjy,DFDC,0,SBI,visual,0.029434,probability,343.7,N/A,N/A,ok,
hzzvvzkeii,DFDC,0,SBI,visual,0.067428,probability,514.3,N/A,N/A,ok,
iacjuialws,DFDC,0,SBI,visual,0.005676,probability,290.0,N/A,N/A,ok,
iaqsdziamy,DFDC,0,SBI,visual,0.017493,probability,326.6,N/A,N/A,ok,
iaqsoqjcju,DFDC,0,SBI,visual,0.777152,probability,346.1,N/A,N/A,ok,
ibsuixguip,DFDC,0,SBI,visual,0.44838,probability,429.3,N/A,N/A,ok,
iciyjerykp,DFDC,0,SBI,visual,0.265308,probability,339.7,N/A,N/A,ok,
iclzikdeqm,DFDC,0,SBI,visual,0.046058,probability,403.9,N/A,N/A,ok,
icquxjujfr,DFDC,0,SBI,visual,0.030712,probability,308.9,N/A,N/A,ok,
idepnslyfu,DFDC,0,SBI,visual,0.235103,probability,485.7,N/A,N/A,ok,
iderzoimxh,DFDC,0,SBI,visual,0.022422,probability,431.9,N/A,N/A,ok,
idmceqioiu,DFDC,0,SBI,visual,0.287707,probability,469.0,N/A,N/A,ok,
idvwohqkpn,DFDC,0,SBI,visual,0.010727,probability,83.7,N/A,N/A,ok,
idyrworkxm,DFDC,0,SBI,visual,0.407472,probability,47.4,N/A,N/A,ok,
ieiwxclrvs,DFDC,0,SBI,visual,0.089214,probability,465.7,N/A,N/A,ok,
iejvhlugys,DFDC,0,SBI,visual,0.15102,probability,338.4,N/A,N/A,ok,
iexcpcgtsq,DFDC,0,SBI,visual,0.010735,probability,440.9,N/A,N/A,ok,
ifbwwzsouv,DFDC,0,SBI,visual,0.055484,probability,397.2,N/A,N/A,ok,
ifhrizczsq,DFDC,0,SBI,visual,0.231148,probability,230.7,N/A,N/A,ok,
ifqopwnodw,DFDC,0,SBI,visual,0.180783,probability,323.2,N/A,N/A,ok,
ifvigwlodu,DFDC,0,SBI,visual,0.160407,probability,348.1,N/A,N/A,ok,
ifyfwckana,DFDC,0,SBI,visual,0.050454,probability,399.9,N/A,N/A,ok,
igbpkykmrz,DFDC,0,SBI,visual,0.040995,probability,54.4,N/A,N/A,ok,
igcbrianxp,DFDC,0,SBI,visual,0.789401,probability,363.1,N/A,N/A,ok,
igkqamcwgm,DFDC,0,SBI,visual,0.219732,probability,167.5,N/A,N/A,ok,
igxktpzrai,DFDC,0,SBI,visual,0.519541,probability,320.4,N/A,N/A,ok,
iimrwscuxg,DFDC,0,SBI,visual,0.828354,probability,485.7,N/A,N/A,ok,
ijrxoenvoc,DFDC,0,SBI,visual,0.094895,probability,371.5,N/A,N/A,ok,
ijtarwkwoe,DFDC,0,SBI,visual,0.144228,probability,325.3,N/A,N/A,ok,
ijtoqyibjo,DFDC,0,SBI,visual,0.077961,probability,119.4,N/A,N/A,ok,
ijyyartmju,DFDC,0,SBI,visual,0.194949,probability,340.2,N/A,N/A,ok,
ikaswonlvn,DFDC,0,SBI,visual,0.091788,probability,394.3,N/A,N/A,ok,
ikhgzuacll,DFDC,0,SBI,visual,0.044031,probability,112.2,N/A,N/A,ok,
ikilmvctyn,DFDC,0,SBI,visual,0.106319,probability,323.8,N/A,N/A,ok,
ikiwtqtdfz,DFDC,0,SBI,visual,0.064755,probability,339.7,N/A,N/A,ok,
ikkudvyapj,DFDC,0,SBI,visual,0.037554,probability,344.0,N/A,N/A,ok,
ildojfnpve,DFDC,0,SBI,visual,0.132116,probability,447.1,N/A,N/A,ok,
ilwvfebfjb,DFDC,0,SBI,visual,0.196987,probability,325.3,N/A,N/A,ok,
imezmewzmc,DFDC,0,SBI,visual,0.403301,probability,325.8,N/A,N/A,ok,
inssgrnlnp,DFDC,0,SBI,visual,0.003023,probability,54.6,N/A,N/A,ok,
iomfkbgmfp,DFDC,0,SBI,visual,0.038014,probability,396.3,N/A,N/A,ok,
ipnwesrpir,DFDC,0,SBI,visual,0.198697,probability,354.5,N/A,N/A,ok,
iptjngrkhm,DFDC,0,SBI,visual,0.083983,probability,377.6,N/A,N/A,ok,
iqeakgicxq,DFDC,0,SBI,visual,0.118138,probability,289.5,N/A,N/A,ok,
irrjvgtfhd,DFDC,0,SBI,visual,0.08624,probability,469.9,N/A,N/A,ok,
irvuryelui,DFDC,0,SBI,visual,0.313294,probability,83.1,N/A,N/A,ok,
iryezljlbe,DFDC,0,SBI,visual,0.311719,probability,178.5,N/A,N/A,ok,
ishrdgfqli,DFDC,0,SBI,visual,0.029647,probability,302.3,N/A,N/A,ok,
issioyofmn,DFDC,0,SBI,visual,0.160609,probability,45.1,N/A,N/A,ok,
istpowflkp,DFDC,0,SBI,visual,0.808296,probability,311.6,N/A,N/A,ok,
isycambojo,DFDC,0,SBI,visual,0.147077,probability,290.8,N/A,N/A,ok,
iuekggvaaa,DFDC,0,SBI,visual,0.016004,probability,372.6,N/A,N/A,ok,
iugbgvhvec,DFDC,0,SBI,visual,0.790632,probability,36.3,N/A,N/A,ok,
iugrxiyegu,DFDC,0,SBI,visual,0.105505,probability,381.8,N/A,N/A,ok,
iulsddmmgf,DFDC,0,SBI,visual,0.03578,probability,610.4,N/A,N/A,ok,
iunbwrdnxs,DFDC,0,SBI,visual,0.01151,probability,382.0,N/A,N/A,ok,
iuntijfztr,DFDC,0,SBI,visual,0.132795,probability,438.4,N/A,N/A,ok,
iuqenhzzgl,DFDC,0,SBI,visual,0.060923,probability,110.8,N/A,N/A,ok,
iurmuwqzyk,DFDC,0,SBI,visual,0.046037,probability,558.8,N/A,N/A,ok,
iwcjnfauue,DFDC,0,SBI,visual,0.024612,probability,305.9,N/A,N/A,ok,
iweebmurer,DFDC,0,SBI,visual,0.240739,probability,387.8,N/A,N/A,ok,
iwsepkowtd,DFDC,0,SBI,visual,0.071578,probability,299.0,N/A,N/A,ok,
iwxfzemvva,DFDC,0,SBI,visual,0.064662,probability,401.7,N/A,N/A,ok,
ixhnopedjn,DFDC,0,SBI,visual,0.012868,probability,371.9,N/A,N/A,ok,
ixqzvcjukf,DFDC,0,SBI,visual,0.099317,probability,417.5,N/A,N/A,ok,
iyfwndboqs,DFDC,0,SBI,visual,0.096992,probability,76.2,N/A,N/A,ok,
iyptjgnfvs,DFDC,0,SBI,visual,0.039059,probability,473.9,N/A,N/A,ok,
iyxhrnzlvc,DFDC,0,SBI,visual,0.014621,probability,118.9,N/A,N/A,ok,
iyxkkfpvxi,DFDC,0,SBI,visual,0.147275,probability,451.3,N/A,N/A,ok,
izpreqornz,DFDC,0,SBI,visual,0.018225,probability,419.2,N/A,N/A,ok,
izuczbrqej,DFDC,0,SBI,visual,0.048377,probability,434.2,N/A,N/A,ok,
izvlqutupe,DFDC,0,SBI,visual,0.136337,probability,88.1,N/A,N/A,ok,
izzjhemiop,DFDC,0,SBI,visual,0.227072,probability,365.2,N/A,N/A,ok,
janzoyqvbx,DFDC,0,SBI,visual,0.065307,probability,139.7,N/A,N/A,ok,
jaxhfaubmm,DFDC,0,SBI,visual,0.362798,probability,432.7,N/A,N/A,ok,
jbbefoatoy,DFDC,0,SBI,visual,0.065475,probability,303.2,N/A,N/A,ok,
jbgoqgawne,DFDC,0,SBI,visual,0.048622,probability,308.9,N/A,N/A,ok,
jbixddrekj,DFDC,0,SBI,visual,0.231877,probability,293.0,N/A,N/A,ok,
jcdfvqvcka,DFDC,0,SBI,visual,0.038081,probability,384.2,N/A,N/A,ok,
jcegkgtcuh,DFDC,0,SBI,visual,0.202937,probability,378.4,N/A,N/A,ok,
jckyvbypxi,DFDC,0,SBI,visual,0.133869,probability,339.8,N/A,N/A,ok,
jcqvvmzqif,DFDC,0,SBI,visual,0.014651,probability,229.1,N/A,N/A,ok,
jcztgxtfel,DFDC,0,SBI,visual,0.074118,probability,371.2,N/A,N/A,ok,
jdarjcwghj,DFDC,0,SBI,visual,0.126234,probability,400.9,N/A,N/A,ok,
jddqeknfyx,DFDC,0,SBI,visual,0.13349,probability,340.8,N/A,N/A,ok,
jdicfpjhee,DFDC,0,SBI,visual,0.015178,probability,341.1,N/A,N/A,ok,
jdkgspnowo,DFDC,0,SBI,visual,0.129569,probability,417.2,N/A,N/A,ok,
jdnntsdqfa,DFDC,0,SBI,visual,0.138535,probability,387.8,N/A,N/A,ok,
jdooavgiub,DFDC,0,SBI,visual,0.006371,probability,307.7,N/A,N/A,ok,
jdopmintvd,DFDC,0,SBI,visual,0.075299,probability,387.7,N/A,N/A,ok,
jdqczovzlj,DFDC,0,SBI,visual,0.023572,probability,362.3,N/A,N/A,ok,
jefoqtmqis,DFDC,0,SBI,visual,0.04074,probability,523.5,N/A,N/A,ok,
jegjcwbuor,DFDC,0,SBI,visual,0.210667,probability,388.5,N/A,N/A,ok,
jeifhynnxq,DFDC,0,SBI,visual,0.116894,probability,421.7,N/A,N/A,ok,
jeqcugbsda,DFDC,0,SBI,visual,0.485203,probability,434.4,N/A,N/A,ok,
jervngezem,DFDC,0,SBI,visual,0.029376,probability,229.9,N/A,N/A,ok,
jeweypdttx,DFDC,0,SBI,visual,0.018676,probability,356.0,N/A,N/A,ok,
jfapcyaytj,DFDC,0,SBI,visual,0.103564,probability,425.6,N/A,N/A,ok,
jfkqflrnwc,DFDC,0,SBI,visual,0.040681,probability,191.9,N/A,N/A,ok,
jfmhobgmxx,DFDC,0,SBI,visual,0.00904,probability,324.4,N/A,N/A,ok,
jfqhigcemr,DFDC,0,SBI,visual,0.178653,probability,66.4,N/A,N/A,ok,
jfrrhycpvr,DFDC,0,SBI,visual,0.013202,probability,385.5,N/A,N/A,ok,
jgfllturof,DFDC,0,SBI,visual,0.121518,probability,404.2,N/A,N/A,ok,
jglcryoarq,DFDC,0,SBI,visual,0.059721,probability,341.2,N/A,N/A,ok,
jglqoywhre,DFDC,0,SBI,visual,0.095976,probability,291.2,N/A,N/A,ok,
jgqaefwulg,DFDC,0,SBI,visual,0.009565,probability,311.0,N/A,N/A,ok,
jgtcisbhdg,DFDC,0,SBI,visual,0.532242,probability,366.1,N/A,N/A,ok,
jgvissmafb,DFDC,0,SBI,visual,0.04163,probability,357.3,N/A,N/A,ok,
jgvwdwjwfi,DFDC,0,SBI,visual,0.010304,probability,118.2,N/A,N/A,ok,
jgzsfywvsf,DFDC,0,SBI,visual,0.002667,probability,303.7,N/A,N/A,ok,
jhcfzahdoi,DFDC,0,SBI,visual,0.300978,probability,322.8,N/A,N/A,ok,
jhdhkxwrrd,DFDC,0,SBI,visual,0.144069,probability,430.3,N/A,N/A,ok,
jhgnqzzhcy,DFDC,0,SBI,visual,0.115476,probability,302.7,N/A,N/A,ok,
jhhjxltzrp,DFDC,0,SBI,visual,0.32621,probability,318.8,N/A,N/A,ok,
jhqlodsssp,DFDC,0,SBI,visual,0.437623,probability,483.2,N/A,N/A,ok,
jibvcvsaok,DFDC,0,SBI,visual,0.097953,probability,451.1,N/A,N/A,ok,
jikhvaltrf,DFDC,0,SBI,visual,0.195898,probability,357.8,N/A,N/A,ok,
jitppyxfmh,DFDC,0,SBI,visual,0.123077,probability,401.3,N/A,N/A,ok,
jjcrynhfbw,DFDC,0,SBI,visual,0.328958,probability,308.7,N/A,N/A,ok,
jjqsveloho,DFDC,0,SBI,visual,0.688076,probability,325.2,N/A,N/A,ok,
jjzygajtkh,DFDC,0,SBI,visual,0.065112,probability,361.0,N/A,N/A,ok,
jkjlnfsevl,DFDC,0,SBI,visual,0.456153,probability,337.8,N/A,N/A,ok,
jljmzfkrft,DFDC,0,SBI,visual,0.139484,probability,413.3,N/A,N/A,ok,
jltgklezhk,DFDC,0,SBI,visual,0.358872,probability,349.5,N/A,N/A,ok,
jlvnwgtdux,DFDC,0,SBI,visual,0.014093,probability,204.2,N/A,N/A,ok,
jmmxjuowsd,DFDC,0,SBI,visual,0.138752,probability,120.0,N/A,N/A,ok,
jmuqfleoxx,DFDC,0,SBI,visual,0.088335,probability,417.9,N/A,N/A,ok,
jmynswxbxm,DFDC,0,SBI,visual,0.069964,probability,455.9,N/A,N/A,ok,
jmyzhcjwtr,DFDC,0,SBI,visual,0.274004,probability,302.8,N/A,N/A,ok,
jnswjhqnvf,DFDC,0,SBI,visual,0.045626,probability,437.5,N/A,N/A,ok,
jnxnwpxpva,DFDC,0,SBI,visual,0.046149,probability,513.8,N/A,N/A,ok,
jnzglakrey,DFDC,0,SBI,visual,0.27297,probability,321.8,N/A,N/A,ok,
jnzsliglly,DFDC,0,SBI,visual,0.053631,probability,453.2,N/A,N/A,ok,
joblrrrpdn,DFDC,0,SBI,visual,0.199617,probability,490.3,N/A,N/A,ok,
jookvmaaqc,DFDC,0,SBI,visual,0.014452,probability,77.1,N/A,N/A,ok,
joxyiexllc,DFDC,0,SBI,visual,0.126651,probability,476.1,N/A,N/A,ok,
jpeigpweyz,DFDC,0,SBI,visual,0.158263,probability,331.6,N/A,N/A,ok,
jpjcahvyzh,DFDC,0,SBI,visual,0.021469,probability,521.5,N/A,N/A,ok,
jplvuxwwhl,DFDC,0,SBI,visual,0.03649,probability,372.0,N/A,N/A,ok,
jplzjyzlkx,DFDC,0,SBI,visual,0.016991,probability,355.4,N/A,N/A,ok,
jppldugrhy,DFDC,0,SBI,visual,0.024894,probability,120.7,N/A,N/A,ok,
jqfrvhyrwn,DFDC,0,SBI,visual,0.067265,probability,135.4,N/A,N/A,ok,
jqphvylsaq,DFDC,0,SBI,visual,0.069631,probability,420.0,N/A,N/A,ok,
jrcdqmgohk,DFDC,0,SBI,visual,0.077811,probability,301.7,N/A,N/A,ok,
jrkmcoisjl,DFDC,0,SBI,visual,0.109641,probability,357.3,N/A,N/A,ok,
jrlomrjplr,DFDC,0,SBI,visual,0.249708,probability,114.1,N/A,N/A,ok,
jrnbrqdrgp,DFDC,0,SBI,visual,0.050992,probability,525.1,N/A,N/A,ok,
jrovofbfze,DFDC,0,SBI,visual,0.015303,probability,565.2,N/A,N/A,ok,
jrxwardcui,DFDC,0,SBI,visual,0.038165,probability,513.1,N/A,N/A,ok,
jsbtgpgeix,DFDC,0,SBI,visual,0.321829,probability,106.8,N/A,N/A,ok,
jsunpkfuvu,DFDC,0,SBI,visual,0.053683,probability,450.0,N/A,N/A,ok,
jtneuiluyr,DFDC,0,SBI,visual,0.021708,probability,401.0,N/A,N/A,ok,
jtxhqqbgro,DFDC,0,SBI,visual,0.210878,probability,388.1,N/A,N/A,ok,
jtzkykgnqs,DFDC,0,SBI,visual,0.044306,probability,329.2,N/A,N/A,ok,
juylclsecv,DFDC,0,SBI,visual,0.015062,probability,418.4,N/A,N/A,ok,
jvcivghynz,DFDC,0,SBI,visual,0.007537,probability,366.5,N/A,N/A,ok,
jvdqwagwnh,DFDC,0,SBI,visual,0.011829,probability,390.2,N/A,N/A,ok,
jvvavacxja,DFDC,0,SBI,visual,0.13138,probability,87.1,N/A,N/A,ok,
jwciaeygbl,DFDC,0,SBI,visual,0.095723,probability,474.4,N/A,N/A,ok,
jwtcwolhfa,DFDC,0,SBI,visual,0.037204,probability,309.8,N/A,N/A,ok,
jwzuyoclgu,DFDC,0,SBI,visual,0.024503,probability,387.0,N/A,N/A,ok,
jxaavnqtms,DFDC,0,SBI,visual,0.210641,probability,537.3,N/A,N/A,ok,
jxaizocyxm,DFDC,0,SBI,visual,0.002772,probability,414.0,N/A,N/A,ok,
jxcyskbujx,DFDC,0,SBI,visual,0.275604,probability,103.9,N/A,N/A,ok,
jxzcfizjug,DFDC,0,SBI,visual,0.027233,probability,510.9,N/A,N/A,ok,
jyeticywfs,DFDC,0,SBI,visual,0.015227,probability,388.9,N/A,N/A,ok,
jyupvczkwy,DFDC,0,SBI,visual,0.008784,probability,351.6,N/A,N/A,ok,
jzfnpgcnha,DFDC,0,SBI,visual,0.110387,probability,469.5,N/A,N/A,ok,
jzidtonzor,DFDC,0,SBI,visual,0.199504,probability,287.8,N/A,N/A,ok,
jzsszyvcaf,DFDC,0,SBI,visual,0.0549,probability,386.7,N/A,N/A,ok,
jzvayzibca,DFDC,0,SBI,visual,0.013347,probability,339.6,N/A,N/A,ok,
jzwelhrfhq,DFDC,0,SBI,visual,0.125266,probability,131.5,N/A,N/A,ok,
jzxqopbuql,DFDC,0,SBI,visual,0.150798,probability,360.1,N/A,N/A,ok,
kapbljsoal,DFDC,0,SBI,visual,0.199828,probability,355.2,N/A,N/A,ok,
kaqqpdertf,DFDC,0,SBI,visual,0.047179,probability,229.7,N/A,N/A,ok,
kbbbzybmsz,DFDC,0,SBI,visual,0.020625,probability,408.2,N/A,N/A,ok,
kbmenevszu,DFDC,0,SBI,visual,0.57159,probability,401.7,N/A,N/A,ok,
kbryejyhpc,DFDC,0,SBI,visual,0.309592,probability,344.7,N/A,N/A,ok,
kbwhcpqfmr,DFDC,0,SBI,visual,0.11075,probability,369.1,N/A,N/A,ok,
kbztafbbky,DFDC,0,SBI,visual,0.015622,probability,370.5,N/A,N/A,ok,
kcauwaenbz,DFDC,0,SBI,visual,0.01227,probability,293.5,N/A,N/A,ok,
kccezmrsbe,DFDC,0,SBI,visual,0.017979,probability,327.2,N/A,N/A,ok,
kckumckfme,DFDC,0,SBI,visual,0.093288,probability,326.1,N/A,N/A,ok,
kdiezumwzi,DFDC,0,SBI,visual,0.509892,probability,54.3,N/A,N/A,ok,
kdkqzkoicb,DFDC,0,SBI,visual,0.002968,probability,568.2,N/A,N/A,ok,
kdlxniywok,DFDC,0,SBI,visual,0.049893,probability,306.8,N/A,N/A,ok,
kdrrijsgdc,DFDC,0,SBI,visual,0.026453,probability,86.5,N/A,N/A,ok,
kepahpxrws,DFDC,0,SBI,visual,0.053674,probability,425.2,N/A,N/A,ok,
kepyxefyud,DFDC,0,SBI,visual,0.124546,probability,528.3,N/A,N/A,ok,
kghuuodbsq,DFDC,0,SBI,visual,0.041571,probability,381.4,N/A,N/A,ok,
kgjsibeknt,DFDC,0,SBI,visual,0.108927,probability,388.6,N/A,N/A,ok,
kgpxlwhtne,DFDC,0,SBI,visual,0.037797,probability,388.8,N/A,N/A,ok,
kgxdmgwizd,DFDC,0,SBI,visual,0.325803,probability,375.0,N/A,N/A,ok,
khckstkgre,DFDC,0,SBI,visual,0.356883,probability,402.6,N/A,N/A,ok,
khjsvnhbif,DFDC,0,SBI,visual,0.046669,probability,272.9,N/A,N/A,ok,
khmbzorwrk,DFDC,0,SBI,visual,0.030312,probability,546.6,N/A,N/A,ok,
khtbujkbjd,DFDC,0,SBI,visual,0.016404,probability,475.7,N/A,N/A,ok,
khtxzksdcp,DFDC,0,SBI,visual,0.006126,probability,604.3,N/A,N/A,ok,
kigygqfvrh,DFDC,0,SBI,visual,0.298632,probability,393.0,N/A,N/A,ok,
kihtdzwsxf,DFDC,0,SBI,visual,0.09902,probability,333.2,N/A,N/A,ok,
kiuftfnaej,DFDC,0,SBI,visual,0.01005,probability,388.5,N/A,N/A,ok,
kjnjkjxicg,DFDC,0,SBI,visual,0.538365,probability,435.3,N/A,N/A,ok,
kjrtwejswg,DFDC,0,SBI,visual,0.403023,probability,449.1,N/A,N/A,ok,
kkdfsitqnb,DFDC,0,SBI,visual,0.142772,probability,420.4,N/A,N/A,ok,
kkdortwuev,DFDC,0,SBI,visual,0.010892,probability,549.7,N/A,N/A,ok,
kkwmlguous,DFDC,0,SBI,visual,0.231868,probability,277.7,N/A,N/A,ok,
klarsjpzzm,DFDC,0,SBI,visual,0.082251,probability,32.3,N/A,N/A,ok,
klaucowodp,DFDC,0,SBI,visual,0.067957,probability,375.4,N/A,N/A,ok,
klleangezk,DFDC,0,SBI,visual,0.125401,probability,425.7,N/A,N/A,ok,
klrniizsha,DFDC,0,SBI,visual,0.010841,probability,350.5,N/A,N/A,ok,
klxygcalsm,DFDC,0,SBI,visual,0.128367,probability,249.7,N/A,N/A,ok,
kmwoufanwu,DFDC,0,SBI,visual,0.344468,probability,415.9,N/A,N/A,ok,
knamsitmul,DFDC,0,SBI,visual,0.040792,probability,66.3,N/A,N/A,ok,
knzxbsopvk,DFDC,0,SBI,visual,0.756807,probability,622.1,N/A,N/A,ok,
kojtsbacnl,DFDC,0,SBI,visual,0.004983,probability,388.1,N/A,N/A,ok,
kovgfcghfb,DFDC,0,SBI,visual,0.018147,probability,451.1,N/A,N/A,ok,
kozesjeotl,DFDC,0,SBI,visual,0.031725,probability,425.3,N/A,N/A,ok,
kozltuetmy,DFDC,0,SBI,visual,0.041206,probability,308.3,N/A,N/A,ok,
kpotqomxth,DFDC,0,SBI,visual,0.021667,probability,77.9,N/A,N/A,ok,
kprhbglfhm,DFDC,0,SBI,visual,0.008068,probability,315.1,N/A,N/A,ok,
kpskoozlbe,DFDC,0,SBI,visual,0.324093,probability,348.2,N/A,N/A,ok,
kpwjpkenxk,DFDC,0,SBI,visual,0.031402,probability,389.7,N/A,N/A,ok,
kqlvrotqdv,DFDC,0,SBI,visual,0.155668,probability,389.8,N/A,N/A,ok,
kranmcwuvs,DFDC,0,SBI,visual,0.056067,probability,343.9,N/A,N/A,ok,
krcglpsgid,DFDC,0,SBI,visual,0.006308,probability,353.1,N/A,N/A,ok,
kreedbyaya,DFDC,0,SBI,visual,0.432579,probability,371.9,N/A,N/A,ok,
krhkewexas,DFDC,0,SBI,visual,0.022974,probability,323.1,N/A,N/A,ok,
krhkzkapev,DFDC,0,SBI,visual,0.716158,probability,261.1,N/A,N/A,ok,
krhlerujcy,DFDC,0,SBI,visual,0.795426,probability,118.8,N/A,N/A,ok,
kriucurpwp,DFDC,0,SBI,visual,0.532809,probability,346.8,N/A,N/A,ok,
krmjdygtgh,DFDC,0,SBI,visual,0.087221,probability,366.5,N/A,N/A,ok,
krqryrskmo,DFDC,0,SBI,visual,0.185977,probability,41.6,N/A,N/A,ok,
kryhzzmolv,DFDC,0,SBI,visual,0.003676,probability,317.2,N/A,N/A,ok,
kslonepnye,DFDC,0,SBI,visual,0.221378,probability,416.1,N/A,N/A,ok,
ksthbkgeum,DFDC,0,SBI,visual,0.124438,probability,530.1,N/A,N/A,ok,
ksylzevxjd,DFDC,0,SBI,visual,0.217021,probability,146.5,N/A,N/A,ok,
kuhhtmftsx,DFDC,0,SBI,visual,0.118558,probability,384.9,N/A,N/A,ok,
kuvigdbdzn,DFDC,0,SBI,visual,0.020111,probability,413.9,N/A,N/A,ok,
kvamjwibng,DFDC,0,SBI,visual,0.001906,probability,419.6,N/A,N/A,ok,
kvkdqulktp,DFDC,0,SBI,visual,0.11758,probability,372.3,N/A,N/A,ok,
kvzikceyty,DFDC,0,SBI,visual,0.102192,probability,417.8,N/A,N/A,ok,
kwbuatrooe,DFDC,0,SBI,visual,0.039701,probability,421.4,N/A,N/A,ok,
kwcwuwadfo,DFDC,0,SBI,visual,0.235686,probability,390.1,N/A,N/A,ok,
kxbeebyioh,DFDC,0,SBI,visual,0.260417,probability,401.1,N/A,N/A,ok,
kxxrloovyr,DFDC,0,SBI,visual,0.366658,probability,439.3,N/A,N/A,ok,
kyjqaaiiom,DFDC,0,SBI,visual,0.012938,probability,451.7,N/A,N/A,ok,
kyllvyznoh,DFDC,0,SBI,visual,0.303346,probability,34.4,N/A,N/A,ok,
kymlubgxiy,DFDC,0,SBI,visual,0.063793,probability,379.8,N/A,N/A,ok,
kzgsnquxqx,DFDC,0,SBI,visual,0.132924,probability,418.5,N/A,N/A,ok,
kzmkxeggog,DFDC,0,SBI,visual,0.489641,probability,354.8,N/A,N/A,ok,
kzmynvukal,DFDC,0,SBI,visual,0.049,probability,380.0,N/A,N/A,ok,
kzoijlqubh,DFDC,0,SBI,visual,0.008603,probability,306.1,N/A,N/A,ok,
kzwlaoqafz,DFDC,0,SBI,visual,0.026588,probability,220.0,N/A,N/A,ok,
lablooamuc,DFDC,0,SBI,visual,0.055392,probability,309.2,N/A,N/A,ok,
ladkegghul,DFDC,0,SBI,visual,0.053695,probability,412.2,N/A,N/A,ok,
lajalodgvr,DFDC,0,SBI,visual,0.006058,probability,166.4,N/A,N/A,ok,
lakxijgxpa,DFDC,0,SBI,visual,0.117942,probability,307.3,N/A,N/A,ok,
lalxuevwvm,DFDC,0,SBI,visual,0.134531,probability,332.0,N/A,N/A,ok,
lbabznqhmr,DFDC,0,SBI,visual,0.033997,probability,327.3,N/A,N/A,ok,
lbnridcdup,DFDC,0,SBI,visual,0.01304,probability,411.8,N/A,N/A,ok,
lbwjisijzi,DFDC,0,SBI,visual,0.332602,probability,293.9,N/A,N/A,ok,
lbymhfrzxc,DFDC,0,SBI,visual,0.039569,probability,339.8,N/A,N/A,ok,
lbytwlmefg,DFDC,0,SBI,visual,0.060594,probability,344.4,N/A,N/A,ok,
lbzznpbqsr,DFDC,0,SBI,visual,0.009478,probability,403.3,N/A,N/A,ok,
lcycpfapyi,DFDC,0,SBI,visual,0.241382,probability,289.0,N/A,N/A,ok,
ldbjdzhfkw,DFDC,0,SBI,visual,0.217817,probability,325.2,N/A,N/A,ok,
ldgtfcumbq,DFDC,0,SBI,visual,0.171262,probability,439.1,N/A,N/A,ok,
ldxycwtsxi,DFDC,0,SBI,visual,0.07844,probability,511.0,N/A,N/A,ok,
lermuygabc,DFDC,0,SBI,visual,0.264038,probability,514.5,N/A,N/A,ok,
lfknvwsldh,DFDC,0,SBI,visual,0.220908,probability,419.3,N/A,N/A,ok,
lfqiqupopb,DFDC,0,SBI,visual,0.711907,probability,404.6,N/A,N/A,ok,
lftbfopohj,DFDC,0,SBI,visual,0.117598,probability,434.5,N/A,N/A,ok,
lfvgbvboqz,DFDC,0,SBI,visual,0.896232,probability,373.4,N/A,N/A,ok,
lfviyugazy,DFDC,0,SBI,visual,0.02063,probability,405.6,N/A,N/A,ok,
lgchdnidee,DFDC,0,SBI,visual,0.034723,probability,371.3,N/A,N/A,ok,
lgfwtbdmnb,DFDC,0,SBI,visual,0.04845,probability,316.5,N/A,N/A,ok,
lghscehoms,DFDC,0,SBI,visual,0.11344,probability,221.4,N/A,N/A,ok,
lhfdrgsfrv,DFDC,0,SBI,visual,0.015626,probability,324.9,N/A,N/A,ok,
lhvcibxidd,DFDC,0,SBI,visual,0.021544,probability,420.8,N/A,N/A,ok,
linccbpicl,DFDC,0,SBI,visual,0.088388,probability,340.5,N/A,N/A,ok,
lionttwtcs,DFDC,0,SBI,visual,0.067146,probability,376.2,N/A,N/A,ok,
lipdrviwby,DFDC,0,SBI,visual,0.008008,probability,398.4,N/A,N/A,ok,
liriwkdlda,DFDC,0,SBI,visual,0.02376,probability,248.2,N/A,N/A,ok,
ljkrofvqri,DFDC,0,SBI,visual,0.031491,probability,419.8,N/A,N/A,ok,
ljnjhvpnhq,DFDC,0,SBI,visual,0.009792,probability,389.2,N/A,N/A,ok,
ljuuyoenbs,DFDC,0,SBI,visual,0.006838,probability,323.5,N/A,N/A,ok,
ljwwxmfpxz,DFDC,0,SBI,visual,0.143578,probability,569.7,N/A,N/A,ok,
lkijmpqelh,DFDC,0,SBI,visual,0.078993,probability,412.6,N/A,N/A,ok,
lllolandrm,DFDC,0,SBI,visual,0.00801,probability,119.2,N/A,N/A,ok,
llnsbjgdpp,DFDC,0,SBI,visual,0.012875,probability,453.1,N/A,N/A,ok,
lltuktxwuq,DFDC,0,SBI,visual,0.073766,probability,410.2,N/A,N/A,ok,
llwkcegdjg,DFDC,0,SBI,visual,0.613996,probability,349.1,N/A,N/A,ok,
llzxnfgrvp,DFDC,0,SBI,visual,0.063316,probability,277.7,N/A,N/A,ok,
lmifffvvmd,DFDC,0,SBI,visual,0.155101,probability,174.4,N/A,N/A,ok,
lmjzuzbspq,DFDC,0,SBI,visual,0.020514,probability,371.0,N/A,N/A,ok,
lnixdtygwf,DFDC,0,SBI,visual,0.077768,probability,333.9,N/A,N/A,ok,
lnjyuzfimb,DFDC,0,SBI,visual,0.112179,probability,396.2,N/A,N/A,ok,
lnoyfiqwzx,DFDC,0,SBI,visual,0.001244,probability,411.5,N/A,N/A,ok,
lnvinywnws,DFDC,0,SBI,visual,0.243115,probability,331.4,N/A,N/A,ok,
lnymfeopjs,DFDC,0,SBI,visual,0.011564,probability,363.9,N/A,N/A,ok,
lobpginwkw,DFDC,0,SBI,visual,0.00406,probability,449.9,N/A,N/A,ok,
lochvkkqft,DFDC,0,SBI,visual,0.363216,probability,569.9,N/A,N/A,ok,
locordjzid,DFDC,0,SBI,visual,0.665118,probability,413.6,N/A,N/A,ok,
lojgtwynms,DFDC,0,SBI,visual,0.054799,probability,278.0,N/A,N/A,ok,
lopstlngsu,DFDC,0,SBI,visual,0.314063,probability,233.8,N/A,N/A,ok,
lotdvzflgs,DFDC,0,SBI,visual,0.027102,probability,381.9,N/A,N/A,ok,
lotnyhcpkq,DFDC,0,SBI,visual,0.018863,probability,373.4,N/A,N/A,ok,
lowpctvdrd,DFDC,0,SBI,visual,0.075659,probability,295.3,N/A,N/A,ok,
lpdopamevu,DFDC,0,SBI,visual,0.773829,probability,421.2,N/A,N/A,ok,
lpfikegord,DFDC,0,SBI,visual,0.058047,probability,385.5,N/A,N/A,ok,
lpornklbhu,DFDC,0,SBI,visual,0.042313,probability,351.0,N/A,N/A,ok,
lprxpikirx,DFDC,0,SBI,visual,0.003019,probability,384.7,N/A,N/A,ok,
lpsjwpymrx,DFDC,0,SBI,visual,0.04804,probability,433.0,N/A,N/A,ok,
lpubtdbnyi,DFDC,0,SBI,visual,0.083708,probability,315.3,N/A,N/A,ok,
lpxekecmwv,DFDC,0,SBI,visual,0.003089,probability,350.4,N/A,N/A,ok,
lqcjhyvllv,DFDC,0,SBI,visual,0.330735,probability,296.5,N/A,N/A,ok,
lqzqtvgkdd,DFDC,0,SBI,visual,0.004969,probability,398.6,N/A,N/A,ok,
lrgrnkhuco,DFDC,0,SBI,visual,0.077408,probability,310.8,N/A,N/A,ok,
lrvfgwqzxq,DFDC,0,SBI,visual,0.024349,probability,357.6,N/A,N/A,ok,
lsotyxmnxk,DFDC,0,SBI,visual,0.217816,probability,476.2,N/A,N/A,ok,
lsvrunqxsf,DFDC,0,SBI,visual,0.233168,probability,442.5,N/A,N/A,ok,
ltditjroln,DFDC,0,SBI,visual,0.020275,probability,517.4,N/A,N/A,ok,
lteqrtjirv,DFDC,0,SBI,visual,0.150234,probability,474.9,N/A,N/A,ok,
luozrqnzei,DFDC,0,SBI,visual,0.029895,probability,437.7,N/A,N/A,ok,
luvxxbxkoo,DFDC,0,SBI,visual,0.362447,probability,371.7,N/A,N/A,ok,
luyvfwadva,DFDC,0,SBI,visual,0.942283,probability,344.7,N/A,N/A,ok,
lvlangwjtw,DFDC,0,SBI,visual,0.12138,probability,476.8,N/A,N/A,ok,
lvtfemnkqf,DFDC,0,SBI,visual,0.006469,probability,307.5,N/A,N/A,ok,
lvueclgnfy,DFDC,0,SBI,visual,0.161869,probability,308.6,N/A,N/A,ok,
lwiirvdzal,DFDC,0,SBI,visual,0.130317,probability,65.4,N/A,N/A,ok,
lwwczenkqb,DFDC,0,SBI,visual,0.020652,probability,510.4,N/A,N/A,ok,
lxasfxycbv,DFDC,0,SBI,visual,0.462346,probability,429.9,N/A,N/A,ok,
lxhzjgtbdo,DFDC,0,SBI,visual,0.463936,probability,109.6,N/A,N/A,ok,
lxklnmtfjv,DFDC,0,SBI,visual,0.164835,probability,430.8,N/A,N/A,ok,
lxllowazct,DFDC,0,SBI,visual,0.043818,probability,423.6,N/A,N/A,ok,
lypfxkjjoj,DFDC,0,SBI,visual,0.03073,probability,497.8,N/A,N/A,ok,
lzaseqtfoo,DFDC,0,SBI,visual,0.017358,probability,372.5,N/A,N/A,ok,
lzmakvfeka,DFDC,0,SBI,visual,0.050385,probability,340.6,N/A,N/A,ok,
lzvgfnmqpn,DFDC,0,SBI,visual,0.322123,probability,419.1,N/A,N/A,ok,
maarhigiiy,DFDC,0,SBI,visual,0.018096,probability,405.3,N/A,N/A,ok,
majypwvlgl,DFDC,0,SBI,visual,0.021318,probability,510.2,N/A,N/A,ok,
malewxtcnl,DFDC,0,SBI,visual,0.391587,probability,341.1,N/A,N/A,ok,
mamrhntisi,DFDC,0,SBI,visual,0.217875,probability,288.5,N/A,N/A,ok,
mayrgpjfdn,DFDC,0,SBI,visual,0.269899,probability,404.1,N/A,N/A,ok,
mcehvolazj,DFDC,0,SBI,visual,0.016266,probability,439.4,N/A,N/A,ok,
mcxpxcscfj,DFDC,0,SBI,visual,0.095554,probability,195.0,N/A,N/A,ok,
mdlsdofizc,DFDC,0,SBI,visual,0.016914,probability,341.4,N/A,N/A,ok,
mdumkcqnli,DFDC,0,SBI,visual,0.151609,probability,477.8,N/A,N/A,ok,
meaemethdp,DFDC,0,SBI,visual,0.080094,probability,423.7,N/A,N/A,ok,
meiycfsvnx,DFDC,0,SBI,visual,0.037253,probability,499.9,N/A,N/A,ok,
metlqwcgjc,DFDC,0,SBI,visual,0.032131,probability,566.0,N/A,N/A,ok,
metpkhsfnz,DFDC,0,SBI,visual,0.321036,probability,274.3,N/A,N/A,ok,
mezpemrnze,DFDC,0,SBI,visual,0.323958,probability,117.9,N/A,N/A,ok,
mfbvtsmkbp,DFDC,0,SBI,visual,0.090715,probability,387.7,N/A,N/A,ok,
mfgeffmvrd,DFDC,0,SBI,visual,0.08927,probability,403.4,N/A,N/A,ok,
mfjljhqhca,DFDC,0,SBI,visual,0.024934,probability,390.6,N/A,N/A,ok,
mfvhsnzcpy,DFDC,0,SBI,visual,0.003906,probability,392.6,N/A,N/A,ok,
mfwhgpblxc,DFDC,0,SBI,visual,0.25225,probability,335.3,N/A,N/A,ok,
mfwmymrraw,DFDC,0,SBI,visual,0.233258,probability,393.2,N/A,N/A,ok,
mgjktnitkk,DFDC,0,SBI,visual,0.124358,probability,381.9,N/A,N/A,ok,
mguatwdzyo,DFDC,0,SBI,visual,0.308304,probability,45.5,N/A,N/A,ok,
mgvvwihjoe,DFDC,0,SBI,visual,0.003448,probability,372.8,N/A,N/A,ok,
mhlucqwibr,DFDC,0,SBI,visual,0.113075,probability,371.0,N/A,N/A,ok,
mhuweuwrju,DFDC,0,SBI,visual,0.030077,probability,385.9,N/A,N/A,ok,
miniohrghk,DFDC,0,SBI,visual,0.010204,probability,357.1,N/A,N/A,ok,
mipljmaefr,DFDC,0,SBI,visual,0.390393,probability,63.8,N/A,N/A,ok,
miurtzyeem,DFDC,0,SBI,visual,0.106697,probability,354.4,N/A,N/A,ok,
mjojzmxzup,DFDC,0,SBI,visual,0.046271,probability,704.9,N/A,N/A,ok,
mkwnfnosgc,DFDC,0,SBI,visual,0.34031,probability,129.9,N/A,N/A,ok,
mlmqacntpr,DFDC,0,SBI,visual,0.215931,probability,312.7,N/A,N/A,ok,
mmiszjerez,DFDC,0,SBI,visual,0.008194,probability,386.8,N/A,N/A,ok,
mmufrtqxzy,DFDC,0,SBI,visual,0.045089,probability,469.8,N/A,N/A,ok,
mndnnysasi,DFDC,0,SBI,visual,0.004863,probability,404.4,N/A,N/A,ok,
mnvodzrptj,DFDC,0,SBI,visual,0.099396,probability,339.6,N/A,N/A,ok,
mnxzegurum,DFDC,0,SBI,visual,0.16104,probability,93.7,N/A,N/A,ok,
mobuopedlc,DFDC,0,SBI,visual,0.214727,probability,414.8,N/A,N/A,ok,
mocmojykov,DFDC,0,SBI,visual,0.131735,probability,350.8,N/A,N/A,ok,
moeapnxioy,DFDC,0,SBI,visual,0.018593,probability,372.3,N/A,N/A,ok,
moghxkssga,DFDC,0,SBI,visual,0.054753,probability,641.9,N/A,N/A,ok,
molpmzzmsx,DFDC,0,SBI,visual,0.131152,probability,434.0,N/A,N/A,ok,
moluqtyast,DFDC,0,SBI,visual,0.103503,probability,380.3,N/A,N/A,ok,
moslysjtfu,DFDC,0,SBI,visual,0.021716,probability,519.7,N/A,N/A,ok,
moyzohnolc,DFDC,0,SBI,visual,0.153943,probability,144.5,N/A,N/A,ok,
mpjvsowmqk,DFDC,0,SBI,visual,0.136054,probability,330.3,N/A,N/A,ok,
mpwoskwuuk,DFDC,0,SBI,visual,0.328892,probability,118.2,N/A,N/A,ok,
mqohmvektb,DFDC,0,SBI,visual,0.374922,probability,378.5,N/A,N/A,ok,
mqrzzsjhpw,DFDC,0,SBI,visual,0.0205,probability,512.4,N/A,N/A,ok,
mqvbsrdsje,DFDC,0,SBI,visual,0.015321,probability,353.4,N/A,N/A,ok,
mrafmwwqrr,DFDC,0,SBI,visual,0.111557,probability,433.1,N/A,N/A,ok,
mrvtzvlazp,DFDC,0,SBI,visual,0.071006,probability,167.1,N/A,N/A,ok,
msewlygfbm,DFDC,0,SBI,visual,0.235984,probability,418.8,N/A,N/A,ok,
msoorwhvne,DFDC,0,SBI,visual,0.182764,probability,388.5,N/A,N/A,ok,
mspjdnybuu,DFDC,0,SBI,visual,0.069215,probability,387.3,N/A,N/A,ok,
msqcqkigsb,DFDC,0,SBI,visual,0.027856,probability,588.6,N/A,N/A,ok,
msqnraqjsf,DFDC,0,SBI,visual,0.046367,probability,602.3,N/A,N/A,ok,
mstmhwgvvt,DFDC,0,SBI,visual,0.204461,probability,392.6,N/A,N/A,ok,
mszxfrwnpw,DFDC,0,SBI,visual,0.139158,probability,637.9,N/A,N/A,ok,
mtjzkzkrna,DFDC,0,SBI,visual,0.032197,probability,386.5,N/A,N/A,ok,
mulvpilxws,DFDC,0,SBI,visual,0.027671,probability,412.5,N/A,N/A,ok,
muujvrhefw,DFDC,0,SBI,visual,0.067328,probability,592.0,N/A,N/A,ok,
mvfnxpnwgi,DFDC,0,SBI,visual,0.075412,probability,309.7,N/A,N/A,ok,
mvqzjznyko,DFDC,0,SBI,visual,0.021302,probability,119.2,N/A,N/A,ok,
mvwflupvpz,DFDC,0,SBI,visual,0.395433,probability,75.0,N/A,N/A,ok,
mvxpyzpbbp,DFDC,0,SBI,visual,0.238186,probability,81.0,N/A,N/A,ok,
mvzpkdrojp,DFDC,0,SBI,visual,0.07881,probability,412.2,N/A,N/A,ok,
mwfhzevnlw,DFDC,0,SBI,visual,0.08211,probability,118.4,N/A,N/A,ok,
mwpcdhidse,DFDC,0,SBI,visual,0.430652,probability,313.7,N/A,N/A,ok,
mxbbtolkvz,DFDC,0,SBI,visual,0.053797,probability,372.3,N/A,N/A,ok,
mxbtsxfcjs,DFDC,0,SBI,visual,0.045337,probability,28.3,N/A,N/A,ok,
mxdpqgeskk,DFDC,0,SBI,visual,0.375796,probability,346.9,N/A,N/A,ok,
mxeubkzfql,DFDC,0,SBI,visual,0.004049,probability,444.1,N/A,N/A,ok,
mxlfznwkol,DFDC,0,SBI,visual,0.074209,probability,562.8,N/A,N/A,ok,
mxsdvhlevx,DFDC,0,SBI,visual,0.288418,probability,435.2,N/A,N/A,ok,
mybeyozotn,DFDC,0,SBI,visual,0.224004,probability,443.6,N/A,N/A,ok,
mybvyhyeit,DFDC,0,SBI,visual,0.041223,probability,376.9,N/A,N/A,ok,
myergifbyn,DFDC,0,SBI,visual,0.610744,probability,372.3,N/A,N/A,ok,
mygsvbxfoj,DFDC,0,SBI,visual,0.078354,probability,388.9,N/A,N/A,ok,
myhrhkjdva,DFDC,0,SBI,visual,0.161934,probability,447.8,N/A,N/A,ok,
myjbflqjyz,DFDC,0,SBI,visual,0.220579,probability,373.8,N/A,N/A,ok,
mympviafoq,DFDC,0,SBI,visual,0.042779,probability,262.6,N/A,N/A,ok,
mynsmoozbk,DFDC,0,SBI,visual,0.175642,probability,113.4,N/A,N/A,ok,
myojzghrpv,DFDC,0,SBI,visual,0.433664,probability,482.1,N/A,N/A,ok,
mypihublbu,DFDC,0,SBI,visual,0.013012,probability,309.7,N/A,N/A,ok,
myxwjiijop,DFDC,0,SBI,visual,0.023741,probability,371.9,N/A,N/A,ok,
myysfixkov,DFDC,0,SBI,visual,0.003709,probability,353.4,N/A,N/A,ok,
mzaoscpvqc,DFDC,0,SBI,visual,0.007877,probability,348.4,N/A,N/A,ok,
mzcurgpxvm,DFDC,0,SBI,visual,0.307504,probability,145.4,N/A,N/A,ok,
mzvczonzbq,DFDC,0,SBI,visual,0.117446,probability,66.8,N/A,N/A,ok,
naeztcqaek,DFDC,0,SBI,visual,0.640849,probability,54.2,N/A,N/A,ok,
nagcwsahfy,DFDC,0,SBI,visual,0.018819,probability,309.1,N/A,N/A,ok,
nasulzojkb,DFDC,0,SBI,visual,0.331538,probability,375.7,N/A,N/A,ok,
naxfyfvilx,DFDC,0,SBI,visual,0.078385,probability,385.2,N/A,N/A,ok,
nbbntdryto,DFDC,0,SBI,visual,0.023142,probability,358.0,N/A,N/A,ok,
nberiiasbt,DFDC,0,SBI,visual,0.145938,probability,326.7,N/A,N/A,ok,
nbvexwykli,DFDC,0,SBI,visual,0.09948,probability,40.2,N/A,N/A,ok,
ncahfhldmg,DFDC,0,SBI,visual,0.143758,probability,555.5,N/A,N/A,ok,
ncnyddblsq,DFDC,0,SBI,visual,0.024363,probability,464.4,N/A,N/A,ok,
ncppgkpauv,DFDC,0,SBI,visual,0.0633,probability,387.7,N/A,N/A,ok,
ndugxaaoct,DFDC,0,SBI,visual,0.232895,probability,534.0,N/A,N/A,ok,
ndxhreaffi,DFDC,0,SBI,visual,0.022465,probability,341.9,N/A,N/A,ok,
neavnoqsri,DFDC,0,SBI,visual,0.201054,probability,388.1,N/A,N/A,ok,
nekmlsmpau,DFDC,0,SBI,visual,0.044796,probability,469.8,N/A,N/A,ok,
netwmykbyj,DFDC,0,SBI,visual,0.018352,probability,320.0,N/A,N/A,ok,
nflyszlftp,DFDC,0,SBI,visual,0.019523,probability,416.8,N/A,N/A,ok,
nfzfwwmtca,DFDC,0,SBI,visual,0.021575,probability,361.4,N/A,N/A,ok,
ngchqfxcuj,DFDC,0,SBI,visual,0.005924,probability,420.8,N/A,N/A,ok,
nglpfdaxfl,DFDC,0,SBI,visual,0.122726,probability,69.3,N/A,N/A,ok,
ngowbzlbjj,DFDC,0,SBI,visual,0.038101,probability,399.1,N/A,N/A,ok,
ngqguhpcec,DFDC,0,SBI,visual,0.019999,probability,389.0,N/A,N/A,ok,
nhnbkbalsi,DFDC,0,SBI,visual,0.131887,probability,177.3,N/A,N/A,ok,
nhtmamdnzi,DFDC,0,SBI,visual,0.291771,probability,550.6,N/A,N/A,ok,
nhveiroygg,DFDC,0,SBI,visual,0.016456,probability,468.3,N/A,N/A,ok,
nhwkfkbcdd,DFDC,0,SBI,visual,0.140172,probability,384.9,N/A,N/A,ok,
niiarhdcmq,DFDC,0,SBI,visual,0.082984,probability,78.0,N/A,N/A,ok,
nilqhgwdcm,DFDC,0,SBI,visual,0.149703,probability,346.9,N/A,N/A,ok,
nixooheelc,DFDC,0,SBI,visual,0.074978,probability,324.7,N/A,N/A,ok,
njcbwvadpi,DFDC,0,SBI,visual,0.115621,probability,215.0,N/A,N/A,ok,
njrfnqpard,DFDC,0,SBI,visual,0.104775,probability,366.0,N/A,N/A,ok,
njrtpztzzz,DFDC,0,SBI,visual,0.027763,probability,428.2,N/A,N/A,ok,
njsecmthfv,DFDC,0,SBI,visual,0.078488,probability,318.9,N/A,N/A,ok,
njsnfkeflw,DFDC,0,SBI,visual,0.178537,probability,276.7,N/A,N/A,ok,
njvbgajpjx,DFDC,0,SBI,visual,0.685708,probability,422.0,N/A,N/A,ok,
njvohndvxs,DFDC,0,SBI,visual,0.016285,probability,422.4,N/A,N/A,ok,
njxuivibzi,DFDC,0,SBI,visual,0.069993,probability,290.8,N/A,N/A,ok,
nkdbegqkmp,DFDC,0,SBI,visual,0.09428,probability,232.7,N/A,N/A,ok,
nkdhmcrels,DFDC,0,SBI,visual,0.042618,probability,479.1,N/A,N/A,ok,
nkiivjdzyc,DFDC,0,SBI,visual,0.0897,probability,138.8,N/A,N/A,ok,
nkkryiutrz,DFDC,0,SBI,visual,0.057788,probability,710.3,N/A,N/A,ok,
nkoohotrvb,DFDC,0,SBI,visual,0.14372,probability,537.8,N/A,N/A,ok,
nkpzpxmmcj,DFDC,0,SBI,visual,0.036785,probability,433.6,N/A,N/A,ok,
nlaazveqnk,DFDC,0,SBI,visual,0.025475,probability,342.9,N/A,N/A,ok,
nlckbzrxjo,DFDC,0,SBI,visual,0.048642,probability,373.2,N/A,N/A,ok,
nlwzgzlkiu,DFDC,0,SBI,visual,0.015147,probability,466.9,N/A,N/A,ok,
nmffpjvask,DFDC,0,SBI,visual,0.759006,probability,449.4,N/A,N/A,ok,
nmincguwtl,DFDC,0,SBI,visual,0.056943,probability,341.5,N/A,N/A,ok,
nmompabjlt,DFDC,0,SBI,visual,0.220295,probability,372.6,N/A,N/A,ok,
nmqpdeleom,DFDC,0,SBI,visual,0.14272,probability,371.9,N/A,N/A,ok,
nmrffljefv,DFDC,0,SBI,visual,0.441389,probability,370.1,N/A,N/A,ok,
nmsixuqhuy,DFDC,0,SBI,visual,0.050214,probability,357.9,N/A,N/A,ok,
nmzwseqgvi,DFDC,0,SBI,visual,0.090086,probability,441.2,N/A,N/A,ok,
nnfzadlnkm,DFDC,0,SBI,visual,0.158587,probability,301.4,N/A,N/A,ok,
nnmalevndb,DFDC,0,SBI,visual,0.182343,probability,423.2,N/A,N/A,ok,
nnoirfpgdz,DFDC,0,SBI,visual,0.031737,probability,467.3,N/A,N/A,ok,
noczlacbmo,DFDC,0,SBI,visual,0.08234,probability,49.1,N/A,N/A,ok,
nodjshbaii,DFDC,0,SBI,visual,0.096655,probability,447.2,N/A,N/A,ok,
nodoppwmyj,DFDC,0,SBI,visual,0.205567,probability,67.5,N/A,N/A,ok,
noovzcnfyi,DFDC,0,SBI,visual,0.002378,probability,369.8,N/A,N/A,ok,
noummxtblr,DFDC,0,SBI,visual,0.098217,probability,528.9,N/A,N/A,ok,
noyszoyeqa,DFDC,0,SBI,visual,0.165958,probability,386.2,N/A,N/A,ok,
nplwoqkgci,DFDC,0,SBI,visual,0.143292,probability,449.0,N/A,N/A,ok,
npqduipuht,DFDC,0,SBI,visual,0.11211,probability,422.4,N/A,N/A,ok,
npqiziwhvj,DFDC,0,SBI,visual,0.064324,probability,367.3,N/A,N/A,ok,
nprhxxvbij,DFDC,0,SBI,visual,0.010248,probability,253.9,N/A,N/A,ok,
npxgmwinzs,DFDC,0,SBI,visual,0.119575,probability,323.0,N/A,N/A,ok,
nqujmhejoh,DFDC,0,SBI,visual,0.197527,probability,117.0,N/A,N/A,ok,
nqyenofpwe,DFDC,0,SBI,visual,0.134802,probability,437.6,N/A,N/A,ok,
nqziaaokod,DFDC,0,SBI,visual,0.065628,probability,386.4,N/A,N/A,ok,
nqzotbjpib,DFDC,0,SBI,visual,0.094946,probability,35.7,N/A,N/A,ok,
nrbbjdzjcp,DFDC,0,SBI,visual,0.032719,probability,321.3,N/A,N/A,ok,
nrfemjdjhn,DFDC,0,SBI,visual,0.078586,probability,118.5,N/A,N/A,ok,
nrxarfewtz,DFDC,0,SBI,visual,0.282085,probability,451.5,N/A,N/A,ok,
nrxvdwhhzb,DFDC,0,SBI,visual,0.051674,probability,328.8,N/A,N/A,ok,
nsbfpogdgr,DFDC,0,SBI,visual,0.002419,probability,293.4,N/A,N/A,ok,
nspwrdhgta,DFDC,0,SBI,visual,0.029063,probability,336.9,N/A,N/A,ok,
nsvmyoglwu,DFDC,0,SBI,visual,0.033581,probability,343.0,N/A,N/A,ok,
nthmazrfsn,DFDC,0,SBI,visual,0.306259,probability,306.3,N/A,N/A,ok,
ntjsjiiame,DFDC,0,SBI,visual,0.158494,probability,483.5,N/A,N/A,ok,
ntmohysvgi,DFDC,0,SBI,visual,0.132621,probability,248.0,N/A,N/A,ok,
ntpyctuarz,DFDC,0,SBI,visual,0.178439,probability,520.1,N/A,N/A,ok,
ntshzrvogm,DFDC,0,SBI,visual,0.544699,probability,454.1,N/A,N/A,ok,
nuhvoaxqtn,DFDC,0,SBI,visual,0.341291,probability,33.5,N/A,N/A,ok,
nuiarquxml,DFDC,0,SBI,visual,0.262215,probability,369.4,N/A,N/A,ok,
nuqmiazsjp,DFDC,0,SBI,visual,0.209253,probability,513.9,N/A,N/A,ok,
nuuhftdxhn,DFDC,0,SBI,visual,0.202628,probability,437.9,N/A,N/A,ok,
nvdveiikff,DFDC,0,SBI,visual,0.021784,probability,388.8,N/A,N/A,ok,
nvfwvdggvu,DFDC,0,SBI,visual,0.054564,probability,511.7,N/A,N/A,ok,
nvkncapehy,DFDC,0,SBI,visual,0.278082,probability,349.8,N/A,N/A,ok,
nvmrfevejd,DFDC,0,SBI,visual,0.335008,probability,362.0,N/A,N/A,ok,
nvrfnhprrg,DFDC,0,SBI,visual,0.106892,probability,338.7,N/A,N/A,ok,
nvulwphehb,DFDC,0,SBI,visual,0.006555,probability,419.4,N/A,N/A,ok,
nvvnuzrzby,DFDC,0,SBI,visual,0.466944,probability,102.3,N/A,N/A,ok,
nwczjhqdto,DFDC,0,SBI,visual,0.014968,probability,293.3,N/A,N/A,ok,
nxcunucufn,DFDC,0,SBI,visual,0.103081,probability,226.8,N/A,N/A,ok,
nxjjvoeiyo,DFDC,0,SBI,visual,0.287328,probability,320.8,N/A,N/A,ok,
nxjmfzudyp,DFDC,0,SBI,visual,0.382513,probability,92.6,N/A,N/A,ok,
nxjrsumgbi,DFDC,0,SBI,visual,0.012444,probability,353.9,N/A,N/A,ok,
nxxiqfdafw,DFDC,0,SBI,visual,0.182242,probability,263.0,N/A,N/A,ok,
nyurmdzfqf,DFDC,0,SBI,visual,0.024926,probability,375.3,N/A,N/A,ok,
nyvdvuybls,DFDC,0,SBI,visual,0.062595,probability,374.5,N/A,N/A,ok,
nzawjxoqlh,DFDC,0,SBI,visual,0.083748,probability,417.0,N/A,N/A,ok,
nzdrhewpmu,DFDC,0,SBI,visual,0.036992,probability,490.1,N/A,N/A,ok,
nzgpspbblq,DFDC,0,SBI,visual,0.357982,probability,403.3,N/A,N/A,ok,
nzhpdjyjih,DFDC,0,SBI,visual,0.053444,probability,498.0,N/A,N/A,ok,
oaigdpdbiv,DFDC,0,SBI,visual,0.188475,probability,339.5,N/A,N/A,ok,
obabzhfows,DFDC,0,SBI,visual,0.043897,probability,368.7,N/A,N/A,ok,
obhtheirgg,DFDC,0,SBI,visual,0.072472,probability,391.0,N/A,N/A,ok,
obkmvtfhrj,DFDC,0,SBI,visual,0.239811,probability,340.0,N/A,N/A,ok,
obktneaoab,DFDC,0,SBI,visual,0.784436,probability,311.1,N/A,N/A,ok,
occamaxmvh,DFDC,0,SBI,visual,0.073972,probability,383.9,N/A,N/A,ok,
odcltgmzgp,DFDC,0,SBI,visual,0.517441,probability,360.1,N/A,N/A,ok,
odottjtgxo,DFDC,0,SBI,visual,0.030638,probability,369.9,N/A,N/A,ok,
odqeqtmzxm,DFDC,0,SBI,visual,0.352458,probability,191.4,N/A,N/A,ok,
oeuirpiyly,DFDC,0,SBI,visual,0.046065,probability,402.9,N/A,N/A,ok,
oevmtcvjdw,DFDC,0,SBI,visual,0.009594,probability,608.6,N/A,N/A,ok,
oewyxoppns,DFDC,0,SBI,visual,0.167194,probability,174.0,N/A,N/A,ok,
offyhjxspz,DFDC,0,SBI,visual,0.009587,probability,317.3,N/A,N/A,ok,
ogoyznukuf,DFDC,0,SBI,visual,0.060342,probability,324.8,N/A,N/A,ok,
ogsdzvorup,DFDC,0,SBI,visual,0.787368,probability,133.9,N/A,N/A,ok,
ogvrzukyxd,DFDC,0,SBI,visual,0.004408,probability,389.2,N/A,N/A,ok,
ohovbkebin,DFDC,0,SBI,visual,0.07934,probability,340.5,N/A,N/A,ok,
ohrtkrjbdd,DFDC,0,SBI,visual,0.18808,probability,378.5,N/A,N/A,ok,
ohwwapnfnc,DFDC,0,SBI,visual,0.095436,probability,395.5,N/A,N/A,ok,
ohyvfrmopa,DFDC,0,SBI,visual,0.045072,probability,342.0,N/A,N/A,ok,
oinrosnaza,DFDC,0,SBI,visual,0.061621,probability,266.0,N/A,N/A,ok,
oipdxzrogv,DFDC,0,SBI,visual,0.261511,probability,427.8,N/A,N/A,ok,
oismhqzuaq,DFDC,0,SBI,visual,0.096111,probability,593.8,N/A,N/A,ok,
ojelhzdylh,DFDC,0,SBI,visual,0.29964,probability,310.0,N/A,N/A,ok,
ojqvqohtqe,DFDC,0,SBI,visual,0.079939,probability,492.6,N/A,N/A,ok,
ojvsbfrkdu,DFDC,0,SBI,visual,0.0449,probability,528.0,N/A,N/A,ok,
okcxxvtijt,DFDC,0,SBI,visual,0.013678,probability,79.1,N/A,N/A,ok,
okluypelvl,DFDC,0,SBI,visual,0.898211,probability,113.5,N/A,N/A,ok,
okrwkdgtxw,DFDC,0,SBI,visual,0.337865,probability,372.6,N/A,N/A,ok,
okwxgogmzf,DFDC,0,SBI,visual,0.023232,probability,309.5,N/A,N/A,ok,
okzksgicyz,DFDC,0,SBI,visual,0.048356,probability,377.6,N/A,N/A,ok,
olanckxfdx,DFDC,0,SBI,visual,0.180666,probability,79.5,N/A,N/A,ok,
olbckqwqwo,DFDC,0,SBI,visual,0.034331,probability,349.9,N/A,N/A,ok,
olphqscfzz,DFDC,0,SBI,visual,0.125809,probability,419.5,N/A,N/A,ok,
olvgtetgar,DFDC,0,SBI,visual,0.1607,probability,464.1,N/A,N/A,ok,
olxhmoanug,DFDC,0,SBI,visual,0.067453,probability,342.9,N/A,N/A,ok,
omhjgwwltt,DFDC,0,SBI,visual,0.03927,probability,311.0,N/A,N/A,ok,
omntjcgmmq,DFDC,0,SBI,visual,0.158155,probability,327.3,N/A,N/A,ok,
ompjbwukun,DFDC,0,SBI,visual,0.206203,probability,332.8,N/A,N/A,ok,
onifipzpdi,DFDC,0,SBI,visual,0.021553,probability,429.6,N/A,N/A,ok,
onrfpfvcal,DFDC,0,SBI,visual,0.02221,probability,423.5,N/A,N/A,ok,
ontibuekcc,DFDC,0,SBI,visual,0.040513,probability,440.6,N/A,N/A,ok,
oordjuluuz,DFDC,0,SBI,visual,0.037255,probability,466.0,N/A,N/A,ok,
ootphkpwzh,DFDC,0,SBI,visual,0.387744,probability,333.8,N/A,N/A,ok,
oouhiqjnsg,DFDC,0,SBI,visual,0.10232,probability,356.5,N/A,N/A,ok,
optrilxlpz,DFDC,0,SBI,visual,0.055889,probability,371.0,N/A,N/A,ok,
optsfmpkcr,DFDC,0,SBI,visual,0.016917,probability,360.2,N/A,N/A,ok,
opxobmnfht,DFDC,0,SBI,visual,0.003648,probability,312.2,N/A,N/A,ok,
opxsvgfrry,DFDC,0,SBI,visual,0.427243,probability,349.4,N/A,N/A,ok,
opyixqzqts,DFDC,0,SBI,visual,0.069692,probability,349.1,N/A,N/A,ok,
oqfuczooph,DFDC,0,SBI,visual,0.041343,probability,377.9,N/A,N/A,ok,
oquetlotgi,DFDC,0,SBI,visual,0.058091,probability,294.3,N/A,N/A,ok,
oqyvnwlmor,DFDC,0,SBI,visual,0.019507,probability,373.9,N/A,N/A,ok,
orrxtfhlnj,DFDC,0,SBI,visual,0.003312,probability,432.8,N/A,N/A,ok,
orvyahyauu,DFDC,0,SBI,visual,0.034637,probability,314.1,N/A,N/A,ok,
orxexixrcn,DFDC,0,SBI,visual,0.344814,probability,391.7,N/A,N/A,ok,
orywqlfjwg,DFDC,0,SBI,visual,0.056105,probability,348.8,N/A,N/A,ok,
oscuahslhc,DFDC,0,SBI,visual,0.018262,probability,406.0,N/A,N/A,ok,
oshjtyaswr,DFDC,0,SBI,visual,0.356333,probability,483.4,N/A,N/A,ok,
ossrxiwdvm,DFDC,0,SBI,visual,0.07813,probability,213.0,N/A,N/A,ok,
oswxywxbgs,DFDC,0,SBI,visual,0.455958,probability,387.1,N/A,N/A,ok,
otccvflwam,DFDC,0,SBI,visual,0.711013,probability,496.6,N/A,N/A,ok,
otrezwwcdv,DFDC,0,SBI,visual,0.011056,probability,482.7,N/A,N/A,ok,
otrkhrlctv,DFDC,0,SBI,visual,0.359798,probability,386.1,N/A,N/A,ok,
otwfvkypxl,DFDC,0,SBI,visual,0.048662,probability,244.2,N/A,N/A,ok,
oukgxmojxj,DFDC,0,SBI,visual,0.026886,probability,357.9,N/A,N/A,ok,
ouogthyjwc,DFDC,0,SBI,visual,0.130285,probability,388.3,N/A,N/A,ok,
ourcwanmta,DFDC,0,SBI,visual,0.124214,probability,370.0,N/A,N/A,ok,
ouxyrerknr,DFDC,0,SBI,visual,0.069676,probability,305.0,N/A,N/A,ok,
ovbvtbmuxo,DFDC,0,SBI,visual,0.273182,probability,25.1,N/A,N/A,ok,
ovyeinuhsi,DFDC,0,SBI,visual,0.019704,probability,462.1,N/A,N/A,ok,
ovyikmbbdr,DFDC,0,SBI,visual,0.032472,probability,73.6,N/A,N/A,ok,
owdpcjnuyo,DFDC,0,SBI,visual,0.10103,probability,442.0,N/A,N/A,ok,
owmlogywvw,DFDC,0,SBI,visual,0.169529,probability,515.0,N/A,N/A,ok,
owrdrmcgjb,DFDC,0,SBI,visual,0.104468,probability,259.9,N/A,N/A,ok,
owxuusojfe,DFDC,0,SBI,visual,0.091778,probability,358.5,N/A,N/A,ok,
oxjdixvhmf,DFDC,0,SBI,visual,0.078105,probability,476.8,N/A,N/A,ok,
oxrliknczl,DFDC,0,SBI,visual,0.030367,probability,342.7,N/A,N/A,ok,
oxypzsjgyb,DFDC,0,SBI,visual,0.018899,probability,508.1,N/A,N/A,ok,
oydzpxutbn,DFDC,0,SBI,visual,0.056267,probability,331.8,N/A,N/A,ok,
oyfnakfnwu,DFDC,0,SBI,visual,0.125197,probability,338.0,N/A,N/A,ok,
oyhnozsjaq,DFDC,0,SBI,visual,0.029058,probability,355.4,N/A,N/A,ok,
oyjefxwhnf,DFDC,0,SBI,visual,0.331924,probability,421.0,N/A,N/A,ok,
oyljxzzdxv,DFDC,0,SBI,visual,0.057721,probability,357.3,N/A,N/A,ok,
oysfpmehun,DFDC,0,SBI,visual,0.12855,probability,199.3,N/A,N/A,ok,
oyupjkgwij,DFDC,0,SBI,visual,0.609563,probability,327.6,N/A,N/A,ok,
oyysywvoce,DFDC,0,SBI,visual,0.027771,probability,404.9,N/A,N/A,ok,
oyzzxynkqx,DFDC,0,SBI,visual,0.124145,probability,383.0,N/A,N/A,ok,
ozhxohbwvt,DFDC,0,SBI,visual,0.088713,probability,307.4,N/A,N/A,ok,
ozkrydzbph,DFDC,0,SBI,visual,0.011347,probability,308.4,N/A,N/A,ok,
ozonquycmi,DFDC,0,SBI,visual,0.097256,probability,447.5,N/A,N/A,ok,
pagrklzhbc,DFDC,0,SBI,visual,0.251832,probability,124.8,N/A,N/A,ok,
pawccnangx,DFDC,0,SBI,visual,0.148182,probability,355.7,N/A,N/A,ok,
pawdnllqrc,DFDC,0,SBI,visual,0.201202,probability,388.0,N/A,N/A,ok,
pazugaaxps,DFDC,0,SBI,visual,0.024001,probability,553.6,N/A,N/A,ok,
pbdtngzuov,DFDC,0,SBI,visual,0.033196,probability,520.5,N/A,N/A,ok,
pblgqxtjhb,DFDC,0,SBI,visual,0.194192,probability,266.9,N/A,N/A,ok,
pbodamgpqr,DFDC,0,SBI,visual,0.01177,probability,432.9,N/A,N/A,ok,
pbwwpgsuda,DFDC,0,SBI,visual,0.107776,probability,434.2,N/A,N/A,ok,
pcffzwvaiv,DFDC,0,SBI,visual,0.035546,probability,306.1,N/A,N/A,ok,
pcmjnkygkb,DFDC,0,SBI,visual,0.029834,probability,339.4,N/A,N/A,ok,
pcxkhjgtzb,DFDC,0,SBI,visual,0.130101,probability,263.0,N/A,N/A,ok,
pczvpkuofn,DFDC,0,SBI,visual,0.055417,probability,263.0,N/A,N/A,ok,
pdbnpzqtnq,DFDC,0,SBI,visual,0.337299,probability,309.7,N/A,N/A,ok,
pdfdokiuhy,DFDC,0,SBI,visual,0.243634,probability,277.2,N/A,N/A,ok,
pdmoqfnatx,DFDC,0,SBI,visual,0.019457,probability,323.4,N/A,N/A,ok,
pdocmzgddq,DFDC,0,SBI,visual,0.07433,probability,342.1,N/A,N/A,ok,
pdwppewroy,DFDC,0,SBI,visual,0.106895,probability,412.6,N/A,N/A,ok,
pdxtlipvls,DFDC,0,SBI,visual,0.089645,probability,380.9,N/A,N/A,ok,
pebciohjlo,DFDC,0,SBI,visual,0.133247,probability,434.7,N/A,N/A,ok,
pecltgjakj,DFDC,0,SBI,visual,0.091737,probability,357.6,N/A,N/A,ok,
pecolokcwy,DFDC,0,SBI,visual,0.409805,probability,324.6,N/A,N/A,ok,
pervxkufhd,DFDC,0,SBI,visual,0.078304,probability,55.2,N/A,N/A,ok,
pevcyfyodt,DFDC,0,SBI,visual,0.109423,probability,112.9,N/A,N/A,ok,
pewtpviatk,DFDC,0,SBI,visual,0.063214,probability,143.0,N/A,N/A,ok,
pezkpnxfil,DFDC,0,SBI,visual,0.043161,probability,423.5,N/A,N/A,ok,
pfafyxaccb,DFDC,0,SBI,visual,0.028137,probability,324.8,N/A,N/A,ok,
pgbtmrrmrq,DFDC,0,SBI,visual,0.934753,probability,38.6,N/A,N/A,ok,
pgifswhnzc,DFDC,0,SBI,visual,0.369676,probability,491.7,N/A,N/A,ok,
phajeurtfx,DFDC,0,SBI,visual,0.273876,probability,372.4,N/A,N/A,ok,
phedrpjagq,DFDC,0,SBI,visual,0.014881,probability,576.8,N/A,N/A,ok,
phgjjjihuh,DFDC,0,SBI,visual,0.421441,probability,416.6,N/A,N/A,ok,
phgyoihyxz,DFDC,0,SBI,visual,0.051171,probability,402.4,N/A,N/A,ok,
phocdzixmd,DFDC,0,SBI,visual,0.028864,probability,133.6,N/A,N/A,ok,
phpfumzbrc,DFDC,0,SBI,visual,0.167733,probability,372.6,N/A,N/A,ok,
pikmrgxxvq,DFDC,0,SBI,visual,0.079837,probability,44.6,N/A,N/A,ok,
pioamgmvll,DFDC,0,SBI,visual,0.243904,probability,123.4,N/A,N/A,ok,
piufpjlvvd,DFDC,0,SBI,visual,0.093484,probability,277.2,N/A,N/A,ok,
pjdfdxebnm,DFDC,0,SBI,visual,0.068024,probability,424.3,N/A,N/A,ok,
pjkkzfcmrq,DFDC,0,SBI,visual,0.457064,probability,225.6,N/A,N/A,ok,
pjppdxvyue,DFDC,0,SBI,visual,0.405313,probability,356.5,N/A,N/A,ok,
pktcppyfjl,DFDC,0,SBI,visual,0.02444,probability,369.4,N/A,N/A,ok,
plgmqyqmsx,DFDC,0,SBI,visual,0.2171,probability,501.9,N/A,N/A,ok,
plnxjuigcq,DFDC,0,SBI,visual,0.409309,probability,376.4,N/A,N/A,ok,
pmeraptwty,DFDC,0,SBI,visual,0.010662,probability,540.6,N/A,N/A,ok,
pnhdkiusdt,DFDC,0,SBI,visual,0.067619,probability,443.3,N/A,N/A,ok,
pnwrwvrkje,DFDC,0,SBI,visual,0.073765,probability,451.4,N/A,N/A,ok,
pocsveedzx,DFDC,0,SBI,visual,0.264332,probability,296.9,N/A,N/A,ok,
ppefsfuoix,DFDC,0,SBI,visual,0.351718,probability,86.5,N/A,N/A,ok,
ppghreqqwn,DFDC,0,SBI,visual,0.226547,probability,408.2,N/A,N/A,ok,
pphszdeobz,DFDC,0,SBI,visual,0.01023,probability,451.2,N/A,N/A,ok,
ppiukoelot,DFDC,0,SBI,visual,0.047407,probability,79.3,N/A,N/A,ok,
ppmesekdni,DFDC,0,SBI,visual,0.15407,probability,277.9,N/A,N/A,ok,
ppomuabrtw,DFDC,0,SBI,visual,0.080712,probability,336.3,N/A,N/A,ok,
pppcnusqca,DFDC,0,SBI,visual,0.569794,probability,357.3,N/A,N/A,ok,
ppzbhozhns,DFDC,0,SBI,visual,0.193516,probability,341.8,N/A,N/A,ok,
pqijlkbbdz,DFDC,0,SBI,visual,0.100171,probability,340.9,N/A,N/A,ok,
pqwqnemgdn,DFDC,0,SBI,visual,0.179631,probability,383.0,N/A,N/A,ok,
prbpbqxakq,DFDC,0,SBI,visual,0.007815,probability,477.2,N/A,N/A,ok,
prckjpfoei,DFDC,0,SBI,visual,0.029754,probability,359.7,N/A,N/A,ok,
prkrnqddho,DFDC,0,SBI,visual,0.056048,probability,213.6,N/A,N/A,ok,
prnjcclyav,DFDC,0,SBI,visual,0.085459,probability,150.0,N/A,N/A,ok,
prumiazuld,DFDC,0,SBI,visual,0.061753,probability,547.4,N/A,N/A,ok,
psehnbwqga,DFDC,0,SBI,visual,0.046705,probability,165.4,N/A,N/A,ok,
psriwqpvqr,DFDC,0,SBI,visual,0.004094,probability,494.3,N/A,N/A,ok,
pssiamorrt,DFDC,0,SBI,visual,0.159201,probability,356.2,N/A,N/A,ok,
ptabzuwoyi,DFDC,0,SBI,visual,0.139006,probability,505.3,N/A,N/A,ok,
ptkabbjxmp,DFDC,0,SBI,visual,0.536443,probability,355.8,N/A,N/A,ok,
ptkqytmyed,DFDC,0,SBI,visual,0.003233,probability,396.3,N/A,N/A,ok,
pudhtxabzc,DFDC,0,SBI,visual,0.231062,probability,457.6,N/A,N/A,ok,
puhcxsfnde,DFDC,0,SBI,visual,0.010566,probability,60.6,N/A,N/A,ok,
pvemyqzfoc,DFDC,0,SBI,visual,0.027919,probability,408.2,N/A,N/A,ok,
pvfsulnjzl,DFDC,0,SBI,visual,0.027884,probability,430.7,N/A,N/A,ok,
pvposezlwp,DFDC,0,SBI,visual,0.05213,probability,483.5,N/A,N/A,ok,
pvvchlvjyv,DFDC,0,SBI,visual,0.041804,probability,412.3,N/A,N/A,ok,
pvvpfeaffq,DFDC,0,SBI,visual,0.516354,probability,310.0,N/A,N/A,ok,
pwarsiaclb,DFDC,0,SBI,visual,0.222119,probability,343.6,N/A,N/A,ok,
pwdizquopv,DFDC,0,SBI,visual,0.073137,probability,480.2,N/A,N/A,ok,
pwfhdwzxqm,DFDC,0,SBI,visual,0.096024,probability,43.7,N/A,N/A,ok,
pwqvzlpkjz,DFDC,0,SBI,visual,0.035197,probability,360.2,N/A,N/A,ok,
pwwfauebpn,DFDC,0,SBI,visual,0.562164,probability,24.3,N/A,N/A,ok,
pxdaejoiqo,DFDC,0,SBI,visual,0.43974,probability,337.5,N/A,N/A,ok,
pxkuhorjsw,DFDC,0,SBI,visual,0.062551,probability,149.8,N/A,N/A,ok,
pxstcvvfee,DFDC,0,SBI,visual,0.094704,probability,638.8,N/A,N/A,ok,
pxtpprbyct,DFDC,0,SBI,visual,0.004405,probability,537.5,N/A,N/A,ok,
pyfgldtcyd,DFDC,0,SBI,visual,0.020175,probability,460.8,N/A,N/A,ok,
pylrawwzfv,DFDC,0,SBI,visual,0.442005,probability,115.9,N/A,N/A,ok,
pyqyezfqft,DFDC,0,SBI,visual,0.138406,probability,216.1,N/A,N/A,ok,
pysdejokch,DFDC,0,SBI,visual,0.463651,probability,253.5,N/A,N/A,ok,
pyutuidycy,DFDC,0,SBI,visual,0.090788,probability,415.7,N/A,N/A,ok,
pyzoiamjrz,DFDC,0,SBI,visual,0.1674,probability,373.4,N/A,N/A,ok,
pzlbdesxqp,DFDC,0,SBI,visual,0.82842,probability,389.0,N/A,N/A,ok,
pzmlzeacau,DFDC,0,SBI,visual,0.059677,probability,374.0,N/A,N/A,ok,
pznhsbchfx,DFDC,0,SBI,visual,0.009539,probability,373.8,N/A,N/A,ok,
pzvjezznwg,DFDC,0,SBI,visual,0.475043,probability,270.6,N/A,N/A,ok,
qazwolwoky,DFDC,0,SBI,visual,0.018341,probability,419.4,N/A,N/A,ok,
qbciwhziru,DFDC,0,SBI,visual,0.03546,probability,383.9,N/A,N/A,ok,
qbcweclzad,DFDC,0,SBI,visual,0.009665,probability,345.5,N/A,N/A,ok,
qbiswdgrvi,DFDC,0,SBI,visual,0.707865,probability,341.1,N/A,N/A,ok,
qbjpppbvfa,DFDC,0,SBI,visual,0.005064,probability,339.8,N/A,N/A,ok,
qcduvyaywm,DFDC,0,SBI,visual,0.509179,probability,198.1,N/A,N/A,ok,
qcdvtqqkor,DFDC,0,SBI,visual,0.051157,probability,325.4,N/A,N/A,ok,
qchiakypna,DFDC,0,SBI,visual,0.161722,probability,561.9,N/A,N/A,ok,
qckgqvfgjf,DFDC,0,SBI,visual,0.007131,probability,481.1,N/A,N/A,ok,
qcnrgwwine,DFDC,0,SBI,visual,0.165121,probability,469.3,N/A,N/A,ok,
qdddmnemuy,DFDC,0,SBI,visual,0.056684,probability,589.4,N/A,N/A,ok,
qddokaqunw,DFDC,0,SBI,visual,0.080467,probability,458.4,N/A,N/A,ok,
qdfwyzaiql,DFDC,0,SBI,visual,0.063154,probability,412.0,N/A,N/A,ok,
qedjiijvew,DFDC,0,SBI,visual,0.031054,probability,187.4,N/A,N/A,ok,
qefccqgheq,DFDC,0,SBI,visual,0.061447,probability,402.7,N/A,N/A,ok,
qefcgxvjac,DFDC,0,SBI,visual,0.099395,probability,341.1,N/A,N/A,ok,
qegdofddxi,DFDC,0,SBI,visual,0.032108,probability,166.3,N/A,N/A,ok,
qektbbetim,DFDC,0,SBI,visual,0.071751,probability,453.0,N/A,N/A,ok,
qetwbqppks,DFDC,0,SBI,visual,0.217889,probability,262.1,N/A,N/A,ok,
qfbsseoabe,DFDC,0,SBI,visual,0.429903,probability,379.4,N/A,N/A,ok,
qfpkakenmj,DFDC,0,SBI,visual,0.005965,probability,430.3,N/A,N/A,ok,
qfqcljzcug,DFDC,0,SBI,visual,0.034574,probability,451.3,N/A,N/A,ok,
qggvbhdtvo,DFDC,0,SBI,visual,0.056357,probability,467.3,N/A,N/A,ok,
qglytptyxg,DFDC,0,SBI,visual,0.05336,probability,387.2,N/A,N/A,ok,
qgpiezvoun,DFDC,0,SBI,visual,0.569225,probability,592.6,N/A,N/A,ok,
qhokybbjlm,DFDC,0,SBI,visual,0.115661,probability,436.0,N/A,N/A,ok,
qinzaqqima,DFDC,0,SBI,visual,0.264748,probability,531.8,N/A,N/A,ok,
qjahyzwxti,DFDC,0,SBI,visual,0.011037,probability,522.4,N/A,N/A,ok,
qjcjsvhmmd,DFDC,0,SBI,visual,0.032233,probability,380.6,N/A,N/A,ok,
qjgaftomzz,DFDC,0,SBI,visual,0.139562,probability,389.1,N/A,N/A,ok,
qjhjehvxji,DFDC,0,SBI,visual,0.023714,probability,498.9,N/A,N/A,ok,
qjifkwqvhh,DFDC,0,SBI,visual,0.105244,probability,67.5,N/A,N/A,ok,
qjmwiyxqen,DFDC,0,SBI,visual,0.11397,probability,288.3,N/A,N/A,ok,
qkcyodhbsk,DFDC,0,SBI,visual,0.110023,probability,294.5,N/A,N/A,ok,
qkepegpqyt,DFDC,0,SBI,visual,0.178012,probability,377.6,N/A,N/A,ok,
qkgtiggush,DFDC,0,SBI,visual,0.191842,probability,359.8,N/A,N/A,ok,
qkvsoivmrg,DFDC,0,SBI,visual,0.0295,probability,334.5,N/A,N/A,ok,
qlabwvzlqb,DFDC,0,SBI,visual,0.003966,probability,305.8,N/A,N/A,ok,
qldbpqffxt,DFDC,0,SBI,visual,0.289798,probability,326.5,N/A,N/A,ok,
qmahgnxctr,DFDC,0,SBI,visual,0.03991,probability,512.2,N/A,N/A,ok,
qmfdtdjncs,DFDC,0,SBI,visual,0.033321,probability,593.8,N/A,N/A,ok,
qmhqdullpr,DFDC,0,SBI,visual,0.230243,probability,396.1,N/A,N/A,ok,
qnjflevrfk,DFDC,0,SBI,visual,0.011695,probability,408.3,N/A,N/A,ok,
qnntbynjet,DFDC,0,SBI,visual,0.010242,probability,263.9,N/A,N/A,ok,
qnstqwwcnj,DFDC,0,SBI,visual,0.206016,probability,415.2,N/A,N/A,ok,
qnwjgobvwr,DFDC,0,SBI,visual,0.243653,probability,395.3,N/A,N/A,ok,
qnzqghxyzg,DFDC,0,SBI,visual,0.013166,probability,316.8,N/A,N/A,ok,
qofiutfivq,DFDC,0,SBI,visual,0.070159,probability,381.6,N/A,N/A,ok,
qojmsgqeaf,DFDC,0,SBI,visual,0.03043,probability,499.0,N/A,N/A,ok,
qolwuajeqr,DFDC,0,SBI,visual,0.669998,probability,322.1,N/A,N/A,ok,
qosxsdhght,DFDC,0,SBI,visual,0.005386,probability,387.1,N/A,N/A,ok,
qovxupqymz,DFDC,0,SBI,visual,0.229386,probability,327.1,N/A,N/A,ok,
qpuygxkwzq,DFDC,0,SBI,visual,0.247927,probability,443.4,N/A,N/A,ok,
qpwaebzzqu,DFDC,0,SBI,visual,0.172883,probability,384.1,N/A,N/A,ok,
qqabgaohgq,DFDC,0,SBI,visual,0.477192,probability,349.0,N/A,N/A,ok,
qqpkqtplkm,DFDC,0,SBI,visual,0.139544,probability,539.7,N/A,N/A,ok,
qqvilquawt,DFDC,0,SBI,visual,0.035703,probability,388.3,N/A,N/A,ok,
qqydeaairu,DFDC,0,SBI,visual,0.060134,probability,369.8,N/A,N/A,ok,
qrbnjyaxpw,DFDC,0,SBI,visual,0.018194,probability,409.3,N/A,N/A,ok,
qrcyqlaipk,DFDC,0,SBI,visual,0.089226,probability,136.3,N/A,N/A,ok,
qrewwbusgp,DFDC,0,SBI,visual,0.267824,probability,375.2,N/A,N/A,ok,
qriqugzfii,DFDC,0,SBI,visual,0.023195,probability,430.4,N/A,N/A,ok,
qrldfempqj,DFDC,0,SBI,visual,0.118522,probability,24.3,N/A,N/A,ok,
qrnhlghnfx,DFDC,0,SBI,visual,0.008169,probability,380.1,N/A,N/A,ok,
qrvseigfsu,DFDC,0,SBI,visual,0.0077,probability,389.5,N/A,N/A,ok,
qsbgfpahgu,DFDC,0,SBI,visual,0.179983,probability,326.4,N/A,N/A,ok,
qscnfzdpen,DFDC,0,SBI,visual,0.026031,probability,32.3,N/A,N/A,ok,
qsdvtratzo,DFDC,0,SBI,visual,0.111392,probability,325.0,N/A,N/A,ok,
qsngxhepjb,DFDC,0,SBI,visual,0.261681,probability,97.3,N/A,N/A,ok,
qszjssivpq,DFDC,0,SBI,visual,0.00463,probability,302.9,N/A,N/A,ok,
qtjrhzztly,DFDC,0,SBI,visual,0.467536,probability,387.3,N/A,N/A,ok,
quqqinmfvc,DFDC,0,SBI,visual,0.100322,probability,248.4,N/A,N/A,ok,
qusnmzddmu,DFDC,0,SBI,visual,0.024857,probability,355.9,N/A,N/A,ok,
quspimzcsq,DFDC,0,SBI,visual,0.093701,probability,101.7,N/A,N/A,ok,
quwfqkmqzf,DFDC,0,SBI,visual,0.078902,probability,171.9,N/A,N/A,ok,
qvhwgqnlow,DFDC,0,SBI,visual,0.117234,probability,379.9,N/A,N/A,ok,
qvknufadlz,DFDC,0,SBI,visual,0.052277,probability,473.2,N/A,N/A,ok,
qvnzuuqtql,DFDC,0,SBI,visual,0.036889,probability,480.7,N/A,N/A,ok,
qvpjagljpr,DFDC,0,SBI,visual,0.269235,probability,69.1,N/A,N/A,ok,
qvvpispivk,DFDC,0,SBI,visual,0.056799,probability,600.4,N/A,N/A,ok,
qvwbqanceq,DFDC,0,SBI,visual,0.025647,probability,406.2,N/A,N/A,ok,
qvzvyhocrv,DFDC,0,SBI,visual,0.055037,probability,408.0,N/A,N/A,ok,
qwbldjvwzm,DFDC,0,SBI,visual,0.004698,probability,413.6,N/A,N/A,ok,
qwwozuqszp,DFDC,0,SBI,visual,0.187272,probability,354.0,N/A,N/A,ok,
qxgcbhtoae,DFDC,0,SBI,visual,0.0118,probability,375.1,N/A,N/A,ok,
qxqaseinry,DFDC,0,SBI,visual,0.031725,probability,386.6,N/A,N/A,ok,
qxqomyttgy,DFDC,0,SBI,visual,0.024928,probability,354.0,N/A,N/A,ok,
qxwqjjpzlr,DFDC,0,SBI,visual,0.488813,probability,66.8,N/A,N/A,ok,
qyaqebhpzz,DFDC,0,SBI,visual,0.022839,probability,261.4,N/A,N/A,ok,
qybbhmczfh,DFDC,0,SBI,visual,0.243303,probability,329.7,N/A,N/A,ok,
qydjfchgnc,DFDC,0,SBI,visual,0.565501,probability,75.6,N/A,N/A,ok,
qydyxqbskc,DFDC,0,SBI,visual,0.104453,probability,370.1,N/A,N/A,ok,
qyedijfrsf,DFDC,0,SBI,visual,0.244374,probability,359.3,N/A,N/A,ok,
qynmwvohtx,DFDC,0,SBI,visual,0.439872,probability,371.1,N/A,N/A,ok,
qzhfnhxooj,DFDC,0,SBI,visual,0.007948,probability,433.4,N/A,N/A,ok,
qzonzmhnnb,DFDC,0,SBI,visual,0.033822,probability,350.8,N/A,N/A,ok,
qzzeptktrk,DFDC,0,SBI,visual,0.016557,probability,335.0,N/A,N/A,ok,
racmniymox,DFDC,0,SBI,visual,0.023661,probability,294.1,N/A,N/A,ok,
rafzcxkbsh,DFDC,0,SBI,visual,0.431455,probability,87.4,N/A,N/A,ok,
rartstvdax,DFDC,0,SBI,visual,0.257233,probability,331.4,N/A,N/A,ok,
ravmefvups,DFDC,0,SBI,visual,0.230606,probability,34.2,N/A,N/A,ok,
razybavkaa,DFDC,0,SBI,visual,0.095059,probability,101.3,N/A,N/A,ok,
rbapheddqk,DFDC,0,SBI,visual,0.021964,probability,455.5,N/A,N/A,ok,
rbapryahlp,DFDC,0,SBI,visual,0.039331,probability,449.8,N/A,N/A,ok,
rbcjzfitwj,DFDC,0,SBI,visual,0.672456,probability,385.7,N/A,N/A,ok,
rbygwvdsgt,DFDC,0,SBI,visual,0.087898,probability,673.0,N/A,N/A,ok,
rcfnceylnq,DFDC,0,SBI,visual,0.307808,probability,562.7,N/A,N/A,ok,
rcgjessura,DFDC,0,SBI,visual,0.106575,probability,623.3,N/A,N/A,ok,
rchilhtbba,DFDC,0,SBI,visual,0.090234,probability,692.8,N/A,N/A,ok,
rcngzczbxx,DFDC,0,SBI,visual,0.203823,probability,626.2,N/A,N/A,ok,
rcsfvyyxxh,DFDC,0,SBI,visual,0.159178,probability,692.8,N/A,N/A,ok,
rcxzzkfeuz,DFDC,0,SBI,visual,0.01471,probability,451.0,N/A,N/A,ok,
rcytjvscux,DFDC,0,SBI,visual,0.030562,probability,591.4,N/A,N/A,ok,
rdshtzcogt,DFDC,0,SBI,visual,0.057716,probability,747.4,N/A,N/A,ok,
rdtvjftlku,DFDC,0,SBI,visual,0.016015,probability,508.1,N/A,N/A,ok,
rduuyhaspk,DFDC,0,SBI,visual,0.010163,probability,436.0,N/A,N/A,ok,
rdxsjehcuk,DFDC,0,SBI,visual,0.156572,probability,672.2,N/A,N/A,ok,
rdyupgkayo,DFDC,0,SBI,visual,0.073131,probability,101.8,N/A,N/A,ok,
recwmcxowb,DFDC,0,SBI,visual,0.034796,probability,740.7,N/A,N/A,ok,
rekrgodmel,DFDC,0,SBI,visual,0.131628,probability,805.0,N/A,N/A,ok,
rertkxgqmm,DFDC,0,SBI,visual,0.069713,probability,716.3,N/A,N/A,ok,
revhasbogz,DFDC,0,SBI,visual,0.098205,probability,309.7,N/A,N/A,ok,
rfdvzwgvzq,DFDC,0,SBI,visual,0.018371,probability,613.0,N/A,N/A,ok,
rfkokmqztd,DFDC,0,SBI,visual,0.073768,probability,73.4,N/A,N/A,ok,
rfrtnyziai,DFDC,0,SBI,visual,0.095332,probability,617.7,N/A,N/A,ok,
rfslxzrkgm,DFDC,0,SBI,visual,0.246642,probability,544.2,N/A,N/A,ok,
rfvncjwzry,DFDC,0,SBI,visual,0.746281,probability,672.8,N/A,N/A,ok,
rfwtnztcsj,DFDC,0,SBI,visual,0.155342,probability,611.4,N/A,N/A,ok,
rfybgxlvyq,DFDC,0,SBI,visual,0.057283,probability,703.3,N/A,N/A,ok,
rgfdaaklvo,DFDC,0,SBI,visual,0.019367,probability,593.5,N/A,N/A,ok,
rgntzbrhqq,DFDC,0,SBI,visual,0.003539,probability,483.1,N/A,N/A,ok,
rgtxnyfhcb,DFDC,0,SBI,visual,0.214789,probability,566.4,N/A,N/A,ok,
rhbdnlprok,DFDC,0,SBI,visual,0.093797,probability,497.1,N/A,N/A,ok,
rhnazqqxtz,DFDC,0,SBI,visual,0.007173,probability,478.6,N/A,N/A,ok,
rhttisoxux,DFDC,0,SBI,visual,0.012736,probability,678.8,N/A,N/A,ok,
rigdoozvxu,DFDC,0,SBI,visual,0.12937,probability,141.3,N/A,N/A,ok,
rihnmxoltt,DFDC,0,SBI,visual,0.068112,probability,422.9,N/A,N/A,ok,
rikdnhemjn,DFDC,0,SBI,visual,0.059764,probability,268.4,N/A,N/A,ok,
rirbmxcpmf,DFDC,0,SBI,visual,0.232881,probability,910.6,N/A,N/A,ok,
riurivzobl,DFDC,0,SBI,visual,0.038976,probability,230.5,N/A,N/A,ok,
rjbgxtqiyp,DFDC,0,SBI,visual,0.383531,probability,136.6,N/A,N/A,ok,
rjialcricr,DFDC,0,SBI,visual,0.008061,probability,428.3,N/A,N/A,ok,
rjtncslwxy,DFDC,0,SBI,visual,0.02831,probability,672.2,N/A,N/A,ok,
rjxpmvizxj,DFDC,0,SBI,visual,0.365416,probability,380.5,N/A,N/A,ok,
rkeeuhcwjj,DFDC,0,SBI,visual,0.18293,probability,605.4,N/A,N/A,ok,
rktrxeffup,DFDC,0,SBI,visual,0.046322,probability,563.8,N/A,N/A,ok,
rlbyxfuliz,DFDC,0,SBI,visual,0.1002,probability,533.3,N/A,N/A,ok,
rlpmuyukcm,DFDC,0,SBI,visual,0.355107,probability,468.1,N/A,N/A,ok,
rmbousomcf,DFDC,0,SBI,visual,0.135133,probability,415.2,N/A,N/A,ok,
rmupktrstq,DFDC,0,SBI,visual,0.214129,probability,372.0,N/A,N/A,ok,
rmvjxvhqny,DFDC,0,SBI,visual,0.088243,probability,379.1,N/A,N/A,ok,
rmykjyeruw,DFDC,0,SBI,visual,0.143072,probability,348.5,N/A,N/A,ok,
rnadcttkuw,DFDC,0,SBI,visual,0.048226,probability,323.8,N/A,N/A,ok,
rnfehfdiip,DFDC,0,SBI,visual,0.220632,probability,346.6,N/A,N/A,ok,
rninilordu,DFDC,0,SBI,visual,0.095668,probability,385.4,N/A,N/A,ok,
rnzuhfhrgl,DFDC,0,SBI,visual,0.044962,probability,479.5,N/A,N/A,ok,
rodpvqvdxm,DFDC,0,SBI,visual,0.288222,probability,73.5,N/A,N/A,ok,
roepzpyifq,DFDC,0,SBI,visual,0.013898,probability,503.1,N/A,N/A,ok,
rotpkixmal,DFDC,0,SBI,visual,0.020781,probability,469.3,N/A,N/A,ok,
rpaxrotcwv,DFDC,0,SBI,visual,0.028029,probability,420.5,N/A,N/A,ok,
rpgsoeobwm,DFDC,0,SBI,visual,0.137978,probability,363.1,N/A,N/A,ok,
rpiubwosay,DFDC,0,SBI,visual,0.010449,probability,350.0,N/A,N/A,ok,
rpqkwlaasy,DFDC,0,SBI,visual,0.298164,probability,87.7,N/A,N/A,ok,
rptdfuwjyr,DFDC,0,SBI,visual,0.21839,probability,301.1,N/A,N/A,ok,
rqkkzxtpoz,DFDC,0,SBI,visual,0.061838,probability,150.9,N/A,N/A,ok,
rqmqyvspmv,DFDC,0,SBI,visual,0.033314,probability,387.0,N/A,N/A,ok,
rqybkxjkml,DFDC,0,SBI,visual,0.213497,probability,402.9,N/A,N/A,ok,
rrhiafhkay,DFDC,0,SBI,visual,0.031656,probability,342.1,N/A,N/A,ok,
rriguaunis,DFDC,0,SBI,visual,0.339073,probability,365.0,N/A,N/A,ok,
rrwonmbqky,DFDC,0,SBI,visual,0.118756,probability,432.0,N/A,N/A,ok,
rsjlrvrpmy,DFDC,0,SBI,visual,0.016427,probability,322.7,N/A,N/A,ok,
rtkjrbnkmq,DFDC,0,SBI,visual,0.091912,probability,598.5,N/A,N/A,ok,
rtopeqayya,DFDC,0,SBI,visual,0.082775,probability,178.1,N/A,N/A,ok,
rtuimagama,DFDC,0,SBI,visual,0.113828,probability,306.5,N/A,N/A,ok,
rtujluvbgq,DFDC,0,SBI,visual,0.030697,probability,373.2,N/A,N/A,ok,
rtwczqxlfl,DFDC,0,SBI,visual,0.051739,probability,437.7,N/A,N/A,ok,
rudxsckpuk,DFDC,0,SBI,visual,0.05188,probability,420.1,N/A,N/A,ok,
rufztxstlx,DFDC,0,SBI,visual,0.198717,probability,436.4,N/A,N/A,ok,
rvlxhxlyuq,DFDC,0,SBI,visual,0.032227,probability,308.3,N/A,N/A,ok,
rvojpwfoxr,DFDC,0,SBI,visual,0.058832,probability,323.2,N/A,N/A,ok,
rvuwzavjoq,DFDC,0,SBI,visual,0.012712,probability,180.7,N/A,N/A,ok,
rwgubksutw,DFDC,0,SBI,visual,0.034466,probability,424.6,N/A,N/A,ok,
rwgwipmrab,DFDC,0,SBI,visual,0.081058,probability,339.0,N/A,N/A,ok,
rwvpscrsmn,DFDC,0,SBI,visual,0.023433,probability,337.8,N/A,N/A,ok,
rxytpyahdq,DFDC,0,SBI,visual,0.007575,probability,437.2,N/A,N/A,ok,
rybcfqewdb,DFDC,0,SBI,visual,0.052218,probability,579.1,N/A,N/A,ok,
rynochthwc,DFDC,0,SBI,visual,0.097266,probability,410.5,N/A,N/A,ok,
ryoqvtbpmo,DFDC,0,SBI,visual,0.233694,probability,324.1,N/A,N/A,ok,
ryunkllmyy,DFDC,0,SBI,visual,0.069215,probability,435.1,N/A,N/A,ok,
rzfgfjdkwt,DFDC,0,SBI,visual,0.011489,probability,379.1,N/A,N/A,ok,
rzlmzgeccs,DFDC,0,SBI,visual,0.046474,probability,40.6,N/A,N/A,ok,
sadyvipwmt,DFDC,0,SBI,visual,0.018672,probability,275.8,N/A,N/A,ok,
sakybjmcue,DFDC,0,SBI,visual,0.018899,probability,434.3,N/A,N/A,ok,
saqltzlmag,DFDC,0,SBI,visual,0.191901,probability,231.9,N/A,N/A,ok,
sawgwabfsf,DFDC,0,SBI,visual,0.102474,probability,419.9,N/A,N/A,ok,
saxvsxagid,DFDC,0,SBI,visual,0.004441,probability,419.7,N/A,N/A,ok,
sbfwvmiycy,DFDC,0,SBI,visual,0.030767,probability,927.2,N/A,N/A,ok,
scefaqebjx,DFDC,0,SBI,visual,0.041715,probability,462.6,N/A,N/A,ok,
sckmmoglcu,DFDC,0,SBI,visual,0.076669,probability,252.7,N/A,N/A,ok,
scolxazagt,DFDC,0,SBI,visual,0.293486,probability,529.3,N/A,N/A,ok,
scqtzepeeo,DFDC,0,SBI,visual,0.12467,probability,450.0,N/A,N/A,ok,
scxdziqfjd,DFDC,0,SBI,visual,0.113139,probability,253.8,N/A,N/A,ok,
sdbiwsfzkd,DFDC,0,SBI,visual,0.141259,probability,507.8,N/A,N/A,ok,
sdblpdnlrv,DFDC,0,SBI,visual,0.238579,probability,398.3,N/A,N/A,ok,
sdlhkuohmq,DFDC,0,SBI,visual,0.00227,probability,404.9,N/A,N/A,ok,
sdnvriavyh,DFDC,0,SBI,visual,0.046401,probability,435.7,N/A,N/A,ok,
sebwfboeho,DFDC,0,SBI,visual,0.081116,probability,125.4,N/A,N/A,ok,
sefmizdflt,DFDC,0,SBI,visual,0.080189,probability,394.2,N/A,N/A,ok,
setcpqeptk,DFDC,0,SBI,visual,0.137655,probability,395.7,N/A,N/A,ok,
sfcbiyldjv,DFDC,0,SBI,visual,0.006324,probability,367.1,N/A,N/A,ok,
sfcesavkck,DFDC,0,SBI,visual,0.006753,probability,410.6,N/A,N/A,ok,
sfmscdjolx,DFDC,0,SBI,visual,0.442868,probability,358.9,N/A,N/A,ok,
sfpqeoevjk,DFDC,0,SBI,visual,0.036188,probability,316.5,N/A,N/A,ok,
sfqdprsuqs,DFDC,0,SBI,visual,0.081943,probability,188.2,N/A,N/A,ok,
sfrenczzkp,DFDC,0,SBI,visual,0.022188,probability,399.9,N/A,N/A,ok,
sfuddhcgmz,DFDC,0,SBI,visual,0.096945,probability,56.3,N/A,N/A,ok,
sgioeisgpb,DFDC,0,SBI,visual,0.413085,probability,291.8,N/A,N/A,ok,
sgltnomzxa,DFDC,0,SBI,visual,0.007476,probability,459.7,N/A,N/A,ok,
shqlexisia,DFDC,0,SBI,visual,0.059728,probability,559.9,N/A,N/A,ok,
shvrqolzzv,DFDC,0,SBI,visual,0.019628,probability,376.3,N/A,N/A,ok,
sibqpaxxpm,DFDC,0,SBI,visual,0.067365,probability,386.7,N/A,N/A,ok,
siewyjteen,DFDC,0,SBI,visual,0.00402,probability,416.4,N/A,N/A,ok,
sjkfrlkluq,DFDC,0,SBI,visual,0.179639,probability,372.2,N/A,N/A,ok,
sjkwhuqlzn,DFDC,0,SBI,visual,0.081087,probability,352.6,N/A,N/A,ok,
sjljqwwndm,DFDC,0,SBI,visual,0.147748,probability,308.9,N/A,N/A,ok,
sjonmaxwiy,DFDC,0,SBI,visual,0.094067,probability,390.1,N/A,N/A,ok,
skbvxlbjah,DFDC,0,SBI,visual,0.064218,probability,280.3,N/A,N/A,ok,
skgvcqsomj,DFDC,0,SBI,visual,0.169224,probability,378.1,N/A,N/A,ok,
skiowgtbby,DFDC,0,SBI,visual,0.33963,probability,298.9,N/A,N/A,ok,
sklxfrzqmo,DFDC,0,SBI,visual,0.387198,probability,31.3,N/A,N/A,ok,
sktbwrevfl,DFDC,0,SBI,visual,0.21757,probability,319.7,N/A,N/A,ok,
skuvtmpxab,DFDC,0,SBI,visual,0.085793,probability,407.7,N/A,N/A,ok,
sljfomnlcy,DFDC,0,SBI,visual,0.196127,probability,103.7,N/A,N/A,ok,
slrkbnzciq,DFDC,0,SBI,visual,0.004749,probability,431.7,N/A,N/A,ok,
sltxiaqujp,DFDC,0,SBI,visual,0.020569,probability,507.6,N/A,N/A,ok,
smdfhsamma,DFDC,0,SBI,visual,0.161233,probability,75.6,N/A,N/A,ok,
smockxjftd,DFDC,0,SBI,visual,0.076761,probability,416.0,N/A,N/A,ok,
smykweuttm,DFDC,0,SBI,visual,0.006413,probability,355.8,N/A,N/A,ok,
snklmypoak,DFDC,0,SBI,visual,0.017298,probability,442.1,N/A,N/A,ok,
snqpskdeqz,DFDC,0,SBI,visual,0.00262,probability,365.8,N/A,N/A,ok,
snsnifxref,DFDC,0,SBI,visual,0.079571,probability,53.4,N/A,N/A,ok,
spwzvygcch,DFDC,0,SBI,visual,0.45616,probability,448.1,N/A,N/A,ok,
sqlmwdmufc,DFDC,0,SBI,visual,0.0863,probability,482.8,N/A,N/A,ok,
sqnjposhqg,DFDC,0,SBI,visual,0.201749,probability,386.9,N/A,N/A,ok,
sqzkgusoxn,DFDC,0,SBI,visual,0.0987,probability,474.6,N/A,N/A,ok,
srijptwneh,DFDC,0,SBI,visual,0.086571,probability,64.4,N/A,N/A,ok,
srswvzdsnl,DFDC,0,SBI,visual,0.236917,probability,401.7,N/A,N/A,ok,
srtnwxgpgi,DFDC,0,SBI,visual,0.381922,probability,201.4,N/A,N/A,ok,
sscibgdcgx,DFDC,0,SBI,visual,0.11892,probability,287.4,N/A,N/A,ok,
ssdjamxcqn,DFDC,0,SBI,visual,0.173779,probability,308.2,N/A,N/A,ok,
sstwztxtel,DFDC,0,SBI,visual,0.166564,probability,499.2,N/A,N/A,ok,
ssvnneaefb,DFDC,0,SBI,visual,0.112502,probability,435.1,N/A,N/A,ok,
stjicmzkee,DFDC,0,SBI,visual,0.020569,probability,392.5,N/A,N/A,ok,
stseimzrmm,DFDC,0,SBI,visual,0.039977,probability,495.6,N/A,N/A,ok,
stwnwpdhcn,DFDC,0,SBI,visual,0.002683,probability,371.4,N/A,N/A,ok,
suabyiwsci,DFDC,0,SBI,visual,0.090982,probability,298.7,N/A,N/A,ok,
suacjtzdba,DFDC,0,SBI,visual,0.347709,probability,256.6,N/A,N/A,ok,
subgpmoygk,DFDC,0,SBI,visual,0.07741,probability,387.3,N/A,N/A,ok,
suhxghtiwb,DFDC,0,SBI,visual,0.017752,probability,342.2,N/A,N/A,ok,
suywgylpye,DFDC,0,SBI,visual,0.204655,probability,390.4,N/A,N/A,ok,
svagokzsck,DFDC,0,SBI,visual,0.023607,probability,245.5,N/A,N/A,ok,
svfxalpbdd,DFDC,0,SBI,visual,0.016301,probability,560.2,N/A,N/A,ok,
svjlyytvce,DFDC,0,SBI,visual,0.526079,probability,548.4,N/A,N/A,ok,
svmwblfabh,DFDC,0,SBI,visual,0.033933,probability,355.6,N/A,N/A,ok,
svwpwniipm,DFDC,0,SBI,visual,0.151512,probability,308.3,N/A,N/A,ok,
swaqyzndsq,DFDC,0,SBI,visual,0.042551,probability,183.3,N/A,N/A,ok,
swavbxcylk,DFDC,0,SBI,visual,0.034584,probability,49.6,N/A,N/A,ok,
swbglzfapj,DFDC,0,SBI,visual,0.072854,probability,325.9,N/A,N/A,ok,
sweezkaruk,DFDC,0,SBI,visual,0.132069,probability,72.9,N/A,N/A,ok,
swqphoelhz,DFDC,0,SBI,visual,0.037616,probability,340.9,N/A,N/A,ok,
swstzekffu,DFDC,0,SBI,visual,0.021704,probability,372.1,N/A,N/A,ok,
swvfigjbec,DFDC,0,SBI,visual,0.008526,probability,404.3,N/A,N/A,ok,
sxwqnllgxa,DFDC,0,SBI,visual,0.02828,probability,454.0,N/A,N/A,ok,
sxynsrmvii,DFDC,0,SBI,visual,0.240141,probability,226.4,N/A,N/A,ok,
sygzijgurs,DFDC,0,SBI,visual,0.049389,probability,61.7,N/A,N/A,ok,
syocpzlrnm,DFDC,0,SBI,visual,0.215386,probability,656.7,N/A,N/A,ok,
sypcutvyob,DFDC,0,SBI,visual,0.049094,probability,323.6,N/A,N/A,ok,
syqsfstzuj,DFDC,0,SBI,visual,0.009486,probability,418.2,N/A,N/A,ok,
syycfxhmjl,DFDC,0,SBI,visual,0.208482,probability,425.8,N/A,N/A,ok,
szfrjmhmdp,DFDC,0,SBI,visual,0.156839,probability,335.0,N/A,N/A,ok,
tanawodmtl,DFDC,0,SBI,visual,0.48388,probability,340.0,N/A,N/A,ok,
tanzskrclt,DFDC,0,SBI,visual,0.082079,probability,118.2,N/A,N/A,ok,
tapgukftmq,DFDC,0,SBI,visual,0.085661,probability,530.6,N/A,N/A,ok,
tawrcnoaee,DFDC,0,SBI,visual,0.024675,probability,421.6,N/A,N/A,ok,
tbisomeqld,DFDC,0,SBI,visual,0.140199,probability,402.7,N/A,N/A,ok,
tbjkasnrvm,DFDC,0,SBI,visual,0.058875,probability,389.0,N/A,N/A,ok,
tboayrldth,DFDC,0,SBI,visual,0.010469,probability,435.5,N/A,N/A,ok,
tbqaiodpnc,DFDC,0,SBI,visual,0.008472,probability,346.6,N/A,N/A,ok,
tbsaqpweym,DFDC,0,SBI,visual,0.340567,probability,29.2,N/A,N/A,ok,
tbscivvrjc,DFDC,0,SBI,visual,0.404489,probability,334.1,N/A,N/A,ok,
tbstcwzmyi,DFDC,0,SBI,visual,0.075974,probability,353.6,N/A,N/A,ok,
tbtncnmbbw,DFDC,0,SBI,visual,0.011993,probability,354.6,N/A,N/A,ok,
tcdjzwxqgz,DFDC,0,SBI,visual,0.017736,probability,326.1,N/A,N/A,ok,
tcdrqavite,DFDC,0,SBI,visual,0.111964,probability,370.5,N/A,N/A,ok,
tclokkmlnn,DFDC,0,SBI,visual,0.122278,probability,339.2,N/A,N/A,ok,
tcxbcsyfli,DFDC,0,SBI,visual,0.16552,probability,332.7,N/A,N/A,ok,
tdasmebnfy,DFDC,0,SBI,visual,0.145236,probability,395.4,N/A,N/A,ok,
tdbcpqfqlf,DFDC,0,SBI,visual,0.060227,probability,374.4,N/A,N/A,ok,
tdcnlalsci,DFDC,0,SBI,visual,0.092266,probability,23.7,N/A,N/A,ok,
tefavqkkyy,DFDC,0,SBI,visual,0.04545,probability,379.9,N/A,N/A,ok,
teivznufrz,DFDC,0,SBI,visual,0.546487,probability,308.0,N/A,N/A,ok,
tetbixosgt,DFDC,0,SBI,visual,0.190326,probability,391.7,N/A,N/A,ok,
tfmhucnckv,DFDC,0,SBI,visual,0.005615,probability,398.8,N/A,N/A,ok,
tggydjvypz,DFDC,0,SBI,visual,0.068967,probability,309.5,N/A,N/A,ok,
theqvgscdr,DFDC,0,SBI,visual,0.290672,probability,419.8,N/A,N/A,ok,
thmnujvqmf,DFDC,0,SBI,visual,0.120782,probability,373.3,N/A,N/A,ok,
thtjatduhw,DFDC,0,SBI,visual,0.036602,probability,448.8,N/A,N/A,ok,
tiigmvcmnp,DFDC,0,SBI,visual,0.101109,probability,376.9,N/A,N/A,ok,
tilahrdnti,DFDC,0,SBI,visual,0.090556,probability,353.6,N/A,N/A,ok,
tiomxlykcc,DFDC,0,SBI,visual,0.047971,probability,440.7,N/A,N/A,ok,
tiqtlmxrqa,DFDC,0,SBI,visual,0.023188,probability,370.9,N/A,N/A,ok,
tiupqqkfnf,DFDC,0,SBI,visual,0.083935,probability,312.0,N/A,N/A,ok,
tivxvhglfd,DFDC,0,SBI,visual,0.441808,probability,161.2,N/A,N/A,ok,
tjubcguwnz,DFDC,0,SBI,visual,0.103704,probability,421.6,N/A,N/A,ok,
tkjyoqcaok,DFDC,0,SBI,visual,0.374926,probability,451.7,N/A,N/A,ok,
tkrtfvyuxq,DFDC,0,SBI,visual,0.098256,probability,372.0,N/A,N/A,ok,
tkvqsgrwzn,DFDC,0,SBI,visual,0.132122,probability,420.8,N/A,N/A,ok,
tlodqfdcyi,DFDC,0,SBI,visual,0.496492,probability,196.9,N/A,N/A,ok,
tmisofouzy,DFDC,0,SBI,visual,0.217474,probability,297.7,N/A,N/A,ok,
tmstlylsbh,DFDC,0,SBI,visual,0.582627,probability,135.8,N/A,N/A,ok,
tnkaykvknw,DFDC,0,SBI,visual,0.021242,probability,367.5,N/A,N/A,ok,
tnsxdfqwsy,DFDC,0,SBI,visual,0.383429,probability,29.5,N/A,N/A,ok,
tnwggnluhe,DFDC,0,SBI,visual,0.118901,probability,404.8,N/A,N/A,ok,
tnxlybehrg,DFDC,0,SBI,visual,0.040319,probability,456.0,N/A,N/A,ok,
todksszfff,DFDC,0,SBI,visual,0.040058,probability,417.0,N/A,N/A,ok,
todlsxplvp,DFDC,0,SBI,visual,0.03222,probability,373.0,N/A,N/A,ok,
todpqahhez,DFDC,0,SBI,visual,0.279436,probability,340.4,N/A,N/A,ok,
togmqlyfxv,DFDC,0,SBI,visual,0.074852,probability,43.5,N/A,N/A,ok,
tplufxepip,DFDC,0,SBI,visual,0.814741,probability,422.7,N/A,N/A,ok,
tpmlulgsof,DFDC,0,SBI,visual,0.259132,probability,356.4,N/A,N/A,ok,
tpoqjgwbto,DFDC,0,SBI,visual,0.039272,probability,419.4,N/A,N/A,ok,
tppjkvwuxg,DFDC,0,SBI,visual,0.147457,probability,41.3,N/A,N/A,ok,
tptjrdhedk,DFDC,0,SBI,visual,0.164647,probability,389.2,N/A,N/A,ok,
tptvlqrque,DFDC,0,SBI,visual,0.172752,probability,327.4,N/A,N/A,ok,
tqpcpbckth,DFDC,0,SBI,visual,0.003953,probability,493.1,N/A,N/A,ok,
trjdayzyeh,DFDC,0,SBI,visual,0.015437,probability,408.5,N/A,N/A,ok,
trrcxiluqv,DFDC,0,SBI,visual,0.008179,probability,485.2,N/A,N/A,ok,
tryxjtkrsv,DFDC,0,SBI,visual,0.013851,probability,549.0,N/A,N/A,ok,
tsvubwmzpd,DFDC,0,SBI,visual,0.060977,probability,291.1,N/A,N/A,ok,
tsyaedrpoi,DFDC,0,SBI,visual,0.06537,probability,342.3,N/A,N/A,ok,
tsyqgbumtj,DFDC,0,SBI,visual,0.011113,probability,361.6,N/A,N/A,ok,
ttbpudpuvo,DFDC,0,SBI,visual,0.216838,probability,397.1,N/A,N/A,ok,
ttcbzsobnn,DFDC,0,SBI,visual,0.036453,probability,483.6,N/A,N/A,ok,
ttnswylejw,DFDC,0,SBI,visual,0.097502,probability,356.4,N/A,N/A,ok,
tudfebzcdb,DFDC,0,SBI,visual,0.218536,probability,309.2,N/A,N/A,ok,
tufvaetxqx,DFDC,0,SBI,visual,0.280655,probability,229.1,N/A,N/A,ok,
tujtgfidlj,DFDC,0,SBI,visual,0.040447,probability,458.0,N/A,N/A,ok,
tvavcbdjsr,DFDC,0,SBI,visual,0.243853,probability,379.9,N/A,N/A,ok,
tvfcpzaihz,DFDC,0,SBI,visual,0.048785,probability,530.5,N/A,N/A,ok,
tvkpcjsuhz,DFDC,0,SBI,visual,0.014469,probability,514.7,N/A,N/A,ok,
tvodxdwhbs,DFDC,0,SBI,visual,0.063802,probability,197.6,N/A,N/A,ok,
tvtvdsjhra,DFDC,0,SBI,visual,0.059645,probability,429.9,N/A,N/A,ok,
tvvgpjrjff,DFDC,0,SBI,visual,0.222081,probability,601.0,N/A,N/A,ok,
twgqagwjfc,DFDC,0,SBI,visual,0.05335,probability,401.0,N/A,N/A,ok,
twkrthefbh,DFDC,0,SBI,visual,0.09001,probability,396.6,N/A,N/A,ok,
twoczezrky,DFDC,0,SBI,visual,0.015169,probability,465.4,N/A,N/A,ok,
twvwytkmbz,DFDC,0,SBI,visual,0.12132,probability,417.8,N/A,N/A,ok,
txfpqnddbf,DFDC,0,SBI,visual,0.094677,probability,119.2,N/A,N/A,ok,
txioeqtbnn,DFDC,0,SBI,visual,0.208516,probability,474.5,N/A,N/A,ok,
txnxlqbrpg,DFDC,0,SBI,visual,0.026241,probability,242.9,N/A,N/A,ok,
txopqsqmjv,DFDC,0,SBI,visual,0.659294,probability,351.4,N/A,N/A,ok,
txwkxwolmh,DFDC,0,SBI,visual,0.084309,probability,409.7,N/A,N/A,ok,
tyckfolysz,DFDC,0,SBI,visual,0.058224,probability,437.9,N/A,N/A,ok,
tyujgzhqmu,DFDC,0,SBI,visual,0.028317,probability,409.8,N/A,N/A,ok,
tzatobxhhw,DFDC,0,SBI,visual,0.204079,probability,392.0,N/A,N/A,ok,
tztyedokcs,DFDC,0,SBI,visual,0.029191,probability,382.1,N/A,N/A,ok,
tzuyhfgoxq,DFDC,0,SBI,visual,0.018996,probability,360.5,N/A,N/A,ok,
uaabmxnawj,DFDC,0,SBI,visual,0.03479,probability,380.7,N/A,N/A,ok,
uaozewngpr,DFDC,0,SBI,visual,0.032315,probability,332.4,N/A,N/A,ok,
uaqpgefgfo,DFDC,0,SBI,visual,0.035255,probability,316.3,N/A,N/A,ok,
uatoypjdks,DFDC,0,SBI,visual,0.116399,probability,483.1,N/A,N/A,ok,
uawmtvsmss,DFDC,0,SBI,visual,0.056224,probability,437.5,N/A,N/A,ok,
ubudqmworx,DFDC,0,SBI,visual,0.087345,probability,358.6,N/A,N/A,ok,
ubuyxlepmk,DFDC,0,SBI,visual,0.009376,probability,355.3,N/A,N/A,ok,
ubwndzqaly,DFDC,0,SBI,visual,0.038862,probability,388.1,N/A,N/A,ok,
ubxuvqbgpf,DFDC,0,SBI,visual,0.018165,probability,47.1,N/A,N/A,ok,
uchlaqxdep,DFDC,0,SBI,visual,0.173775,probability,371.7,N/A,N/A,ok,
ucilullezn,DFDC,0,SBI,visual,0.013572,probability,343.1,N/A,N/A,ok,
udbleyoyxv,DFDC,0,SBI,visual,0.300753,probability,150.4,N/A,N/A,ok,
udfhiudvmp,DFDC,0,SBI,visual,0.009177,probability,530.9,N/A,N/A,ok,
udigsohzyk,DFDC,0,SBI,visual,0.017611,probability,444.2,N/A,N/A,ok,
udiktfvzmi,DFDC,0,SBI,visual,0.121441,probability,334.7,N/A,N/A,ok,
udjpclzycy,DFDC,0,SBI,visual,0.039887,probability,387.6,N/A,N/A,ok,
ufjsasrahi,DFDC,0,SBI,visual,0.103161,probability,171.1,N/A,N/A,ok,
ufkonhkmvy,DFDC,0,SBI,visual,0.014205,probability,336.6,N/A,N/A,ok,
ufwlmskile,DFDC,0,SBI,visual,0.175839,probability,401.6,N/A,N/A,ok,
ufycjvtbah,DFDC,0,SBI,visual,0.233413,probability,307.9,N/A,N/A,ok,
ugbkpruchm,DFDC,0,SBI,visual,0.011036,probability,386.4,N/A,N/A,ok,
ugjufnjjfr,DFDC,0,SBI,visual,0.071528,probability,379.0,N/A,N/A,ok,
ugltflvwwy,DFDC,0,SBI,visual,0.099599,probability,48.7,N/A,N/A,ok,
ugnghsagwj,DFDC,0,SBI,visual,0.168388,probability,374.9,N/A,N/A,ok,
uhfzokljql,DFDC,0,SBI,visual,0.292382,probability,567.6,N/A,N/A,ok,
uhgvietyvk,DFDC,0,SBI,visual,0.20166,probability,453.8,N/A,N/A,ok,
uierzdtsyj,DFDC,0,SBI,visual,0.01894,probability,443.7,N/A,N/A,ok,
uifyrmvjok,DFDC,0,SBI,visual,0.071853,probability,385.4,N/A,N/A,ok,
uisjneludb,DFDC,0,SBI,visual,0.237774,probability,505.1,N/A,N/A,ok,
ujbwzfrgef,DFDC,0,SBI,visual,0.264571,probability,523.6,N/A,N/A,ok,
ujedabedny,DFDC,0,SBI,visual,0.188252,probability,42.1,N/A,N/A,ok,
ujsllknpud,DFDC,0,SBI,visual,0.242533,probability,487.3,N/A,N/A,ok,
ujtmofylqd,DFDC,0,SBI,visual,0.089147,probability,371.8,N/A,N/A,ok,
ujuixqmtgv,DFDC,0,SBI,visual,0.038422,probability,355.6,N/A,N/A,ok,
ukipcuvxnv,DFDC,0,SBI,visual,0.032997,probability,480.2,N/A,N/A,ok,
ukrpdhzuay,DFDC,0,SBI,visual,0.017275,probability,152.8,N/A,N/A,ok,
ukvypmutjx,DFDC,0,SBI,visual,0.529205,probability,50.2,N/A,N/A,ok,
ulidammlcn,DFDC,0,SBI,visual,0.39659,probability,356.2,N/A,N/A,ok,
ulotgvulpq,DFDC,0,SBI,visual,0.012885,probability,399.4,N/A,N/A,ok,
ulpybqohxy,DFDC,0,SBI,visual,0.016498,probability,355.9,N/A,N/A,ok,
umaogdvdoi,DFDC,0,SBI,visual,0.054148,probability,332.1,N/A,N/A,ok,
umzciyfjga,DFDC,0,SBI,visual,0.016341,probability,332.6,N/A,N/A,ok,
umzqlgfmmm,DFDC,0,SBI,visual,0.025369,probability,372.2,N/A,N/A,ok,
unmmeylhoh,DFDC,0,SBI,visual,0.026815,probability,441.2,N/A,N/A,ok,
unocrtezsh,DFDC,0,SBI,visual,0.093155,probability,320.6,N/A,N/A,ok,
unvwlolhcc,DFDC,0,SBI,visual,0.009826,probability,436.3,N/A,N/A,ok,
uoosrpbsgs,DFDC,0,SBI,visual,0.055639,probability,412.7,N/A,N/A,ok,
uowvuzdfir,DFDC,0,SBI,visual,0.012493,probability,457.4,N/A,N/A,ok,
upikmnzqil,DFDC,0,SBI,visual,0.020153,probability,339.7,N/A,N/A,ok,
uplgwnaknt,DFDC,0,SBI,visual,0.014813,probability,517.6,N/A,N/A,ok,
upmfhdbvls,DFDC,0,SBI,visual,0.017739,probability,400.4,N/A,N/A,ok,
upqfnqboyp,DFDC,0,SBI,visual,0.142726,probability,134.2,N/A,N/A,ok,
upshqgiqiu,DFDC,0,SBI,visual,0.033758,probability,388.2,N/A,N/A,ok,
upuvtstvpe,DFDC,0,SBI,visual,0.014908,probability,483.3,N/A,N/A,ok,
uqmqobkfgj,DFDC,0,SBI,visual,0.035852,probability,372.5,N/A,N/A,ok,
uqzhfuwvvx,DFDC,0,SBI,visual,0.030188,probability,390.2,N/A,N/A,ok,
urevdilsmg,DFDC,0,SBI,visual,0.315028,probability,356.2,N/A,N/A,ok,
urfoksqfhb,DFDC,0,SBI,visual,0.129971,probability,404.5,N/A,N/A,ok,
urnuhkhawx,DFDC,0,SBI,visual,0.058196,probability,308.5,N/A,N/A,ok,
urnxwmiadp,DFDC,0,SBI,visual,0.126334,probability,374.0,N/A,N/A,ok,
urolvpfaku,DFDC,0,SBI,visual,0.714731,probability,359.6,N/A,N/A,ok,
urttfsqalf,DFDC,0,SBI,visual,0.085692,probability,387.0,N/A,N/A,ok,
usbauwaxqm,DFDC,0,SBI,visual,0.174258,probability,133.3,N/A,N/A,ok,
usikjewaow,DFDC,0,SBI,visual,0.209241,probability,330.9,N/A,N/A,ok,
usntgcfymj,DFDC,0,SBI,visual,0.109289,probability,400.5,N/A,N/A,ok,
usrimdndpz,DFDC,0,SBI,visual,0.661268,probability,116.6,N/A,N/A,ok,
ussmdrbooe,DFDC,0,SBI,visual,0.059842,probability,37.8,N/A,N/A,ok,
utmreceenv,DFDC,0,SBI,visual,0.043015,probability,480.9,N/A,N/A,ok,
utnlkhoztg,DFDC,0,SBI,visual,0.026886,probability,447.9,N/A,N/A,ok,
utsdfokkfj,DFDC,0,SBI,visual,0.107545,probability,497.0,N/A,N/A,ok,
utsptenpdk,DFDC,0,SBI,visual,0.258013,probability,424.4,N/A,N/A,ok,
utxjzslkth,DFDC,0,SBI,visual,0.218203,probability,121.5,N/A,N/A,ok,
utxyqzeusj,DFDC,0,SBI,visual,0.009264,probability,428.9,N/A,N/A,ok,
uuakhgfmth,DFDC,0,SBI,visual,0.028679,probability,169.7,N/A,N/A,ok,
uubdueeges,DFDC,0,SBI,visual,0.032593,probability,369.1,N/A,N/A,ok,
uuhoublzry,DFDC,0,SBI,visual,0.070247,probability,397.3,N/A,N/A,ok,
uupabueifu,DFDC,0,SBI,visual,0.135317,probability,348.2,N/A,N/A,ok,
uuvedbbzrf,DFDC,0,SBI,visual,0.018463,probability,453.5,N/A,N/A,ok,
uvbfugapjx,DFDC,0,SBI,visual,0.047202,probability,366.5,N/A,N/A,ok,
uvfaiqerit,DFDC,0,SBI,visual,0.004015,probability,499.2,N/A,N/A,ok,
uvqjttbiwn,DFDC,0,SBI,visual,0.069597,probability,442.5,N/A,N/A,ok,
uvwfcbkusp,DFDC,0,SBI,visual,0.15491,probability,264.9,N/A,N/A,ok,
uwejcxzklo,DFDC,0,SBI,visual,0.004832,probability,381.2,N/A,N/A,ok,
uwnlvfzzfj,DFDC,0,SBI,visual,0.019926,probability,356.8,N/A,N/A,ok,
uxmpcfbyel,DFDC,0,SBI,visual,0.021872,probability,460.1,N/A,N/A,ok,
uxmvubcsya,DFDC,0,SBI,visual,0.097549,probability,375.4,N/A,N/A,ok,
uxoegbizbe,DFDC,0,SBI,visual,0.514524,probability,155.7,N/A,N/A,ok,
uxtrutsgaf,DFDC,0,SBI,visual,0.262606,probability,134.4,N/A,N/A,ok,
uxuwyzmqop,DFDC,0,SBI,visual,0.046303,probability,292.1,N/A,N/A,ok,
uxvbapmqcx,DFDC,0,SBI,visual,0.179124,probability,130.5,N/A,N/A,ok,
uxwbbdivfr,DFDC,0,SBI,visual,0.45144,probability,470.6,N/A,N/A,ok,
uyamclkxsb,DFDC,0,SBI,visual,0.054897,probability,373.2,N/A,N/A,ok,
uyhmbstunf,DFDC,0,SBI,visual,0.370992,probability,387.8,N/A,N/A,ok,
uykrbemiih,DFDC,0,SBI,visual,0.006378,probability,546.8,N/A,N/A,ok,
uyophgsnas,DFDC,0,SBI,visual,0.162076,probability,304.2,N/A,N/A,ok,
uyrnxxyymk,DFDC,0,SBI,visual,0.115496,probability,377.0,N/A,N/A,ok,
uyynhjtsji,DFDC,0,SBI,visual,0.782464,probability,338.8,N/A,N/A,ok,
uyysbsouzq,DFDC,0,SBI,visual,0.022498,probability,451.0,N/A,N/A,ok,
uyzpbkbtov,DFDC,0,SBI,visual,0.070659,probability,354.4,N/A,N/A,ok,
uzhovrjnfw,DFDC,0,SBI,visual,0.210958,probability,340.1,N/A,N/A,ok,
uzlgzdnzvw,DFDC,0,SBI,visual,0.021668,probability,371.2,N/A,N/A,ok,
uzscrcxcrx,DFDC,0,SBI,visual,0.094667,probability,338.1,N/A,N/A,ok,
uzuvajrtev,DFDC,0,SBI,visual,0.034054,probability,325.0,N/A,N/A,ok,
vadklsyzpz,DFDC,0,SBI,visual,0.095383,probability,372.2,N/A,N/A,ok,
vaqxglzrne,DFDC,0,SBI,visual,0.017188,probability,388.9,N/A,N/A,ok,
vatxaxfrjl,DFDC,0,SBI,visual,0.050885,probability,56.4,N/A,N/A,ok,
vbawjpkyht,DFDC,0,SBI,visual,0.047614,probability,47.7,N/A,N/A,ok,
vbddavndmw,DFDC,0,SBI,visual,0.037063,probability,632.3,N/A,N/A,ok,
vbidmwiwfh,DFDC,0,SBI,visual,0.152248,probability,369.2,N/A,N/A,ok,
vbmzfsoqgd,DFDC,0,SBI,visual,0.622244,probability,70.9,N/A,N/A,ok,
vbslmjasla,DFDC,0,SBI,visual,0.011292,probability,146.8,N/A,N/A,ok,
vcdzathzyu,DFDC,0,SBI,visual,0.037279,probability,509.2,N/A,N/A,ok,
vcnjactasz,DFDC,0,SBI,visual,0.799211,probability,360.5,N/A,N/A,ok,
vdbggrqsry,DFDC,0,SBI,visual,0.008592,probability,519.7,N/A,N/A,ok,
vdbxiqfuns,DFDC,0,SBI,visual,0.005832,probability,444.6,N/A,N/A,ok,
vdizgdlmeb,DFDC,0,SBI,visual,0.033716,probability,444.8,N/A,N/A,ok,
vdlgsuewna,DFDC,0,SBI,visual,0.092511,probability,333.2,N/A,N/A,ok,
vdpjegfkzg,DFDC,0,SBI,visual,0.119644,probability,552.8,N/A,N/A,ok,
vehyuuozbz,DFDC,0,SBI,visual,0.12264,probability,469.0,N/A,N/A,ok,
veqzponpli,DFDC,0,SBI,visual,0.100998,probability,325.2,N/A,N/A,ok,
vfaappkllb,DFDC,0,SBI,visual,0.021088,probability,435.3,N/A,N/A,ok,
vfbaqjkzrm,DFDC,0,SBI,visual,0.044396,probability,357.5,N/A,N/A,ok,
vfbneqgdhj,DFDC,0,SBI,visual,0.084409,probability,307.4,N/A,N/A,ok,
vfbrbddbup,DFDC,0,SBI,visual,0.051901,probability,369.8,N/A,N/A,ok,
vfjafumzgb,DFDC,0,SBI,visual,0.029454,probability,380.9,N/A,N/A,ok,
vfmibchajl,DFDC,0,SBI,visual,0.023975,probability,316.0,N/A,N/A,ok,
vfoahifgib,DFDC,0,SBI,visual,0.023976,probability,370.9,N/A,N/A,ok,
vfzzcsqcdk,DFDC,0,SBI,visual,0.02375,probability,70.8,N/A,N/A,ok,
vgcxmisqmh,DFDC,0,SBI,visual,0.183741,probability,402.1,N/A,N/A,ok,
vghdtydtqx,DFDC,0,SBI,visual,0.224888,probability,396.0,N/A,N/A,ok,
vgrvmxtqpx,DFDC,0,SBI,visual,0.027973,probability,489.7,N/A,N/A,ok,
vhgewiurik,DFDC,0,SBI,visual,0.147379,probability,480.1,N/A,N/A,ok,
viaobrvusg,DFDC,0,SBI,visual,0.165866,probability,429.4,N/A,N/A,ok,
vicqsuiqwa,DFDC,0,SBI,visual,0.099872,probability,419.6,N/A,N/A,ok,
vixscpeeox,DFDC,0,SBI,visual,0.064745,probability,359.3,N/A,N/A,ok,
viyrusymko,DFDC,0,SBI,visual,0.037835,probability,402.4,N/A,N/A,ok,
vjfhdfbhnk,DFDC,0,SBI,visual,0.03345,probability,355.7,N/A,N/A,ok,
vjjcxoxifv,DFDC,0,SBI,visual,0.440055,probability,339.8,N/A,N/A,ok,
vljqcifovd,DFDC,0,SBI,visual,0.344402,probability,122.6,N/A,N/A,ok,
vlnudbcrwy,DFDC,0,SBI,visual,0.09597,probability,419.5,N/A,N/A,ok,
vlzubzryet,DFDC,0,SBI,visual,0.015264,probability,489.4,N/A,N/A,ok,
vmlqfkpvke,DFDC,0,SBI,visual,0.012986,probability,344.2,N/A,N/A,ok,
vnelzgrdyo,DFDC,0,SBI,visual,0.028333,probability,443.7,N/A,N/A,ok,
vnmcblklbl,DFDC,0,SBI,visual,0.018359,probability,584.4,N/A,N/A,ok,
vnnazeaeyh,DFDC,0,SBI,visual,0.080968,probability,450.0,N/A,N/A,ok,
vnorypglil,DFDC,0,SBI,visual,0.052351,probability,451.5,N/A,N/A,ok,
vosmurrhgz,DFDC,0,SBI,visual,0.123013,probability,320.7,N/A,N/A,ok,
vovnkvhybq,DFDC,0,SBI,visual,0.033898,probability,39.7,N/A,N/A,ok,
voxzspxcjm,DFDC,0,SBI,visual,0.020056,probability,44.5,N/A,N/A,ok,
voytjrlnob,DFDC,0,SBI,visual,0.086568,probability,380.1,N/A,N/A,ok,
vozezstbxl,DFDC,0,SBI,visual,0.07634,probability,316.8,N/A,N/A,ok,
vpbhgeavtr,DFDC,0,SBI,visual,0.009735,probability,426.7,N/A,N/A,ok,
vpfmsecyud,DFDC,0,SBI,visual,0.130917,probability,365.6,N/A,N/A,ok,
vpfwdnreus,DFDC,0,SBI,visual,0.039202,probability,337.6,N/A,N/A,ok,
vpicsdociq,DFDC,0,SBI,visual,0.012451,probability,358.7,N/A,N/A,ok,
vpjkdlosmx,DFDC,0,SBI,visual,0.14925,probability,302.5,N/A,N/A,ok,
vpklrhqlkk,DFDC,0,SBI,visual,0.20346,probability,356.3,N/A,N/A,ok,
vpmkxlpgtw,DFDC,0,SBI,visual,0.032145,probability,338.5,N/A,N/A,ok,
vpoeukccfo,DFDC,0,SBI,visual,0.01081,probability,379.1,N/A,N/A,ok,
vqggxihjgi,DFDC,0,SBI,visual,0.011469,probability,298.5,N/A,N/A,ok,
vqinrcicae,DFDC,0,SBI,visual,0.005761,probability,515.1,N/A,N/A,ok,
vqsfvcbaiz,DFDC,0,SBI,visual,0.301663,probability,370.2,N/A,N/A,ok,
vqzkumnkfs,DFDC,0,SBI,visual,0.788776,probability,471.5,N/A,N/A,ok,
vrcdhukvdg,DFDC,0,SBI,visual,0.114354,probability,95.6,N/A,N/A,ok,
vrldpyzxpg,DFDC,0,SBI,visual,0.009742,probability,430.4,N/A,N/A,ok,
vrrnwipshy,DFDC,0,SBI,visual,0.357699,probability,435.8,N/A,N/A,ok,
vrsmamkihc,DFDC,0,SBI,visual,0.015005,probability,450.5,N/A,N/A,ok,
vrssurjovx,DFDC,0,SBI,visual,0.034823,probability,418.0,N/A,N/A,ok,
vsehwctven,DFDC,0,SBI,visual,0.049993,probability,387.8,N/A,N/A,ok,
vsgveredxx,DFDC,0,SBI,visual,0.013883,probability,494.2,N/A,N/A,ok,
vsvyhnzpxf,DFDC,0,SBI,visual,0.187182,probability,100.8,N/A,N/A,ok,
vszusehcej,DFDC,0,SBI,visual,0.176401,probability,302.1,N/A,N/A,ok,
vthjwlbzzs,DFDC,0,SBI,visual,0.008011,probability,368.9,N/A,N/A,ok,
vtlgvndght,DFDC,0,SBI,visual,0.010396,probability,421.2,N/A,N/A,ok,
vtmhbksshy,DFDC,0,SBI,visual,0.015019,probability,367.2,N/A,N/A,ok,
vtuyzzdltv,DFDC,0,SBI,visual,0.004271,probability,397.9,N/A,N/A,ok,
vuazwedxmf,DFDC,0,SBI,visual,0.018789,probability,348.8,N/A,N/A,ok,
vvczyxpvgu,DFDC,0,SBI,visual,0.009761,probability,466.1,N/A,N/A,ok,
vvkhwgqjgr,DFDC,0,SBI,visual,0.079891,probability,419.3,N/A,N/A,ok,
vvlfqnhqrn,DFDC,0,SBI,visual,0.095785,probability,450.9,N/A,N/A,ok,
vvnhcqktze,DFDC,0,SBI,visual,0.351456,probability,387.0,N/A,N/A,ok,
vvyupexgxm,DFDC,0,SBI,visual,0.013532,probability,297.3,N/A,N/A,ok,
vvyvxqdvmx,DFDC,0,SBI,visual,0.044208,probability,288.8,N/A,N/A,ok,
vwlzbexoif,DFDC,0,SBI,visual,0.16478,probability,327.8,N/A,N/A,ok,
vwsxwrurup,DFDC,0,SBI,visual,0.093376,probability,384.0,N/A,N/A,ok,
vwvqlqjqkn,DFDC,0,SBI,visual,0.012607,probability,326.4,N/A,N/A,ok,
vwwktgywgq,DFDC,0,SBI,visual,0.30626,probability,274.6,N/A,N/A,ok,
vxkxbpnjpi,DFDC,0,SBI,visual,0.087048,probability,43.4,N/A,N/A,ok,
vxlrtdoksi,DFDC,0,SBI,visual,0.132905,probability,333.7,N/A,N/A,ok,
vxueiooijo,DFDC,0,SBI,visual,0.482416,probability,351.2,N/A,N/A,ok,
vxvqnhakrk,DFDC,0,SBI,visual,0.024023,probability,119.6,N/A,N/A,ok,
vydqsbnhqo,DFDC,0,SBI,visual,0.129453,probability,266.5,N/A,N/A,ok,
vyfckdugpy,DFDC,0,SBI,visual,0.017633,probability,345.0,N/A,N/A,ok,
vyfzwfykgk,DFDC,0,SBI,visual,0.113221,probability,367.9,N/A,N/A,ok,
vyhjoseofn,DFDC,0,SBI,visual,0.405453,probability,436.7,N/A,N/A,ok,
vyhrdgqolb,DFDC,0,SBI,visual,0.573664,probability,311.9,N/A,N/A,ok,
vylmvziaiv,DFDC,0,SBI,visual,0.548554,probability,513.4,N/A,N/A,ok,
vypslemdjy,DFDC,0,SBI,visual,0.391325,probability,466.2,N/A,N/A,ok,
vyqzxbcqfx,DFDC,0,SBI,visual,0.027602,probability,392.1,N/A,N/A,ok,
vytzcppkpg,DFDC,0,SBI,visual,0.008584,probability,67.9,N/A,N/A,ok,
vyumtmdbnz,DFDC,0,SBI,visual,0.010915,probability,518.7,N/A,N/A,ok,
vyykafsdup,DFDC,0,SBI,visual,0.200707,probability,553.4,N/A,N/A,ok,
vzsfomavkb,DFDC,0,SBI,visual,0.03501,probability,404.3,N/A,N/A,ok,
vzuihheirh,DFDC,0,SBI,visual,0.034675,probability,395.1,N/A,N/A,ok,
wabbbifldv,DFDC,0,SBI,visual,0.433253,probability,415.8,N/A,N/A,ok,
wacagypbal,DFDC,0,SBI,visual,0.186239,probability,308.5,N/A,N/A,ok,
waojhzlmgu,DFDC,0,SBI,visual,0.03683,probability,356.7,N/A,N/A,ok,
watuvxntpu,DFDC,0,SBI,visual,0.110273,probability,417.7,N/A,N/A,ok,
wbfmfqghix,DFDC,0,SBI,visual,0.664073,probability,331.2,N/A,N/A,ok,
wbjcqhtmhg,DFDC,0,SBI,visual,0.011281,probability,321.8,N/A,N/A,ok,
wbpnluqezo,DFDC,0,SBI,visual,0.010529,probability,387.0,N/A,N/A,ok,
wbxtopydcl,DFDC,0,SBI,visual,0.191277,probability,338.6,N/A,N/A,ok,
wbzpkmfyeo,DFDC,0,SBI,visual,0.030168,probability,359.5,N/A,N/A,ok,
wccfqtmwjc,DFDC,0,SBI,visual,0.041457,probability,355.9,N/A,N/A,ok,
wchikmuaqd,DFDC,0,SBI,visual,0.043778,probability,406.4,N/A,N/A,ok,
wcnqhoerqg,DFDC,0,SBI,visual,0.078643,probability,261.2,N/A,N/A,ok,
wdojeggkxn,DFDC,0,SBI,visual,0.140782,probability,485.4,N/A,N/A,ok,
wdqnhqixqu,DFDC,0,SBI,visual,0.085261,probability,371.6,N/A,N/A,ok,
webeuogvdm,DFDC,0,SBI,visual,0.106318,probability,81.3,N/A,N/A,ok,
wemwjhqkbk,DFDC,0,SBI,visual,0.697045,probability,370.8,N/A,N/A,ok,
werkelwepe,DFDC,0,SBI,visual,0.049297,probability,545.8,N/A,N/A,ok,
wevzjadwul,DFDC,0,SBI,visual,0.017504,probability,393.2,N/A,N/A,ok,
wfaauisljm,DFDC,0,SBI,visual,0.072221,probability,307.8,N/A,N/A,ok,
wfnfthgsks,DFDC,0,SBI,visual,0.266795,probability,385.4,N/A,N/A,ok,
wfshgsktxp,DFDC,0,SBI,visual,0.009328,probability,378.2,N/A,N/A,ok,
wgoxlgwdga,DFDC,0,SBI,visual,0.240612,probability,383.5,N/A,N/A,ok,
wgpwfvyvuz,DFDC,0,SBI,visual,0.028802,probability,309.8,N/A,N/A,ok,
wgzecpyfkl,DFDC,0,SBI,visual,0.690132,probability,67.1,N/A,N/A,ok,
whqbgdiqyz,DFDC,0,SBI,visual,0.150518,probability,531.3,N/A,N/A,ok,
whuoiqczex,DFDC,0,SBI,visual,0.008867,probability,462.6,N/A,N/A,ok,
wiavtmleei,DFDC,0,SBI,visual,0.185389,probability,404.3,N/A,N/A,ok,
widtemzcho,DFDC,0,SBI,visual,0.042841,probability,435.9,N/A,N/A,ok,
wiemsbsleb,DFDC,0,SBI,visual,0.469952,probability,424.6,N/A,N/A,ok,
wietjdibgv,DFDC,0,SBI,visual,0.034026,probability,334.5,N/A,N/A,ok,
wisktxfgdm,DFDC,0,SBI,visual,0.060874,probability,340.0,N/A,N/A,ok,
wjezovmxfx,DFDC,0,SBI,visual,0.018567,probability,261.6,N/A,N/A,ok,
wjivsnablv,DFDC,0,SBI,visual,0.082763,probability,421.9,N/A,N/A,ok,
wjlxeqklwz,DFDC,0,SBI,visual,0.017612,probability,444.8,N/A,N/A,ok,
wjvwpzrmij,DFDC,0,SBI,visual,0.057132,probability,448.6,N/A,N/A,ok,
wkhmbmfuyt,DFDC,0,SBI,visual,0.449507,probability,429.9,N/A,N/A,ok,
wkzswdjckt,DFDC,0,SBI,visual,0.027809,probability,438.3,N/A,N/A,ok,
wlhnecaubu,DFDC,0,SBI,visual,0.189798,probability,447.7,N/A,N/A,ok,
wllwphruhi,DFDC,0,SBI,visual,0.055759,probability,357.7,N/A,N/A,ok,
wlumhhtfzn,DFDC,0,SBI,visual,0.133541,probability,338.7,N/A,N/A,ok,
wmghgervfu,DFDC,0,SBI,visual,0.416802,probability,245.0,N/A,N/A,ok,
wmycjiudti,DFDC,0,SBI,visual,0.030181,probability,386.5,N/A,N/A,ok,
wndefnmmzz,DFDC,0,SBI,visual,0.190587,probability,167.3,N/A,N/A,ok,
wnmtmctzxm,DFDC,0,SBI,visual,0.283074,probability,393.6,N/A,N/A,ok,
wnnmxelgau,DFDC,0,SBI,visual,0.029392,probability,157.0,N/A,N/A,ok,
wnqkcgbxas,DFDC,0,SBI,visual,0.02781,probability,342.4,N/A,N/A,ok,
wnqtflltlk,DFDC,0,SBI,visual,0.053724,probability,324.7,N/A,N/A,ok,
wnqxeyatuk,DFDC,0,SBI,visual,0.526018,probability,120.1,N/A,N/A,ok,
wodfwzqlmr,DFDC,0,SBI,visual,0.195628,probability,310.0,N/A,N/A,ok,
woiganawkb,DFDC,0,SBI,visual,0.020186,probability,386.4,N/A,N/A,ok,
wolgzxlgtd,DFDC,0,SBI,visual,0.307602,probability,105.9,N/A,N/A,ok,
wolxehgzgr,DFDC,0,SBI,visual,0.094522,probability,336.9,N/A,N/A,ok,
wowmhprkhy,DFDC,0,SBI,visual,0.376067,probability,263.3,N/A,N/A,ok,
wpokacgtbh,DFDC,0,SBI,visual,0.319961,probability,468.6,N/A,N/A,ok,
wrjomymrkk,DFDC,0,SBI,visual,0.032022,probability,498.9,N/A,N/A,ok,
wsgxngzyew,DFDC,0,SBI,visual,0.103611,probability,197.5,N/A,N/A,ok,
wsussbzyuw,DFDC,0,SBI,visual,0.149,probability,309.9,N/A,N/A,ok,
wtbbddyati,DFDC,0,SBI,visual,0.024951,probability,377.0,N/A,N/A,ok,
wtlydbfcnl,DFDC,0,SBI,visual,0.109721,probability,448.2,N/A,N/A,ok,
wtsrmvnayi,DFDC,0,SBI,visual,0.312482,probability,369.5,N/A,N/A,ok,
wtucxmpven,DFDC,0,SBI,visual,0.068806,probability,375.0,N/A,N/A,ok,
wucsyqgxgy,DFDC,0,SBI,visual,0.195349,probability,308.7,N/A,N/A,ok,
wunaxrkjeg,DFDC,0,SBI,visual,0.162021,probability,345.5,N/A,N/A,ok,
wuzkhnrmjb,DFDC,0,SBI,visual,0.041131,probability,350.9,N/A,N/A,ok,
wvgdvsiifq,DFDC,0,SBI,visual,0.029011,probability,362.0,N/A,N/A,ok,
wvghduqjvu,DFDC,0,SBI,visual,0.058308,probability,350.2,N/A,N/A,ok,
wvlmdprkhy,DFDC,0,SBI,visual,0.152735,probability,354.9,N/A,N/A,ok,
wvmzfrypbz,DFDC,0,SBI,visual,0.036531,probability,365.8,N/A,N/A,ok,
wvvoqofbgb,DFDC,0,SBI,visual,0.209263,probability,330.4,N/A,N/A,ok,
wwsltspzku,DFDC,0,SBI,visual,0.014522,probability,339.9,N/A,N/A,ok,
wxemonzdds,DFDC,0,SBI,visual,0.165248,probability,531.4,N/A,N/A,ok,
wxieszelvm,DFDC,0,SBI,visual,0.089968,probability,372.1,N/A,N/A,ok,
wxqpuqgmif,DFDC,0,SBI,visual,0.041673,probability,375.4,N/A,N/A,ok,
wxvxsbwgtu,DFDC,0,SBI,visual,0.256803,probability,370.2,N/A,N/A,ok,
wycsgxhdcv,DFDC,0,SBI,visual,0.144922,probability,498.4,N/A,N/A,ok,
wyetffflts,DFDC,0,SBI,visual,0.34171,probability,468.5,N/A,N/A,ok,
wyzlgwfhcu,DFDC,0,SBI,visual,0.050079,probability,388.1,N/A,N/A,ok,
wzslieclio,DFDC,0,SBI,visual,0.016217,probability,358.1,N/A,N/A,ok,
wzyqqgbrdf,DFDC,0,SBI,visual,0.356347,probability,132.4,N/A,N/A,ok,
xampxexcpy,DFDC,0,SBI,visual,0.134612,probability,367.6,N/A,N/A,ok,
xbcimuxojo,DFDC,0,SBI,visual,0.673184,probability,377.1,N/A,N/A,ok,
xbkfmvrioe,DFDC,0,SBI,visual,0.059246,probability,503.4,N/A,N/A,ok,
xcgsdqcwoz,DFDC,0,SBI,visual,0.017052,probability,336.6,N/A,N/A,ok,
xdcstzlzpp,DFDC,0,SBI,visual,0.118765,probability,87.9,N/A,N/A,ok,
xdpjehvybb,DFDC,0,SBI,visual,0.025357,probability,410.8,N/A,N/A,ok,
xdqidqbtgz,DFDC,0,SBI,visual,0.16746,probability,468.4,N/A,N/A,ok,
xevkabqdzw,DFDC,0,SBI,visual,0.074908,probability,372.2,N/A,N/A,ok,
xfgzzqwyvj,DFDC,0,SBI,visual,0.028431,probability,310.6,N/A,N/A,ok,
xflqelbcmz,DFDC,0,SBI,visual,0.127796,probability,375.6,N/A,N/A,ok,
xfysecoykk,DFDC,0,SBI,visual,0.068932,probability,460.1,N/A,N/A,ok,
xgsjhlqhmp,DFDC,0,SBI,visual,0.072208,probability,86.2,N/A,N/A,ok,
xgtelcltvg,DFDC,0,SBI,visual,0.035048,probability,40.7,N/A,N/A,ok,
xhehvlvmlb,DFDC,0,SBI,visual,0.297591,probability,493.7,N/A,N/A,ok,
xhklxnhldp,DFDC,0,SBI,visual,0.051271,probability,483.4,N/A,N/A,ok,
xhlryrsdji,DFDC,0,SBI,visual,0.008579,probability,451.5,N/A,N/A,ok,
xjhseehkai,DFDC,0,SBI,visual,0.056506,probability,419.1,N/A,N/A,ok,
xjsifeqjbb,DFDC,0,SBI,visual,0.125119,probability,456.5,N/A,N/A,ok,
xjxgeetoga,DFDC,0,SBI,visual,0.270515,probability,463.7,N/A,N/A,ok,
xkfnbhxidt,DFDC,0,SBI,visual,0.535009,probability,354.4,N/A,N/A,ok,
xkiygplrtz,DFDC,0,SBI,visual,0.131258,probability,363.3,N/A,N/A,ok,
xktecgnpgc,DFDC,0,SBI,visual,0.177574,probability,1953.7,N/A,N/A,ok,
xkzyuiufyy,DFDC,0,SBI,visual,0.033623,probability,472.9,N/A,N/A,ok,
xlgxarjyhi,DFDC,0,SBI,visual,0.038596,probability,397.3,N/A,N/A,ok,
xluzytebrz,DFDC,0,SBI,visual,0.278824,probability,84.7,N/A,N/A,ok,
xmgbjoffhw,DFDC,0,SBI,visual,0.106923,probability,112.0,N/A,N/A,ok,
xmicatcwal,DFDC,0,SBI,visual,0.047789,probability,450.5,N/A,N/A,ok,
xmkdwanrgi,DFDC,0,SBI,visual,0.106011,probability,324.7,N/A,N/A,ok,
xmlmcqoeud,DFDC,0,SBI,visual,0.00278,probability,376.9,N/A,N/A,ok,
xmqiqilnub,DFDC,0,SBI,visual,0.043705,probability,416.3,N/A,N/A,ok,
xmsbprzipw,DFDC,0,SBI,visual,0.012123,probability,212.6,N/A,N/A,ok,
xnasbmkyxi,DFDC,0,SBI,visual,0.293124,probability,321.2,N/A,N/A,ok,
xnnzkcuuvn,DFDC,0,SBI,visual,0.22838,probability,289.5,N/A,N/A,ok,
xnwmohspsh,DFDC,0,SBI,visual,0.231402,probability,27.6,N/A,N/A,ok,
xomlklgzly,DFDC,0,SBI,visual,0.021078,probability,357.4,N/A,N/A,ok,
xozdwomljc,DFDC,0,SBI,visual,0.251081,probability,284.0,N/A,N/A,ok,
xpfoprekzb,DFDC,0,SBI,visual,0.01616,probability,414.3,N/A,N/A,ok,
xpnukbieer,DFDC,0,SBI,visual,0.269376,probability,297.4,N/A,N/A,ok,
xponkosxdl,DFDC,0,SBI,visual,0.142328,probability,599.1,N/A,N/A,ok,
xqrmxcfrpc,DFDC,0,SBI,visual,0.413324,probability,83.6,N/A,N/A,ok,
xqthvxzgsk,DFDC,0,SBI,visual,0.036129,probability,411.5,N/A,N/A,ok,
xqutvfhpua,DFDC,0,SBI,visual,0.005027,probability,324.3,N/A,N/A,ok,
xqwcmnfnbm,DFDC,0,SBI,visual,0.59914,probability,516.3,N/A,N/A,ok,
xrngyhyeyp,DFDC,0,SBI,visual,0.039124,probability,513.2,N/A,N/A,ok,
xrowfnuhpg,DFDC,0,SBI,visual,0.100561,probability,341.7,N/A,N/A,ok,
xrtqtgsfzj,DFDC,0,SBI,visual,0.205469,probability,412.5,N/A,N/A,ok,
xsjklzoylc,DFDC,0,SBI,visual,0.107786,probability,347.8,N/A,N/A,ok,
xsjpgihglk,DFDC,0,SBI,visual,0.190851,probability,64.0,N/A,N/A,ok,
xsmtgtcaow,DFDC,0,SBI,visual,0.08281,probability,325.5,N/A,N/A,ok,
xswfqylupt,DFDC,0,SBI,visual,0.067798,probability,601.3,N/A,N/A,ok,
xtauejcvmz,DFDC,0,SBI,visual,0.037388,probability,456.2,N/A,N/A,ok,
xtcjmefxpy,DFDC,0,SBI,visual,0.025749,probability,454.4,N/A,N/A,ok,
xtjcajokwj,DFDC,0,SBI,visual,0.009192,probability,341.1,N/A,N/A,ok,
xtkjrsloyr,DFDC,0,SBI,visual,0.118618,probability,399.2,N/A,N/A,ok,
xtplsbjrmz,DFDC,0,SBI,visual,0.095171,probability,297.0,N/A,N/A,ok,
xtwncexgeh,DFDC,0,SBI,visual,0.52673,probability,132.7,N/A,N/A,ok,
xucnemnjzb,DFDC,0,SBI,visual,0.131733,probability,425.2,N/A,N/A,ok,
xunexlwspc,DFDC,0,SBI,visual,0.007469,probability,573.9,N/A,N/A,ok,
xuudewecxh,DFDC,0,SBI,visual,0.722016,probability,229.5,N/A,N/A,ok,
xuwwthiyxt,DFDC,0,SBI,visual,0.057451,probability,388.5,N/A,N/A,ok,
xuzbrplbjk,DFDC,0,SBI,visual,0.078236,probability,420.2,N/A,N/A,ok,
xvkflltlbg,DFDC,0,SBI,visual,0.054262,probability,99.8,N/A,N/A,ok,
xvodcwgnxc,DFDC,0,SBI,visual,0.044647,probability,328.3,N/A,N/A,ok,
xvzkinvygh,DFDC,0,SBI,visual,0.030233,probability,447.2,N/A,N/A,ok,
xwfnfpawec,DFDC,0,SBI,visual,0.392729,probability,452.9,N/A,N/A,ok,
xwhzdedpdk,DFDC,0,SBI,visual,0.004247,probability,377.0,N/A,N/A,ok,
xwnmwwmqpr,DFDC,0,SBI,visual,0.09835,probability,298.5,N/A,N/A,ok,
xxdjfodacl,DFDC,0,SBI,visual,0.255408,probability,208.5,N/A,N/A,ok,
xxdpqshevt,DFDC,0,SBI,visual,0.10163,probability,312.0,N/A,N/A,ok,
xxpxvyaede,DFDC,0,SBI,visual,0.077136,probability,349.9,N/A,N/A,ok,
xyvepjhkfh,DFDC,0,SBI,visual,0.003972,probability,354.2,N/A,N/A,ok,
xywhnujoam,DFDC,0,SBI,visual,0.062077,probability,315.5,N/A,N/A,ok,
xzaapnwflf,DFDC,0,SBI,visual,0.09891,probability,350.0,N/A,N/A,ok,
xzbetxihsb,DFDC,0,SBI,visual,0.042271,probability,392.6,N/A,N/A,ok,
xzjowrishw,DFDC,0,SBI,visual,0.091223,probability,493.1,N/A,N/A,ok,
xzoyzmpuyd,DFDC,0,SBI,visual,0.077688,probability,413.5,N/A,N/A,ok,
xzxxpxvlzp,DFDC,0,SBI,visual,0.070156,probability,405.5,N/A,N/A,ok,
yashzhaexl,DFDC,0,SBI,visual,0.013381,probability,448.1,N/A,N/A,ok,
ybodpjvtkq,DFDC,0,SBI,visual,0.082739,probability,328.7,N/A,N/A,ok,
ybzbzgbkpa,DFDC,0,SBI,visual,0.056867,probability,370.0,N/A,N/A,ok,
ycjbvyazsm,DFDC,0,SBI,visual,0.023835,probability,420.2,N/A,N/A,ok,
yctbgyumdq,DFDC,0,SBI,visual,0.148039,probability,356.0,N/A,N/A,ok,
ydmfgdiuud,DFDC,0,SBI,visual,0.038055,probability,402.3,N/A,N/A,ok,
ydnghjmsfo,DFDC,0,SBI,visual,0.013527,probability,430.0,N/A,N/A,ok,
ydvcpnvczh,DFDC,0,SBI,visual,0.045451,probability,316.0,N/A,N/A,ok,
yeejrekvyp,DFDC,0,SBI,visual,0.091503,probability,244.4,N/A,N/A,ok,
yefddyksqy,DFDC,0,SBI,visual,0.094248,probability,325.6,N/A,N/A,ok,
yeihmddfdr,DFDC,0,SBI,visual,0.319177,probability,511.6,N/A,N/A,ok,
yeiiunruua,DFDC,0,SBI,visual,0.144462,probability,413.5,N/A,N/A,ok,
yexuleutfe,DFDC,0,SBI,visual,0.033495,probability,377.2,N/A,N/A,ok,
yfcpwpibgf,DFDC,0,SBI,visual,0.208384,probability,134.2,N/A,N/A,ok,
yffbqqnruu,DFDC,0,SBI,visual,0.251709,probability,421.5,N/A,N/A,ok,
yfvvpznojp,DFDC,0,SBI,visual,0.008214,probability,340.3,N/A,N/A,ok,
ygeckxmbdn,DFDC,0,SBI,visual,0.027599,probability,372.1,N/A,N/A,ok,
yghcuvgeul,DFDC,0,SBI,visual,0.121242,probability,300.0,N/A,N/A,ok,
ygmfkwyzkh,DFDC,0,SBI,visual,0.01512,probability,76.8,N/A,N/A,ok,
ygswhtoutr,DFDC,0,SBI,visual,0.072934,probability,398.3,N/A,N/A,ok,
ygwvqofytz,DFDC,0,SBI,visual,0.154995,probability,322.7,N/A,N/A,ok,
ygzruvvune,DFDC,0,SBI,visual,0.012763,probability,312.1,N/A,N/A,ok,
yhhrxmyxvl,DFDC,0,SBI,visual,0.046029,probability,329.5,N/A,N/A,ok,
yhxanpkfmf,DFDC,0,SBI,visual,0.061932,probability,432.0,N/A,N/A,ok,
yihozkdwlf,DFDC,0,SBI,visual,0.133498,probability,356.9,N/A,N/A,ok,
yjxlyhnnet,DFDC,0,SBI,visual,0.03111,probability,531.9,N/A,N/A,ok,
yjxpoqrjar,DFDC,0,SBI,visual,0.153595,probability,450.0,N/A,N/A,ok,
ykasbvvhmi,DFDC,0,SBI,visual,0.104562,probability,375.0,N/A,N/A,ok,
ykiuympsxc,DFDC,0,SBI,visual,0.154541,probability,341.6,N/A,N/A,ok,
ykjvguyxkr,DFDC,0,SBI,visual,0.030483,probability,323.2,N/A,N/A,ok,
ykuuaugqam,DFDC,0,SBI,visual,0.011612,probability,403.6,N/A,N/A,ok,
ylcsmljqfo,DFDC,0,SBI,visual,0.325528,probability,292.1,N/A,N/A,ok,
ymhuywucjt,DFDC,0,SBI,visual,0.336416,probability,198.0,N/A,N/A,ok,
ymivoceosk,DFDC,0,SBI,visual,0.188221,probability,133.3,N/A,N/A,ok,
ymnhlvuiey,DFDC,0,SBI,visual,0.143669,probability,327.4,N/A,N/A,ok,
ynivxssjrb,DFDC,0,SBI,visual,0.18421,probability,372.7,N/A,N/A,ok,
ynjfxqvhau,DFDC,0,SBI,visual,0.049925,probability,307.0,N/A,N/A,ok,
ynojgjrciu,DFDC,0,SBI,visual,0.112439,probability,323.7,N/A,N/A,ok,
ynvmvztdbj,DFDC,0,SBI,visual,0.120297,probability,299.1,N/A,N/A,ok,
yomlbebwta,DFDC,0,SBI,visual,0.008714,probability,397.9,N/A,N/A,ok,
yovkuemvrm,DFDC,0,SBI,visual,0.157916,probability,341.5,N/A,N/A,ok,
ypggxqmpas,DFDC,0,SBI,visual,0.238048,probability,422.3,N/A,N/A,ok,
yphbbsrigi,DFDC,0,SBI,visual,0.489138,probability,353.5,N/A,N/A,ok,
ypjlhsfabh,DFDC,0,SBI,visual,0.01231,probability,457.2,N/A,N/A,ok,
ypynngogmf,DFDC,0,SBI,visual,0.154584,probability,371.6,N/A,N/A,ok,
yqagtasgjq,DFDC,0,SBI,visual,0.210757,probability,355.9,N/A,N/A,ok,
yqeqxodgsd,DFDC,0,SBI,visual,0.066261,probability,395.3,N/A,N/A,ok,
yqkgakqgpy,DFDC,0,SBI,visual,0.259895,probability,336.8,N/A,N/A,ok,
yqpcnfsjnz,DFDC,0,SBI,visual,0.068651,probability,406.9,N/A,N/A,ok,
yqudslcsps,DFDC,0,SBI,visual,0.012504,probability,398.7,N/A,N/A,ok,
yrcnoongvw,DFDC,0,SBI,visual,0.375555,probability,396.4,N/A,N/A,ok,
ysifwmwpnm,DFDC,0,SBI,visual,0.045717,probability,398.8,N/A,N/A,ok,
ysiqrtyjnq,DFDC,0,SBI,visual,0.038582,probability,365.9,N/A,N/A,ok,
ytptfrfgva,DFDC,0,SBI,visual,0.008529,probability,560.1,N/A,N/A,ok,
yuyokxvvkd,DFDC,0,SBI,visual,0.005589,probability,492.4,N/A,N/A,ok,
yuzpqxcoou,DFDC,0,SBI,visual,0.051478,probability,534.8,N/A,N/A,ok,
yvdhidwjfq,DFDC,0,SBI,visual,0.145058,probability,104.5,N/A,N/A,ok,
yvmaqkqvax,DFDC,0,SBI,visual,0.088287,probability,355.4,N/A,N/A,ok,
yvuirrfepu,DFDC,0,SBI,visual,0.029766,probability,487.1,N/A,N/A,ok,
ywnkmsnbhm,DFDC,0,SBI,visual,0.054295,probability,429.9,N/A,N/A,ok,
ywrupvbzxc,DFDC,0,SBI,visual,0.024064,probability,364.5,N/A,N/A,ok,
ywrzdaxyae,DFDC,0,SBI,visual,0.416817,probability,281.0,N/A,N/A,ok,
yxszpsblwh,DFDC,0,SBI,visual,0.103443,probability,428.7,N/A,N/A,ok,
yxvspzlzel,DFDC,0,SBI,visual,0.003869,probability,40.7,N/A,N/A,ok,
yxwdjlwxdq,DFDC,0,SBI,visual,0.05513,probability,311.3,N/A,N/A,ok,
yycszhnugz,DFDC,0,SBI,visual,0.406888,probability,240.7,N/A,N/A,ok,
yylpmzrrgb,DFDC,0,SBI,visual,0.353627,probability,326.2,N/A,N/A,ok,
yymrcfeynf,DFDC,0,SBI,visual,0.073064,probability,310.6,N/A,N/A,ok,
yytwhtrjbr,DFDC,0,SBI,visual,0.031357,probability,436.9,N/A,N/A,ok,
yzaqslbjqi,DFDC,0,SBI,visual,0.015509,probability,342.8,N/A,N/A,ok,
yzeeowuolt,DFDC,0,SBI,visual,0.029081,probability,428.6,N/A,N/A,ok,
zabgwmstah,DFDC,0,SBI,visual,0.103375,probability,142.3,N/A,N/A,ok,
zagojgboyk,DFDC,0,SBI,visual,0.02628,probability,481.9,N/A,N/A,ok,
zasbjnuvnl,DFDC,0,SBI,visual,0.037986,probability,404.3,N/A,N/A,ok,
zawrowtznc,DFDC,0,SBI,visual,0.027281,probability,449.5,N/A,N/A,ok,
zazxcclahs,DFDC,0,SBI,visual,0.069036,probability,405.8,N/A,N/A,ok,
zbsziqydop,DFDC,0,SBI,visual,0.017117,probability,133.2,N/A,N/A,ok,
zbwmrobpoe,DFDC,0,SBI,visual,0.125083,probability,341.0,N/A,N/A,ok,
zbyetlaaas,DFDC,0,SBI,visual,0.103379,probability,373.1,N/A,N/A,ok,
zchwmtppla,DFDC,0,SBI,visual,0.21085,probability,420.4,N/A,N/A,ok,
zcnfzgfene,DFDC,0,SBI,visual,0.034366,probability,387.5,N/A,N/A,ok,
zcxqositzo,DFDC,0,SBI,visual,0.18022,probability,165.8,N/A,N/A,ok,
zdiezfrwce,DFDC,0,SBI,visual,0.145711,probability,357.8,N/A,N/A,ok,
zdlnftxwbp,DFDC,0,SBI,visual,0.038404,probability,516.7,N/A,N/A,ok,
zdnoqsndsn,DFDC,0,SBI,visual,0.165579,probability,354.7,N/A,N/A,ok,
zdpjbrvzsb,DFDC,0,SBI,visual,0.360366,probability,340.9,N/A,N/A,ok,
zdtljomcrw,DFDC,0,SBI,visual,0.039255,probability,356.3,N/A,N/A,ok,
zefxnhtoof,DFDC,0,SBI,visual,0.102145,probability,370.0,N/A,N/A,ok,
zeldjjywsx,DFDC,0,SBI,visual,0.004263,probability,374.7,N/A,N/A,ok,
zenypceztx,DFDC,0,SBI,visual,0.020759,probability,324.8,N/A,N/A,ok,
zeslwymrcy,DFDC,0,SBI,visual,0.272795,probability,579.4,N/A,N/A,ok,
zffenlgire,DFDC,0,SBI,visual,0.970899,probability,75.4,N/A,N/A,ok,
zfhbfihmbe,DFDC,0,SBI,visual,0.015368,probability,511.7,N/A,N/A,ok,
zfsswvirmo,DFDC,0,SBI,visual,0.095355,probability,450.0,N/A,N/A,ok,
zgfcgaccee,DFDC,0,SBI,visual,0.044711,probability,485.4,N/A,N/A,ok,
zgrpfnpmzk,DFDC,0,SBI,visual,0.032455,probability,466.7,N/A,N/A,ok,
zhclqxjhbz,DFDC,0,SBI,visual,0.027785,probability,404.0,N/A,N/A,ok,
zhepxetbol,DFDC,0,SBI,visual,0.072365,probability,426.7,N/A,N/A,ok,
zhjxxyiidz,DFDC,0,SBI,visual,0.308347,probability,323.6,N/A,N/A,ok,
zhmprdhxjc,DFDC,0,SBI,visual,0.20086,probability,229.1,N/A,N/A,ok,
zhopdkyhsh,DFDC,0,SBI,visual,0.06612,probability,340.4,N/A,N/A,ok,
zhvgnrrool,DFDC,0,SBI,visual,0.053902,probability,479.1,N/A,N/A,ok,
zibadqonpe,DFDC,0,SBI,visual,0.026745,probability,47.8,N/A,N/A,ok,
zikqgseynj,DFDC,0,SBI,visual,0.085227,probability,357.2,N/A,N/A,ok,
zinqxjwaow,DFDC,0,SBI,visual,0.02231,probability,68.5,N/A,N/A,ok,
zisiimyudw,DFDC,0,SBI,visual,0.236884,probability,291.6,N/A,N/A,ok,
zisoyrdihd,DFDC,0,SBI,visual,0.018609,probability,335.4,N/A,N/A,ok,
zitfdstrhm,DFDC,0,SBI,visual,0.144787,probability,403.2,N/A,N/A,ok,
zixcybnzyp,DFDC,0,SBI,visual,0.200722,probability,264.6,N/A,N/A,ok,
zkhgunxqzu,DFDC,0,SBI,visual,0.264648,probability,400.5,N/A,N/A,ok,
zkjjmyiefs,DFDC,0,SBI,visual,0.043153,probability,458.7,N/A,N/A,ok,
zkpihciokr,DFDC,0,SBI,visual,0.026208,probability,174.4,N/A,N/A,ok,
zksbbuxhqm,DFDC,0,SBI,visual,0.016131,probability,451.7,N/A,N/A,ok,
zlkrdhxtgm,DFDC,0,SBI,visual,0.285963,probability,403.9,N/A,N/A,ok,
zlneotuamf,DFDC,0,SBI,visual,0.05853,probability,34.3,N/A,N/A,ok,
zlwanekhnn,DFDC,0,SBI,visual,0.406169,probability,440.3,N/A,N/A,ok,
zmbymhgqhh,DFDC,0,SBI,visual,0.261598,probability,300.6,N/A,N/A,ok,
zmkxwtsxzj,DFDC,0,SBI,visual,0.022593,probability,348.3,N/A,N/A,ok,
zmslswnrxk,DFDC,0,SBI,visual,0.012789,probability,396.1,N/A,N/A,ok,
zngikvpqnv,DFDC,0,SBI,visual,0.002733,probability,408.5,N/A,N/A,ok,
zobplygbiw,DFDC,0,SBI,visual,0.093548,probability,391.5,N/A,N/A,ok,
zocqpbvpsq,DFDC,0,SBI,visual,0.041765,probability,353.3,N/A,N/A,ok,
zosplhrcun,DFDC,0,SBI,visual,0.037,probability,451.2,N/A,N/A,ok,
zovarqlaew,DFDC,0,SBI,visual,0.008984,probability,532.6,N/A,N/A,ok,
zovtuplbro,DFDC,0,SBI,visual,0.459441,probability,112.0,N/A,N/A,ok,
zpbtknjypn,DFDC,0,SBI,visual,0.232145,probability,432.6,N/A,N/A,ok,
zphenkffdo,DFDC,0,SBI,visual,0.60518,probability,99.9,N/A,N/A,ok,
zppppkvwiy,DFDC,0,SBI,visual,0.234023,probability,164.0,N/A,N/A,ok,
zptcwzlsbx,DFDC,0,SBI,visual,0.158078,probability,229.4,N/A,N/A,ok,
zqeeoawskb,DFDC,0,SBI,visual,0.235104,probability,419.7,N/A,N/A,ok,
zqrxvrkrhj,DFDC,0,SBI,visual,0.020906,probability,326.7,N/A,N/A,ok,
zrrdexbudu,DFDC,0,SBI,visual,0.127665,probability,371.1,N/A,N/A,ok,
zteyggarml,DFDC,0,SBI,visual,0.158378,probability,387.8,N/A,N/A,ok,
ztezjrppda,DFDC,0,SBI,visual,0.365391,probability,41.0,N/A,N/A,ok,
zunozuhoqz,DFDC,0,SBI,visual,0.034104,probability,383.5,N/A,N/A,ok,
zvrhacrfdi,DFDC,0,SBI,visual,0.035057,probability,652.4,N/A,N/A,ok,
zvtrheqhpp,DFDC,0,SBI,visual,0.081884,probability,507.8,N/A,N/A,ok,
zwkukwjoyt,DFDC,0,SBI,visual,0.113021,probability,271.6,N/A,N/A,ok,
zwoxakqjqp,DFDC,0,SBI,visual,0.009407,probability,477.4,N/A,N/A,ok,
zxiqikpwev,DFDC,0,SBI,visual,0.085575,probability,483.8,N/A,N/A,ok,
zyesyrhgqs,DFDC,0,SBI,visual,0.037264,probability,387.3,N/A,N/A,ok,
zzgjrkgdgg,DFDC,0,SBI,visual,0.005897,probability,353.7,N/A,N/A,ok,
zztotvpkjc,DFDC,0,SBI,visual,0.193973,probability,83.6,N/A,N/A,ok,
zzyawcrxmh,DFDC,0,SBI,visual,0.643604,probability,335.0,N/A,N/A,ok,
aamrozxzsq,DFDC,1,SBI,visual,0.211679,probability,650.7,N/A,N/A,ok,
aaoqanfmgd,DFDC,1,SBI,visual,0.058502,probability,893.3,N/A,N/A,ok,
aaxxukfwqe,DFDC,1,SBI,visual,0.100102,probability,577.9,N/A,N/A,ok,
aaygrlxdvd,DFDC,1,SBI,visual,0.839521,probability,616.2,N/A,N/A,ok,
abanuvjvgh,DFDC,1,SBI,visual,0.092358,probability,715.4,N/A,N/A,ok,
abdlfvoaia,DFDC,1,SBI,visual,0.026661,probability,596.6,N/A,N/A,ok,
abheqcjyls,DFDC,1,SBI,visual,0.080924,probability,708.2,N/A,N/A,ok,
abzjyreetb,DFDC,1,SBI,visual,0.475156,probability,673.6,N/A,N/A,ok,
accgpnpbll,DFDC,1,SBI,visual,0.040891,probability,559.6,N/A,N/A,ok,
ackyocyhda,DFDC,1,SBI,visual,0.498073,probability,557.7,N/A,N/A,ok,
acsaejxizf,DFDC,1,SBI,visual,0.781443,probability,560.4,N/A,N/A,ok,
actcsinsyn,DFDC,1,SBI,visual,0.383721,probability,392.7,N/A,N/A,ok,
acwemvfriu,DFDC,1,SBI,visual,0.202186,probability,545.9,N/A,N/A,ok,
aczoacmgii,DFDC,1,SBI,visual,0.556832,probability,305.5,N/A,N/A,ok,
adaxadcmmc,DFDC,1,SBI,visual,0.470408,probability,325.0,N/A,N/A,ok,
adtvpabkdk,DFDC,1,SBI,visual,0.452509,probability,462.3,N/A,N/A,ok,
aebrfbintp,DFDC,1,SBI,visual,0.013197,probability,582.8,N/A,N/A,ok,
aeetlrrqpy,DFDC,1,SBI,visual,0.397471,probability,201.3,N/A,N/A,ok,
aegkavekbj,DFDC,1,SBI,visual,0.168121,probability,372.2,N/A,N/A,ok,
aeliayugdj,DFDC,1,SBI,visual,0.993026,probability,487.4,N/A,N/A,ok,
aequjvehep,DFDC,1,SBI,visual,0.025273,probability,400.7,N/A,N/A,ok,
aewayrgnin,DFDC,1,SBI,visual,0.174724,probability,213.7,N/A,N/A,ok,
afbpqkmxwe,DFDC,1,SBI,visual,0.041786,probability,745.4,N/A,N/A,ok,
agboygijqu,DFDC,1,SBI,visual,0.472929,probability,436.3,N/A,N/A,ok,
agjcjtqwxb,DFDC,1,SBI,visual,0.05004,probability,223.1,N/A,N/A,ok,
agotwxujhe,DFDC,1,SBI,visual,0.135818,probability,470.4,N/A,N/A,ok,
agwpcqgook,DFDC,1,SBI,visual,0.49031,probability,440.1,N/A,N/A,ok,
aheipdiaai,DFDC,1,SBI,visual,0.191559,probability,970.6,N/A,N/A,ok,
ahfcqsebdn,DFDC,1,SBI,visual,0.331502,probability,743.1,N/A,N/A,ok,
aiadzztfie,DFDC,1,SBI,visual,0.008563,probability,485.7,N/A,N/A,ok,
aijbxxjini,DFDC,1,SBI,visual,0.117298,probability,612.0,N/A,N/A,ok,
ajicifdhkl,DFDC,1,SBI,visual,0.258776,probability,516.0,N/A,N/A,ok,
ajjumdrvbz,DFDC,1,SBI,visual,0.178157,probability,409.5,N/A,N/A,ok,
ajlmaswovx,DFDC,1,SBI,visual,0.362236,probability,148.0,N/A,N/A,ok,
ajndpvvqgi,DFDC,1,SBI,visual,0.124746,probability,332.0,N/A,N/A,ok,
ajoyrlyqcg,DFDC,1,SBI,visual,0.017697,probability,247.8,N/A,N/A,ok,
ajrjxcbvpy,DFDC,1,SBI,visual,0.185842,probability,312.0,N/A,N/A,ok,
ajukjltttq,DFDC,1,SBI,visual,0.359631,probability,425.0,N/A,N/A,ok,
ajuqpvxghw,DFDC,1,SBI,visual,0.512937,probability,379.6,N/A,N/A,ok,
ajyndmplcj,DFDC,1,SBI,visual,0.30195,probability,321.9,N/A,N/A,ok,
ajyphpffjq,DFDC,1,SBI,visual,0.291311,probability,344.5,N/A,N/A,ok,
akdyxhdvsn,DFDC,1,SBI,visual,0.341623,probability,27.6,N/A,N/A,ok,
akgbendoho,DFDC,1,SBI,visual,0.037429,probability,405.7,N/A,N/A,ok,
akjmrcyqon,DFDC,1,SBI,visual,0.040696,probability,221.0,N/A,N/A,ok,
alcwnrsocr,DFDC,1,SBI,visual,0.242943,probability,123.6,N/A,N/A,ok,
allgsojvol,DFDC,1,SBI,visual,0.304509,probability,393.1,N/A,N/A,ok,
alxbcivwow,DFDC,1,SBI,visual,0.293058,probability,487.8,N/A,N/A,ok,
alzmdquosn,DFDC,1,SBI,visual,0.582994,probability,528.1,N/A,N/A,ok,
amgjxfmtys,DFDC,1,SBI,visual,0.150016,probability,622.2,N/A,N/A,ok,
amglqdgbev,DFDC,1,SBI,visual,0.072618,probability,570.6,N/A,N/A,ok,
amimehafgd,DFDC,1,SBI,visual,0.307866,probability,542.7,N/A,N/A,ok,
ammxvdodoj,DFDC,1,SBI,visual,0.212046,probability,589.6,N/A,N/A,ok,
amwhgrjvkw,DFDC,1,SBI,visual,0.286981,probability,171.2,N/A,N/A,ok,
anbwazfoqq,DFDC,1,SBI,visual,0.088657,probability,244.5,N/A,N/A,ok,
anwjyexgco,DFDC,1,SBI,visual,0.010449,probability,406.8,N/A,N/A,ok,
aojmitmdps,DFDC,1,SBI,visual,0.279036,probability,417.3,N/A,N/A,ok,
aopxwjvixh,DFDC,1,SBI,visual,0.06786,probability,359.1,N/A,N/A,ok,
aoseweruvl,DFDC,1,SBI,visual,0.116099,probability,260.3,N/A,N/A,ok,
apcdwmjxvo,DFDC,1,SBI,visual,0.550275,probability,331.9,N/A,N/A,ok,
apinnvhoub,DFDC,1,SBI,visual,0.378469,probability,392.5,N/A,N/A,ok,
aptiynmftl,DFDC,1,SBI,visual,0.587002,probability,372.5,N/A,N/A,ok,
apxvcgeale,DFDC,1,SBI,visual,0.206559,probability,343.8,N/A,N/A,ok,
apzddimgzr,DFDC,1,SBI,visual,0.253769,probability,322.5,N/A,N/A,ok,
aqosntzsws,DFDC,1,SBI,visual,0.122767,probability,375.1,N/A,N/A,ok,
aqrfwmaxsc,DFDC,1,SBI,visual,0.467896,probability,372.5,N/A,N/A,ok,
ardzcbujjc,DFDC,1,SBI,visual,0.370123,probability,453.4,N/A,N/A,ok,
armrdzmgav,DFDC,1,SBI,visual,0.985925,probability,445.9,N/A,N/A,ok,
aruuwelxrv,DFDC,1,SBI,visual,0.243097,probability,557.4,N/A,N/A,ok,
asrdqzspqj,DFDC,1,SBI,visual,0.178068,probability,439.5,N/A,N/A,ok,
astfuznijm,DFDC,1,SBI,visual,0.489535,probability,432.4,N/A,N/A,ok,
aswwimjudg,DFDC,1,SBI,visual,0.675534,probability,439.3,N/A,N/A,ok,
asxjsmwsfd,DFDC,1,SBI,visual,0.051822,probability,376.3,N/A,N/A,ok,
athiurugzg,DFDC,1,SBI,visual,0.201661,probability,439.9,N/A,N/A,ok,
atngtvgsqz,DFDC,1,SBI,visual,0.074185,probability,429.5,N/A,N/A,ok,
atsnlkcrea,DFDC,1,SBI,visual,0.485195,probability,363.7,N/A,N/A,ok,
atzwngrzez,DFDC,1,SBI,visual,0.727203,probability,412.0,N/A,N/A,ok,
auhhwfzmvw,DFDC,1,SBI,visual,0.149921,probability,428.9,N/A,N/A,ok,
aulattntes,DFDC,1,SBI,visual,0.274543,probability,30.1,N/A,N/A,ok,
auomfeqgtj,DFDC,1,SBI,visual,0.031789,probability,327.6,N/A,N/A,ok,
avtkdiqllr,DFDC,1,SBI,visual,0.464128,probability,52.5,N/A,N/A,ok,
avweiyeelf,DFDC,1,SBI,visual,0.587471,probability,434.2,N/A,N/A,ok,
avypixeujq,DFDC,1,SBI,visual,0.062712,probability,389.3,N/A,N/A,ok,
ayagglqkys,DFDC,1,SBI,visual,0.871582,probability,582.1,N/A,N/A,ok,
ayerajnhmy,DFDC,1,SBI,visual,0.272268,probability,134.1,N/A,N/A,ok,
aynopeqpyf,DFDC,1,SBI,visual,0.298982,probability,366.2,N/A,N/A,ok,
ayyngmwebw,DFDC,1,SBI,visual,0.177578,probability,515.8,N/A,N/A,ok,
azdtcaxvxw,DFDC,1,SBI,visual,0.302473,probability,435.8,N/A,N/A,ok,
azebzruzqi,DFDC,1,SBI,visual,0.040195,probability,406.1,N/A,N/A,ok,
azfqzngkga,DFDC,1,SBI,visual,0.918817,probability,367.6,N/A,N/A,ok,
azoowhvqng,DFDC,1,SBI,visual,0.970625,probability,413.6,N/A,N/A,ok,
bahslhiujq,DFDC,1,SBI,visual,0.084614,probability,319.7,N/A,N/A,ok,
baxkiopsps,DFDC,1,SBI,visual,0.519484,probability,400.5,N/A,N/A,ok,
bbbcqjmpyu,DFDC,1,SBI,visual,0.535131,probability,386.9,N/A,N/A,ok,
bbjmqnuhea,DFDC,1,SBI,visual,0.322658,probability,411.7,N/A,N/A,ok,
bbyemmiuwy,DFDC,1,SBI,visual,0.708997,probability,379.1,N/A,N/A,ok,
bcawgqaica,DFDC,1,SBI,visual,0.283978,probability,144.6,N/A,N/A,ok,
bcjatefpva,DFDC,1,SBI,visual,0.057716,probability,378.4,N/A,N/A,ok,
bcpzcqbwcv,DFDC,1,SBI,visual,0.730648,probability,498.6,N/A,N/A,ok,
bdekjiaakf,DFDC,1,SBI,visual,0.399449,probability,401.5,N/A,N/A,ok,
bedtxqqodx,DFDC,1,SBI,visual,0.016898,probability,540.5,N/A,N/A,ok,
bemsdmintq,DFDC,1,SBI,visual,0.066574,probability,558.3,N/A,N/A,ok,
berivhgeil,DFDC,1,SBI,visual,0.705596,probability,425.9,N/A,N/A,ok,
betcgskcqv,DFDC,1,SBI,visual,0.008485,probability,381.2,N/A,N/A,ok,
betrjffelh,DFDC,1,SBI,visual,0.24349,probability,364.4,N/A,N/A,ok,
bfflcttxnt,DFDC,1,SBI,visual,0.077019,probability,339.4,N/A,N/A,ok,
bfhopktrek,DFDC,1,SBI,visual,0.051421,probability,323.7,N/A,N/A,ok,
bfkjxlcflx,DFDC,1,SBI,visual,0.171122,probability,129.5,N/A,N/A,ok,
bfungfwban,DFDC,1,SBI,visual,0.081193,probability,392.2,N/A,N/A,ok,
bgatehlaff,DFDC,1,SBI,visual,0.736633,probability,327.1,N/A,N/A,ok,
bghrzhnugd,DFDC,1,SBI,visual,0.0696,probability,299.5,N/A,N/A,ok,
bgkxbzfirn,DFDC,1,SBI,visual,0.086514,probability,380.1,N/A,N/A,ok,
bgmhxtkgsr,DFDC,1,SBI,visual,0.066272,probability,372.0,N/A,N/A,ok,
bgxuqahjrj,DFDC,1,SBI,visual,0.270856,probability,454.1,N/A,N/A,ok,
bgyddrjzhs,DFDC,1,SBI,visual,0.127339,probability,353.0,N/A,N/A,ok,
bhbzlgisdx,DFDC,1,SBI,visual,0.011914,probability,329.2,N/A,N/A,ok,
bhdexivpfb,DFDC,1,SBI,visual,0.875454,probability,396.8,N/A,N/A,ok,
bhgytazmnr,DFDC,1,SBI,visual,0.60064,probability,195.8,N/A,N/A,ok,
bhkzywsspn,DFDC,1,SBI,visual,0.088182,probability,471.7,N/A,N/A,ok,
bhvbcfoncb,DFDC,1,SBI,visual,0.048214,probability,464.6,N/A,N/A,ok,
bhweacrpeq,DFDC,1,SBI,visual,0.063625,probability,369.7,N/A,N/A,ok,
bhwzbrpxhp,DFDC,1,SBI,visual,0.219935,probability,375.3,N/A,N/A,ok,
bicgaytdfq,DFDC,1,SBI,visual,0.023384,probability,366.6,N/A,N/A,ok,
bikvdfnkzq,DFDC,1,SBI,visual,0.875923,probability,186.4,N/A,N/A,ok,
birmwqpwir,DFDC,1,SBI,visual,0.121543,probability,301.5,N/A,N/A,ok,
biubwbniij,DFDC,1,SBI,visual,0.467369,probability,360.2,N/A,N/A,ok,
bjbexcuhxz,DFDC,1,SBI,visual,0.041802,probability,308.4,N/A,N/A,ok,
bjdaxfsyml,DFDC,1,SBI,visual,0.04577,probability,337.7,N/A,N/A,ok,
bjkqjwmqcq,DFDC,1,SBI,visual,0.164324,probability,384.9,N/A,N/A,ok,
bjrkhwkzvz,DFDC,1,SBI,visual,0.024916,probability,355.4,N/A,N/A,ok,
bjvkckgvft,DFDC,1,SBI,visual,0.983384,probability,326.9,N/A,N/A,ok,
bmfycvxqfw,DFDC,1,SBI,visual,0.212827,probability,370.9,N/A,N/A,ok,
bmglulhfuy,DFDC,1,SBI,visual,0.203842,probability,393.7,N/A,N/A,ok,
bmrbchnwgp,DFDC,1,SBI,visual,0.793171,probability,347.0,N/A,N/A,ok,
bmutrpdpyo,DFDC,1,SBI,visual,0.866185,probability,389.2,N/A,N/A,ok,
bonknblnfx,DFDC,1,SBI,visual,0.625866,probability,496.9,N/A,N/A,ok,
bpecnnfcpx,DFDC,1,SBI,visual,0.018911,probability,582.2,N/A,N/A,ok,
bpluqlfkfz,DFDC,1,SBI,visual,0.045539,probability,432.7,N/A,N/A,ok,
bponybmbpg,DFDC,1,SBI,visual,0.376374,probability,428.7,N/A,N/A,ok,
bppwlvpexl,DFDC,1,SBI,visual,0.323732,probability,293.9,N/A,N/A,ok,
bpvkstipjg,DFDC,1,SBI,visual,0.022265,probability,403.0,N/A,N/A,ok,
bqwadqauxu,DFDC,1,SBI,visual,0.522358,probability,425.1,N/A,N/A,ok,
bqxqsjrdpu,DFDC,1,SBI,visual,0.331568,probability,356.8,N/A,N/A,ok,
brcqtpnjtq,DFDC,1,SBI,visual,0.556446,probability,142.6,N/A,N/A,ok,
bselelhbng,DFDC,1,SBI,visual,0.064794,probability,435.2,N/A,N/A,ok,
bsgxjhzsep,DFDC,1,SBI,visual,0.208789,probability,383.8,N/A,N/A,ok,
bsksbhdevq,DFDC,1,SBI,visual,0.549069,probability,369.7,N/A,N/A,ok,
bsndajkmrp,DFDC,1,SBI,visual,0.997683,probability,341.6,N/A,N/A,ok,
bsnxyjrvtl,DFDC,1,SBI,visual,0.079115,probability,356.4,N/A,N/A,ok,
bsqvwyokky,DFDC,1,SBI,visual,0.494745,probability,356.6,N/A,N/A,ok,
bsxcfiyymh,DFDC,1,SBI,visual,0.128442,probability,305.1,N/A,N/A,ok,
bsxtruewvv,DFDC,1,SBI,visual,0.075016,probability,366.4,N/A,N/A,ok,
bszlvbpzwq,DFDC,1,SBI,visual,0.263528,probability,381.7,N/A,N/A,ok,
btaziuwczl,DFDC,1,SBI,visual,0.986713,probability,480.0,N/A,N/A,ok,
bteatvsmie,DFDC,1,SBI,visual,0.978774,probability,169.6,N/A,N/A,ok,
btopkycuih,DFDC,1,SBI,visual,0.691718,probability,362.1,N/A,N/A,ok,
bubqazcubp,DFDC,1,SBI,visual,0.005731,probability,440.5,N/A,N/A,ok,
bumrbxdaal,DFDC,1,SBI,visual,0.021775,probability,590.6,N/A,N/A,ok,
buquxnfuzk,DFDC,1,SBI,visual,0.998251,probability,419.2,N/A,N/A,ok,
butaprytet,DFDC,1,SBI,visual,0.402624,probability,225.0,N/A,N/A,ok,
bvchgzkarr,DFDC,1,SBI,visual,0.481092,probability,420.0,N/A,N/A,ok,
bvevemxznu,DFDC,1,SBI,visual,0.487065,probability,87.9,N/A,N/A,ok,
bvrmbdunqr,DFDC,1,SBI,visual,0.060441,probability,460.0,N/A,N/A,ok,
bvvztefxoq,DFDC,1,SBI,visual,0.507078,probability,82.8,N/A,N/A,ok,
bvxlnawyit,DFDC,1,SBI,visual,0.248839,probability,430.0,N/A,N/A,ok,
bwizppstsl,DFDC,1,SBI,visual,0.133407,probability,457.2,N/A,N/A,ok,
bwpgpudbio,DFDC,1,SBI,visual,0.285879,probability,372.1,N/A,N/A,ok,
bwpmdgrpnf,DFDC,1,SBI,visual,0.040294,probability,327.0,N/A,N/A,ok,
bwzencqhhq,DFDC,1,SBI,visual,0.072602,probability,284.7,N/A,N/A,ok,
bxgfrpxpyp,DFDC,1,SBI,visual,0.600696,probability,81.1,N/A,N/A,ok,
bxmngakzzp,DFDC,1,SBI,visual,0.776839,probability,418.4,N/A,N/A,ok,
bydjvlnsvt,DFDC,1,SBI,visual,0.039765,probability,443.6,N/A,N/A,ok,
bydqktorog,DFDC,1,SBI,visual,0.195069,probability,466.6,N/A,N/A,ok,
byfhnzxilf,DFDC,1,SBI,visual,0.380166,probability,586.9,N/A,N/A,ok,
bysostpbhm,DFDC,1,SBI,visual,0.167761,probability,86.9,N/A,N/A,ok,
bywpqmtlof,DFDC,1,SBI,visual,0.355249,probability,408.4,N/A,N/A,ok,
byxyeqdddg,DFDC,1,SBI,visual,0.011833,probability,334.7,N/A,N/A,ok,
bzfhcltydy,DFDC,1,SBI,visual,0.427238,probability,357.2,N/A,N/A,ok,
bzthbheujd,DFDC,1,SBI,visual,0.136491,probability,378.9,N/A,N/A,ok,
bztozywipo,DFDC,1,SBI,visual,0.109186,probability,59.5,N/A,N/A,ok,
bzukmyisji,DFDC,1,SBI,visual,0.167631,probability,365.3,N/A,N/A,ok,
caognotpue,DFDC,1,SBI,visual,0.027912,probability,443.3,N/A,N/A,ok,
cawlvktmag,DFDC,1,SBI,visual,0.225915,probability,352.5,N/A,N/A,ok,
cazzomtxnd,DFDC,1,SBI,visual,0.012751,probability,358.0,N/A,N/A,ok,
cbadplrqkh,DFDC,1,SBI,visual,0.614897,probability,381.9,N/A,N/A,ok,
cbsdgahijn,DFDC,1,SBI,visual,0.089897,probability,399.1,N/A,N/A,ok,
cbsjspmfgu,DFDC,1,SBI,visual,0.645647,probability,386.7,N/A,N/A,ok,
cbyfxqlbsb,DFDC,1,SBI,visual,0.420072,probability,369.8,N/A,N/A,ok,
ccaprrmvpd,DFDC,1,SBI,visual,0.032182,probability,322.0,N/A,N/A,ok,
cccjtnbhev,DFDC,1,SBI,visual,0.154742,probability,451.4,N/A,N/A,ok,
cckudoosrc,DFDC,1,SBI,visual,0.315516,probability,393.9,N/A,N/A,ok,
cdksrecrsu,DFDC,1,SBI,visual,0.015641,probability,446.9,N/A,N/A,ok,
cdlyhgbhkb,DFDC,1,SBI,visual,0.362414,probability,438.5,N/A,N/A,ok,
cdsktxnmwc,DFDC,1,SBI,visual,0.071617,probability,314.1,N/A,N/A,ok,
ceexspxazd,DFDC,1,SBI,visual,0.98318,probability,379.4,N/A,N/A,ok,
cekgikvpvh,DFDC,1,SBI,visual,0.14012,probability,338.2,N/A,N/A,ok,
ceqlrkstne,DFDC,1,SBI,visual,0.984821,probability,483.1,N/A,N/A,ok,
ceqouihcqk,DFDC,1,SBI,visual,0.593488,probability,392.6,N/A,N/A,ok,
ceszappvzi,DFDC,1,SBI,visual,0.086471,probability,298.7,N/A,N/A,ok,
ceuzzanrsu,DFDC,1,SBI,visual,0.299848,probability,312.3,N/A,N/A,ok,
cevntbcdly,DFDC,1,SBI,visual,0.253485,probability,449.7,N/A,N/A,ok,
cggytqejvi,DFDC,1,SBI,visual,0.749973,probability,157.0,N/A,N/A,ok,
cgjqvizvqh,DFDC,1,SBI,visual,0.258688,probability,155.4,N/A,N/A,ok,
cgqxoxwbmj,DFDC,1,SBI,visual,0.009574,probability,330.5,N/A,N/A,ok,
cgwztfzqlh,DFDC,1,SBI,visual,0.023688,probability,327.5,N/A,N/A,ok,
chlrfortqx,DFDC,1,SBI,visual,0.614735,probability,392.2,N/A,N/A,ok,
chovynptuk,DFDC,1,SBI,visual,0.355914,probability,312.1,N/A,N/A,ok,
chqxntzzbp,DFDC,1,SBI,visual,0.918939,probability,376.0,N/A,N/A,ok,
chukkiiqbf,DFDC,1,SBI,visual,0.656635,probability,611.7,N/A,N/A,ok,
cidbvkvngw,DFDC,1,SBI,visual,0.675813,probability,322.0,N/A,N/A,ok,
ciliqpddvd,DFDC,1,SBI,visual,0.007208,probability,359.9,N/A,N/A,ok,
cisqkgjtsw,DFDC,1,SBI,visual,0.104524,probability,331.5,N/A,N/A,ok,
ciwahizfkp,DFDC,1,SBI,visual,0.278349,probability,386.8,N/A,N/A,ok,
ciyiyjdxsj,DFDC,1,SBI,visual,0.019266,probability,329.7,N/A,N/A,ok,
cjglhsmogy,DFDC,1,SBI,visual,0.021917,probability,346.0,N/A,N/A,ok,
cjjrupwxkf,DFDC,1,SBI,visual,0.235719,probability,339.9,N/A,N/A,ok,
cjnunntvhb,DFDC,1,SBI,visual,0.036977,probability,455.7,N/A,N/A,ok,
cjqaihwwev,DFDC,1,SBI,visual,0.042043,probability,388.2,N/A,N/A,ok,
clcxoiarbb,DFDC,1,SBI,visual,0.266846,probability,368.9,N/A,N/A,ok,
cldsjiixqs,DFDC,1,SBI,visual,0.116148,probability,545.1,N/A,N/A,ok,
clyrysgimd,DFDC,1,SBI,visual,0.477539,probability,115.9,N/A,N/A,ok,
cmahsltbhx,DFDC,1,SBI,visual,0.461949,probability,370.0,N/A,N/A,ok,
cmdlbfyhhs,DFDC,1,SBI,visual,0.009043,probability,383.0,N/A,N/A,ok,
cmhfrmzzvm,DFDC,1,SBI,visual,0.999117,probability,512.6,N/A,N/A,ok,
cmhgurnplu,DFDC,1,SBI,visual,0.024019,probability,342.5,N/A,N/A,ok,
cmmueaopze,DFDC,1,SBI,visual,0.023574,probability,360.3,N/A,N/A,ok,
cmrkmfeeih,DFDC,1,SBI,visual,0.416943,probability,330.7,N/A,N/A,ok,
cmtrktwszh,DFDC,1,SBI,visual,0.22232,probability,383.2,N/A,N/A,ok,
cmwnzgmwoq,DFDC,1,SBI,visual,0.11863,probability,392.4,N/A,N/A,ok,
cnxxvjtpco,DFDC,1,SBI,visual,0.962712,probability,370.8,N/A,N/A,ok,
cnzemfchgy,DFDC,1,SBI,visual,0.607046,probability,342.6,N/A,N/A,ok,
coaozaxnlx,DFDC,1,SBI,visual,0.80087,probability,431.3,N/A,N/A,ok,
cogzjwiqqi,DFDC,1,SBI,visual,0.806746,probability,322.4,N/A,N/A,ok,
conmkzjvel,DFDC,1,SBI,visual,0.267794,probability,303.7,N/A,N/A,ok,
cpegfraike,DFDC,1,SBI,visual,0.287737,probability,371.9,N/A,N/A,ok,
cplsozhzmj,DFDC,1,SBI,visual,0.3399,probability,399.4,N/A,N/A,ok,
cpsvujvqop,DFDC,1,SBI,visual,0.966359,probability,354.2,N/A,N/A,ok,
cpucvkslvf,DFDC,1,SBI,visual,0.366437,probability,346.0,N/A,N/A,ok,
cpumzvkqlc,DFDC,1,SBI,visual,0.496526,probability,369.0,N/A,N/A,ok,
cqliuffaug,DFDC,1,SBI,visual,0.478425,probability,361.6,N/A,N/A,ok,
cqohzsculx,DFDC,1,SBI,visual,0.573063,probability,328.0,N/A,N/A,ok,
cqomwaggbk,DFDC,1,SBI,visual,0.311944,probability,358.4,N/A,N/A,ok,
cqvcghbrev,DFDC,1,SBI,visual,0.125942,probability,156.9,N/A,N/A,ok,
creggqvjse,DFDC,1,SBI,visual,0.161266,probability,456.2,N/A,N/A,ok,
crmjxlzyxe,DFDC,1,SBI,visual,0.227034,probability,392.8,N/A,N/A,ok,
csiagvjrtk,DFDC,1,SBI,visual,0.310031,probability,514.0,N/A,N/A,ok,
csihthronq,DFDC,1,SBI,visual,0.265228,probability,456.2,N/A,N/A,ok,
csxezvmaqf,DFDC,1,SBI,visual,0.038483,probability,435.7,N/A,N/A,ok,
csykgsckcg,DFDC,1,SBI,visual,0.247713,probability,480.9,N/A,N/A,ok,
cthxeajhtn,DFDC,1,SBI,visual,0.667564,probability,453.1,N/A,N/A,ok,
ctumjmjeiu,DFDC,1,SBI,visual,0.113001,probability,371.4,N/A,N/A,ok,
culexejahx,DFDC,1,SBI,visual,0.011834,probability,395.7,N/A,N/A,ok,
cuqsoskbnv,DFDC,1,SBI,visual,0.154825,probability,435.4,N/A,N/A,ok,
curciucrcr,DFDC,1,SBI,visual,0.055788,probability,280.0,N/A,N/A,ok,
cvlpohdirg,DFDC,1,SBI,visual,0.01145,probability,467.7,N/A,N/A,ok,
cvtraacgpl,DFDC,1,SBI,visual,0.575579,probability,530.3,N/A,N/A,ok,
cvypeicybg,DFDC,1,SBI,visual,0.131354,probability,419.3,N/A,N/A,ok,
cwgfuafyce,DFDC,1,SBI,visual,0.211325,probability,461.8,N/A,N/A,ok,
cwoqbywrig,DFDC,1,SBI,visual,0.313871,probability,462.7,N/A,N/A,ok,
cwqjwlxxkh,DFDC,1,SBI,visual,0.330531,probability,361.2,N/A,N/A,ok,
cwxqssomgn,DFDC,1,SBI,visual,0.731612,probability,235.0,N/A,N/A,ok,
cxrybeyplm,DFDC,1,SBI,visual,0.052222,probability,408.4,N/A,N/A,ok,
cxsytsvdrt,DFDC,1,SBI,visual,0.996891,probability,466.7,N/A,N/A,ok,
cxwepknajb,DFDC,1,SBI,visual,0.616899,probability,328.8,N/A,N/A,ok,
cxyzulspax,DFDC,1,SBI,visual,0.059079,probability,360.0,N/A,N/A,ok,
cykxxmnqcl,DFDC,1,SBI,visual,0.271078,probability,301.3,N/A,N/A,ok,
cyutfataai,DFDC,1,SBI,visual,0.16647,probability,259.6,N/A,N/A,ok,
czautgvyjs,DFDC,1,SBI,visual,0.084277,probability,377.1,N/A,N/A,ok,
czilsniwbh,DFDC,1,SBI,visual,0.287581,probability,121.7,N/A,N/A,ok,
cznpqewmkg,DFDC,1,SBI,visual,0.086763,probability,170.8,N/A,N/A,ok,
dahitfgojy,DFDC,1,SBI,visual,0.186901,probability,348.1,N/A,N/A,ok,
dakunshkzu,DFDC,1,SBI,visual,0.166886,probability,423.3,N/A,N/A,ok,
dancjgyhju,DFDC,1,SBI,visual,0.095014,probability,328.0,N/A,N/A,ok,
daycpuxntw,DFDC,1,SBI,visual,0.024976,probability,455.1,N/A,N/A,ok,
dbgtcawkke,DFDC,1,SBI,visual,0.433724,probability,440.2,N/A,N/A,ok,
dccjptfjti,DFDC,1,SBI,visual,0.01965,probability,401.5,N/A,N/A,ok,
dccpbupyte,DFDC,1,SBI,visual,0.02432,probability,432.0,N/A,N/A,ok,
dcfgnvhdjp,DFDC,1,SBI,visual,0.7442,probability,124.9,N/A,N/A,ok,
dcgunilqov,DFDC,1,SBI,visual,0.684071,probability,461.1,N/A,N/A,ok,
dcpykukvqn,DFDC,1,SBI,visual,0.453307,probability,408.2,N/A,N/A,ok,
dcwyfukkkw,DFDC,1,SBI,visual,0.009041,probability,311.1,N/A,N/A,ok,
dcymyollrt,DFDC,1,SBI,visual,0.045761,probability,325.7,N/A,N/A,ok,
ddlunxgwua,DFDC,1,SBI,visual,0.89896,probability,400.1,N/A,N/A,ok,
decovavsqh,DFDC,1,SBI,visual,0.424411,probability,457.3,N/A,N/A,ok,
dejyyrfvtl,DFDC,1,SBI,visual,0.86719,probability,390.0,N/A,N/A,ok,
delpbizwrl,DFDC,1,SBI,visual,0.722209,probability,419.6,N/A,N/A,ok,
dewwhprrix,DFDC,1,SBI,visual,0.311611,probability,381.5,N/A,N/A,ok,
dfbonodkbo,DFDC,1,SBI,visual,0.074735,probability,347.9,N/A,N/A,ok,
dgofdgfdoj,DFDC,1,SBI,visual,0.140739,probability,425.9,N/A,N/A,ok,
dgrwjwchre,DFDC,1,SBI,visual,0.859212,probability,565.7,N/A,N/A,ok,
dgyjbpnmpz,DFDC,1,SBI,visual,0.125067,probability,387.6,N/A,N/A,ok,
dhcqhejjpq,DFDC,1,SBI,visual,0.090155,probability,486.0,N/A,N/A,ok,
dhewoppinj,DFDC,1,SBI,visual,0.053015,probability,417.8,N/A,N/A,ok,
dhmrohmfzy,DFDC,1,SBI,visual,0.500659,probability,348.1,N/A,N/A,ok,
dhorlqszij,DFDC,1,SBI,visual,0.732995,probability,341.4,N/A,N/A,ok,
dhrcxovasd,DFDC,1,SBI,visual,0.173913,probability,296.1,N/A,N/A,ok,
dhslodskiy,DFDC,1,SBI,visual,0.038417,probability,457.2,N/A,N/A,ok,
diangtiylr,DFDC,1,SBI,visual,0.08466,probability,404.8,N/A,N/A,ok,
diarllflsn,DFDC,1,SBI,visual,0.010608,probability,527.4,N/A,N/A,ok,
diavvjvaxe,DFDC,1,SBI,visual,0.086277,probability,455.9,N/A,N/A,ok,
dihhcehqig,DFDC,1,SBI,visual,0.190823,probability,112.0,N/A,N/A,ok,
dihovszgtm,DFDC,1,SBI,visual,0.637335,probability,49.0,N/A,N/A,ok,
dipfrdznvg,DFDC,1,SBI,visual,0.292978,probability,508.3,N/A,N/A,ok,
dixmnqidvn,DFDC,1,SBI,visual,0.060536,probability,220.4,N/A,N/A,ok,
djboygslmb,DFDC,1,SBI,visual,0.054678,probability,445.6,N/A,N/A,ok,
djoakzjyli,DFDC,1,SBI,visual,0.10015,probability,336.6,N/A,N/A,ok,
dkceoyadvd,DFDC,1,SBI,visual,0.116726,probability,359.6,N/A,N/A,ok,
dkhvxtjura,DFDC,1,SBI,visual,0.603022,probability,202.3,N/A,N/A,ok,
dlfeuzqalm,DFDC,1,SBI,visual,0.202457,probability,469.4,N/A,N/A,ok,
dlgywqqroq,DFDC,1,SBI,visual,0.09883,probability,358.5,N/A,N/A,ok,
dliopyuqdm,DFDC,1,SBI,visual,0.776237,probability,451.1,N/A,N/A,ok,
dmcivetqgo,DFDC,1,SBI,visual,0.255393,probability,444.1,N/A,N/A,ok,
dmjwczjpvl,DFDC,1,SBI,visual,0.088719,probability,373.3,N/A,N/A,ok,
dmtbbrxiyh,DFDC,1,SBI,visual,0.564117,probability,389.4,N/A,N/A,ok,
dmtyypkfjq,DFDC,1,SBI,visual,0.338618,probability,340.1,N/A,N/A,ok,
dnebauicjc,DFDC,1,SBI,visual,0.277011,probability,477.6,N/A,N/A,ok,
dnncyitmvs,DFDC,1,SBI,visual,0.119744,probability,460.2,N/A,N/A,ok,
dnndknhuuv,DFDC,1,SBI,visual,0.112176,probability,111.4,N/A,N/A,ok,
dntofrpyng,DFDC,1,SBI,visual,0.994448,probability,440.1,N/A,N/A,ok,
dnuyaunzfr,DFDC,1,SBI,visual,0.088004,probability,25.9,N/A,N/A,ok,
dnvnvyjubz,DFDC,1,SBI,visual,0.182401,probability,348.0,N/A,N/A,ok,
dotbakupud,DFDC,1,SBI,visual,0.197288,probability,370.0,N/A,N/A,ok,
dpvrlixbvw,DFDC,1,SBI,visual,0.045608,probability,114.0,N/A,N/A,ok,
dqdatumwcc,DFDC,1,SBI,visual,0.158635,probability,307.8,N/A,N/A,ok,
dqeqobokkb,DFDC,1,SBI,visual,0.649105,probability,427.7,N/A,N/A,ok,
dqmmnqhyna,DFDC,1,SBI,visual,0.494151,probability,310.6,N/A,N/A,ok,
dqnrawdfmc,DFDC,1,SBI,visual,0.12191,probability,319.6,N/A,N/A,ok,
dqsihrqvwv,DFDC,1,SBI,visual,0.349499,probability,551.5,N/A,N/A,ok,
dqxypqdbcn,DFDC,1,SBI,visual,0.52198,probability,406.2,N/A,N/A,ok,
dqykuixlmo,DFDC,1,SBI,visual,0.096647,probability,402.8,N/A,N/A,ok,
driffbrgwf,DFDC,1,SBI,visual,0.915631,probability,347.4,N/A,N/A,ok,
drnjcmqbgw,DFDC,1,SBI,visual,0.368818,probability,353.7,N/A,N/A,ok,
dsbohsxfbe,DFDC,1,SBI,visual,0.16094,probability,337.6,N/A,N/A,ok,
dsekdaaoam,DFDC,1,SBI,visual,0.164971,probability,385.7,N/A,N/A,ok,
dsqlebtpyp,DFDC,1,SBI,visual,0.269533,probability,285.0,N/A,N/A,ok,
dtiyybjnfw,DFDC,1,SBI,visual,0.016982,probability,386.9,N/A,N/A,ok,
dtizvfdvtw,DFDC,1,SBI,visual,0.060439,probability,347.4,N/A,N/A,ok,
dtsaxeyngs,DFDC,1,SBI,visual,0.190738,probability,246.2,N/A,N/A,ok,
dubivpesyc,DFDC,1,SBI,visual,0.044755,probability,345.6,N/A,N/A,ok,
dusazpmtmu,DFDC,1,SBI,visual,0.022916,probability,422.0,N/A,N/A,ok,
dvbvxxujrt,DFDC,1,SBI,visual,0.279981,probability,337.4,N/A,N/A,ok,
dvhzigfykg,DFDC,1,SBI,visual,0.942495,probability,316.9,N/A,N/A,ok,
dvlqxgrzul,DFDC,1,SBI,visual,0.300658,probability,329.2,N/A,N/A,ok,
dvwdvyphkl,DFDC,1,SBI,visual,0.913484,probability,405.3,N/A,N/A,ok,
dvxwytbuca,DFDC,1,SBI,visual,0.929708,probability,431.5,N/A,N/A,ok,
dvzjuqkdkb,DFDC,1,SBI,visual,0.138302,probability,549.4,N/A,N/A,ok,
dwdvvvfvjz,DFDC,1,SBI,visual,0.045696,probability,478.1,N/A,N/A,ok,
dwqxcyacql,DFDC,1,SBI,visual,0.387844,probability,387.0,N/A,N/A,ok,
dwujltubmv,DFDC,1,SBI,visual,0.686196,probability,403.9,N/A,N/A,ok,
dwvjzwfynk,DFDC,1,SBI,visual,0.419589,probability,375.0,N/A,N/A,ok,
dwwtnkbpcu,DFDC,1,SBI,visual,0.137228,probability,468.8,N/A,N/A,ok,
dxigvdcusn,DFDC,1,SBI,visual,0.703258,probability,407.8,N/A,N/A,ok,
dyedfdexvz,DFDC,1,SBI,visual,0.015078,probability,498.5,N/A,N/A,ok,
dyjfwhkscf,DFDC,1,SBI,visual,0.871221,probability,407.1,N/A,N/A,ok,
dypxvzdzrk,DFDC,1,SBI,visual,0.125358,probability,342.6,N/A,N/A,ok,
dyugzwjinf,DFDC,1,SBI,visual,0.456904,probability,348.1,N/A,N/A,ok,
dzmevdjjgq,DFDC,1,SBI,visual,0.839339,probability,340.8,N/A,N/A,ok,
eakjovumfo,DFDC,1,SBI,visual,0.020222,probability,443.9,N/A,N/A,ok,
eakxsqxjmw,DFDC,1,SBI,visual,0.009817,probability,355.5,N/A,N/A,ok,
ebfqmkeyrz,DFDC,1,SBI,visual,0.009451,probability,355.4,N/A,N/A,ok,
eblulnzamm,DFDC,1,SBI,visual,0.019887,probability,453.4,N/A,N/A,ok,
eboyboyzis,DFDC,1,SBI,visual,0.032607,probability,62.7,N/A,N/A,ok,
ecdwnupwqz,DFDC,1,SBI,visual,0.93213,probability,438.2,N/A,N/A,ok,
ecfablrjuu,DFDC,1,SBI,visual,0.528058,probability,420.8,N/A,N/A,ok,
ecfmocntmw,DFDC,1,SBI,visual,0.047171,probability,343.7,N/A,N/A,ok,
echbgqhgnq,DFDC,1,SBI,visual,0.100581,probability,406.3,N/A,N/A,ok,
ecjpfrtwwf,DFDC,1,SBI,visual,0.481074,probability,483.6,N/A,N/A,ok,
ecvmxvlqxf,DFDC,1,SBI,visual,0.871339,probability,426.0,N/A,N/A,ok,
edbbrnftzw,DFDC,1,SBI,visual,0.190569,probability,344.8,N/A,N/A,ok,
edbcvexgty,DFDC,1,SBI,visual,0.114504,probability,370.5,N/A,N/A,ok,
edkpafcypw,DFDC,1,SBI,visual,0.540583,probability,392.1,N/A,N/A,ok,
edlqtgyjya,DFDC,1,SBI,visual,0.400994,probability,330.0,N/A,N/A,ok,
edptajakmm,DFDC,1,SBI,visual,0.633141,probability,340.6,N/A,N/A,ok,
eehraouuox,DFDC,1,SBI,visual,0.551103,probability,331.9,N/A,N/A,ok,
eehypuclgh,DFDC,1,SBI,visual,0.216148,probability,405.6,N/A,N/A,ok,
eeryrpaeec,DFDC,1,SBI,visual,0.105517,probability,374.4,N/A,N/A,ok,
efmjwenwxa,DFDC,1,SBI,visual,0.11005,probability,389.7,N/A,N/A,ok,
efnidrmveb,DFDC,1,SBI,visual,0.309309,probability,314.4,N/A,N/A,ok,
efyiyeezdx,DFDC,1,SBI,visual,0.2089,probability,327.1,N/A,N/A,ok,
egjkkbuuom,DFDC,1,SBI,visual,0.038497,probability,354.2,N/A,N/A,ok,
egmxjlpkbf,DFDC,1,SBI,visual,0.064734,probability,427.6,N/A,N/A,ok,
egpxegpbej,DFDC,1,SBI,visual,0.313788,probability,406.2,N/A,N/A,ok,
egttdftyud,DFDC,1,SBI,visual,0.016087,probability,436.4,N/A,N/A,ok,
ehedtiksro,DFDC,1,SBI,visual,0.006077,probability,467.2,N/A,N/A,ok,
ehloggeoqa,DFDC,1,SBI,visual,0.031398,probability,484.1,N/A,N/A,ok,
ehlucbfyre,DFDC,1,SBI,visual,0.587796,probability,468.8,N/A,N/A,ok,
ehpnqapcha,DFDC,1,SBI,visual,0.105568,probability,411.1,N/A,N/A,ok,
eiavjclfqu,DFDC,1,SBI,visual,0.404499,probability,484.7,N/A,N/A,ok,
eiqkdlrcsv,DFDC,1,SBI,visual,0.212389,probability,389.1,N/A,N/A,ok,
ejcjnjxmla,DFDC,1,SBI,visual,0.080232,probability,402.6,N/A,N/A,ok,
ejhumipcge,DFDC,1,SBI,visual,0.054319,probability,46.9,N/A,N/A,ok,
ejmxvdwlxe,DFDC,1,SBI,visual,0.025382,probability,452.9,N/A,N/A,ok,
ejsaqwuxrf,DFDC,1,SBI,visual,0.523712,probability,422.1,N/A,N/A,ok,
ekbralzvgg,DFDC,1,SBI,visual,0.927315,probability,394.7,N/A,N/A,ok,
ekgzalmbun,DFDC,1,SBI,visual,0.182443,probability,201.5,N/A,N/A,ok,
ekjlahswph,DFDC,1,SBI,visual,0.868533,probability,445.1,N/A,N/A,ok,
ekktwlyrkf,DFDC,1,SBI,visual,0.054147,probability,351.3,N/A,N/A,ok,
ekpzdlirrm,DFDC,1,SBI,visual,0.085086,probability,326.2,N/A,N/A,ok,
ekskfsurit,DFDC,1,SBI,visual,0.732162,probability,354.8,N/A,N/A,ok,
eliwszkdwu,DFDC,1,SBI,visual,0.539253,probability,508.3,N/A,N/A,ok,
elrgzkijoq,DFDC,1,SBI,visual,0.272481,probability,573.7,N/A,N/A,ok,
emmjfldrwk,DFDC,1,SBI,visual,0.157207,probability,458.8,N/A,N/A,ok,
emqsanqgjj,DFDC,1,SBI,visual,0.003166,probability,482.1,N/A,N/A,ok,
emtrevowgr,DFDC,1,SBI,visual,0.583427,probability,422.7,N/A,N/A,ok,
enbqdahetv,DFDC,1,SBI,visual,0.358331,probability,373.7,N/A,N/A,ok,
enmaabqehc,DFDC,1,SBI,visual,0.585854,probability,415.5,N/A,N/A,ok,
ennulegwpy,DFDC,1,SBI,visual,0.375598,probability,451.5,N/A,N/A,ok,
enrnwxegkh,DFDC,1,SBI,visual,0.515018,probability,343.5,N/A,N/A,ok,
eolqyducfr,DFDC,1,SBI,visual,0.724925,probability,421.3,N/A,N/A,ok,
eoypxhupfb,DFDC,1,SBI,visual,0.192778,probability,347.6,N/A,N/A,ok,
eppwlomdag,DFDC,1,SBI,visual,0.286703,probability,352.7,N/A,N/A,ok,
eqektplcux,DFDC,1,SBI,visual,0.506904,probability,439.2,N/A,N/A,ok,
eqfhrbwquz,DFDC,1,SBI,visual,0.036298,probability,411.2,N/A,N/A,ok,
eqpucsmblx,DFDC,1,SBI,visual,0.53735,probability,322.6,N/A,N/A,ok,
equagrhpbb,DFDC,1,SBI,visual,0.120914,probability,385.9,N/A,N/A,ok,
erjzziiwss,DFDC,1,SBI,visual,0.577726,probability,565.9,N/A,N/A,ok,
esfclzvnmw,DFDC,1,SBI,visual,0.40675,probability,84.7,N/A,N/A,ok,
esjkswjlfa,DFDC,1,SBI,visual,0.73721,probability,467.9,N/A,N/A,ok,
eskjtysncp,DFDC,1,SBI,visual,0.047773,probability,348.5,N/A,N/A,ok,
esxfdqxdeg,DFDC,1,SBI,visual,0.074688,probability,368.4,N/A,N/A,ok,
esybbvlxmq,DFDC,1,SBI,visual,0.608613,probability,349.6,N/A,N/A,ok,
etppbkyefu,DFDC,1,SBI,visual,0.017986,probability,56.8,N/A,N/A,ok,
etyiadtkbu,DFDC,1,SBI,visual,0.08666,probability,249.9,N/A,N/A,ok,
euaqrxntva,DFDC,1,SBI,visual,0.395568,probability,331.7,N/A,N/A,ok,
eueqwmtpkk,DFDC,1,SBI,visual,0.617573,probability,401.0,N/A,N/A,ok,
eupnmjxwyf,DFDC,1,SBI,visual,0.188643,probability,49.2,N/A,N/A,ok,
euzhhiqndu,DFDC,1,SBI,visual,0.161074,probability,348.3,N/A,N/A,ok,
evpdvegqwt,DFDC,1,SBI,visual,0.042187,probability,342.4,N/A,N/A,ok,
evtrktfuos,DFDC,1,SBI,visual,0.128287,probability,359.3,N/A,N/A,ok,
evuwvdhlfk,DFDC,1,SBI,visual,0.082176,probability,360.6,N/A,N/A,ok,
evykkxtcbf,DFDC,1,SBI,visual,0.399477,probability,354.4,N/A,N/A,ok,
ewhscsskwm,DFDC,1,SBI,visual,0.261777,probability,378.7,N/A,N/A,ok,
ewluvpxire,DFDC,1,SBI,visual,0.200254,probability,472.6,N/A,N/A,ok,
ewsweenccy,DFDC,1,SBI,visual,0.205577,probability,433.1,N/A,N/A,ok,
ewzkeaioww,DFDC,1,SBI,visual,0.011013,probability,356.3,N/A,N/A,ok,
exkmtvjfic,DFDC,1,SBI,visual,0.211943,probability,406.1,N/A,N/A,ok,
exoqftnibg,DFDC,1,SBI,visual,0.213962,probability,409.3,N/A,N/A,ok,
ezamdivess,DFDC,1,SBI,visual,0.323285,probability,361.4,N/A,N/A,ok,
ezccfraedf,DFDC,1,SBI,visual,0.750348,probability,182.2,N/A,N/A,ok,
ezhnmgfbbv,DFDC,1,SBI,visual,0.27193,probability,406.3,N/A,N/A,ok,
ezhwpngteq,DFDC,1,SBI,visual,0.660398,probability,492.2,N/A,N/A,ok,
ezitkbrgft,DFDC,1,SBI,visual,0.489907,probability,336.3,N/A,N/A,ok,
ezixfnntvm,DFDC,1,SBI,visual,0.428229,probability,327.5,N/A,N/A,ok,
ezjszveylt,DFDC,1,SBI,visual,0.214189,probability,424.9,N/A,N/A,ok,
eztvfbvbom,DFDC,1,SBI,visual,0.339354,probability,370.8,N/A,N/A,ok,
ezynrjqcgl,DFDC,1,SBI,visual,0.150708,probability,345.8,N/A,N/A,ok,
ezzrgvjkck,DFDC,1,SBI,visual,0.215583,probability,356.1,N/A,N/A,ok,
fahlmtwcnk,DFDC,1,SBI,visual,0.114032,probability,348.5,N/A,N/A,ok,
farddxboxi,DFDC,1,SBI,visual,0.123531,probability,326.5,N/A,N/A,ok,
faxrzwvgbe,DFDC,1,SBI,visual,0.36164,probability,337.7,N/A,N/A,ok,
fbbkuoznnb,DFDC,1,SBI,visual,0.900019,probability,407.4,N/A,N/A,ok,
fbgyezszin,DFDC,1,SBI,visual,0.815766,probability,611.0,N/A,N/A,ok,
fbkfxtihba,DFDC,1,SBI,visual,0.756511,probability,451.7,N/A,N/A,ok,
fbmuppdorf,DFDC,1,SBI,visual,0.754615,probability,500.4,N/A,N/A,ok,
fbnkeivwex,DFDC,1,SBI,visual,0.051236,probability,627.4,N/A,N/A,ok,
fbrtggajtk,DFDC,1,SBI,visual,0.108613,probability,356.6,N/A,N/A,ok,
fbskewkojf,DFDC,1,SBI,visual,0.477657,probability,123.9,N/A,N/A,ok,
fbzxgcdnfd,DFDC,1,SBI,visual,0.091274,probability,454.9,N/A,N/A,ok,
fccxpnbwet,DFDC,1,SBI,visual,0.892982,probability,360.0,N/A,N/A,ok,
fczouljsnw,DFDC,1,SBI,visual,0.349668,probability,501.9,N/A,N/A,ok,
fdatnthcpk,DFDC,1,SBI,visual,0.149477,probability,378.9,N/A,N/A,ok,
fdmqqhmrub,DFDC,1,SBI,visual,0.076669,probability,383.1,N/A,N/A,ok,
fdqikuvvvb,DFDC,1,SBI,visual,0.17004,probability,402.4,N/A,N/A,ok,
febeemdgtw,DFDC,1,SBI,visual,0.00489,probability,413.5,N/A,N/A,ok,
ferqqeaamr,DFDC,1,SBI,visual,0.283083,probability,404.1,N/A,N/A,ok,
feujfdcfap,DFDC,1,SBI,visual,0.776018,probability,61.0,N/A,N/A,ok,
fevdiovtab,DFDC,1,SBI,visual,0.095361,probability,374.3,N/A,N/A,ok,
ffiehpqpet,DFDC,1,SBI,visual,0.216194,probability,299.2,N/A,N/A,ok,
ffoflrdtwt,DFDC,1,SBI,visual,0.073163,probability,445.4,N/A,N/A,ok,
ffsddqnzjc,DFDC,1,SBI,visual,0.05734,probability,245.7,N/A,N/A,ok,
ffuotqkeqo,DFDC,1,SBI,visual,0.217593,probability,262.7,N/A,N/A,ok,
fgbriwwrwg,DFDC,1,SBI,visual,0.045872,probability,344.7,N/A,N/A,ok,
fghtpjjiat,DFDC,1,SBI,visual,0.419091,probability,545.2,N/A,N/A,ok,
fgijfsduwq,DFDC,1,SBI,visual,0.41258,probability,513.5,N/A,N/A,ok,
fgoohiqech,DFDC,1,SBI,visual,0.624871,probability,104.3,N/A,N/A,ok,
fhcccydsuf,DFDC,1,SBI,visual,0.911579,probability,461.0,N/A,N/A,ok,
fhcofbcdrp,DFDC,1,SBI,visual,0.225383,probability,466.8,N/A,N/A,ok,
fhgjdwhfnw,DFDC,1,SBI,visual,0.060858,probability,388.3,N/A,N/A,ok,
fiedaihzgl,DFDC,1,SBI,visual,0.563126,probability,377.1,N/A,N/A,ok,
fiizgnaeci,DFDC,1,SBI,visual,0.572421,probability,378.8,N/A,N/A,ok,
filwzmkbei,DFDC,1,SBI,visual,0.806538,probability,368.8,N/A,N/A,ok,
finwunrgff,DFDC,1,SBI,visual,0.116032,probability,303.7,N/A,N/A,ok,
firtpmwhjr,DFDC,1,SBI,visual,0.64419,probability,290.5,N/A,N/A,ok,
fjpwpyhhyn,DFDC,1,SBI,visual,0.333456,probability,437.1,N/A,N/A,ok,
fjwgruhuog,DFDC,1,SBI,visual,0.141965,probability,363.9,N/A,N/A,ok,
fkvwjomemq,DFDC,1,SBI,visual,0.974002,probability,370.4,N/A,N/A,ok,
fkwsjqmovg,DFDC,1,SBI,visual,0.241773,probability,314.2,N/A,N/A,ok,
flcujwblwm,DFDC,1,SBI,visual,0.128094,probability,498.4,N/A,N/A,ok,
fminvqioer,DFDC,1,SBI,visual,0.798106,probability,463.1,N/A,N/A,ok,
fmpkjrnvkl,DFDC,1,SBI,visual,0.980299,probability,443.0,N/A,N/A,ok,
fmvbeuzacy,DFDC,1,SBI,visual,0.318066,probability,394.1,N/A,N/A,ok,
fmwhpifahs,DFDC,1,SBI,visual,0.545584,probability,340.4,N/A,N/A,ok,
fnckiatbyo,DFDC,1,SBI,visual,0.309245,probability,105.5,N/A,N/A,ok,
fndqrsimvk,DFDC,1,SBI,visual,0.207211,probability,366.7,N/A,N/A,ok,
fnlgrondyy,DFDC,1,SBI,visual,0.012251,probability,389.0,N/A,N/A,ok,
fnmcvyiycf,DFDC,1,SBI,visual,0.401845,probability,345.3,N/A,N/A,ok,
fnwddvucwi,DFDC,1,SBI,visual,0.180341,probability,338.4,N/A,N/A,ok,
folzoeakbs,DFDC,1,SBI,visual,0.064151,probability,331.1,N/A,N/A,ok,
fovlsloxgg,DFDC,1,SBI,visual,0.966159,probability,405.3,N/A,N/A,ok,
fowvcyywix,DFDC,1,SBI,visual,0.205313,probability,390.4,N/A,N/A,ok,
fpeaebukob,DFDC,1,SBI,visual,0.78271,probability,377.9,N/A,N/A,ok,
fpkihzxefi,DFDC,1,SBI,visual,0.643603,probability,404.7,N/A,N/A,ok,
fpwujnscby,DFDC,1,SBI,visual,0.961784,probability,528.2,N/A,N/A,ok,
fqfhlpummk,DFDC,1,SBI,visual,0.074644,probability,497.9,N/A,N/A,ok,
fqiyxgutzv,DFDC,1,SBI,visual,0.12407,probability,440.5,N/A,N/A,ok,
fqnvtecrth,DFDC,1,SBI,visual,0.600406,probability,483.7,N/A,N/A,ok,
fqokkenubm,DFDC,1,SBI,visual,0.062202,probability,399.5,N/A,N/A,ok,
fqrtdzrjms,DFDC,1,SBI,visual,0.201106,probability,380.3,N/A,N/A,ok,
fqzzjtcjtp,DFDC,1,SBI,visual,0.112149,probability,439.0,N/A,N/A,ok,
fruaalgdua,DFDC,1,SBI,visual,0.187764,probability,45.0,N/A,N/A,ok,
frzfwkucxv,DFDC,1,SBI,visual,0.11835,probability,327.6,N/A,N/A,ok,
fsgqgnlmrr,DFDC,1,SBI,visual,0.348765,probability,390.3,N/A,N/A,ok,
fszdcmhdsh,DFDC,1,SBI,visual,0.087615,probability,331.5,N/A,N/A,ok,
fttgwkqous,DFDC,1,SBI,visual,0.019214,probability,467.4,N/A,N/A,ok,
fttqrrnjfo,DFDC,1,SBI,visual,0.514841,probability,358.7,N/A,N/A,ok,
fuczaojafc,DFDC,1,SBI,visual,0.904785,probability,421.7,N/A,N/A,ok,
fuyzjkkfcn,DFDC,1,SBI,visual,0.926797,probability,102.4,N/A,N/A,ok,
fveurzydva,DFDC,1,SBI,visual,0.002658,probability,459.0,N/A,N/A,ok,
fvuzsdrlyi,DFDC,1,SBI,visual,0.684125,probability,530.2,N/A,N/A,ok,
fwgvnczqhq,DFDC,1,SBI,visual,0.744071,probability,512.6,N/A,N/A,ok,
fxfbkletwv,DFDC,1,SBI,visual,0.261239,probability,446.4,N/A,N/A,ok,
fxqysugaxk,DFDC,1,SBI,visual,0.150229,probability,436.3,N/A,N/A,ok,
fxvcszyvdm,DFDC,1,SBI,visual,0.86212,probability,186.5,N/A,N/A,ok,
fyblfajoks,DFDC,1,SBI,visual,0.282471,probability,459.2,N/A,N/A,ok,
fyvnndblfs,DFDC,1,SBI,visual,0.24587,probability,306.4,N/A,N/A,ok,
fzdteziiok,DFDC,1,SBI,visual,0.341975,probability,276.7,N/A,N/A,ok,
fzdzixabsu,DFDC,1,SBI,visual,0.374817,probability,305.7,N/A,N/A,ok,
fzfyurlavb,DFDC,1,SBI,visual,0.237168,probability,120.6,N/A,N/A,ok,
fzoyitbzxx,DFDC,1,SBI,visual,0.416688,probability,389.2,N/A,N/A,ok,
fzqancnyok,DFDC,1,SBI,visual,0.022393,probability,324.2,N/A,N/A,ok,
fztguntjvg,DFDC,1,SBI,visual,0.263283,probability,364.0,N/A,N/A,ok,
gaivvgpkem,DFDC,1,SBI,visual,0.855769,probability,354.5,N/A,N/A,ok,
gasdojjnkc,DFDC,1,SBI,visual,0.815176,probability,391.0,N/A,N/A,ok,
gaugojsokx,DFDC,1,SBI,visual,0.107055,probability,202.9,N/A,N/A,ok,
gbvgksqusp,DFDC,1,SBI,visual,0.101384,probability,503.0,N/A,N/A,ok,
gbvgtnetwa,DFDC,1,SBI,visual,0.202406,probability,534.1,N/A,N/A,ok,
gbvopalnhj,DFDC,1,SBI,visual,0.399577,probability,530.4,N/A,N/A,ok,
gbyhxtuhfi,DFDC,1,SBI,visual,0.932281,probability,479.8,N/A,N/A,ok,
gcguqlcezj,DFDC,1,SBI,visual,0.309439,probability,144.9,N/A,N/A,ok,
gcqxygqwxg,DFDC,1,SBI,visual,0.995128,probability,458.0,N/A,N/A,ok,
gcrjmwxspl,DFDC,1,SBI,visual,0.114654,probability,16.9,N/A,N/A,ok,
gdckahecuk,DFDC,1,SBI,visual,0.552853,probability,511.5,N/A,N/A,ok,
gdexsvnsdj,DFDC,1,SBI,visual,0.638433,probability,534.3,N/A,N/A,ok,
gdgbvqwpok,DFDC,1,SBI,visual,0.235118,probability,319.6,N/A,N/A,ok,
gdicvvijwf,DFDC,1,SBI,visual,0.045941,probability,120.4,N/A,N/A,ok,
gdttxqyimc,DFDC,1,SBI,visual,0.284516,probability,393.0,N/A,N/A,ok,
gewplehdyb,DFDC,1,SBI,visual,0.427992,probability,678.0,N/A,N/A,ok,
gfactyzzrh,DFDC,1,SBI,visual,0.034482,probability,547.7,N/A,N/A,ok,
ggbjwpedjp,DFDC,1,SBI,visual,0.55268,probability,513.0,N/A,N/A,ok,
ggcodinzem,DFDC,1,SBI,visual,0.057187,probability,366.9,N/A,N/A,ok,
ggegzvgcgr,DFDC,1,SBI,visual,0.047805,probability,75.7,N/A,N/A,ok,
gggzxhxavq,DFDC,1,SBI,visual,0.443377,probability,346.5,N/A,N/A,ok,
ggvlkoujlu,DFDC,1,SBI,visual,0.396827,probability,370.5,N/A,N/A,ok,
ggyofjuslm,DFDC,1,SBI,visual,0.22278,probability,255.6,N/A,N/A,ok,
ghfidbceik,DFDC,1,SBI,visual,0.884905,probability,408.8,N/A,N/A,ok,
ghmcipcpvw,DFDC,1,SBI,visual,0.140815,probability,352.0,N/A,N/A,ok,
ghoonbfwgi,DFDC,1,SBI,visual,0.158504,probability,300.6,N/A,N/A,ok,
ghvxcjzjya,DFDC,1,SBI,visual,0.885257,probability,421.6,N/A,N/A,ok,
gijszvsrch,DFDC,1,SBI,visual,0.44339,probability,312.4,N/A,N/A,ok,
gilpjhbwsl,DFDC,1,SBI,visual,0.028292,probability,312.4,N/A,N/A,ok,
gjobpdsbpd,DFDC,1,SBI,visual,0.151324,probability,290.7,N/A,N/A,ok,
gjwtzofqke,DFDC,1,SBI,visual,0.572619,probability,334.4,N/A,N/A,ok,
gkgejckhxi,DFDC,1,SBI,visual,0.405521,probability,77.5,N/A,N/A,ok,
gkhhhvjkmr,DFDC,1,SBI,visual,0.309154,probability,67.8,N/A,N/A,ok,
gkxtjkaqri,DFDC,1,SBI,visual,0.016015,probability,385.8,N/A,N/A,ok,
gliciqygon,DFDC,1,SBI,visual,0.133601,probability,578.2,N/A,N/A,ok,
glllnunaji,DFDC,1,SBI,visual,0.964627,probability,535.0,N/A,N/A,ok,
glskvxmfdn,DFDC,1,SBI,visual,0.366637,probability,43.7,N/A,N/A,ok,
glvykqwzmu,DFDC,1,SBI,visual,0.986503,probability,487.5,N/A,N/A,ok,
glzagtghom,DFDC,1,SBI,visual,0.122488,probability,324.4,N/A,N/A,ok,
gmfsowdesq,DFDC,1,SBI,visual,0.859941,probability,494.0,N/A,N/A,ok,
gmfynteafv,DFDC,1,SBI,visual,0.993374,probability,416.6,N/A,N/A,ok,
gmulwfvekg,DFDC,1,SBI,visual,0.015147,probability,98.6,N/A,N/A,ok,
gmwopkkkas,DFDC,1,SBI,visual,0.084302,probability,415.4,N/A,N/A,ok,
gnbhgqwcqa,DFDC,1,SBI,visual,0.438081,probability,233.6,N/A,N/A,ok,
gneonsmngz,DFDC,1,SBI,visual,0.215463,probability,45.1,N/A,N/A,ok,
gngclqvtwm,DFDC,1,SBI,visual,0.210351,probability,391.4,N/A,N/A,ok,
gnqbfzhntf,DFDC,1,SBI,visual,0.065775,probability,318.4,N/A,N/A,ok,
gobqandfsr,DFDC,1,SBI,visual,0.395112,probability,354.4,N/A,N/A,ok,
gowmijjodu,DFDC,1,SBI,visual,0.291954,probability,439.9,N/A,N/A,ok,
gowytswfqh,DFDC,1,SBI,visual,0.476588,probability,116.7,N/A,N/A,ok,
gprkijzcyo,DFDC,1,SBI,visual,0.093367,probability,409.3,N/A,N/A,ok,
gpvfueyuhb,DFDC,1,SBI,visual,0.256725,probability,346.7,N/A,N/A,ok,
gpwbbtwlkw,DFDC,1,SBI,visual,0.031899,probability,422.7,N/A,N/A,ok,
gpxsilkybj,DFDC,1,SBI,visual,0.200084,probability,387.7,N/A,N/A,ok,
gpywsvqsbo,DFDC,1,SBI,visual,0.049942,probability,469.9,N/A,N/A,ok,
gpzdnjvgzz,DFDC,1,SBI,visual,0.18407,probability,395.8,N/A,N/A,ok,
gqbrhhbetz,DFDC,1,SBI,visual,0.28967,probability,24.9,N/A,N/A,ok,
gqfkeokcww,DFDC,1,SBI,visual,0.908279,probability,441.3,N/A,N/A,ok,
gqlauydiet,DFDC,1,SBI,visual,0.262941,probability,432.8,N/A,N/A,ok,
gqsmjpjlwg,DFDC,1,SBI,visual,0.353338,probability,374.8,N/A,N/A,ok,
gqtxuqzkyt,DFDC,1,SBI,visual,0.234003,probability,338.1,N/A,N/A,ok,
grdcomxjoe,DFDC,1,SBI,visual,0.043572,probability,441.4,N/A,N/A,ok,
grxyvwnoav,DFDC,1,SBI,visual,0.136126,probability,314.7,N/A,N/A,ok,
grzspwpprj,DFDC,1,SBI,visual,0.355984,probability,94.3,N/A,N/A,ok,
grzxwqtdbo,DFDC,1,SBI,visual,0.292216,probability,171.6,N/A,N/A,ok,
gssbrnxyqy,DFDC,1,SBI,visual,0.119859,probability,392.5,N/A,N/A,ok,
gtkbehidei,DFDC,1,SBI,visual,0.995522,probability,437.3,N/A,N/A,ok,
gucnuhznrc,DFDC,1,SBI,visual,0.00818,probability,402.3,N/A,N/A,ok,
gugnalqlvx,DFDC,1,SBI,visual,0.536402,probability,380.9,N/A,N/A,ok,
gugtxfhdcm,DFDC,1,SBI,visual,0.979083,probability,389.4,N/A,N/A,ok,
guqetiqqfu,DFDC,1,SBI,visual,0.439264,probability,424.7,N/A,N/A,ok,
gvmildocie,DFDC,1,SBI,visual,0.050331,probability,670.2,N/A,N/A,ok,
gxglidazad,DFDC,1,SBI,visual,0.99925,probability,402.4,N/A,N/A,ok,
gxsfvjtvrz,DFDC,1,SBI,visual,0.718111,probability,425.4,N/A,N/A,ok,
gxxixyvpau,DFDC,1,SBI,visual,0.06191,probability,383.0,N/A,N/A,ok,
gyxqpwyxkt,DFDC,1,SBI,visual,0.099522,probability,79.4,N/A,N/A,ok,
gyysajewxb,DFDC,1,SBI,visual,0.991333,probability,173.1,N/A,N/A,ok,
gzadrozmce,DFDC,1,SBI,visual,0.685679,probability,359.0,N/A,N/A,ok,
gzajkyyelu,DFDC,1,SBI,visual,0.318437,probability,319.9,N/A,N/A,ok,
gzanohwzyx,DFDC,1,SBI,visual,0.06043,probability,431.0,N/A,N/A,ok,
gzhafvrzwd,DFDC,1,SBI,visual,0.027439,probability,417.0,N/A,N/A,ok,
gzijzwxciu,DFDC,1,SBI,visual,0.742896,probability,423.8,N/A,N/A,ok,
gzlkqugoac,DFDC,1,SBI,visual,0.010291,probability,362.4,N/A,N/A,ok,
gzptrbueuz,DFDC,1,SBI,visual,0.375932,probability,421.9,N/A,N/A,ok,
gzwlwndyit,DFDC,1,SBI,visual,0.02777,probability,374.3,N/A,N/A,ok,
gzykriexgj,DFDC,1,SBI,visual,0.165017,probability,368.3,N/A,N/A,ok,
habqmqlimd,DFDC,1,SBI,visual,0.597457,probability,365.3,N/A,N/A,ok,
hajyrcmgmc,DFDC,1,SBI,visual,0.064794,probability,386.0,N/A,N/A,ok,
haoukmuujc,DFDC,1,SBI,visual,0.909069,probability,363.2,N/A,N/A,ok,
haqxbrraky,DFDC,1,SBI,visual,0.944492,probability,359.5,N/A,N/A,ok,
haueolanxp,DFDC,1,SBI,visual,0.34482,probability,45.0,N/A,N/A,ok,
hayyotditz,DFDC,1,SBI,visual,0.471236,probability,156.6,N/A,N/A,ok,
hbhscvafpt,DFDC,1,SBI,visual,0.996715,probability,468.4,N/A,N/A,ok,
hblehagybj,DFDC,1,SBI,visual,0.264242,probability,330.2,N/A,N/A,ok,
hbrutlrqba,DFDC,1,SBI,visual,0.622143,probability,312.3,N/A,N/A,ok,
hbtxzeccsh,DFDC,1,SBI,visual,0.985035,probability,349.1,N/A,N/A,ok,
hciphxnaxd,DFDC,1,SBI,visual,0.213247,probability,415.6,N/A,N/A,ok,
hcrivsgsqb,DFDC,1,SBI,visual,0.056774,probability,281.3,N/A,N/A,ok,
hcrnytaurl,DFDC,1,SBI,visual,0.948519,probability,377.3,N/A,N/A,ok,
hcwataliiw,DFDC,1,SBI,visual,0.151891,probability,506.6,N/A,N/A,ok,
hcwpbjmwdr,DFDC,1,SBI,visual,0.148797,probability,351.1,N/A,N/A,ok,
hcyiyexgwa,DFDC,1,SBI,visual,0.965001,probability,355.8,N/A,N/A,ok,
hddnfviijr,DFDC,1,SBI,visual,0.133045,probability,358.2,N/A,N/A,ok,
hdjvqzcylp,DFDC,1,SBI,visual,0.454255,probability,532.3,N/A,N/A,ok,
hdrjdwzfcz,DFDC,1,SBI,visual,0.833444,probability,387.1,N/A,N/A,ok,
hebnglslkc,DFDC,1,SBI,visual,0.946288,probability,324.8,N/A,N/A,ok,
hevxkhpchr,DFDC,1,SBI,visual,0.699711,probability,379.9,N/A,N/A,ok,
hfakeogrdt,DFDC,1,SBI,visual,0.352636,probability,364.4,N/A,N/A,ok,
hfalxiaikl,DFDC,1,SBI,visual,0.428521,probability,451.7,N/A,N/A,ok,
hfcuysurdl,DFDC,1,SBI,visual,0.606173,probability,387.3,N/A,N/A,ok,
hfsedfedxx,DFDC,1,SBI,visual,0.20203,probability,440.2,N/A,N/A,ok,
hgimwyytvv,DFDC,1,SBI,visual,0.234101,probability,421.5,N/A,N/A,ok,
hginrutvfs,DFDC,1,SBI,visual,0.01157,probability,360.9,N/A,N/A,ok,
hgnebbtcil,DFDC,1,SBI,visual,0.723453,probability,420.8,N/A,N/A,ok,
hgnlltpkhf,DFDC,1,SBI,visual,0.18,probability,386.8,N/A,N/A,ok,
hhcsceagan,DFDC,1,SBI,visual,0.581484,probability,411.4,N/A,N/A,ok,
hhwevgrwsq,DFDC,1,SBI,visual,0.020626,probability,424.7,N/A,N/A,ok,
hiaobajdjh,DFDC,1,SBI,visual,0.19127,probability,305.4,N/A,N/A,ok,
hibretlayr,DFDC,1,SBI,visual,0.89344,probability,249.1,N/A,N/A,ok,
hidifzuxkl,DFDC,1,SBI,visual,0.16413,probability,346.4,N/A,N/A,ok,
hiensohope,DFDC,1,SBI,visual,0.183234,probability,195.3,N/A,N/A,ok,
hirebcorsf,DFDC,1,SBI,visual,0.113377,probability,491.9,N/A,N/A,ok,
hjbeoyevwa,DFDC,1,SBI,visual,0.06623,probability,407.7,N/A,N/A,ok,
hjchpavyer,DFDC,1,SBI,visual,0.788106,probability,405.4,N/A,N/A,ok,
hjnsrnpccy,DFDC,1,SBI,visual,0.236696,probability,297.8,N/A,N/A,ok,
hjvunydgpg,DFDC,1,SBI,visual,0.193623,probability,283.5,N/A,N/A,ok,
hjzidrrpmr,DFDC,1,SBI,visual,0.032541,probability,431.4,N/A,N/A,ok,
hjzillafzr,DFDC,1,SBI,visual,0.81689,probability,380.6,N/A,N/A,ok,
hkaqoqqxbx,DFDC,1,SBI,visual,0.482753,probability,372.9,N/A,N/A,ok,
hkvhujfumi,DFDC,1,SBI,visual,0.991397,probability,469.6,N/A,N/A,ok,
hkweeuqedv,DFDC,1,SBI,visual,0.014931,probability,378.4,N/A,N/A,ok,
hkxzjkxuka,DFDC,1,SBI,visual,0.999601,probability,333.9,N/A,N/A,ok,
hldkwwrunq,DFDC,1,SBI,visual,0.69643,probability,411.6,N/A,N/A,ok,
hlghkjdfqe,DFDC,1,SBI,visual,0.36675,probability,21.8,N/A,N/A,ok,
hlysdjnxuf,DFDC,1,SBI,visual,0.311976,probability,437.8,N/A,N/A,ok,
hlzssrgnot,DFDC,1,SBI,visual,0.704371,probability,353.3,N/A,N/A,ok,
hlzwrbkvna,DFDC,1,SBI,visual,0.12107,probability,389.1,N/A,N/A,ok,
hmdtqenovo,DFDC,1,SBI,visual,0.905779,probability,141.4,N/A,N/A,ok,
hmispoturf,DFDC,1,SBI,visual,0.033391,probability,258.7,N/A,N/A,ok,
hmvepltild,DFDC,1,SBI,visual,0.321404,probability,267.4,N/A,N/A,ok,
hmwdlvrwbe,DFDC,1,SBI,visual,0.219207,probability,46.0,N/A,N/A,ok,
hnatyztmif,DFDC,1,SBI,visual,0.018349,probability,360.0,N/A,N/A,ok,
hnbyigleuw,DFDC,1,SBI,visual,0.091806,probability,382.5,N/A,N/A,ok,
hninolobbi,DFDC,1,SBI,visual,0.116729,probability,359.1,N/A,N/A,ok,
hnlnntwzid,DFDC,1,SBI,visual,0.956128,probability,461.1,N/A,N/A,ok,
hoitatieeu,DFDC,1,SBI,visual,0.032692,probability,715.3,N/A,N/A,ok,
houfquxvvb,DFDC,1,SBI,visual,0.563179,probability,484.0,N/A,N/A,ok,
hoyqpnqsvc,DFDC,1,SBI,visual,0.033691,probability,468.5,N/A,N/A,ok,
hpezcibwbz,DFDC,1,SBI,visual,0.202102,probability,418.5,N/A,N/A,ok,
hpguuapbbs,DFDC,1,SBI,visual,0.054824,probability,172.0,N/A,N/A,ok,
hptczrdsby,DFDC,1,SBI,visual,0.012212,probability,463.0,N/A,N/A,ok,
hptqyaigdk,DFDC,1,SBI,visual,0.955043,probability,503.8,N/A,N/A,ok,
hqbzkhvrny,DFDC,1,SBI,visual,0.880071,probability,390.8,N/A,N/A,ok,
hqlxoovcts,DFDC,1,SBI,visual,0.622275,probability,347.2,N/A,N/A,ok,
hqrzlxrxrv,DFDC,1,SBI,visual,0.091997,probability,405.2,N/A,N/A,ok,
hqugprcjfh,DFDC,1,SBI,visual,0.906369,probability,391.1,N/A,N/A,ok,
hqvqlxkxqk,DFDC,1,SBI,visual,0.118753,probability,359.0,N/A,N/A,ok,
hqyeehfutp,DFDC,1,SBI,visual,0.024001,probability,320.1,N/A,N/A,ok,
hrcvmiwkzz,DFDC,1,SBI,visual,0.955783,probability,336.2,N/A,N/A,ok,
hrijskleak,DFDC,1,SBI,visual,0.259579,probability,98.3,N/A,N/A,ok,
hrmmpfhhpq,DFDC,1,SBI,visual,0.966978,probability,401.9,N/A,N/A,ok,
hroukmfwgt,DFDC,1,SBI,visual,0.198782,probability,410.1,N/A,N/A,ok,
hrubljssre,DFDC,1,SBI,visual,0.617742,probability,470.4,N/A,N/A,ok,
hrwhhopxed,DFDC,1,SBI,visual,0.012978,probability,420.3,N/A,N/A,ok,
hrzqdqxrbo,DFDC,1,SBI,visual,0.512627,probability,351.7,N/A,N/A,ok,
hsgispvots,DFDC,1,SBI,visual,0.22723,probability,351.5,N/A,N/A,ok,
hshaywobsd,DFDC,1,SBI,visual,0.241059,probability,27.5,N/A,N/A,ok,
hsluhdwqxj,DFDC,1,SBI,visual,0.495727,probability,581.5,N/A,N/A,ok,
hswubnvajm,DFDC,1,SBI,visual,0.225452,probability,392.2,N/A,N/A,ok,
hsxbptheeg,DFDC,1,SBI,visual,0.010233,probability,467.5,N/A,N/A,ok,
hsxxtjuwkf,DFDC,1,SBI,visual,0.26034,probability,485.1,N/A,N/A,ok,
htlpiqjpoi,DFDC,1,SBI,visual,0.019413,probability,416.9,N/A,N/A,ok,
htlypzsllk,DFDC,1,SBI,visual,0.423151,probability,406.4,N/A,N/A,ok,
htsyfmswdb,DFDC,1,SBI,visual,0.365007,probability,316.2,N/A,N/A,ok,
htwqazkipj,DFDC,1,SBI,visual,0.206341,probability,390.3,N/A,N/A,ok,
hudcvqvyqm,DFDC,1,SBI,visual,0.289412,probability,287.7,N/A,N/A,ok,
hukcuusfxk,DFDC,1,SBI,visual,0.031232,probability,368.7,N/A,N/A,ok,
hurutpqtrb,DFDC,1,SBI,visual,0.085246,probability,400.7,N/A,N/A,ok,
huwipmqqgd,DFDC,1,SBI,visual,0.111812,probability,80.3,N/A,N/A,ok,
huxzyvgfcy,DFDC,1,SBI,visual,0.006453,probability,358.5,N/A,N/A,ok,
hvcrhsjrme,DFDC,1,SBI,visual,0.077556,probability,173.3,N/A,N/A,ok,
hvftydcfnv,DFDC,1,SBI,visual,0.071792,probability,360.9,N/A,N/A,ok,
hwddbndhhy,DFDC,1,SBI,visual,0.178077,probability,418.7,N/A,N/A,ok,
hwqrxzztpq,DFDC,1,SBI,visual,0.742216,probability,348.2,N/A,N/A,ok,
hxnmbvoxpb,DFDC,1,SBI,visual,0.202329,probability,383.7,N/A,N/A,ok,
hydpekfxhz,DFDC,1,SBI,visual,0.993196,probability,377.6,N/A,N/A,ok,
hyoofmjldm,DFDC,1,SBI,visual,0.311538,probability,451.9,N/A,N/A,ok,
hyxqppedfh,DFDC,1,SBI,visual,0.312952,probability,144.0,N/A,N/A,ok,
hzazhwnpxa,DFDC,1,SBI,visual,0.216331,probability,344.0,N/A,N/A,ok,
hzksuqwxty,DFDC,1,SBI,visual,0.099198,probability,507.2,N/A,N/A,ok,
hzxdlkbkjl,DFDC,1,SBI,visual,0.463551,probability,465.0,N/A,N/A,ok,
iamrixecnd,DFDC,1,SBI,visual,0.95923,probability,420.5,N/A,N/A,ok,
iamrtqtpkt,DFDC,1,SBI,visual,0.079706,probability,455.0,N/A,N/A,ok,
iaqffqhftg,DFDC,1,SBI,visual,0.983371,probability,448.8,N/A,N/A,ok,
iaqnoovycg,DFDC,1,SBI,visual,0.886727,probability,371.5,N/A,N/A,ok,
iawwbbmlyz,DFDC,1,SBI,visual,0.169451,probability,96.3,N/A,N/A,ok,
ibmpvzhqcc,DFDC,1,SBI,visual,0.342682,probability,328.4,N/A,N/A,ok,
ibueuadzwy,DFDC,1,SBI,visual,0.739195,probability,341.4,N/A,N/A,ok,
ibzjmoqric,DFDC,1,SBI,visual,0.781278,probability,43.3,N/A,N/A,ok,
icaqvjgvhh,DFDC,1,SBI,visual,0.333686,probability,361.3,N/A,N/A,ok,
iccgsljqvn,DFDC,1,SBI,visual,0.028841,probability,331.6,N/A,N/A,ok,
iceouxncfa,DFDC,1,SBI,visual,0.25133,probability,323.2,N/A,N/A,ok,
icjcrcpsrw,DFDC,1,SBI,visual,0.062765,probability,392.0,N/A,N/A,ok,
icokegpewj,DFDC,1,SBI,visual,0.646353,probability,343.8,N/A,N/A,ok,
icsiqcvzmf,DFDC,1,SBI,visual,0.992562,probability,382.3,N/A,N/A,ok,
icvotuywhr,DFDC,1,SBI,visual,0.020576,probability,398.9,N/A,N/A,ok,
idavzxvgng,DFDC,1,SBI,visual,0.23634,probability,316.6,N/A,N/A,ok,
idgiudvmfb,DFDC,1,SBI,visual,0.1467,probability,485.1,N/A,N/A,ok,
idllhgmlxj,DFDC,1,SBI,visual,0.082682,probability,532.0,N/A,N/A,ok,
idntrbscwc,DFDC,1,SBI,visual,0.87243,probability,400.6,N/A,N/A,ok,
idpfzgditj,DFDC,1,SBI,visual,0.39808,probability,80.4,N/A,N/A,ok,
idqcrgdrwk,DFDC,1,SBI,visual,0.136808,probability,440.5,N/A,N/A,ok,
iebzmcxohx,DFDC,1,SBI,visual,0.821587,probability,513.2,N/A,N/A,ok,
ieeftessyw,DFDC,1,SBI,visual,0.121399,probability,435.0,N/A,N/A,ok,
iepacdsxov,DFDC,1,SBI,visual,0.823458,probability,392.1,N/A,N/A,ok,
ieptfbchav,DFDC,1,SBI,visual,0.425467,probability,154.3,N/A,N/A,ok,
ifbmaelwnn,DFDC,1,SBI,visual,0.384279,probability,380.3,N/A,N/A,ok,
igakqddviu,DFDC,1,SBI,visual,0.101813,probability,437.6,N/A,N/A,ok,
igaogiyked,DFDC,1,SBI,visual,0.0099,probability,320.3,N/A,N/A,ok,
igicztnfrg,DFDC,1,SBI,visual,0.116013,probability,428.1,N/A,N/A,ok,
igiohpjlhg,DFDC,1,SBI,visual,0.999241,probability,402.8,N/A,N/A,ok,
igjhkziqdv,DFDC,1,SBI,visual,0.74493,probability,331.3,N/A,N/A,ok,
igzoagzweb,DFDC,1,SBI,visual,0.519305,probability,330.4,N/A,N/A,ok,
ihazzlzstk,DFDC,1,SBI,visual,0.082309,probability,401.5,N/A,N/A,ok,
ihsivdnsff,DFDC,1,SBI,visual,0.206798,probability,298.3,N/A,N/A,ok,
ihtbddlwrl,DFDC,1,SBI,visual,0.612282,probability,197.2,N/A,N/A,ok,
ihyijydeix,DFDC,1,SBI,visual,0.00443,probability,372.7,N/A,N/A,ok,
iibavwdpfn,DFDC,1,SBI,visual,0.015458,probability,490.5,N/A,N/A,ok,
iicevegdbs,DFDC,1,SBI,visual,0.250642,probability,518.5,N/A,N/A,ok,
iinhtwybbj,DFDC,1,SBI,visual,0.076518,probability,153.7,N/A,N/A,ok,
iiqvoamqxr,DFDC,1,SBI,visual,0.044044,probability,394.8,N/A,N/A,ok,
iiwvpuxavc,DFDC,1,SBI,visual,0.92031,probability,21.9,N/A,N/A,ok,
iiyztwelww,DFDC,1,SBI,visual,0.004272,probability,430.6,N/A,N/A,ok,
ijdtcmwfhc,DFDC,1,SBI,visual,0.211002,probability,417.9,N/A,N/A,ok,
ijgajnysyw,DFDC,1,SBI,visual,0.472985,probability,423.9,N/A,N/A,ok,
ijmtxkngwo,DFDC,1,SBI,visual,0.788306,probability,418.7,N/A,N/A,ok,
ikfivpihho,DFDC,1,SBI,visual,0.087241,probability,363.4,N/A,N/A,ok,
ikgvwddrng,DFDC,1,SBI,visual,0.225042,probability,105.6,N/A,N/A,ok,
ikjqlzhnbu,DFDC,1,SBI,visual,0.671779,probability,422.5,N/A,N/A,ok,
ikkhbmatlg,DFDC,1,SBI,visual,0.461693,probability,309.0,N/A,N/A,ok,
ikrbegivlb,DFDC,1,SBI,visual,0.091812,probability,394.2,N/A,N/A,ok,
ilcmgixajh,DFDC,1,SBI,visual,0.56248,probability,377.1,N/A,N/A,ok,
ilelciprvk,DFDC,1,SBI,visual,0.393374,probability,36.3,N/A,N/A,ok,
iljdrsjgzo,DFDC,1,SBI,visual,0.610144,probability,348.8,N/A,N/A,ok,
imaehwhyxy,DFDC,1,SBI,visual,0.260273,probability,421.8,N/A,N/A,ok,
immesmlaju,DFDC,1,SBI,visual,0.245931,probability,359.6,N/A,N/A,ok,
imsodnkjpe,DFDC,1,SBI,visual,0.349921,probability,331.0,N/A,N/A,ok,
imuqxincxc,DFDC,1,SBI,visual,0.113006,probability,328.1,N/A,N/A,ok,
imuukaxigx,DFDC,1,SBI,visual,0.813692,probability,37.6,N/A,N/A,ok,
imwfzrdmac,DFDC,1,SBI,visual,0.369675,probability,67.2,N/A,N/A,ok,
inbbhztuhc,DFDC,1,SBI,visual,0.157107,probability,407.7,N/A,N/A,ok,
ingqyxwaqg,DFDC,1,SBI,visual,0.029293,probability,274.1,N/A,N/A,ok,
inomxuvthp,DFDC,1,SBI,visual,0.936777,probability,319.2,N/A,N/A,ok,
inoqzuzozb,DFDC,1,SBI,visual,0.181756,probability,470.4,N/A,N/A,ok,
iockopbjaw,DFDC,1,SBI,visual,0.221129,probability,533.3,N/A,N/A,ok,
iosusizfgd,DFDC,1,SBI,visual,0.364994,probability,439.2,N/A,N/A,ok,
ipciwfuwyn,DFDC,1,SBI,visual,0.018552,probability,362.6,N/A,N/A,ok,
iprlnckpdg,DFDC,1,SBI,visual,0.05811,probability,335.3,N/A,N/A,ok,
ipzaqoeest,DFDC,1,SBI,visual,0.590605,probability,437.7,N/A,N/A,ok,
iqipsjxaxr,DFDC,1,SBI,visual,0.515547,probability,378.1,N/A,N/A,ok,
iqmwpazjof,DFDC,1,SBI,visual,0.229889,probability,361.9,N/A,N/A,ok,
iqyblwudcd,DFDC,1,SBI,visual,0.02614,probability,322.7,N/A,N/A,ok,
iriiqudmuq,DFDC,1,SBI,visual,0.996489,probability,16.5,N/A,N/A,ok,
irnvxodmoo,DFDC,1,SBI,visual,0.497805,probability,361.6,N/A,N/A,ok,
irzmemlztp,DFDC,1,SBI,visual,0.294945,probability,373.2,N/A,N/A,ok,
isimzrcdst,DFDC,1,SBI,visual,0.044445,probability,485.0,N/A,N/A,ok,
isktfhemif,DFDC,1,SBI,visual,0.901154,probability,284.1,N/A,N/A,ok,
isrxaqnosp,DFDC,1,SBI,visual,0.677923,probability,354.5,N/A,N/A,ok,
itaszpypsk,DFDC,1,SBI,visual,0.84906,probability,393.5,N/A,N/A,ok,
itejarhmpf,DFDC,1,SBI,visual,0.572134,probability,419.0,N/A,N/A,ok,
itfdemtglw,DFDC,1,SBI,visual,0.99814,probability,411.5,N/A,N/A,ok,
itfgnwxyuk,DFDC,1,SBI,visual,0.998515,probability,373.2,N/A,N/A,ok,
itgecpllxv,DFDC,1,SBI,visual,0.946401,probability,98.3,N/A,N/A,ok,
iubtusnloq,DFDC,1,SBI,visual,0.176626,probability,319.9,N/A,N/A,ok,
iugkinfusb,DFDC,1,SBI,visual,0.009764,probability,422.0,N/A,N/A,ok,
iuhcnhqpyo,DFDC,1,SBI,visual,0.854934,probability,394.5,N/A,N/A,ok,
iupbyarqck,DFDC,1,SBI,visual,0.056952,probability,564.0,N/A,N/A,ok,
iutwprgxoj,DFDC,1,SBI,visual,0.690103,probability,351.8,N/A,N/A,ok,
iuveiobzau,DFDC,1,SBI,visual,0.24949,probability,376.4,N/A,N/A,ok,
iuzvojhfun,DFDC,1,SBI,visual,0.999645,probability,407.1,N/A,N/A,ok,
ivaezbtrdn,DFDC,1,SBI,visual,0.530264,probability,27.9,N/A,N/A,ok,
ivribzbizo,DFDC,1,SBI,visual,0.007398,probability,381.8,N/A,N/A,ok,
iwjfwxuxfy,DFDC,1,SBI,visual,0.51101,probability,471.7,N/A,N/A,ok,
iwscusmblf,DFDC,1,SBI,visual,0.225919,probability,419.1,N/A,N/A,ok,
iwtkayqlur,DFDC,1,SBI,visual,0.035057,probability,324.3,N/A,N/A,ok,
ixpgchxqgd,DFDC,1,SBI,visual,0.246573,probability,421.4,N/A,N/A,ok,
ixrapguyeg,DFDC,1,SBI,visual,0.20348,probability,332.6,N/A,N/A,ok,
iybgkutvwl,DFDC,1,SBI,visual,0.026095,probability,402.1,N/A,N/A,ok,
iydmavyvjg,DFDC,1,SBI,visual,0.083087,probability,274.2,N/A,N/A,ok,
iyhkzqtjjb,DFDC,1,SBI,visual,0.428131,probability,354.7,N/A,N/A,ok,
iykdbrbgod,DFDC,1,SBI,visual,0.046799,probability,358.5,N/A,N/A,ok,
iyrwgbuptt,DFDC,1,SBI,visual,0.190158,probability,360.7,N/A,N/A,ok,
iytnyzdmqx,DFDC,1,SBI,visual,0.050041,probability,327.8,N/A,N/A,ok,
iyvarkmdmp,DFDC,1,SBI,visual,0.114109,probability,101.3,N/A,N/A,ok,
iyzigchwjd,DFDC,1,SBI,visual,0.699713,probability,340.7,N/A,N/A,ok,
izafmybckj,DFDC,1,SBI,visual,0.037989,probability,344.8,N/A,N/A,ok,
izbflbcmiy,DFDC,1,SBI,visual,0.500218,probability,568.9,N/A,N/A,ok,
izwrxxlqet,DFDC,1,SBI,visual,0.211008,probability,364.3,N/A,N/A,ok,
jaiqbnuuoz,DFDC,1,SBI,visual,0.02149,probability,333.7,N/A,N/A,ok,
jarlmlkfam,DFDC,1,SBI,visual,0.02253,probability,52.5,N/A,N/A,ok,
jazachrnwc,DFDC,1,SBI,visual,0.471791,probability,485.8,N/A,N/A,ok,
jbcqzgcosy,DFDC,1,SBI,visual,0.58819,probability,357.0,N/A,N/A,ok,
jbqafpgbuo,DFDC,1,SBI,visual,0.155616,probability,379.0,N/A,N/A,ok,
jbtqacjelh,DFDC,1,SBI,visual,0.532167,probability,343.5,N/A,N/A,ok,
jcefvagzyv,DFDC,1,SBI,visual,0.248323,probability,355.7,N/A,N/A,ok,
jcmekywora,DFDC,1,SBI,visual,0.304617,probability,428.3,N/A,N/A,ok,
jcohpgtnmk,DFDC,1,SBI,visual,0.133499,probability,361.5,N/A,N/A,ok,
jdbkbtdiuy,DFDC,1,SBI,visual,0.443363,probability,38.4,N/A,N/A,ok,
jdigmzpiqw,DFDC,1,SBI,visual,0.908528,probability,503.1,N/A,N/A,ok,
jdtqdnyioa,DFDC,1,SBI,visual,0.078852,probability,436.6,N/A,N/A,ok,
jecksrxzcx,DFDC,1,SBI,visual,0.148985,probability,485.4,N/A,N/A,ok,
jecwborung,DFDC,1,SBI,visual,0.125181,probability,593.1,N/A,N/A,ok,
jeiuocdgtt,DFDC,1,SBI,visual,0.041008,probability,366.1,N/A,N/A,ok,
jejxopselq,DFDC,1,SBI,visual,0.035537,probability,430.3,N/A,N/A,ok,
jekmrcbbov,DFDC,1,SBI,visual,0.277684,probability,456.0,N/A,N/A,ok,
jelstixltj,DFDC,1,SBI,visual,0.352035,probability,384.7,N/A,N/A,ok,
jfmlclokrx,DFDC,1,SBI,visual,0.014047,probability,376.5,N/A,N/A,ok,
jfprxjzoay,DFDC,1,SBI,visual,0.014031,probability,455.8,N/A,N/A,ok,
jfwnkmtwot,DFDC,1,SBI,visual,0.005752,probability,375.0,N/A,N/A,ok,
jgjqngfcdn,DFDC,1,SBI,visual,0.420806,probability,414.3,N/A,N/A,ok,
jgmmablvoo,DFDC,1,SBI,visual,0.954833,probability,116.5,N/A,N/A,ok,
jhcgqugcch,DFDC,1,SBI,visual,0.755684,probability,466.8,N/A,N/A,ok,
jhkusknvfn,DFDC,1,SBI,visual,0.010346,probability,390.6,N/A,N/A,ok,
jhqmokkjaf,DFDC,1,SBI,visual,0.197281,probability,392.9,N/A,N/A,ok,
jhtlvsyoie,DFDC,1,SBI,visual,0.993317,probability,323.9,N/A,N/A,ok,
jikguslkqp,DFDC,1,SBI,visual,0.962082,probability,614.0,N/A,N/A,ok,
jiluzdkamd,DFDC,1,SBI,visual,0.148982,probability,374.1,N/A,N/A,ok,
jiusldsxjg,DFDC,1,SBI,visual,0.012679,probability,402.7,N/A,N/A,ok,
jjcouvdjao,DFDC,1,SBI,visual,0.208397,probability,379.4,N/A,N/A,ok,
jjkzebsdki,DFDC,1,SBI,visual,0.200926,probability,350.8,N/A,N/A,ok,
jjokgdrwkz,DFDC,1,SBI,visual,0.977222,probability,332.2,N/A,N/A,ok,
jjwkdudlhs,DFDC,1,SBI,visual,0.040976,probability,408.9,N/A,N/A,ok,
jkefyvxbrt,DFDC,1,SBI,visual,0.087698,probability,531.0,N/A,N/A,ok,
jkvagmrzle,DFDC,1,SBI,visual,0.491078,probability,420.4,N/A,N/A,ok,
jkzimzabmc,DFDC,1,SBI,visual,0.165052,probability,330.7,N/A,N/A,ok,
jlcgyrerxk,DFDC,1,SBI,visual,0.123372,probability,428.2,N/A,N/A,ok,
jmofdcccui,DFDC,1,SBI,visual,0.710408,probability,370.2,N/A,N/A,ok,
jmqeqhetmh,DFDC,1,SBI,visual,0.065545,probability,126.2,N/A,N/A,ok,
jmuwwwbatq,DFDC,1,SBI,visual,0.999617,probability,419.6,N/A,N/A,ok,
jnajpkbbnk,DFDC,1,SBI,visual,0.091592,probability,449.2,N/A,N/A,ok,
jnotsznmii,DFDC,1,SBI,visual,0.763845,probability,478.1,N/A,N/A,ok,
jnsgoqgosr,DFDC,1,SBI,visual,0.372969,probability,401.7,N/A,N/A,ok,
jnvaekkilt,DFDC,1,SBI,visual,0.212555,probability,538.6,N/A,N/A,ok,
jokmzxhtwn,DFDC,1,SBI,visual,0.061696,probability,450.0,N/A,N/A,ok,
jokwctfvjy,DFDC,1,SBI,visual,0.192474,probability,432.5,N/A,N/A,ok,
jookkewqhu,DFDC,1,SBI,visual,0.077101,probability,527.0,N/A,N/A,ok,
jopdyxtmlh,DFDC,1,SBI,visual,0.182234,probability,359.5,N/A,N/A,ok,
jpcbsincpr,DFDC,1,SBI,visual,0.55855,probability,354.0,N/A,N/A,ok,
jpekyftakj,DFDC,1,SBI,visual,0.982772,probability,99.5,N/A,N/A,ok,
jpfoysashf,DFDC,1,SBI,visual,0.06186,probability,382.7,N/A,N/A,ok,
jpnhveayqu,DFDC,1,SBI,visual,0.683116,probability,386.6,N/A,N/A,ok,
jpxtxesjvi,DFDC,1,SBI,visual,0.40868,probability,318.5,N/A,N/A,ok,
jpyyglcvqy,DFDC,1,SBI,visual,0.922894,probability,331.8,N/A,N/A,ok,
jqaudsztem,DFDC,1,SBI,visual,0.099786,probability,378.0,N/A,N/A,ok,
jqdgvlobik,DFDC,1,SBI,visual,0.04554,probability,357.8,N/A,N/A,ok,
jqenqwyffu,DFDC,1,SBI,visual,0.314635,probability,126.2,N/A,N/A,ok,
jqfpwtawdw,DFDC,1,SBI,visual,0.855942,probability,49.7,N/A,N/A,ok,
jqnjszjtbw,DFDC,1,SBI,visual,0.03894,probability,360.4,N/A,N/A,ok,
jqnscnnenx,DFDC,1,SBI,visual,0.437175,probability,247.3,N/A,N/A,ok,
jrmhgacwtw,DFDC,1,SBI,visual,0.932734,probability,596.7,N/A,N/A,ok,
jrypinvnwe,DFDC,1,SBI,visual,0.099781,probability,401.7,N/A,N/A,ok,
jsfemvmrap,DFDC,1,SBI,visual,0.052638,probability,404.4,N/A,N/A,ok,
jsjblrsqis,DFDC,1,SBI,visual,0.999199,probability,444.6,N/A,N/A,ok,
jslviqmcrg,DFDC,1,SBI,visual,0.692992,probability,351.8,N/A,N/A,ok,
jtcvzmeavy,DFDC,1,SBI,visual,0.834459,probability,431.0,N/A,N/A,ok,
jthnredpfm,DFDC,1,SBI,visual,0.991673,probability,413.7,N/A,N/A,ok,
jtkwaaqbxn,DFDC,1,SBI,visual,0.041652,probability,377.8,N/A,N/A,ok,
jtmkzezwik,DFDC,1,SBI,visual,0.228876,probability,376.0,N/A,N/A,ok,
judhrkmwsq,DFDC,1,SBI,visual,0.134553,probability,360.3,N/A,N/A,ok,
juijnpumih,DFDC,1,SBI,visual,0.347679,probability,384.8,N/A,N/A,ok,
jvemimcpda,DFDC,1,SBI,visual,0.066276,probability,375.0,N/A,N/A,ok,
jvsvggjjkl,DFDC,1,SBI,visual,0.398636,probability,317.8,N/A,N/A,ok,
jvyqbojoyx,DFDC,1,SBI,visual,0.836744,probability,140.2,N/A,N/A,ok,
jwcpgkxaqw,DFDC,1,SBI,visual,0.045789,probability,308.7,N/A,N/A,ok,
jwhhxwxxna,DFDC,1,SBI,visual,0.098744,probability,331.3,N/A,N/A,ok,
jwjbaiqfrg,DFDC,1,SBI,visual,0.986622,probability,343.1,N/A,N/A,ok,
jxwmczivko,DFDC,1,SBI,visual,0.246382,probability,43.6,N/A,N/A,ok,
jxyvmukjow,DFDC,1,SBI,visual,0.119459,probability,437.5,N/A,N/A,ok,
jyeptyjltz,DFDC,1,SBI,visual,0.034476,probability,487.3,N/A,N/A,ok,
jyujdpwlyd,DFDC,1,SBI,visual,0.261294,probability,410.2,N/A,N/A,ok,
jyxkmvmdby,DFDC,1,SBI,visual,0.801665,probability,399.2,N/A,N/A,ok,
jzuhtzrjyw,DFDC,1,SBI,visual,0.165765,probability,435.8,N/A,N/A,ok,
kahqvqbafl,DFDC,1,SBI,visual,0.035382,probability,384.0,N/A,N/A,ok,
kailufxckx,DFDC,1,SBI,visual,0.256091,probability,384.9,N/A,N/A,ok,
kaxieskiee,DFDC,1,SBI,visual,0.450037,probability,368.0,N/A,N/A,ok,
kaydbbkidt,DFDC,1,SBI,visual,0.845938,probability,369.1,N/A,N/A,ok,
kbkmdgvifj,DFDC,1,SBI,visual,0.183179,probability,384.9,N/A,N/A,ok,
kbkqutpbrb,DFDC,1,SBI,visual,0.681803,probability,429.4,N/A,N/A,ok,
kcdldfucvt,DFDC,1,SBI,visual,0.272739,probability,389.2,N/A,N/A,ok,
kcevlhhhdq,DFDC,1,SBI,visual,0.979966,probability,476.0,N/A,N/A,ok,
kcopyspemn,DFDC,1,SBI,visual,0.525042,probability,441.3,N/A,N/A,ok,
kcpvxrzhug,DFDC,1,SBI,visual,0.218577,probability,327.5,N/A,N/A,ok,
kcuzumjags,DFDC,1,SBI,visual,0.359967,probability,392.2,N/A,N/A,ok,
kcwomydzci,DFDC,1,SBI,visual,0.146599,probability,121.8,N/A,N/A,ok,
kdbchycydt,DFDC,1,SBI,visual,0.271574,probability,437.8,N/A,N/A,ok,
kdmaejrtuv,DFDC,1,SBI,visual,0.177331,probability,395.0,N/A,N/A,ok,
kdujlvcovq,DFDC,1,SBI,visual,0.081214,probability,307.3,N/A,N/A,ok,
kdznfohfpt,DFDC,1,SBI,visual,0.742834,probability,328.7,N/A,N/A,ok,
kedhhamrou,DFDC,1,SBI,visual,0.384662,probability,25.8,N/A,N/A,ok,
kehetleknq,DFDC,1,SBI,visual,0.1378,probability,411.7,N/A,N/A,ok,
kemlxxeffp,DFDC,1,SBI,visual,0.037187,probability,296.9,N/A,N/A,ok,
kepeyxjyjq,DFDC,1,SBI,visual,0.293545,probability,346.3,N/A,N/A,ok,
kervwoylyi,DFDC,1,SBI,visual,0.007523,probability,392.8,N/A,N/A,ok,
kfdwvsjmwb,DFDC,1,SBI,visual,0.520401,probability,352.4,N/A,N/A,ok,
kfnjuhushh,DFDC,1,SBI,visual,0.398589,probability,473.0,N/A,N/A,ok,
kfrwdymmkh,DFDC,1,SBI,visual,0.003364,probability,371.4,N/A,N/A,ok,
kfthlaoupn,DFDC,1,SBI,visual,0.727452,probability,428.3,N/A,N/A,ok,
kgdprrhrav,DFDC,1,SBI,visual,0.008607,probability,354.6,N/A,N/A,ok,
kggxolrkfm,DFDC,1,SBI,visual,0.018513,probability,349.4,N/A,N/A,ok,
kgjehmjtgh,DFDC,1,SBI,visual,0.042215,probability,404.5,N/A,N/A,ok,
kgprlnorpo,DFDC,1,SBI,visual,0.027666,probability,421.3,N/A,N/A,ok,
kgrgygegdr,DFDC,1,SBI,visual,0.59059,probability,357.9,N/A,N/A,ok,
khbjdjetjp,DFDC,1,SBI,visual,0.966831,probability,388.9,N/A,N/A,ok,
khpxccecgx,DFDC,1,SBI,visual,0.022882,probability,312.4,N/A,N/A,ok,
khrcmdvbnc,DFDC,1,SBI,visual,0.291665,probability,449.9,N/A,N/A,ok,
kiaduepsym,DFDC,1,SBI,visual,0.093871,probability,395.4,N/A,N/A,ok,
kihlcnjppw,DFDC,1,SBI,visual,0.036149,probability,266.3,N/A,N/A,ok,
kihtfkrulm,DFDC,1,SBI,visual,0.999383,probability,588.9,N/A,N/A,ok,
kijnjasijq,DFDC,1,SBI,visual,0.017626,probability,40.7,N/A,N/A,ok,
kjfdjopzva,DFDC,1,SBI,visual,0.236453,probability,293.1,N/A,N/A,ok,
kjthyluyjt,DFDC,1,SBI,visual,0.333244,probability,92.5,N/A,N/A,ok,
kjypbimqdx,DFDC,1,SBI,visual,0.194453,probability,420.0,N/A,N/A,ok,
klasannxlx,DFDC,1,SBI,visual,0.534094,probability,390.5,N/A,N/A,ok,
klddeggcsf,DFDC,1,SBI,visual,0.593886,probability,469.7,N/A,N/A,ok,
kltjmxdjcd,DFDC,1,SBI,visual,0.576119,probability,374.0,N/A,N/A,ok,
kmdqstahdo,DFDC,1,SBI,visual,0.050947,probability,330.3,N/A,N/A,ok,
kmegpuxbdy,DFDC,1,SBI,visual,0.374943,probability,119.4,N/A,N/A,ok,
kmiiegtxoh,DFDC,1,SBI,visual,0.403256,probability,300.8,N/A,N/A,ok,
kndqzvqaae,DFDC,1,SBI,visual,0.997114,probability,333.9,N/A,N/A,ok,
knhjdumngf,DFDC,1,SBI,visual,0.460843,probability,358.0,N/A,N/A,ok,
knjbrqcgpw,DFDC,1,SBI,visual,0.165311,probability,418.3,N/A,N/A,ok,
knlylbpgky,DFDC,1,SBI,visual,0.021435,probability,462.2,N/A,N/A,ok,
knonpjbflq,DFDC,1,SBI,visual,0.014643,probability,439.7,N/A,N/A,ok,
knousdgstq,DFDC,1,SBI,visual,0.525251,probability,428.2,N/A,N/A,ok,
knwmhhyffe,DFDC,1,SBI,visual,0.099864,probability,558.7,N/A,N/A,ok,
konxxlftbl,DFDC,1,SBI,visual,0.208103,probability,438.8,N/A,N/A,ok,
koqxnibvos,DFDC,1,SBI,visual,0.396728,probability,147.3,N/A,N/A,ok,
koscyfkvye,DFDC,1,SBI,visual,0.371658,probability,515.8,N/A,N/A,ok,
kpqdzocupc,DFDC,1,SBI,visual,0.017831,probability,371.3,N/A,N/A,ok,
kqdwnwndbj,DFDC,1,SBI,visual,0.317234,probability,401.7,N/A,N/A,ok,
kqgpwmewlo,DFDC,1,SBI,visual,0.025397,probability,340.1,N/A,N/A,ok,
kqhcrmpotp,DFDC,1,SBI,visual,0.22554,probability,423.6,N/A,N/A,ok,
kqlpildjiv,DFDC,1,SBI,visual,0.340724,probability,341.4,N/A,N/A,ok,
kreftoakmb,DFDC,1,SBI,visual,0.033795,probability,369.0,N/A,N/A,ok,
krjdsugfxv,DFDC,1,SBI,visual,0.282313,probability,421.9,N/A,N/A,ok,
ksavmqnigi,DFDC,1,SBI,visual,0.160006,probability,246.7,N/A,N/A,ok,
ksjrewxjuo,DFDC,1,SBI,visual,0.247767,probability,388.3,N/A,N/A,ok,
kspgijbokb,DFDC,1,SBI,visual,0.987,probability,523.5,N/A,N/A,ok,
ksrqnmvoyo,DFDC,1,SBI,visual,0.010815,probability,472.6,N/A,N/A,ok,
kszjfokmhh,DFDC,1,SBI,visual,0.00347,probability,403.7,N/A,N/A,ok,
ktbxpbwttw,DFDC,1,SBI,visual,0.005847,probability,357.6,N/A,N/A,ok,
ktdhbosynl,DFDC,1,SBI,visual,0.604436,probability,401.1,N/A,N/A,ok,
ktfwifczqo,DFDC,1,SBI,visual,0.067509,probability,72.0,N/A,N/A,ok,
ktsausjfsv,DFDC,1,SBI,visual,0.470312,probability,355.3,N/A,N/A,ok,
ktvkslgche,DFDC,1,SBI,visual,0.897595,probability,414.8,N/A,N/A,ok,
kuacgwnvjy,DFDC,1,SBI,visual,0.740952,probability,86.9,N/A,N/A,ok,
kuqkongpaq,DFDC,1,SBI,visual,0.025125,probability,428.3,N/A,N/A,ok,
kusczptfuf,DFDC,1,SBI,visual,0.088757,probability,323.7,N/A,N/A,ok,
kvezzfqcdx,DFDC,1,SBI,visual,0.916806,probability,387.4,N/A,N/A,ok,
kvlcopwmvr,DFDC,1,SBI,visual,0.31816,probability,404.1,N/A,N/A,ok,
kvnbjouvwn,DFDC,1,SBI,visual,0.705133,probability,455.5,N/A,N/A,ok,
kvofljhkpj,DFDC,1,SBI,visual,0.246721,probability,369.4,N/A,N/A,ok,
kvxzljotaz,DFDC,1,SBI,visual,0.569715,probability,246.1,N/A,N/A,ok,
kwuvocipyu,DFDC,1,SBI,visual,0.175608,probability,402.0,N/A,N/A,ok,
kxadjaofqf,DFDC,1,SBI,visual,0.999779,probability,1059.8,N/A,N/A,ok,
kxiinqritb,DFDC,1,SBI,visual,0.18425,probability,368.7,N/A,N/A,ok,
kxjqzouaix,DFDC,1,SBI,visual,0.437693,probability,396.4,N/A,N/A,ok,
kxpfdjwpjg,DFDC,1,SBI,visual,0.022062,probability,314.3,N/A,N/A,ok,
kxrgztpadv,DFDC,1,SBI,visual,0.998962,probability,361.9,N/A,N/A,ok,
kxuzogzctw,DFDC,1,SBI,visual,0.264155,probability,134.4,N/A,N/A,ok,
kxweknqses,DFDC,1,SBI,visual,0.979602,probability,481.6,N/A,N/A,ok,
kygpklglub,DFDC,1,SBI,visual,0.740043,probability,430.9,N/A,N/A,ok,
kypjhtdbwr,DFDC,1,SBI,visual,0.320584,probability,310.4,N/A,N/A,ok,
kzffhuhuzw,DFDC,1,SBI,visual,0.97558,probability,391.4,N/A,N/A,ok,
kzgfwmupkv,DFDC,1,SBI,visual,0.898376,probability,336.7,N/A,N/A,ok,
kzireswpdr,DFDC,1,SBI,visual,0.181174,probability,340.6,N/A,N/A,ok,
kztfeyykjt,DFDC,1,SBI,visual,0.036536,probability,337.8,N/A,N/A,ok,
lagfmkcdol,DFDC,1,SBI,visual,0.02534,probability,90.9,N/A,N/A,ok,
lbirfxgjux,DFDC,1,SBI,visual,0.140395,probability,477.5,N/A,N/A,ok,
lcogepyina,DFDC,1,SBI,visual,0.828408,probability,92.5,N/A,N/A,ok,
lddpfyuzep,DFDC,1,SBI,visual,0.830517,probability,464.6,N/A,N/A,ok,
ldgcgbjtna,DFDC,1,SBI,visual,0.032072,probability,343.4,N/A,N/A,ok,
ldzsiihhia,DFDC,1,SBI,visual,0.032216,probability,465.3,N/A,N/A,ok,
lebrijlnjr,DFDC,1,SBI,visual,0.959019,probability,437.5,N/A,N/A,ok,
leojshycej,DFDC,1,SBI,visual,0.14524,probability,433.5,N/A,N/A,ok,
lfjcgooobl,DFDC,1,SBI,visual,0.999646,probability,577.9,N/A,N/A,ok,
lfxlrkeayp,DFDC,1,SBI,visual,0.094125,probability,371.9,N/A,N/A,ok,
lgiueebfog,DFDC,1,SBI,visual,0.042783,probability,357.8,N/A,N/A,ok,
lhjxdzslfq,DFDC,1,SBI,visual,0.245412,probability,333.5,N/A,N/A,ok,
lhmdldntlh,DFDC,1,SBI,visual,0.130203,probability,313.3,N/A,N/A,ok,
lhndytetmf,DFDC,1,SBI,visual,0.149456,probability,332.4,N/A,N/A,ok,
lhtvdfmdcv,DFDC,1,SBI,visual,0.946558,probability,334.0,N/A,N/A,ok,
lhyusfzjvo,DFDC,1,SBI,visual,0.697229,probability,313.6,N/A,N/A,ok,
likjcxvkxd,DFDC,1,SBI,visual,0.673706,probability,344.3,N/A,N/A,ok,
likpmmqjlt,DFDC,1,SBI,visual,0.98016,probability,350.2,N/A,N/A,ok,
limafmwcwk,DFDC,1,SBI,visual,0.916226,probability,291.3,N/A,N/A,ok,
ljaedxbwki,DFDC,1,SBI,visual,0.251227,probability,107.3,N/A,N/A,ok,
ljbsxojoqq,DFDC,1,SBI,visual,0.455422,probability,418.0,N/A,N/A,ok,
ljwujnowey,DFDC,1,SBI,visual,0.38791,probability,320.8,N/A,N/A,ok,
ljzazblkjl,DFDC,1,SBI,visual,0.995861,probability,556.9,N/A,N/A,ok,
lkfphvchlm,DFDC,1,SBI,visual,0.369209,probability,497.0,N/A,N/A,ok,
lkiiimoqwe,DFDC,1,SBI,visual,0.058787,probability,273.2,N/A,N/A,ok,
lknjhqzaic,DFDC,1,SBI,visual,0.138739,probability,356.8,N/A,N/A,ok,
lkqytulalc,DFDC,1,SBI,visual,0.960381,probability,325.6,N/A,N/A,ok,
lkunxxwtbn,DFDC,1,SBI,visual,0.631162,probability,385.9,N/A,N/A,ok,
llfapmbblg,DFDC,1,SBI,visual,0.671313,probability,327.0,N/A,N/A,ok,
llgjxqexdg,DFDC,1,SBI,visual,0.370063,probability,372.0,N/A,N/A,ok,
llkmzqvnff,DFDC,1,SBI,visual,0.82751,probability,133.6,N/A,N/A,ok,
llmjimtzba,DFDC,1,SBI,visual,0.999699,probability,386.8,N/A,N/A,ok,
llotvzbmji,DFDC,1,SBI,visual,0.769164,probability,150.6,N/A,N/A,ok,
llticdazpe,DFDC,1,SBI,visual,0.041927,probability,343.2,N/A,N/A,ok,
lmdgwfgdqj,DFDC,1,SBI,visual,0.538788,probability,346.9,N/A,N/A,ok,
lmnasebvya,DFDC,1,SBI,visual,0.47784,probability,345.9,N/A,N/A,ok,
lmorgkqfqe,DFDC,1,SBI,visual,0.542392,probability,407.5,N/A,N/A,ok,
lmuorawujy,DFDC,1,SBI,visual,0.594223,probability,337.1,N/A,N/A,ok,
lmzqygecnf,DFDC,1,SBI,visual,0.11162,probability,230.2,N/A,N/A,ok,
lnpnwprkoi,DFDC,1,SBI,visual,0.153946,probability,324.8,N/A,N/A,ok,
lofkqsfhwg,DFDC,1,SBI,visual,0.327517,probability,549.5,N/A,N/A,ok,
logzmfeyws,DFDC,1,SBI,visual,0.2852,probability,333.6,N/A,N/A,ok,
lohkeoxlhy,DFDC,1,SBI,visual,0.47004,probability,235.2,N/A,N/A,ok,
lojmybtrto,DFDC,1,SBI,visual,0.425776,probability,512.5,N/A,N/A,ok,
lovostttmg,DFDC,1,SBI,visual,0.569786,probability,325.1,N/A,N/A,ok,
lpehhofjzi,DFDC,1,SBI,visual,0.8316,probability,401.9,N/A,N/A,ok,
lppbjjhbkn,DFDC,1,SBI,visual,0.597147,probability,387.7,N/A,N/A,ok,
lpsnejuzud,DFDC,1,SBI,visual,0.467773,probability,235.5,N/A,N/A,ok,
lqfbdfqlub,DFDC,1,SBI,visual,0.836316,probability,269.4,N/A,N/A,ok,
lqhqgoifhr,DFDC,1,SBI,visual,0.194693,probability,373.5,N/A,N/A,ok,
lqywtudjwc,DFDC,1,SBI,visual,0.081246,probability,308.3,N/A,N/A,ok,
lrrbenexmu,DFDC,1,SBI,visual,0.45097,probability,437.9,N/A,N/A,ok,
lrrjplfpfg,DFDC,1,SBI,visual,0.038741,probability,309.9,N/A,N/A,ok,
lsbwwnzaif,DFDC,1,SBI,visual,0.043686,probability,354.3,N/A,N/A,ok,
lsqimrbodr,DFDC,1,SBI,visual,0.16441,probability,531.9,N/A,N/A,ok,
lsqvyiasli,DFDC,1,SBI,visual,0.186644,probability,595.8,N/A,N/A,ok,
lsuwqyyhbs,DFDC,1,SBI,visual,0.037451,probability,409.2,N/A,N/A,ok,
lsyuismdjv,DFDC,1,SBI,visual,0.994562,probability,413.4,N/A,N/A,ok,
ltedxefbkh,DFDC,1,SBI,visual,0.341875,probability,422.0,N/A,N/A,ok,
ltfpojxgzs,DFDC,1,SBI,visual,0.949498,probability,415.3,N/A,N/A,ok,
ltifprudlv,DFDC,1,SBI,visual,0.972731,probability,384.1,N/A,N/A,ok,
ltiwgysesj,DFDC,1,SBI,visual,0.150123,probability,582.1,N/A,N/A,ok,
ltsgmmqkfp,DFDC,1,SBI,visual,0.997828,probability,422.1,N/A,N/A,ok,
ltyzljoojr,DFDC,1,SBI,visual,0.074221,probability,463.8,N/A,N/A,ok,
lulikoqvox,DFDC,1,SBI,visual,0.387703,probability,433.9,N/A,N/A,ok,
lunsmndioo,DFDC,1,SBI,visual,0.413753,probability,324.1,N/A,N/A,ok,
lupkcqikoc,DFDC,1,SBI,visual,0.031708,probability,217.8,N/A,N/A,ok,
luqjcwffxc,DFDC,1,SBI,visual,0.215031,probability,353.1,N/A,N/A,ok,
lvggcbwakq,DFDC,1,SBI,visual,0.038851,probability,397.5,N/A,N/A,ok,
lwcwovkqoe,DFDC,1,SBI,visual,0.579139,probability,388.7,N/A,N/A,ok,
lwetuufpth,DFDC,1,SBI,visual,0.032363,probability,323.8,N/A,N/A,ok,
lwztbqszln,DFDC,1,SBI,visual,0.122817,probability,450.9,N/A,N/A,ok,
lxadsdmxsa,DFDC,1,SBI,visual,0.208684,probability,286.4,N/A,N/A,ok,
lxhlcpzbuy,DFDC,1,SBI,visual,0.332031,probability,393.8,N/A,N/A,ok,
lxobhcbqzs,DFDC,1,SBI,visual,0.999159,probability,547.1,N/A,N/A,ok,
lxpnmhjwoy,DFDC,1,SBI,visual,0.912607,probability,447.0,N/A,N/A,ok,
lxturyroro,DFDC,1,SBI,visual,0.996472,probability,425.6,N/A,N/A,ok,
lxuosjkowp,DFDC,1,SBI,visual,0.157375,probability,245.2,N/A,N/A,ok,
lxzmyfdgzc,DFDC,1,SBI,visual,0.014783,probability,515.6,N/A,N/A,ok,
lzjmhyqcsz,DFDC,1,SBI,visual,0.024239,probability,465.0,N/A,N/A,ok,
lzxlnshsaa,DFDC,1,SBI,visual,0.721254,probability,414.0,N/A,N/A,ok,
lzyjyvcpmq,DFDC,1,SBI,visual,0.579918,probability,319.7,N/A,N/A,ok,
maenkrepvr,DFDC,1,SBI,visual,0.195828,probability,388.1,N/A,N/A,ok,
maicppbpml,DFDC,1,SBI,visual,0.997977,probability,354.6,N/A,N/A,ok,
mapqmagfvc,DFDC,1,SBI,visual,0.184484,probability,436.2,N/A,N/A,ok,
masmbnynwp,DFDC,1,SBI,visual,0.312792,probability,484.8,N/A,N/A,ok,
mavbzpgnuo,DFDC,1,SBI,visual,0.582313,probability,354.7,N/A,N/A,ok,
mbdbfkowgh,DFDC,1,SBI,visual,0.20468,probability,180.6,N/A,N/A,ok,
mbnixpkrfh,DFDC,1,SBI,visual,0.99464,probability,323.8,N/A,N/A,ok,
mbwcvsvgdr,DFDC,1,SBI,visual,0.684674,probability,357.9,N/A,N/A,ok,
mcbuthkarc,DFDC,1,SBI,visual,0.390188,probability,325.1,N/A,N/A,ok,
mcgkwjgwsb,DFDC,1,SBI,visual,0.133249,probability,103.3,N/A,N/A,ok,
mcgveudgcl,DFDC,1,SBI,visual,0.144324,probability,309.1,N/A,N/A,ok,
mdcmgkbnnx,DFDC,1,SBI,visual,0.066733,probability,341.5,N/A,N/A,ok,
mdixnuvyew,DFDC,1,SBI,visual,0.137587,probability,390.6,N/A,N/A,ok,
mdklrhpabg,DFDC,1,SBI,visual,0.056341,probability,353.0,N/A,N/A,ok,
mdtfwyscdu,DFDC,1,SBI,visual,0.02653,probability,371.5,N/A,N/A,ok,
mdudkekjed,DFDC,1,SBI,visual,0.609213,probability,642.6,N/A,N/A,ok,
meeebwugvz,DFDC,1,SBI,visual,0.066161,probability,308.1,N/A,N/A,ok,
mesbqnipje,DFDC,1,SBI,visual,0.999793,probability,512.0,N/A,N/A,ok,
meyeazaovm,DFDC,1,SBI,visual,0.433997,probability,387.9,N/A,N/A,ok,
mgjrsnprci,DFDC,1,SBI,visual,0.098283,probability,372.6,N/A,N/A,ok,
mgnvhlguhu,DFDC,1,SBI,visual,0.99744,probability,357.0,N/A,N/A,ok,
mgvpkmgsxi,DFDC,1,SBI,visual,0.042954,probability,341.1,N/A,N/A,ok,
mhgrghjowp,DFDC,1,SBI,visual,0.644477,probability,372.5,N/A,N/A,ok,
mhytdmqigx,DFDC,1,SBI,visual,0.014906,probability,412.4,N/A,N/A,ok,
micfrlqjlm,DFDC,1,SBI,visual,0.193046,probability,369.3,N/A,N/A,ok,
miielrfdgv,DFDC,1,SBI,visual,0.403072,probability,284.5,N/A,N/A,ok,
mjijllwvhf,DFDC,1,SBI,visual,0.090782,probability,404.1,N/A,N/A,ok,
mjjwajvhds,DFDC,1,SBI,visual,0.083942,probability,386.5,N/A,N/A,ok,
mjlcrxejxf,DFDC,1,SBI,visual,0.99338,probability,370.4,N/A,N/A,ok,
mjpzbpxcgc,DFDC,1,SBI,visual,0.075617,probability,538.3,N/A,N/A,ok,
mjvzbkkheo,DFDC,1,SBI,visual,0.847702,probability,449.7,N/A,N/A,ok,
mjwamecgmt,DFDC,1,SBI,visual,0.082242,probability,683.2,N/A,N/A,ok,
mkbbblntso,DFDC,1,SBI,visual,0.902591,probability,367.1,N/A,N/A,ok,
mkptlocwpg,DFDC,1,SBI,visual,0.013598,probability,388.7,N/A,N/A,ok,
mlifkfxmpb,DFDC,1,SBI,visual,0.292763,probability,371.8,N/A,N/A,ok,
mlozkzeuwg,DFDC,1,SBI,visual,0.06764,probability,539.3,N/A,N/A,ok,
mlpufojdfw,DFDC,1,SBI,visual,0.570334,probability,387.4,N/A,N/A,ok,
mlsehzewoh,DFDC,1,SBI,visual,0.108406,probability,333.6,N/A,N/A,ok,
mltkbhcolj,DFDC,1,SBI,visual,0.202395,probability,463.8,N/A,N/A,ok,
mlvpyvhfax,DFDC,1,SBI,visual,0.10679,probability,387.2,N/A,N/A,ok,
mlxiscphtm,DFDC,1,SBI,visual,0.014443,probability,366.1,N/A,N/A,ok,
mmfuinbpzi,DFDC,1,SBI,visual,0.088236,probability,415.4,N/A,N/A,ok,
mmjguwzrpk,DFDC,1,SBI,visual,0.042311,probability,353.2,N/A,N/A,ok,
mmlotroagy,DFDC,1,SBI,visual,0.017137,probability,229.3,N/A,N/A,ok,
mmnedchfmh,DFDC,1,SBI,visual,0.214378,probability,357.4,N/A,N/A,ok,
mmyvyiollv,DFDC,1,SBI,visual,0.20848,probability,403.8,N/A,N/A,ok,
mnconbubqv,DFDC,1,SBI,visual,0.764192,probability,349.6,N/A,N/A,ok,
mncpglvxvr,DFDC,1,SBI,visual,0.307506,probability,268.3,N/A,N/A,ok,
mnnxcnnqgf,DFDC,1,SBI,visual,0.175376,probability,295.8,N/A,N/A,ok,
mnsxoqacfn,DFDC,1,SBI,visual,0.504985,probability,320.3,N/A,N/A,ok,
mntbnqxnmi,DFDC,1,SBI,visual,0.206284,probability,510.9,N/A,N/A,ok,
mofzdztrtv,DFDC,1,SBI,visual,0.478978,probability,624.9,N/A,N/A,ok,
moifixdjhc,DFDC,1,SBI,visual,0.973239,probability,690.0,N/A,N/A,ok,
mokfgrgkxp,DFDC,1,SBI,visual,0.609232,probability,382.4,N/A,N/A,ok,
movblemxop,DFDC,1,SBI,visual,0.750753,probability,474.8,N/A,N/A,ok,
mpmlyrgjbs,DFDC,1,SBI,visual,0.473524,probability,519.3,N/A,N/A,ok,
mpmydljkph,DFDC,1,SBI,visual,0.032724,probability,351.3,N/A,N/A,ok,
mpomplisls,DFDC,1,SBI,visual,0.612204,probability,66.6,N/A,N/A,ok,
mppnhjhisy,DFDC,1,SBI,visual,0.375044,probability,296.9,N/A,N/A,ok,
mpqdlchmwq,DFDC,1,SBI,visual,0.934351,probability,416.9,N/A,N/A,ok,
mpwksxlvna,DFDC,1,SBI,visual,0.105431,probability,302.0,N/A,N/A,ok,
mqdffxadud,DFDC,1,SBI,visual,0.118086,probability,332.5,N/A,N/A,ok,
mqewmvmgvt,DFDC,1,SBI,visual,0.124839,probability,133.2,N/A,N/A,ok,
mqgufzfqwg,DFDC,1,SBI,visual,0.250787,probability,427.2,N/A,N/A,ok,
mqphixpgph,DFDC,1,SBI,visual,0.495172,probability,406.3,N/A,N/A,ok,
mqyuatyifk,DFDC,1,SBI,visual,0.135128,probability,411.8,N/A,N/A,ok,
mrbrcqdspy,DFDC,1,SBI,visual,0.032078,probability,361.6,N/A,N/A,ok,
mrvmtbfmje,DFDC,1,SBI,visual,0.464381,probability,371.4,N/A,N/A,ok,
msbgcpodrl,DFDC,1,SBI,visual,0.079683,probability,404.3,N/A,N/A,ok,
msfkbpvwqs,DFDC,1,SBI,visual,0.889343,probability,307.3,N/A,N/A,ok,
msgxclhzxt,DFDC,1,SBI,visual,0.186504,probability,359.1,N/A,N/A,ok,
mshrxsxlyi,DFDC,1,SBI,visual,0.022105,probability,396.3,N/A,N/A,ok,
msprzsyzzv,DFDC,1,SBI,visual,0.091907,probability,369.5,N/A,N/A,ok,
msyqgoasbu,DFDC,1,SBI,visual,0.123328,probability,543.8,N/A,N/A,ok,
mtewbjueky,DFDC,1,SBI,visual,0.226784,probability,458.2,N/A,N/A,ok,
mtextngjjh,DFDC,1,SBI,visual,0.073447,probability,557.1,N/A,N/A,ok,
mtssjmtnra,DFDC,1,SBI,visual,0.111979,probability,396.5,N/A,N/A,ok,
mtvwbaqmtg,DFDC,1,SBI,visual,0.104949,probability,534.4,N/A,N/A,ok,
mudoxlyahr,DFDC,1,SBI,visual,0.397917,probability,305.2,N/A,N/A,ok,
mugvenrykr,DFDC,1,SBI,visual,0.112953,probability,328.7,N/A,N/A,ok,
mulwhpvqyf,DFDC,1,SBI,visual,0.831089,probability,364.9,N/A,N/A,ok,
mupnqclatl,DFDC,1,SBI,visual,0.488455,probability,326.8,N/A,N/A,ok,
murotzizuk,DFDC,1,SBI,visual,0.652411,probability,28.0,N/A,N/A,ok,
muwzramhmi,DFDC,1,SBI,visual,0.402343,probability,349.8,N/A,N/A,ok,
mvdfponway,DFDC,1,SBI,visual,0.417875,probability,119.5,N/A,N/A,ok,
mvfbqpqxmg,DFDC,1,SBI,visual,0.141619,probability,298.8,N/A,N/A,ok,
mvhbzuissm,DFDC,1,SBI,visual,0.291358,probability,222.8,N/A,N/A,ok,
mvmredrdji,DFDC,1,SBI,visual,0.398418,probability,428.6,N/A,N/A,ok,
mwaizqhoaz,DFDC,1,SBI,visual,0.276568,probability,362.8,N/A,N/A,ok,
mwghcwsizr,DFDC,1,SBI,visual,0.702511,probability,335.5,N/A,N/A,ok,
mwiuozyesb,DFDC,1,SBI,visual,0.356717,probability,125.4,N/A,N/A,ok,
mwkhaifuvk,DFDC,1,SBI,visual,0.17154,probability,306.9,N/A,N/A,ok,
mxdxzoqmlk,DFDC,1,SBI,visual,0.158869,probability,436.8,N/A,N/A,ok,
mxiflstxwk,DFDC,1,SBI,visual,0.33883,probability,418.5,N/A,N/A,ok,
mxnmnorrwc,DFDC,1,SBI,visual,0.236199,probability,406.3,N/A,N/A,ok,
mxvtqsbhxp,DFDC,1,SBI,visual,0.471421,probability,488.0,N/A,N/A,ok,
mxwduahovi,DFDC,1,SBI,visual,0.033069,probability,433.6,N/A,N/A,ok,
myaaaipxge,DFDC,1,SBI,visual,0.781306,probability,331.9,N/A,N/A,ok,
mymblfniqf,DFDC,1,SBI,visual,0.056067,probability,60.0,N/A,N/A,ok,
myqdllrnys,DFDC,1,SBI,visual,0.258322,probability,436.5,N/A,N/A,ok,
mzldnycwvi,DFDC,1,SBI,visual,0.028021,probability,62.9,N/A,N/A,ok,
mzobrdofwl,DFDC,1,SBI,visual,0.210923,probability,350.4,N/A,N/A,ok,
mzqyqshixk,DFDC,1,SBI,visual,0.122072,probability,406.7,N/A,N/A,ok,
nabzxppyfd,DFDC,1,SBI,visual,0.060542,probability,435.8,N/A,N/A,ok,
naltcbambb,DFDC,1,SBI,visual,0.451343,probability,322.0,N/A,N/A,ok,
napcggmygn,DFDC,1,SBI,visual,0.977676,probability,340.9,N/A,N/A,ok,
naqgtrlzgb,DFDC,1,SBI,visual,0.300153,probability,274.7,N/A,N/A,ok,
naszwsebah,DFDC,1,SBI,visual,0.145284,probability,151.6,N/A,N/A,ok,
nbuvwpjcpm,DFDC,1,SBI,visual,0.580106,probability,357.9,N/A,N/A,ok,
nbxyheffez,DFDC,1,SBI,visual,0.017544,probability,484.3,N/A,N/A,ok,
ncgrzrycic,DFDC,1,SBI,visual,0.046171,probability,391.6,N/A,N/A,ok,
ncjjgxchdp,DFDC,1,SBI,visual,0.987292,probability,405.3,N/A,N/A,ok,
nckincmiua,DFDC,1,SBI,visual,0.531833,probability,485.4,N/A,N/A,ok,
ncxieqcgup,DFDC,1,SBI,visual,0.026489,probability,311.5,N/A,N/A,ok,
ncyozlrgpx,DFDC,1,SBI,visual,0.041886,probability,391.0,N/A,N/A,ok,
ndimusstbv,DFDC,1,SBI,visual,0.215634,probability,296.4,N/A,N/A,ok,
ndjyelbeht,DFDC,1,SBI,visual,0.245157,probability,89.0,N/A,N/A,ok,
ndkscveepj,DFDC,1,SBI,visual,0.405079,probability,104.9,N/A,N/A,ok,
ndxvtlfptl,DFDC,1,SBI,visual,0.278794,probability,358.6,N/A,N/A,ok,
ndyojvtdlx,DFDC,1,SBI,visual,0.928615,probability,339.6,N/A,N/A,ok,
ndzzxndktr,DFDC,1,SBI,visual,0.074272,probability,409.7,N/A,N/A,ok,
negnzmskrx,DFDC,1,SBI,visual,0.411822,probability,324.9,N/A,N/A,ok,
neihfjsuww,DFDC,1,SBI,visual,0.049513,probability,373.5,N/A,N/A,ok,
nerhqmtmmq,DFDC,1,SBI,visual,0.155373,probability,308.9,N/A,N/A,ok,
nexjetwqjx,DFDC,1,SBI,visual,0.120364,probability,501.5,N/A,N/A,ok,
nexwbobcve,DFDC,1,SBI,visual,0.08241,probability,330.3,N/A,N/A,ok,
neyqtadofp,DFDC,1,SBI,visual,0.006852,probability,360.5,N/A,N/A,ok,
nfghpdesxm,DFDC,1,SBI,visual,0.343089,probability,413.7,N/A,N/A,ok,
ngjumjhizk,DFDC,1,SBI,visual,0.431676,probability,338.4,N/A,N/A,ok,
nheikdvbia,DFDC,1,SBI,visual,0.386449,probability,280.2,N/A,N/A,ok,
nhooobaaqa,DFDC,1,SBI,visual,0.240649,probability,391.8,N/A,N/A,ok,
nhtqnqgvxw,DFDC,1,SBI,visual,0.078003,probability,467.5,N/A,N/A,ok,
nifrjjctay,DFDC,1,SBI,visual,0.036865,probability,387.1,N/A,N/A,ok,
niggtgeoyz,DFDC,1,SBI,visual,0.228282,probability,347.2,N/A,N/A,ok,
nirpbnserk,DFDC,1,SBI,visual,0.136582,probability,437.5,N/A,N/A,ok,
nisipmjjms,DFDC,1,SBI,visual,0.404952,probability,281.5,N/A,N/A,ok,
nitvesddew,DFDC,1,SBI,visual,0.530847,probability,346.4,N/A,N/A,ok,
nizfplnamx,DFDC,1,SBI,visual,0.352595,probability,338.8,N/A,N/A,ok,
njeorilxry,DFDC,1,SBI,visual,0.106314,probability,452.3,N/A,N/A,ok,
njijkwatga,DFDC,1,SBI,visual,0.285193,probability,330.2,N/A,N/A,ok,
njjtjxdskm,DFDC,1,SBI,visual,0.478044,probability,346.1,N/A,N/A,ok,
njndivihge,DFDC,1,SBI,visual,0.908837,probability,340.4,N/A,N/A,ok,
njpmpakndm,DFDC,1,SBI,visual,0.692862,probability,391.2,N/A,N/A,ok,
njuevkitxv,DFDC,1,SBI,visual,0.577489,probability,437.9,N/A,N/A,ok,
njuxezygnj,DFDC,1,SBI,visual,0.88607,probability,358.3,N/A,N/A,ok,
njvoudllnh,DFDC,1,SBI,visual,0.061304,probability,406.4,N/A,N/A,ok,
nkanuujkum,DFDC,1,SBI,visual,0.016179,probability,559.3,N/A,N/A,ok,
nklbddtbhp,DFDC,1,SBI,visual,0.373701,probability,395.7,N/A,N/A,ok,
nknvubmvjs,DFDC,1,SBI,visual,0.644537,probability,442.9,N/A,N/A,ok,
nlcjapmrox,DFDC,1,SBI,visual,0.39477,probability,421.4,N/A,N/A,ok,
nlmeiezkpq,DFDC,1,SBI,visual,0.109334,probability,371.0,N/A,N/A,ok,
nlqvdfgieu,DFDC,1,SBI,visual,0.210029,probability,376.5,N/A,N/A,ok,
nluwgesrqg,DFDC,1,SBI,visual,0.180706,probability,390.7,N/A,N/A,ok,
nlyfavxkln,DFDC,1,SBI,visual,0.168979,probability,344.0,N/A,N/A,ok,
nmcntrtqtt,DFDC,1,SBI,visual,0.781938,probability,373.1,N/A,N/A,ok,
nmhjrparvm,DFDC,1,SBI,visual,0.697105,probability,298.0,N/A,N/A,ok,
nmkleclzxe,DFDC,1,SBI,visual,0.631933,probability,406.0,N/A,N/A,ok,
nmngzirweb,DFDC,1,SBI,visual,0.833952,probability,340.1,N/A,N/A,ok,
nmqsjzxgcx,DFDC,1,SBI,visual,0.012628,probability,371.4,N/A,N/A,ok,
nmwkdzbwij,DFDC,1,SBI,visual,0.110058,probability,384.2,N/A,N/A,ok,
nmwlxuixlh,DFDC,1,SBI,visual,0.021642,probability,372.7,N/A,N/A,ok,
nmyayinbcz,DFDC,1,SBI,visual,0.486566,probability,336.6,N/A,N/A,ok,
nnpuvaokug,DFDC,1,SBI,visual,0.181714,probability,472.8,N/A,N/A,ok,
nomvnitaco,DFDC,1,SBI,visual,0.424216,probability,412.4,N/A,N/A,ok,
noodanjabq,DFDC,1,SBI,visual,0.127431,probability,40.9,N/A,N/A,ok,
nosjvsdfov,DFDC,1,SBI,visual,0.884082,probability,424.5,N/A,N/A,ok,
npcwxtnukn,DFDC,1,SBI,visual,0.395324,probability,381.1,N/A,N/A,ok,
npdntadkeu,DFDC,1,SBI,visual,0.949737,probability,428.8,N/A,N/A,ok,
npeubwiejg,DFDC,1,SBI,visual,0.614133,probability,348.8,N/A,N/A,ok,
npkiffyell,DFDC,1,SBI,visual,0.067499,probability,351.6,N/A,N/A,ok,
npxtoofnrh,DFDC,1,SBI,visual,0.277823,probability,457.8,N/A,N/A,ok,
nqkpsfdrfj,DFDC,1,SBI,visual,0.455414,probability,187.3,N/A,N/A,ok,
nquzxiqcyl,DFDC,1,SBI,visual,0.812273,probability,328.2,N/A,N/A,ok,
nqvorsfuas,DFDC,1,SBI,visual,0.102587,probability,282.3,N/A,N/A,ok,
nrzayygpza,DFDC,1,SBI,visual,0.103266,probability,129.0,N/A,N/A,ok,
nsggumwvgb,DFDC,1,SBI,visual,0.465821,probability,75.2,N/A,N/A,ok,
nskyewucyf,DFDC,1,SBI,visual,0.272665,probability,414.2,N/A,N/A,ok,
ntbcgqdfhh,DFDC,1,SBI,visual,0.447745,probability,382.7,N/A,N/A,ok,
ntuoxpaseh,DFDC,1,SBI,visual,0.415952,probability,483.6,N/A,N/A,ok,
nuvtryhjff,DFDC,1,SBI,visual,0.065569,probability,546.8,N/A,N/A,ok,
nuxrvflcih,DFDC,1,SBI,visual,0.132718,probability,453.3,N/A,N/A,ok,
nvcgkluvmb,DFDC,1,SBI,visual,0.116227,probability,354.7,N/A,N/A,ok,
nwpjsjarju,DFDC,1,SBI,visual,0.229471,probability,499.1,N/A,N/A,ok,
nwqgudajhc,DFDC,1,SBI,visual,0.539821,probability,328.9,N/A,N/A,ok,
nxbhmnmanh,DFDC,1,SBI,visual,0.999367,probability,367.0,N/A,N/A,ok,
nxybfgyutl,DFDC,1,SBI,visual,0.999394,probability,410.6,N/A,N/A,ok,
nybrxqwoho,DFDC,1,SBI,visual,0.145573,probability,398.4,N/A,N/A,ok,
nyrfejjktr,DFDC,1,SBI,visual,0.02144,probability,369.9,N/A,N/A,ok,
nyweqoyocx,DFDC,1,SBI,visual,0.112821,probability,360.5,N/A,N/A,ok,
nyylccgtfk,DFDC,1,SBI,visual,0.924001,probability,204.8,N/A,N/A,ok,
nzhaonrdpr,DFDC,1,SBI,visual,0.085661,probability,581.3,N/A,N/A,ok,
nzhoqyxzis,DFDC,1,SBI,visual,0.308764,probability,455.5,N/A,N/A,ok,
nznyfmjuxr,DFDC,1,SBI,visual,0.490261,probability,40.1,N/A,N/A,ok,
oaearatdwk,DFDC,1,SBI,visual,0.277866,probability,442.4,N/A,N/A,ok,
oaencmnetq,DFDC,1,SBI,visual,0.302149,probability,400.9,N/A,N/A,ok,
oaequaulow,DFDC,1,SBI,visual,0.15235,probability,364.8,N/A,N/A,ok,
oagmxogaiq,DFDC,1,SBI,visual,0.710413,probability,308.3,N/A,N/A,ok,
oajobdyajz,DFDC,1,SBI,visual,0.137827,probability,326.8,N/A,N/A,ok,
oajzkmpgyh,DFDC,1,SBI,visual,0.088071,probability,379.1,N/A,N/A,ok,
oalrjputtc,DFDC,1,SBI,visual,0.283138,probability,326.1,N/A,N/A,ok,
oashzjuapg,DFDC,1,SBI,visual,0.039368,probability,326.2,N/A,N/A,ok,
obginqedid,DFDC,1,SBI,visual,0.398198,probability,410.1,N/A,N/A,ok,
obnkmhbwrf,DFDC,1,SBI,visual,0.372017,probability,343.7,N/A,N/A,ok,
obtrtyqpzo,DFDC,1,SBI,visual,0.217809,probability,359.7,N/A,N/A,ok,
obuydvmtvo,DFDC,1,SBI,visual,0.283745,probability,387.8,N/A,N/A,ok,
obxrzuzaku,DFDC,1,SBI,visual,0.201993,probability,367.2,N/A,N/A,ok,
ocibjdxlbq,DFDC,1,SBI,visual,0.52556,probability,415.3,N/A,N/A,ok,
odbuzjpgxr,DFDC,1,SBI,visual,0.996154,probability,311.2,N/A,N/A,ok,
odhuvajqun,DFDC,1,SBI,visual,0.510383,probability,409.8,N/A,N/A,ok,
odxlaitipf,DFDC,1,SBI,visual,0.522992,probability,437.5,N/A,N/A,ok,
odyyhwozgj,DFDC,1,SBI,visual,0.01586,probability,528.1,N/A,N/A,ok,
oecgsfwhir,DFDC,1,SBI,visual,0.983107,probability,534.6,N/A,N/A,ok,
oeiemebvlf,DFDC,1,SBI,visual,0.112322,probability,276.1,N/A,N/A,ok,
oesrtzpbci,DFDC,1,SBI,visual,0.538366,probability,332.3,N/A,N/A,ok,
oetwdlhluy,DFDC,1,SBI,visual,0.030657,probability,375.4,N/A,N/A,ok,
oeueugdncv,DFDC,1,SBI,visual,0.484242,probability,475.2,N/A,N/A,ok,
oeuydncmkf,DFDC,1,SBI,visual,0.747207,probability,433.0,N/A,N/A,ok,
ofdkfmtnaj,DFDC,1,SBI,visual,0.374907,probability,373.7,N/A,N/A,ok,
ofdncvormg,DFDC,1,SBI,visual,0.746307,probability,416.7,N/A,N/A,ok,
ofejseeuio,DFDC,1,SBI,visual,0.121067,probability,334.0,N/A,N/A,ok,
ofjybfnazl,DFDC,1,SBI,visual,0.994601,probability,386.2,N/A,N/A,ok,
ogbparluqb,DFDC,1,SBI,visual,0.022637,probability,332.1,N/A,N/A,ok,
ogdgzctbak,DFDC,1,SBI,visual,0.781009,probability,424.3,N/A,N/A,ok,
oggmgtqusy,DFDC,1,SBI,visual,0.063747,probability,306.2,N/A,N/A,ok,
ogntuckqoq,DFDC,1,SBI,visual,0.982354,probability,350.6,N/A,N/A,ok,
ohmmnvcomz,DFDC,1,SBI,visual,0.019782,probability,506.7,N/A,N/A,ok,
ohqwfknhib,DFDC,1,SBI,visual,0.160529,probability,391.2,N/A,N/A,ok,
ohwlzreiwo,DFDC,1,SBI,visual,0.116168,probability,421.7,N/A,N/A,ok,
oicibcbvej,DFDC,1,SBI,visual,0.217472,probability,357.3,N/A,N/A,ok,
oilnkwcezv,DFDC,1,SBI,visual,0.021706,probability,359.7,N/A,N/A,ok,
oiujnsuoza,DFDC,1,SBI,visual,0.920723,probability,549.0,N/A,N/A,ok,
oixuaozbpc,DFDC,1,SBI,visual,0.309016,probability,123.5,N/A,N/A,ok,
ojlgnvwdow,DFDC,1,SBI,visual,0.712749,probability,799.5,N/A,N/A,ok,
ojouqkmghu,DFDC,1,SBI,visual,0.452631,probability,434.2,N/A,N/A,ok,
ojsceduqeg,DFDC,1,SBI,visual,0.679411,probability,395.8,N/A,N/A,ok,
ojvebysgtq,DFDC,1,SBI,visual,0.119168,probability,560.3,N/A,N/A,ok,
ojwhxaurco,DFDC,1,SBI,visual,0.844877,probability,391.8,N/A,N/A,ok,
okcjhwduko,DFDC,1,SBI,visual,0.329039,probability,355.2,N/A,N/A,ok,
okogoesrwg,DFDC,1,SBI,visual,0.257416,probability,98.1,N/A,N/A,ok,
okooeunjrq,DFDC,1,SBI,visual,0.14019,probability,402.0,N/A,N/A,ok,
olbhdnvnan,DFDC,1,SBI,visual,0.429037,probability,375.0,N/A,N/A,ok,
olbuhvhvxm,DFDC,1,SBI,visual,0.070099,probability,410.9,N/A,N/A,ok,
olkwmpiyqf,DFDC,1,SBI,visual,0.954416,probability,121.5,N/A,N/A,ok,
olofelqyrj,DFDC,1,SBI,visual,0.997284,probability,545.8,N/A,N/A,ok,
olqaagffhq,DFDC,1,SBI,visual,0.004737,probability,442.0,N/A,N/A,ok,
olrzhvdgsu,DFDC,1,SBI,visual,0.023508,probability,354.9,N/A,N/A,ok,
olxoyzjmcj,DFDC,1,SBI,visual,0.107323,probability,125.9,N/A,N/A,ok,
ondklzxreg,DFDC,1,SBI,visual,0.154994,probability,425.3,N/A,N/A,ok,
onfbbjsbac,DFDC,1,SBI,visual,0.95908,probability,389.0,N/A,N/A,ok,
onrgymqvpb,DFDC,1,SBI,visual,0.062038,probability,532.8,N/A,N/A,ok,
onteqxviqn,DFDC,1,SBI,visual,0.416268,probability,499.3,N/A,N/A,ok,
onunsaliug,DFDC,1,SBI,visual,0.059975,probability,371.2,N/A,N/A,ok,
oomrpijbbb,DFDC,1,SBI,visual,0.30173,probability,516.3,N/A,N/A,ok,
oovoibbtlv,DFDC,1,SBI,visual,0.043558,probability,79.5,N/A,N/A,ok,
oowetxwjsu,DFDC,1,SBI,visual,0.0735,probability,373.2,N/A,N/A,ok,
opduvbofet,DFDC,1,SBI,visual,0.039116,probability,352.8,N/A,N/A,ok,
opizkjawet,DFDC,1,SBI,visual,0.19388,probability,117.2,N/A,N/A,ok,
opjecwqoef,DFDC,1,SBI,visual,0.209786,probability,281.0,N/A,N/A,ok,
opksnifiop,DFDC,1,SBI,visual,0.442083,probability,362.0,N/A,N/A,ok,
opsowfkvjf,DFDC,1,SBI,visual,0.656116,probability,337.9,N/A,N/A,ok,
opthmeapbs,DFDC,1,SBI,visual,0.052854,probability,151.1,N/A,N/A,ok,
opvfmdwtcb,DFDC,1,SBI,visual,0.467296,probability,56.5,N/A,N/A,ok,
oqglpnjenm,DFDC,1,SBI,visual,0.015447,probability,347.4,N/A,N/A,ok,
oqzsbjsyhn,DFDC,1,SBI,visual,0.014353,probability,482.4,N/A,N/A,ok,
orlsoyncoo,DFDC,1,SBI,visual,0.997298,probability,372.8,N/A,N/A,ok,
orxmifszsl,DFDC,1,SBI,visual,0.625195,probability,361.3,N/A,N/A,ok,
oseuxmafwy,DFDC,1,SBI,visual,0.007676,probability,518.3,N/A,N/A,ok,
osnhsbwpfy,DFDC,1,SBI,visual,0.181313,probability,478.0,N/A,N/A,ok,
ossvhgtari,DFDC,1,SBI,visual,0.086856,probability,490.0,N/A,N/A,ok,
ostfgauoil,DFDC,1,SBI,visual,0.362946,probability,496.8,N/A,N/A,ok,
osviaxjtiw,DFDC,1,SBI,visual,0.243079,probability,356.9,N/A,N/A,ok,
osvzfnasgc,DFDC,1,SBI,visual,0.08285,probability,394.3,N/A,N/A,ok,
otejlglvyb,DFDC,1,SBI,visual,0.482223,probability,75.4,N/A,N/A,ok,
othswogvna,DFDC,1,SBI,visual,0.440361,probability,436.8,N/A,N/A,ok,
otnzuqgwqw,DFDC,1,SBI,visual,0.273513,probability,489.0,N/A,N/A,ok,
otplvsyygn,DFDC,1,SBI,visual,0.123735,probability,358.9,N/A,N/A,ok,
otxbnghoez,DFDC,1,SBI,visual,0.960899,probability,151.6,N/A,N/A,ok,
otybfmnjzi,DFDC,1,SBI,visual,0.269906,probability,452.9,N/A,N/A,ok,
ouflidixjk,DFDC,1,SBI,visual,0.381804,probability,364.2,N/A,N/A,ok,
ouhluineah,DFDC,1,SBI,visual,0.488902,probability,27.6,N/A,N/A,ok,
oujvgvrhtk,DFDC,1,SBI,visual,0.367953,probability,157.1,N/A,N/A,ok,
ouqpywzmsz,DFDC,1,SBI,visual,0.149301,probability,389.2,N/A,N/A,ok,
ovessowpvm,DFDC,1,SBI,visual,0.753163,probability,454.7,N/A,N/A,ok,
ovruriwskg,DFDC,1,SBI,visual,0.329055,probability,318.8,N/A,N/A,ok,
ovudznexmh,DFDC,1,SBI,visual,0.255017,probability,305.3,N/A,N/A,ok,
owhnryzuyl,DFDC,1,SBI,visual,0.200932,probability,471.5,N/A,N/A,ok,
owrhrvrset,DFDC,1,SBI,visual,0.015504,probability,435.1,N/A,N/A,ok,
owudsiynbq,DFDC,1,SBI,visual,0.166935,probability,364.2,N/A,N/A,ok,
oxkhmyejpf,DFDC,1,SBI,visual,0.170061,probability,398.3,N/A,N/A,ok,
oxqxtpubzu,DFDC,1,SBI,visual,0.185224,probability,395.0,N/A,N/A,ok,
oxvymddyfd,DFDC,1,SBI,visual,0.624125,probability,370.7,N/A,N/A,ok,
oyhpioiwdr,DFDC,1,SBI,visual,0.25616,probability,343.7,N/A,N/A,ok,
ozlfjmubiz,DFDC,1,SBI,visual,0.038391,probability,374.8,N/A,N/A,ok,
ozwfvebiog,DFDC,1,SBI,visual,0.644478,probability,518.3,N/A,N/A,ok,
paetgdbxgq,DFDC,1,SBI,visual,0.907482,probability,347.4,N/A,N/A,ok,
pahkjygrhl,DFDC,1,SBI,visual,0.770728,probability,246.1,N/A,N/A,ok,
pamdbjnpgh,DFDC,1,SBI,visual,0.005933,probability,363.2,N/A,N/A,ok,
pbmgpjwdmo,DFDC,1,SBI,visual,0.871181,probability,579.1,N/A,N/A,ok,
pbxumxkxvz,DFDC,1,SBI,visual,0.395049,probability,373.6,N/A,N/A,ok,
pckijguvbh,DFDC,1,SBI,visual,0.271787,probability,347.8,N/A,N/A,ok,
pcnvtisyms,DFDC,1,SBI,visual,0.319606,probability,100.0,N/A,N/A,ok,
pdhpfwflfx,DFDC,1,SBI,visual,0.066302,probability,192.8,N/A,N/A,ok,
pdrbxnxorj,DFDC,1,SBI,visual,0.091555,probability,473.2,N/A,N/A,ok,
pdvjexqchp,DFDC,1,SBI,visual,0.018736,probability,352.7,N/A,N/A,ok,
pdzaqrnnrm,DFDC,1,SBI,visual,0.072438,probability,390.1,N/A,N/A,ok,
pfnvbmnmfl,DFDC,1,SBI,visual,0.574432,probability,362.3,N/A,N/A,ok,
pfrwexuvnm,DFDC,1,SBI,visual,0.268531,probability,372.5,N/A,N/A,ok,
pfucjdvhbp,DFDC,1,SBI,visual,0.072878,probability,349.0,N/A,N/A,ok,
pfucoqixin,DFDC,1,SBI,visual,0.677891,probability,483.4,N/A,N/A,ok,
pgcfhqymrk,DFDC,1,SBI,visual,0.072605,probability,36.9,N/A,N/A,ok,
pgdsqgdslu,DFDC,1,SBI,visual,0.897267,probability,418.2,N/A,N/A,ok,
pgnqoraaoz,DFDC,1,SBI,visual,0.249412,probability,451.9,N/A,N/A,ok,
pgnthrtbng,DFDC,1,SBI,visual,0.298804,probability,435.1,N/A,N/A,ok,
pgppkrpdyx,DFDC,1,SBI,visual,0.020445,probability,382.0,N/A,N/A,ok,
phlelfuzqy,DFDC,1,SBI,visual,0.702073,probability,379.6,N/A,N/A,ok,
phyeggetlz,DFDC,1,SBI,visual,0.462689,probability,104.7,N/A,N/A,ok,
pidusvncsk,DFDC,1,SBI,visual,0.581579,probability,452.3,N/A,N/A,ok,
piipulziyi,DFDC,1,SBI,visual,0.479787,probability,406.1,N/A,N/A,ok,
piqeytqzdg,DFDC,1,SBI,visual,0.543092,probability,326.7,N/A,N/A,ok,
pirqqkgnpj,DFDC,1,SBI,visual,0.356921,probability,394.6,N/A,N/A,ok,
piwgduqlpd,DFDC,1,SBI,visual,0.055275,probability,41.8,N/A,N/A,ok,
pjbcmsuxlx,DFDC,1,SBI,visual,0.040043,probability,478.6,N/A,N/A,ok,
pkpqdvgjbj,DFDC,1,SBI,visual,0.004556,probability,404.9,N/A,N/A,ok,
pkrplkkfuy,DFDC,1,SBI,visual,0.860462,probability,307.6,N/A,N/A,ok,
pkzvmayecb,DFDC,1,SBI,visual,0.754861,probability,370.5,N/A,N/A,ok,
pldaobgbov,DFDC,1,SBI,visual,0.20286,probability,221.5,N/A,N/A,ok,
plilnlvusf,DFDC,1,SBI,visual,0.722951,probability,349.0,N/A,N/A,ok,
plqeulmqqe,DFDC,1,SBI,visual,0.955947,probability,534.1,N/A,N/A,ok,
plrgwhtwwc,DFDC,1,SBI,visual,0.106634,probability,373.9,N/A,N/A,ok,
pmgypgrdsb,DFDC,1,SBI,visual,0.576063,probability,321.7,N/A,N/A,ok,
pmpuflvcbj,DFDC,1,SBI,visual,0.410807,probability,612.7,N/A,N/A,ok,
pmuaebuxvw,DFDC,1,SBI,visual,0.328185,probability,418.9,N/A,N/A,ok,
pndnzsipeh,DFDC,1,SBI,visual,0.029223,probability,567.7,N/A,N/A,ok,
pngyralwkt,DFDC,1,SBI,visual,0.229924,probability,431.9,N/A,N/A,ok,
pnkftmpmgh,DFDC,1,SBI,visual,0.294993,probability,535.8,N/A,N/A,ok,
pnxeuulpzz,DFDC,1,SBI,visual,0.036757,probability,524.1,N/A,N/A,ok,
pofefdmrjt,DFDC,1,SBI,visual,0.068194,probability,440.3,N/A,N/A,ok,
ponxxmlopk,DFDC,1,SBI,visual,0.653149,probability,271.4,N/A,N/A,ok,
pozpvygcom,DFDC,1,SBI,visual,0.585806,probability,462.9,N/A,N/A,ok,
ppkgqmxaaj,DFDC,1,SBI,visual,0.841628,probability,415.8,N/A,N/A,ok,
pqamvpldrn,DFDC,1,SBI,visual,0.543088,probability,392.5,N/A,N/A,ok,
pqfvdcbwmp,DFDC,1,SBI,visual,0.525802,probability,492.7,N/A,N/A,ok,
pqgspzatpx,DFDC,1,SBI,visual,0.106535,probability,293.7,N/A,N/A,ok,
pqppymxnqo,DFDC,1,SBI,visual,0.063723,probability,330.1,N/A,N/A,ok,
pqqakojpuq,DFDC,1,SBI,visual,0.185429,probability,1647.5,N/A,N/A,ok,
pqqjabpbqs,DFDC,1,SBI,visual,0.023593,probability,415.6,N/A,N/A,ok,
prhscixtmk,DFDC,1,SBI,visual,0.351076,probability,436.1,N/A,N/A,ok,
prmlwkzqad,DFDC,1,SBI,visual,0.721945,probability,487.6,N/A,N/A,ok,
prpghirstq,DFDC,1,SBI,visual,0.837189,probability,578.5,N/A,N/A,ok,
prtlvwzqcw,DFDC,1,SBI,visual,0.150517,probability,463.1,N/A,N/A,ok,
pswjzmrvfz,DFDC,1,SBI,visual,0.54055,probability,510.3,N/A,N/A,ok,
pswuiurtme,DFDC,1,SBI,visual,0.365306,probability,333.3,N/A,N/A,ok,
psztxsbudu,DFDC,1,SBI,visual,0.125064,probability,363.9,N/A,N/A,ok,
ptbpqrkddf,DFDC,1,SBI,visual,0.201448,probability,389.2,N/A,N/A,ok,
ptipaqcrim,DFDC,1,SBI,visual,0.138418,probability,372.0,N/A,N/A,ok,
ptqvfnwexo,DFDC,1,SBI,visual,0.174063,probability,423.4,N/A,N/A,ok,
pumhsmccxu,DFDC,1,SBI,visual,0.335683,probability,333.9,N/A,N/A,ok,
puthvwkeuy,DFDC,1,SBI,visual,0.160894,probability,461.6,N/A,N/A,ok,
puxakszicn,DFDC,1,SBI,visual,0.041309,probability,329.9,N/A,N/A,ok,
pvhzztudkr,DFDC,1,SBI,visual,0.533314,probability,328.3,N/A,N/A,ok,
pvkyecdbph,DFDC,1,SBI,visual,0.062915,probability,406.3,N/A,N/A,ok,
pwazlxtvbi,DFDC,1,SBI,visual,0.648218,probability,470.6,N/A,N/A,ok,
pwjptuhmlf,DFDC,1,SBI,visual,0.41356,probability,403.9,N/A,N/A,ok,
pxfyqxylgh,DFDC,1,SBI,visual,0.130942,probability,484.1,N/A,N/A,ok,
pxkzdeieva,DFDC,1,SBI,visual,0.700287,probability,423.4,N/A,N/A,ok,
pxnejlouuj,DFDC,1,SBI,visual,0.088797,probability,29.3,N/A,N/A,ok,
pxvkyecbnk,DFDC,1,SBI,visual,0.280393,probability,507.2,N/A,N/A,ok,
pyfjuztrri,DFDC,1,SBI,visual,0.912244,probability,402.9,N/A,N/A,ok,
pyfyyyhyyh,DFDC,1,SBI,visual,0.972999,probability,497.0,N/A,N/A,ok,
pykthfvnxx,DFDC,1,SBI,visual,0.049829,probability,375.4,N/A,N/A,ok,
pytcgctxxx,DFDC,1,SBI,visual,0.200272,probability,385.3,N/A,N/A,ok,
pzbxmdseln,DFDC,1,SBI,visual,0.131945,probability,492.2,N/A,N/A,ok,
qaaazfjdnk,DFDC,1,SBI,visual,0.802708,probability,412.0,N/A,N/A,ok,
qacvqdhheh,DFDC,1,SBI,visual,0.152752,probability,364.8,N/A,N/A,ok,
qaqehtzqaw,DFDC,1,SBI,visual,0.083139,probability,220.8,N/A,N/A,ok,
qarsdwqbsf,DFDC,1,SBI,visual,0.107373,probability,437.7,N/A,N/A,ok,
qavbeanqyv,DFDC,1,SBI,visual,0.005183,probability,377.1,N/A,N/A,ok,
qbemhumnqe,DFDC,1,SBI,visual,0.190881,probability,387.5,N/A,N/A,ok,
qbulzqeimj,DFDC,1,SBI,visual,0.137025,probability,544.0,N/A,N/A,ok,
qctoddnbqa,DFDC,1,SBI,visual,0.842326,probability,663.6,N/A,N/A,ok,
qdsflsawji,DFDC,1,SBI,visual,0.017663,probability,461.1,N/A,N/A,ok,
qeimfysrsn,DFDC,1,SBI,visual,0.039567,probability,363.6,N/A,N/A,ok,
qeoacnfmwm,DFDC,1,SBI,visual,0.647892,probability,386.4,N/A,N/A,ok,
qeoamygkef,DFDC,1,SBI,visual,0.606697,probability,361.1,N/A,N/A,ok,
qevpinwasl,DFDC,1,SBI,visual,0.324566,probability,420.2,N/A,N/A,ok,
qewwtkkttc,DFDC,1,SBI,visual,0.427976,probability,411.2,N/A,N/A,ok,
qfigdlvaaj,DFDC,1,SBI,visual,0.061124,probability,345.8,N/A,N/A,ok,
qfksvlsruq,DFDC,1,SBI,visual,0.169464,probability,349.1,N/A,N/A,ok,
qfnexlrwdz,DFDC,1,SBI,visual,0.969244,probability,389.0,N/A,N/A,ok,
qfqfdcodkw,DFDC,1,SBI,visual,0.679077,probability,447.7,N/A,N/A,ok,
qfuewthupe,DFDC,1,SBI,visual,0.691653,probability,260.6,N/A,N/A,ok,
qgafgtaszy,DFDC,1,SBI,visual,0.114476,probability,376.3,N/A,N/A,ok,
qgftvkewec,DFDC,1,SBI,visual,0.380532,probability,423.1,N/A,N/A,ok,
qgfxafbazu,DFDC,1,SBI,visual,0.110892,probability,407.7,N/A,N/A,ok,
qgjjymomjm,DFDC,1,SBI,visual,0.563356,probability,367.3,N/A,N/A,ok,
qgrgcevreo,DFDC,1,SBI,visual,0.471078,probability,518.9,N/A,N/A,ok,
qgrkumlvxp,DFDC,1,SBI,visual,0.994199,probability,579.9,N/A,N/A,ok,
qhjhzjeatb,DFDC,1,SBI,visual,0.677597,probability,264.4,N/A,N/A,ok,
qhoohmkrmr,DFDC,1,SBI,visual,0.987905,probability,565.2,N/A,N/A,ok,
qioqxxjnyx,DFDC,1,SBI,visual,0.145747,probability,390.5,N/A,N/A,ok,
qisekxoose,DFDC,1,SBI,visual,0.362717,probability,435.6,N/A,N/A,ok,
qixfsgznqx,DFDC,1,SBI,visual,0.053582,probability,470.8,N/A,N/A,ok,
qjdbpregjk,DFDC,1,SBI,visual,0.103435,probability,108.9,N/A,N/A,ok,
qjgrnutzkz,DFDC,1,SBI,visual,0.254858,probability,404.7,N/A,N/A,ok,
qjkkjaptpx,DFDC,1,SBI,visual,0.806427,probability,450.9,N/A,N/A,ok,
qkbrljfrvo,DFDC,1,SBI,visual,0.768671,probability,378.5,N/A,N/A,ok,
qkinvhbmzn,DFDC,1,SBI,visual,0.254157,probability,357.9,N/A,N/A,ok,
qkkilvayvz,DFDC,1,SBI,visual,0.133368,probability,295.6,N/A,N/A,ok,
qkollwphsf,DFDC,1,SBI,visual,0.214884,probability,335.8,N/A,N/A,ok,
qlipzhiewf,DFDC,1,SBI,visual,0.139209,probability,115.4,N/A,N/A,ok,
qlmfrjvbrm,DFDC,1,SBI,visual,0.198201,probability,134.6,N/A,N/A,ok,
qlpufvofhm,DFDC,1,SBI,visual,0.119738,probability,379.2,N/A,N/A,ok,
qlrzlgzdii,DFDC,1,SBI,visual,0.526714,probability,368.8,N/A,N/A,ok,
qlvkranrau,DFDC,1,SBI,visual,0.06522,probability,282.3,N/A,N/A,ok,
qmazgkttax,DFDC,1,SBI,visual,0.22391,probability,268.0,N/A,N/A,ok,
qmdnsqibcy,DFDC,1,SBI,visual,0.551394,probability,582.8,N/A,N/A,ok,
qmibgrbspi,DFDC,1,SBI,visual,0.328805,probability,526.5,N/A,N/A,ok,
qnbfvmyzol,DFDC,1,SBI,visual,0.732461,probability,516.0,N/A,N/A,ok,
qngjhwixch,DFDC,1,SBI,visual,0.310606,probability,374.6,N/A,N/A,ok,
qnmjlqouxv,DFDC,1,SBI,visual,0.241551,probability,408.7,N/A,N/A,ok,
qofcdrtnpp,DFDC,1,SBI,visual,0.154184,probability,405.1,N/A,N/A,ok,
qogvudwjvs,DFDC,1,SBI,visual,0.359898,probability,512.2,N/A,N/A,ok,
qoiwtofiuc,DFDC,1,SBI,visual,0.046427,probability,380.8,N/A,N/A,ok,
qozkoaziqz,DFDC,1,SBI,visual,0.968342,probability,404.1,N/A,N/A,ok,
qpljawqcvi,DFDC,1,SBI,visual,0.179829,probability,397.7,N/A,N/A,ok,
qppwtzeqvo,DFDC,1,SBI,visual,0.64369,probability,354.4,N/A,N/A,ok,
qptmstntkk,DFDC,1,SBI,visual,0.630366,probability,375.0,N/A,N/A,ok,
qpwrxfutem,DFDC,1,SBI,visual,0.286945,probability,320.6,N/A,N/A,ok,
qpynpdonyh,DFDC,1,SBI,visual,0.243269,probability,404.2,N/A,N/A,ok,
qqbnmspkke,DFDC,1,SBI,visual,0.990728,probability,336.7,N/A,N/A,ok,
qqefyothhx,DFDC,1,SBI,visual,0.387072,probability,371.7,N/A,N/A,ok,
qqfcjlcipu,DFDC,1,SBI,visual,0.528403,probability,336.2,N/A,N/A,ok,
qqhqtzarba,DFDC,1,SBI,visual,0.379184,probability,462.1,N/A,N/A,ok,
qqhthhmihx,DFDC,1,SBI,visual,0.805781,probability,373.4,N/A,N/A,ok,
qribshuufu,DFDC,1,SBI,visual,0.185573,probability,201.8,N/A,N/A,ok,
qrrlugsfta,DFDC,1,SBI,visual,0.180485,probability,388.8,N/A,N/A,ok,
qrtplufete,DFDC,1,SBI,visual,0.498892,probability,431.7,N/A,N/A,ok,
qrvtgaqsjm,DFDC,1,SBI,visual,0.02575,probability,413.8,N/A,N/A,ok,
qsehrvhdmp,DFDC,1,SBI,visual,0.050216,probability,436.9,N/A,N/A,ok,
qskgzqytzq,DFDC,1,SBI,visual,0.576494,probability,387.5,N/A,N/A,ok,
qssxpncarq,DFDC,1,SBI,visual,0.453578,probability,331.9,N/A,N/A,ok,
qtgdxnqwls,DFDC,1,SBI,visual,0.554242,probability,390.6,N/A,N/A,ok,
qtjyshmktl,DFDC,1,SBI,visual,0.298794,probability,342.1,N/A,N/A,ok,
qtovcbpzpd,DFDC,1,SBI,visual,0.705391,probability,307.9,N/A,N/A,ok,
qtvowemovj,DFDC,1,SBI,visual,0.730103,probability,380.8,N/A,N/A,ok,
qtyddzyyde,DFDC,1,SBI,visual,0.975312,probability,397.5,N/A,N/A,ok,
quasstapuv,DFDC,1,SBI,visual,0.111405,probability,357.0,N/A,N/A,ok,
quusyhtnkb,DFDC,1,SBI,visual,0.999316,probability,460.9,N/A,N/A,ok,
qvcvclhjjk,DFDC,1,SBI,visual,0.826475,probability,360.7,N/A,N/A,ok,
qvmhrrknjc,DFDC,1,SBI,visual,0.030991,probability,515.9,N/A,N/A,ok,
qvrrucoqoz,DFDC,1,SBI,visual,0.027314,probability,476.2,N/A,N/A,ok,
qvyooamurj,DFDC,1,SBI,visual,0.996028,probability,482.4,N/A,N/A,ok,
qvzurohiwa,DFDC,1,SBI,visual,0.364786,probability,337.1,N/A,N/A,ok,
qwhtwgrhtu,DFDC,1,SBI,visual,0.18839,probability,46.9,N/A,N/A,ok,
qwllozqpep,DFDC,1,SBI,visual,0.081412,probability,455.7,N/A,N/A,ok,
qwnnbidtiw,DFDC,1,SBI,visual,0.393308,probability,311.1,N/A,N/A,ok,
qwyrebtrgp,DFDC,1,SBI,visual,0.465398,probability,347.2,N/A,N/A,ok,
qxjalhmnki,DFDC,1,SBI,visual,0.194924,probability,387.1,N/A,N/A,ok,
qyhirywqmw,DFDC,1,SBI,visual,0.341044,probability,325.7,N/A,N/A,ok,
qyttiwrnjd,DFDC,1,SBI,visual,0.35025,probability,157.9,N/A,N/A,ok,
qzeurquiks,DFDC,1,SBI,visual,0.998744,probability,421.6,N/A,N/A,ok,
qzsdkvtolx,DFDC,1,SBI,visual,0.180523,probability,408.5,N/A,N/A,ok,
qzvdtllfwz,DFDC,1,SBI,visual,0.766535,probability,360.5,N/A,N/A,ok,
raoyelleim,DFDC,1,SBI,visual,0.466856,probability,277.6,N/A,N/A,ok,
raxfwlgzpt,DFDC,1,SBI,visual,0.234442,probability,406.3,N/A,N/A,ok,
rbcqavznph,DFDC,1,SBI,visual,0.845694,probability,460.6,N/A,N/A,ok,
rbdobealrz,DFDC,1,SBI,visual,0.104106,probability,354.4,N/A,N/A,ok,
rbwkmxsrah,DFDC,1,SBI,visual,0.054322,probability,389.0,N/A,N/A,ok,
rbzkmivfcs,DFDC,1,SBI,visual,0.066903,probability,728.3,N/A,N/A,ok,
rcqcewhtrn,DFDC,1,SBI,visual,0.023804,probability,507.0,N/A,N/A,ok,
rctkvcceoh,DFDC,1,SBI,visual,0.133051,probability,341.8,N/A,N/A,ok,
rcurntldhl,DFDC,1,SBI,visual,0.079073,probability,659.2,N/A,N/A,ok,
rcvgfxktdq,DFDC,1,SBI,visual,0.5804,probability,672.4,N/A,N/A,ok,
rdofmdxglu,DFDC,1,SBI,visual,0.121749,probability,44.3,N/A,N/A,ok,
rdpweuqzpd,DFDC,1,SBI,visual,0.135053,probability,280.4,N/A,N/A,ok,
rdpzrcmfyo,DFDC,1,SBI,visual,0.884875,probability,535.5,N/A,N/A,ok,
rdtjarygft,DFDC,1,SBI,visual,0.27901,probability,542.6,N/A,N/A,ok,
rdxlsupxmf,DFDC,1,SBI,visual,0.167299,probability,712.3,N/A,N/A,ok,
recqbvdlsy,DFDC,1,SBI,visual,0.997653,probability,623.6,N/A,N/A,ok,
reqdasyvsv,DFDC,1,SBI,visual,0.158608,probability,872.4,N/A,N/A,ok,
reryckpacd,DFDC,1,SBI,visual,0.113523,probability,743.2,N/A,N/A,ok,
reukslrilg,DFDC,1,SBI,visual,0.854145,probability,568.4,N/A,N/A,ok,
reumnxmyds,DFDC,1,SBI,visual,0.245882,probability,590.6,N/A,N/A,ok,
rfbjhqucye,DFDC,1,SBI,visual,0.277337,probability,594.4,N/A,N/A,ok,
rgajbyehxq,DFDC,1,SBI,visual,0.300019,probability,577.1,N/A,N/A,ok,
rgenutmdtp,DFDC,1,SBI,visual,0.410785,probability,436.6,N/A,N/A,ok,
rglmuhggvu,DFDC,1,SBI,visual,0.635865,probability,457.6,N/A,N/A,ok,
rglndaeymd,DFDC,1,SBI,visual,0.178392,probability,561.5,N/A,N/A,ok,
rgrfmfdptu,DFDC,1,SBI,visual,0.009306,probability,654.7,N/A,N/A,ok,
rhfzppcafe,DFDC,1,SBI,visual,0.013493,probability,562.5,N/A,N/A,ok,
rhjjmuliub,DFDC,1,SBI,visual,0.02143,probability,672.7,N/A,N/A,ok,
rhvkskotaw,DFDC,1,SBI,visual,0.054688,probability,611.5,N/A,N/A,ok,
riaxyonuie,DFDC,1,SBI,visual,0.773307,probability,208.3,N/A,N/A,ok,
riljhbyoec,DFDC,1,SBI,visual,0.074809,probability,450.6,N/A,N/A,ok,
rirsklwpwc,DFDC,1,SBI,visual,0.020108,probability,566.9,N/A,N/A,ok,
rjdqhtfxxa,DFDC,1,SBI,visual,0.643751,probability,819.4,N/A,N/A,ok,
rjgqnldbwu,DFDC,1,SBI,visual,0.759783,probability,448.0,N/A,N/A,ok,
rjsqfdgwae,DFDC,1,SBI,visual,0.453637,probability,474.4,N/A,N/A,ok,
rjtbiaoarg,DFDC,1,SBI,visual,0.443588,probability,127.1,N/A,N/A,ok,
rjtfymaxhg,DFDC,1,SBI,visual,0.065266,probability,397.0,N/A,N/A,ok,
rkhbpgcmpw,DFDC,1,SBI,visual,0.166795,probability,437.8,N/A,N/A,ok,
rkhllvfpbm,DFDC,1,SBI,visual,0.562456,probability,546.3,N/A,N/A,ok,
rkvajtvvti,DFDC,1,SBI,visual,0.97807,probability,675.9,N/A,N/A,ok,
rlgpyhfwwk,DFDC,1,SBI,visual,0.539235,probability,386.5,N/A,N/A,ok,
rlmdebqxpo,DFDC,1,SBI,visual,0.34693,probability,640.8,N/A,N/A,ok,
rlrmepakua,DFDC,1,SBI,visual,0.906205,probability,390.6,N/A,N/A,ok,
rltgecadzm,DFDC,1,SBI,visual,0.972347,probability,73.7,N/A,N/A,ok,
rmcwtbnjvx,DFDC,1,SBI,visual,0.72904,probability,68.0,N/A,N/A,ok,
rmfnzfgwyo,DFDC,1,SBI,visual,0.371157,probability,449.0,N/A,N/A,ok,
rmhomjycvm,DFDC,1,SBI,visual,0.061139,probability,429.1,N/A,N/A,ok,
rmiufhbugp,DFDC,1,SBI,visual,0.18119,probability,311.9,N/A,N/A,ok,
rmjxnrvoei,DFDC,1,SBI,visual,0.85995,probability,347.2,N/A,N/A,ok,
rnjyohrnyf,DFDC,1,SBI,visual,0.39417,probability,385.2,N/A,N/A,ok,
rnojrbyrln,DFDC,1,SBI,visual,0.405482,probability,510.5,N/A,N/A,ok,
rnsdwsxqvl,DFDC,1,SBI,visual,0.790433,probability,693.6,N/A,N/A,ok,
rnuyclshzj,DFDC,1,SBI,visual,0.908039,probability,527.6,N/A,N/A,ok,
rnxbyxcoun,DFDC,1,SBI,visual,0.21713,probability,437.5,N/A,N/A,ok,
rnxwowwwnm,DFDC,1,SBI,visual,0.944235,probability,483.4,N/A,N/A,ok,
ronkahtvqt,DFDC,1,SBI,visual,0.283626,probability,458.7,N/A,N/A,ok,
ronnbcaxic,DFDC,1,SBI,visual,0.226837,probability,421.8,N/A,N/A,ok,
roqihqebrd,DFDC,1,SBI,visual,0.027016,probability,372.9,N/A,N/A,ok,
rovxdoxsld,DFDC,1,SBI,visual,0.075745,probability,382.8,N/A,N/A,ok,
rpaelgskox,DFDC,1,SBI,visual,0.216503,probability,225.5,N/A,N/A,ok,
rpasdekmaf,DFDC,1,SBI,visual,0.337639,probability,341.2,N/A,N/A,ok,
rptpizcfmd,DFDC,1,SBI,visual,0.035562,probability,390.8,N/A,N/A,ok,
rpujfuhmte,DFDC,1,SBI,visual,0.585235,probability,374.8,N/A,N/A,ok,
rqfeknojqi,DFDC,1,SBI,visual,0.138906,probability,375.4,N/A,N/A,ok,
rrbgqdjflw,DFDC,1,SBI,visual,0.15962,probability,393.7,N/A,N/A,ok,
rrmolzmfws,DFDC,1,SBI,visual,0.290506,probability,418.6,N/A,N/A,ok,
rrvptxrzdg,DFDC,1,SBI,visual,0.703855,probability,63.8,N/A,N/A,ok,
rrwtdxqujj,DFDC,1,SBI,visual,0.605869,probability,436.6,N/A,N/A,ok,
rtfzpezfzv,DFDC,1,SBI,visual,0.726094,probability,329.0,N/A,N/A,ok,
rthaksosxx,DFDC,1,SBI,visual,0.184205,probability,463.3,N/A,N/A,ok,
rtnopzlkzw,DFDC,1,SBI,visual,0.913903,probability,325.3,N/A,N/A,ok,
rtsveohuab,DFDC,1,SBI,visual,0.059516,probability,394.9,N/A,N/A,ok,
rtybfvfkzo,DFDC,1,SBI,visual,0.501461,probability,356.9,N/A,N/A,ok,
rufijlheph,DFDC,1,SBI,visual,0.938931,probability,384.4,N/A,N/A,ok,
ruizlicgcl,DFDC,1,SBI,visual,0.196866,probability,383.3,N/A,N/A,ok,
rupwhbcuit,DFDC,1,SBI,visual,0.024892,probability,388.5,N/A,N/A,ok,
rurkadqdhr,DFDC,1,SBI,visual,0.213023,probability,375.0,N/A,N/A,ok,
ruwgqzaxyd,DFDC,1,SBI,visual,0.090778,probability,377.3,N/A,N/A,ok,
ruwmrhudsc,DFDC,1,SBI,visual,0.536812,probability,339.8,N/A,N/A,ok,
rvdacyymha,DFDC,1,SBI,visual,0.91224,probability,67.9,N/A,N/A,ok,
rvegcjwyyk,DFDC,1,SBI,visual,0.981999,probability,360.3,N/A,N/A,ok,
rwgvcobpqr,DFDC,1,SBI,visual,0.894646,probability,54.0,N/A,N/A,ok,
rwhvhnlcde,DFDC,1,SBI,visual,0.233995,probability,335.8,N/A,N/A,ok,
rwzbujmqwv,DFDC,1,SBI,visual,0.0824,probability,94.5,N/A,N/A,ok,
rwzlrjgpuf,DFDC,1,SBI,visual,0.442852,probability,340.4,N/A,N/A,ok,
rxamesulqu,DFDC,1,SBI,visual,0.045642,probability,387.5,N/A,N/A,ok,
rxhishxqug,DFDC,1,SBI,visual,0.086884,probability,457.6,N/A,N/A,ok,
rxlxujoxuz,DFDC,1,SBI,visual,0.823227,probability,498.6,N/A,N/A,ok,
rxtgluggnr,DFDC,1,SBI,visual,0.178632,probability,390.1,N/A,N/A,ok,
rxwjfohdci,DFDC,1,SBI,visual,0.055905,probability,33.8,N/A,N/A,ok,
rxxvucmxra,DFDC,1,SBI,visual,0.009877,probability,325.1,N/A,N/A,ok,
rybcsjskde,DFDC,1,SBI,visual,0.351968,probability,422.9,N/A,N/A,ok,
ryvrqhnjgx,DFDC,1,SBI,visual,0.110189,probability,436.7,N/A,N/A,ok,
ryyaswaovn,DFDC,1,SBI,visual,0.105706,probability,468.9,N/A,N/A,ok,
rzbttrvogc,DFDC,1,SBI,visual,0.485435,probability,356.9,N/A,N/A,ok,
rziagiksma,DFDC,1,SBI,visual,0.116786,probability,312.5,N/A,N/A,ok,
rzjlrsorlw,DFDC,1,SBI,visual,0.227451,probability,331.6,N/A,N/A,ok,
rzpnymehkc,DFDC,1,SBI,visual,0.19167,probability,373.1,N/A,N/A,ok,
rzwiuvgysf,DFDC,1,SBI,visual,0.044344,probability,361.4,N/A,N/A,ok,
sakqoklpke,DFDC,1,SBI,visual,0.062714,probability,375.4,N/A,N/A,ok,
salwskrxsx,DFDC,1,SBI,visual,0.063041,probability,370.4,N/A,N/A,ok,
sanfpqnkfa,DFDC,1,SBI,visual,0.668147,probability,315.5,N/A,N/A,ok,
sbhhvtvaob,DFDC,1,SBI,visual,0.996865,probability,419.3,N/A,N/A,ok,
sbnuqqkptd,DFDC,1,SBI,visual,0.627624,probability,342.2,N/A,N/A,ok,
sboxfztnbn,DFDC,1,SBI,visual,0.998064,probability,394.5,N/A,N/A,ok,
sbuebhmjar,DFDC,1,SBI,visual,0.204716,probability,334.3,N/A,N/A,ok,
sbwazjexoo,DFDC,1,SBI,visual,0.984809,probability,397.8,N/A,N/A,ok,
scvzrhjpfh,DFDC,1,SBI,visual,0.929634,probability,435.9,N/A,N/A,ok,
scwvtnqamm,DFDC,1,SBI,visual,0.233561,probability,329.9,N/A,N/A,ok,
scxihpshav,DFDC,1,SBI,visual,0.027905,probability,312.6,N/A,N/A,ok,
sdjdfzxqbd,DFDC,1,SBI,visual,0.137015,probability,404.2,N/A,N/A,ok,
sdkzoxnqgh,DFDC,1,SBI,visual,0.996953,probability,468.8,N/A,N/A,ok,
sdxprgpxgt,DFDC,1,SBI,visual,0.185745,probability,367.9,N/A,N/A,ok,
secguuottq,DFDC,1,SBI,visual,0.28156,probability,54.1,N/A,N/A,ok,
sejxacbeyq,DFDC,1,SBI,visual,0.999818,probability,470.5,N/A,N/A,ok,
seomntruzw,DFDC,1,SBI,visual,0.023919,probability,332.7,N/A,N/A,ok,
serwpgukpi,DFDC,1,SBI,visual,0.036773,probability,380.1,N/A,N/A,ok,
sewbdtckqo,DFDC,1,SBI,visual,0.488689,probability,435.7,N/A,N/A,ok,
sfnsqyfmmy,DFDC,1,SBI,visual,0.077056,probability,353.2,N/A,N/A,ok,
sghyxprwfe,DFDC,1,SBI,visual,0.188026,probability,436.0,N/A,N/A,ok,
sgjafuevze,DFDC,1,SBI,visual,0.09738,probability,305.1,N/A,N/A,ok,
sgjyxggsli,DFDC,1,SBI,visual,0.996388,probability,397.9,N/A,N/A,ok,
sgpjudxdls,DFDC,1,SBI,visual,0.268034,probability,248.2,N/A,N/A,ok,
sgyodlcgvm,DFDC,1,SBI,visual,0.163566,probability,391.3,N/A,N/A,ok,
shazuqkppo,DFDC,1,SBI,visual,0.028892,probability,458.1,N/A,N/A,ok,
shgtihkhob,DFDC,1,SBI,visual,0.362707,probability,494.2,N/A,N/A,ok,
shhanzultv,DFDC,1,SBI,visual,0.040046,probability,447.5,N/A,N/A,ok,
shjmzxlkgk,DFDC,1,SBI,visual,0.067891,probability,31.3,N/A,N/A,ok,
shjpvbaicu,DFDC,1,SBI,visual,0.056369,probability,416.3,N/A,N/A,ok,
shsmghdwgs,DFDC,1,SBI,visual,0.265217,probability,489.6,N/A,N/A,ok,
shstbdkusz,DFDC,1,SBI,visual,0.070065,probability,81.2,N/A,N/A,ok,
shtmrbhibl,DFDC,1,SBI,visual,0.076898,probability,409.4,N/A,N/A,ok,
shuodmpsyd,DFDC,1,SBI,visual,0.036739,probability,394.6,N/A,N/A,ok,
shxdjyiebs,DFDC,1,SBI,visual,0.216347,probability,339.6,N/A,N/A,ok,
sigsxdzsrl,DFDC,1,SBI,visual,0.086572,probability,398.9,N/A,N/A,ok,
siltqlpkds,DFDC,1,SBI,visual,0.223958,probability,352.4,N/A,N/A,ok,
simkgnaxwj,DFDC,1,SBI,visual,0.04005,probability,391.9,N/A,N/A,ok,
siwrukfzzq,DFDC,1,SBI,visual,0.134545,probability,279.2,N/A,N/A,ok,
sjcdcefxzw,DFDC,1,SBI,visual,0.21233,probability,392.6,N/A,N/A,ok,
sjqhurkqhm,DFDC,1,SBI,visual,0.045309,probability,410.5,N/A,N/A,ok,
skbrjazhyf,DFDC,1,SBI,visual,0.288692,probability,352.4,N/A,N/A,ok,
skgocepvyx,DFDC,1,SBI,visual,0.254592,probability,389.0,N/A,N/A,ok,
skyckccbpb,DFDC,1,SBI,visual,0.207534,probability,485.4,N/A,N/A,ok,
slblffntco,DFDC,1,SBI,visual,0.029453,probability,609.9,N/A,N/A,ok,
slqqwuqmmi,DFDC,1,SBI,visual,0.098237,probability,95.8,N/A,N/A,ok,
sltaayihpk,DFDC,1,SBI,visual,0.623084,probability,455.1,N/A,N/A,ok,
slvqczofrr,DFDC,1,SBI,visual,0.4958,probability,356.6,N/A,N/A,ok,
slwprgoird,DFDC,1,SBI,visual,0.264923,probability,487.1,N/A,N/A,ok,
smabwcycys,DFDC,1,SBI,visual,0.204889,probability,420.6,N/A,N/A,ok,
smbvcvbfdn,DFDC,1,SBI,visual,0.222251,probability,393.4,N/A,N/A,ok,
smcjipkxjq,DFDC,1,SBI,visual,0.548381,probability,387.8,N/A,N/A,ok,
smcnbxorlt,DFDC,1,SBI,visual,0.307872,probability,318.5,N/A,N/A,ok,
smhjmjchtn,DFDC,1,SBI,visual,0.627524,probability,373.2,N/A,N/A,ok,
smhwptcoqn,DFDC,1,SBI,visual,0.005606,probability,363.5,N/A,N/A,ok,
smknfariil,DFDC,1,SBI,visual,0.092249,probability,417.6,N/A,N/A,ok,
smlgsjewjt,DFDC,1,SBI,visual,0.030074,probability,339.8,N/A,N/A,ok,
smtvsjcmxq,DFDC,1,SBI,visual,0.59734,probability,365.9,N/A,N/A,ok,
smymimbrgt,DFDC,1,SBI,visual,0.288576,probability,395.2,N/A,N/A,ok,
snesxtiacp,DFDC,1,SBI,visual,0.089624,probability,334.8,N/A,N/A,ok,
snjaxvrlys,DFDC,1,SBI,visual,0.973319,probability,326.5,N/A,N/A,ok,
snljveastd,DFDC,1,SBI,visual,0.761146,probability,163.8,N/A,N/A,ok,
soeyasjsvt,DFDC,1,SBI,visual,0.708782,probability,319.0,N/A,N/A,ok,
sofvwxxvso,DFDC,1,SBI,visual,0.023475,probability,324.3,N/A,N/A,ok,
sorwujwaiy,DFDC,1,SBI,visual,0.22221,probability,363.0,N/A,N/A,ok,
spijgvirps,DFDC,1,SBI,visual,0.86975,probability,313.0,N/A,N/A,ok,
spshttssto,DFDC,1,SBI,visual,0.731526,probability,296.6,N/A,N/A,ok,
spuzbftfeq,DFDC,1,SBI,visual,0.555463,probability,376.8,N/A,N/A,ok,
spwnjlzxdo,DFDC,1,SBI,visual,0.972697,probability,386.4,N/A,N/A,ok,
sqcjvazhld,DFDC,1,SBI,visual,0.751228,probability,432.9,N/A,N/A,ok,
sqcybfpmli,DFDC,1,SBI,visual,0.149727,probability,484.9,N/A,N/A,ok,
sramaomkba,DFDC,1,SBI,visual,0.423956,probability,412.6,N/A,N/A,ok,
srbzqkelxq,DFDC,1,SBI,visual,0.389432,probability,424.8,N/A,N/A,ok,
sriktividg,DFDC,1,SBI,visual,0.059343,probability,322.2,N/A,N/A,ok,
ssmcyrgcfc,DFDC,1,SBI,visual,0.10819,probability,429.4,N/A,N/A,ok,
sssnsfcwew,DFDC,1,SBI,visual,0.131049,probability,469.6,N/A,N/A,ok,
stkxlbksaq,DFDC,1,SBI,visual,0.536754,probability,361.5,N/A,N/A,ok,
stlezrrvsu,DFDC,1,SBI,visual,0.903638,probability,633.3,N/A,N/A,ok,
stnkgertbv,DFDC,1,SBI,visual,0.390896,probability,343.6,N/A,N/A,ok,
sttzpumjrp,DFDC,1,SBI,visual,0.916186,probability,417.9,N/A,N/A,ok,
sucsfvuppx,DFDC,1,SBI,visual,0.222799,probability,502.4,N/A,N/A,ok,
sukiwppkbv,DFDC,1,SBI,visual,0.013302,probability,382.8,N/A,N/A,ok,
suucdmcccf,DFDC,1,SBI,visual,0.053949,probability,387.2,N/A,N/A,ok,
svduelivxr,DFDC,1,SBI,visual,0.324512,probability,562.8,N/A,N/A,ok,
svjezmitya,DFDC,1,SBI,visual,0.469659,probability,371.9,N/A,N/A,ok,
svraxfiyst,DFDC,1,SBI,visual,0.021156,probability,394.5,N/A,N/A,ok,
svrngulpjq,DFDC,1,SBI,visual,0.523769,probability,74.3,N/A,N/A,ok,
swkdpponpw,DFDC,1,SBI,visual,0.052622,probability,39.5,N/A,N/A,ok,
sxhkfzldpx,DFDC,1,SBI,visual,0.976982,probability,141.0,N/A,N/A,ok,
sxqpslrdqx,DFDC,1,SBI,visual,0.252717,probability,405.6,N/A,N/A,ok,
sxxawzlpob,DFDC,1,SBI,visual,0.116836,probability,399.9,N/A,N/A,ok,
sxyxvkcqcq,DFDC,1,SBI,visual,0.730897,probability,420.2,N/A,N/A,ok,
sylkyxlhld,DFDC,1,SBI,visual,0.639985,probability,452.5,N/A,N/A,ok,
sypgiwxhgu,DFDC,1,SBI,visual,0.107707,probability,424.3,N/A,N/A,ok,
szakuxkwrk,DFDC,1,SBI,visual,0.196454,probability,353.8,N/A,N/A,ok,
szjupgrvyy,DFDC,1,SBI,visual,0.029547,probability,387.3,N/A,N/A,ok,
szkbiikmhw,DFDC,1,SBI,visual,0.128029,probability,335.0,N/A,N/A,ok,
szkejtkgqq,DFDC,1,SBI,visual,0.414818,probability,100.7,N/A,N/A,ok,
szoyzkljnr,DFDC,1,SBI,visual,0.183014,probability,349.7,N/A,N/A,ok,
szpggojwej,DFDC,1,SBI,visual,0.821864,probability,332.8,N/A,N/A,ok,
szvcwnfcvy,DFDC,1,SBI,visual,0.305682,probability,418.5,N/A,N/A,ok,
tadnnyqaga,DFDC,1,SBI,visual,0.048742,probability,342.3,N/A,N/A,ok,
tasnhgyyru,DFDC,1,SBI,visual,0.579921,probability,438.6,N/A,N/A,ok,
tbeapsngpt,DFDC,1,SBI,visual,0.400478,probability,397.5,N/A,N/A,ok,
tcouqehyuj,DFDC,1,SBI,visual,0.999929,probability,380.1,N/A,N/A,ok,
tddhwpqvvs,DFDC,1,SBI,visual,0.72295,probability,393.2,N/A,N/A,ok,
tdiqeudgbp,DFDC,1,SBI,visual,0.274191,probability,374.8,N/A,N/A,ok,
tdtqwmwaac,DFDC,1,SBI,visual,0.062038,probability,379.6,N/A,N/A,ok,
tdwudenapt,DFDC,1,SBI,visual,0.156774,probability,335.6,N/A,N/A,ok,
tebcltakcs,DFDC,1,SBI,visual,0.625572,probability,325.3,N/A,N/A,ok,
tedrxcshmt,DFDC,1,SBI,visual,0.112272,probability,38.4,N/A,N/A,ok,
tejtjaedxi,DFDC,1,SBI,visual,0.659928,probability,377.2,N/A,N/A,ok,
tewqdupylm,DFDC,1,SBI,visual,0.080255,probability,376.2,N/A,N/A,ok,
tfdmlhvxwt,DFDC,1,SBI,visual,0.104174,probability,307.4,N/A,N/A,ok,
tfirattyjs,DFDC,1,SBI,visual,0.93903,probability,315.7,N/A,N/A,ok,
tfrovwhswy,DFDC,1,SBI,visual,0.496123,probability,422.1,N/A,N/A,ok,
tgdgdndlty,DFDC,1,SBI,visual,0.015777,probability,435.2,N/A,N/A,ok,
tgezoieeda,DFDC,1,SBI,visual,0.6358,probability,458.9,N/A,N/A,ok,
tgktveedwm,DFDC,1,SBI,visual,0.440581,probability,428.7,N/A,N/A,ok,
thhxzowczv,DFDC,1,SBI,visual,0.433323,probability,191.4,N/A,N/A,ok,
thjpzccwjv,DFDC,1,SBI,visual,0.012823,probability,381.3,N/A,N/A,ok,
thuohmirep,DFDC,1,SBI,visual,0.656125,probability,370.9,N/A,N/A,ok,
tifisuratv,DFDC,1,SBI,visual,0.984967,probability,394.5,N/A,N/A,ok,
tigohjxaeo,DFDC,1,SBI,visual,0.944535,probability,383.6,N/A,N/A,ok,
tinnvnlzur,DFDC,1,SBI,visual,0.18527,probability,494.6,N/A,N/A,ok,
tiqaevtmfx,DFDC,1,SBI,visual,0.358632,probability,382.1,N/A,N/A,ok,
tjkwektajh,DFDC,1,SBI,visual,0.03684,probability,428.7,N/A,N/A,ok,
tjlebzlmjy,DFDC,1,SBI,visual,0.402885,probability,180.9,N/A,N/A,ok,
tjmnetvpck,DFDC,1,SBI,visual,0.032156,probability,362.2,N/A,N/A,ok,
tjssdbmunv,DFDC,1,SBI,visual,0.031826,probability,149.8,N/A,N/A,ok,
tjvlhlbhhp,DFDC,1,SBI,visual,0.351281,probability,350.6,N/A,N/A,ok,
tkempenldq,DFDC,1,SBI,visual,0.437653,probability,370.0,N/A,N/A,ok,
tkiinhobpf,DFDC,1,SBI,visual,0.057662,probability,355.4,N/A,N/A,ok,
tkreramrtx,DFDC,1,SBI,visual,0.229965,probability,336.0,N/A,N/A,ok,
tlesogtcgp,DFDC,1,SBI,visual,0.999691,probability,557.3,N/A,N/A,ok,
tlljxvflxp,DFDC,1,SBI,visual,0.317859,probability,376.3,N/A,N/A,ok,
tlvmsmtewx,DFDC,1,SBI,visual,0.347667,probability,469.0,N/A,N/A,ok,
tmgawkgidm,DFDC,1,SBI,visual,0.212036,probability,407.0,N/A,N/A,ok,
tmiuldgdff,DFDC,1,SBI,visual,0.019787,probability,32.5,N/A,N/A,ok,
tmkyrivmpq,DFDC,1,SBI,visual,0.064822,probability,393.6,N/A,N/A,ok,
tmnwkhmqmj,DFDC,1,SBI,visual,0.482849,probability,495.9,N/A,N/A,ok,
tndppxmgkj,DFDC,1,SBI,visual,0.441247,probability,377.4,N/A,N/A,ok,
tnetzoukvo,DFDC,1,SBI,visual,0.209001,probability,85.0,N/A,N/A,ok,
tnfvkpdnac,DFDC,1,SBI,visual,0.49199,probability,384.5,N/A,N/A,ok,
toxfmkourk,DFDC,1,SBI,visual,0.999851,probability,422.3,N/A,N/A,ok,
tpfsyfmhfe,DFDC,1,SBI,visual,0.149205,probability,441.0,N/A,N/A,ok,
tphyzhvnuk,DFDC,1,SBI,visual,0.045262,probability,23.7,N/A,N/A,ok,
tpndyvaajj,DFDC,1,SBI,visual,0.973774,probability,428.5,N/A,N/A,ok,
tppsqczhqb,DFDC,1,SBI,visual,0.358362,probability,356.4,N/A,N/A,ok,
tpukajuwxm,DFDC,1,SBI,visual,0.103992,probability,74.2,N/A,N/A,ok,
tqafjrbktt,DFDC,1,SBI,visual,0.011988,probability,400.0,N/A,N/A,ok,
tqjsngnvja,DFDC,1,SBI,visual,0.07597,probability,335.0,N/A,N/A,ok,
tquiwsjeeh,DFDC,1,SBI,visual,0.079976,probability,366.2,N/A,N/A,ok,
trfuiyjjdt,DFDC,1,SBI,visual,0.578635,probability,49.0,N/A,N/A,ok,
trndxwkhbh,DFDC,1,SBI,visual,0.010755,probability,306.2,N/A,N/A,ok,
trprbwkmmv,DFDC,1,SBI,visual,0.983219,probability,339.1,N/A,N/A,ok,
trqcnshhgi,DFDC,1,SBI,visual,0.118902,probability,348.1,N/A,N/A,ok,
trrfzthfxh,DFDC,1,SBI,visual,0.132918,probability,467.8,N/A,N/A,ok,
trzjtqjlua,DFDC,1,SBI,visual,0.583642,probability,490.1,N/A,N/A,ok,
tsdhegguug,DFDC,1,SBI,visual,0.499053,probability,509.2,N/A,N/A,ok,
tsoyfgnxht,DFDC,1,SBI,visual,0.87111,probability,420.5,N/A,N/A,ok,
tsutuebgtx,DFDC,1,SBI,visual,0.213109,probability,318.1,N/A,N/A,ok,
tswnkjafme,DFDC,1,SBI,visual,0.280455,probability,484.9,N/A,N/A,ok,
ttbuusmwnh,DFDC,1,SBI,visual,0.09834,probability,381.5,N/A,N/A,ok,
ttlaiovafp,DFDC,1,SBI,visual,0.175093,probability,344.7,N/A,N/A,ok,
ttovmuveqt,DFDC,1,SBI,visual,0.04644,probability,546.9,N/A,N/A,ok,
tuaqxtsiic,DFDC,1,SBI,visual,0.296961,probability,378.5,N/A,N/A,ok,
tudkhemgde,DFDC,1,SBI,visual,0.277369,probability,185.7,N/A,N/A,ok,
tudlahlmhq,DFDC,1,SBI,visual,0.146486,probability,281.5,N/A,N/A,ok,
tugsvbqjhb,DFDC,1,SBI,visual,0.99246,probability,422.9,N/A,N/A,ok,
tukzpvwnpa,DFDC,1,SBI,visual,0.00429,probability,356.4,N/A,N/A,ok,
tunwwcnuqq,DFDC,1,SBI,visual,0.755653,probability,189.8,N/A,N/A,ok,
tuwzzynfpp,DFDC,1,SBI,visual,0.275952,probability,325.8,N/A,N/A,ok,
tuxcfjvcsp,DFDC,1,SBI,visual,0.516502,probability,354.6,N/A,N/A,ok,
tuyiarzcft,DFDC,1,SBI,visual,0.075085,probability,353.1,N/A,N/A,ok,
tvbskzogaq,DFDC,1,SBI,visual,0.146588,probability,323.8,N/A,N/A,ok,
tvdmpfwfpd,DFDC,1,SBI,visual,0.05973,probability,252.8,N/A,N/A,ok,
tveahwuhvj,DFDC,1,SBI,visual,0.028855,probability,37.9,N/A,N/A,ok,
tvjivccjcc,DFDC,1,SBI,visual,0.005757,probability,387.7,N/A,N/A,ok,
tvqwhaekja,DFDC,1,SBI,visual,0.113882,probability,489.8,N/A,N/A,ok,
twhizigqua,DFDC,1,SBI,visual,0.418554,probability,437.2,N/A,N/A,ok,
twiedfofdt,DFDC,1,SBI,visual,0.213088,probability,177.4,N/A,N/A,ok,
twpwdjfchh,DFDC,1,SBI,visual,0.120824,probability,455.4,N/A,N/A,ok,
twvydpphys,DFDC,1,SBI,visual,0.499643,probability,420.4,N/A,N/A,ok,
txcbsjbzff,DFDC,1,SBI,visual,0.278782,probability,376.0,N/A,N/A,ok,
txfdxgcwul,DFDC,1,SBI,visual,0.081376,probability,391.0,N/A,N/A,ok,
txrzfhfgpo,DFDC,1,SBI,visual,0.09799,probability,424.9,N/A,N/A,ok,
tyfzfbkjga,DFDC,1,SBI,visual,0.065757,probability,337.0,N/A,N/A,ok,
tyzcmbkjho,DFDC,1,SBI,visual,0.185897,probability,393.3,N/A,N/A,ok,
tzbidhssio,DFDC,1,SBI,visual,0.113661,probability,433.2,N/A,N/A,ok,
tzrufybnax,DFDC,1,SBI,visual,0.100346,probability,362.7,N/A,N/A,ok,
tzycerarwl,DFDC,1,SBI,visual,0.835007,probability,438.1,N/A,N/A,ok,
uaaohixjzr,DFDC,1,SBI,visual,0.450837,probability,420.0,N/A,N/A,ok,
ubfbpwmhbh,DFDC,1,SBI,visual,0.199934,probability,372.9,N/A,N/A,ok,
ubhfyzrvxt,DFDC,1,SBI,visual,0.995389,probability,390.4,N/A,N/A,ok,
ubtmmtgtza,DFDC,1,SBI,visual,0.446964,probability,289.6,N/A,N/A,ok,
ucbymqvlii,DFDC,1,SBI,visual,0.160857,probability,512.0,N/A,N/A,ok,
ucjbdmrhky,DFDC,1,SBI,visual,0.098189,probability,419.5,N/A,N/A,ok,
ucvjlytxkj,DFDC,1,SBI,visual,0.603877,probability,277.2,N/A,N/A,ok,
udgwywwoud,DFDC,1,SBI,visual,0.297374,probability,437.0,N/A,N/A,ok,
udhtalrohl,DFDC,1,SBI,visual,0.13934,probability,299.2,N/A,N/A,ok,
udissdople,DFDC,1,SBI,visual,0.25287,probability,407.2,N/A,N/A,ok,
udnrjznlsj,DFDC,1,SBI,visual,0.061405,probability,349.8,N/A,N/A,ok,
uebjcisjwa,DFDC,1,SBI,visual,0.748991,probability,400.7,N/A,N/A,ok,
uekvvphafi,DFDC,1,SBI,visual,0.22482,probability,348.4,N/A,N/A,ok,
uexpkqmpsd,DFDC,1,SBI,visual,0.293657,probability,351.7,N/A,N/A,ok,
ugdwtuxwpd,DFDC,1,SBI,visual,0.239075,probability,435.3,N/A,N/A,ok,
ugelxzyfmm,DFDC,1,SBI,visual,0.19043,probability,144.0,N/A,N/A,ok,
ugpkcaejzg,DFDC,1,SBI,visual,0.57219,probability,602.1,N/A,N/A,ok,
ugsdduqghf,DFDC,1,SBI,visual,0.063205,probability,412.9,N/A,N/A,ok,
ugsrqghfnc,DFDC,1,SBI,visual,0.01217,probability,530.0,N/A,N/A,ok,
uihlpwavfb,DFDC,1,SBI,visual,0.132981,probability,378.3,N/A,N/A,ok,
uimbhafvbb,DFDC,1,SBI,visual,0.111948,probability,470.9,N/A,N/A,ok,
uisizbnhtx,DFDC,1,SBI,visual,0.127058,probability,432.6,N/A,N/A,ok,
ujekxqlqgt,DFDC,1,SBI,visual,0.419337,probability,62.3,N/A,N/A,ok,
ukxwcduhug,DFDC,1,SBI,visual,0.128456,probability,437.7,N/A,N/A,ok,
ulkdvnjhwt,DFDC,1,SBI,visual,0.329673,probability,333.8,N/A,N/A,ok,
ulkowdzhsg,DFDC,1,SBI,visual,0.087289,probability,359.9,N/A,N/A,ok,
umqpmiqvuv,DFDC,1,SBI,visual,0.04358,probability,393.0,N/A,N/A,ok,
uninyxgqml,DFDC,1,SBI,visual,0.36035,probability,395.4,N/A,N/A,ok,
unltdlahsq,DFDC,1,SBI,visual,0.07737,probability,387.1,N/A,N/A,ok,
uomxypoyiz,DFDC,1,SBI,visual,0.160685,probability,598.2,N/A,N/A,ok,
upqptlsieq,DFDC,1,SBI,visual,0.099695,probability,440.0,N/A,N/A,ok,
uptxsrzgok,DFDC,1,SBI,visual,0.651299,probability,456.7,N/A,N/A,ok,
upvfqvhovh,DFDC,1,SBI,visual,0.101665,probability,421.9,N/A,N/A,ok,
uqkbnwzmkb,DFDC,1,SBI,visual,0.013056,probability,374.1,N/A,N/A,ok,
uqmvgscukv,DFDC,1,SBI,visual,0.014419,probability,312.3,N/A,N/A,ok,
uqpnjfhsam,DFDC,1,SBI,visual,0.415489,probability,367.9,N/A,N/A,ok,
uqqsbowbfa,DFDC,1,SBI,visual,0.32276,probability,336.7,N/A,N/A,ok,
uqxoidofjf,DFDC,1,SBI,visual,0.285332,probability,363.7,N/A,N/A,ok,
urukqxiozj,DFDC,1,SBI,visual,0.175476,probability,403.5,N/A,N/A,ok,
uspruzqsoe,DFDC,1,SBI,visual,0.527754,probability,494.5,N/A,N/A,ok,
usyphtmkih,DFDC,1,SBI,visual,0.004896,probability,322.1,N/A,N/A,ok,
utbcfboyqi,DFDC,1,SBI,visual,0.015208,probability,371.5,N/A,N/A,ok,
utbuuvhhip,DFDC,1,SBI,visual,0.997494,probability,588.4,N/A,N/A,ok,
utdjoiqdef,DFDC,1,SBI,visual,0.054577,probability,458.7,N/A,N/A,ok,
uucoiociqu,DFDC,1,SBI,visual,0.630549,probability,404.4,N/A,N/A,ok,
uuprmufsaw,DFDC,1,SBI,visual,0.028301,probability,457.3,N/A,N/A,ok,
uuqycmtmsw,DFDC,1,SBI,visual,0.031947,probability,341.9,N/A,N/A,ok,
uuzijvbjwu,DFDC,1,SBI,visual,0.243352,probability,389.4,N/A,N/A,ok,
uveoppdfjb,DFDC,1,SBI,visual,0.336606,probability,373.8,N/A,N/A,ok,
uvlxbivsaj,DFDC,1,SBI,visual,0.350598,probability,357.7,N/A,N/A,ok,
uvwgzfcxls,DFDC,1,SBI,visual,0.613456,probability,452.5,N/A,N/A,ok,
uwcfondxfj,DFDC,1,SBI,visual,0.011979,probability,298.2,N/A,N/A,ok,
uwkhlaqbvq,DFDC,1,SBI,visual,0.011991,probability,454.1,N/A,N/A,ok,
uwqnclvcyn,DFDC,1,SBI,visual,0.950867,probability,371.4,N/A,N/A,ok,
uxogelbplx,DFDC,1,SBI,visual,0.257729,probability,220.7,N/A,N/A,ok,
uyjkdbldbw,DFDC,1,SBI,visual,0.945325,probability,483.5,N/A,N/A,ok,
uyzqrbgwif,DFDC,1,SBI,visual,0.031853,probability,406.2,N/A,N/A,ok,
uzamykrhvn,DFDC,1,SBI,visual,0.698578,probability,472.0,N/A,N/A,ok,
uzqqjtfhzt,DFDC,1,SBI,visual,0.021815,probability,392.3,N/A,N/A,ok,
vaqdgrzgkz,DFDC,1,SBI,visual,0.515826,probability,398.8,N/A,N/A,ok,
vasfqvehzl,DFDC,1,SBI,visual,0.648735,probability,368.9,N/A,N/A,ok,
vauecbclwm,DFDC,1,SBI,visual,0.707601,probability,413.3,N/A,N/A,ok,
vbakefmsjz,DFDC,1,SBI,visual,0.515576,probability,332.7,N/A,N/A,ok,
vbypqeimla,DFDC,1,SBI,visual,0.160674,probability,438.1,N/A,N/A,ok,
vbytnyuatr,DFDC,1,SBI,visual,0.257653,probability,307.9,N/A,N/A,ok,
vchwdtmttz,DFDC,1,SBI,visual,0.523284,probability,367.8,N/A,N/A,ok,
vckiophoxr,DFDC,1,SBI,visual,0.59722,probability,113.9,N/A,N/A,ok,
vcnsbxrvig,DFDC,1,SBI,visual,0.278499,probability,306.2,N/A,N/A,ok,
vczxrqlict,DFDC,1,SBI,visual,0.592621,probability,390.3,N/A,N/A,ok,
vdadnskznh,DFDC,1,SBI,visual,0.645137,probability,513.4,N/A,N/A,ok,
vdadqeuguc,DFDC,1,SBI,visual,0.795796,probability,449.8,N/A,N/A,ok,
vdikzzdplz,DFDC,1,SBI,visual,0.96091,probability,467.1,N/A,N/A,ok,
vdjhhpaaqy,DFDC,1,SBI,visual,0.474899,probability,205.0,N/A,N/A,ok,
vdtxpvdixy,DFDC,1,SBI,visual,0.305728,probability,343.8,N/A,N/A,ok,
vdwxguputd,DFDC,1,SBI,visual,0.148577,probability,347.6,N/A,N/A,ok,
vewodgmigb,DFDC,1,SBI,visual,0.380959,probability,466.4,N/A,N/A,ok,
vfencmlcpl,DFDC,1,SBI,visual,0.337505,probability,359.8,N/A,N/A,ok,
vfiaxksrld,DFDC,1,SBI,visual,0.090775,probability,343.9,N/A,N/A,ok,
vfmijfogfp,DFDC,1,SBI,visual,0.987225,probability,435.8,N/A,N/A,ok,
vforinwsfs,DFDC,1,SBI,visual,0.266527,probability,416.8,N/A,N/A,ok,
vfqotkejkv,DFDC,1,SBI,visual,0.064186,probability,330.8,N/A,N/A,ok,
vfwqmxafup,DFDC,1,SBI,visual,0.026535,probability,344.0,N/A,N/A,ok,
vggtiiinsg,DFDC,1,SBI,visual,0.78121,probability,172.8,N/A,N/A,ok,
vgiveamojf,DFDC,1,SBI,visual,0.999014,probability,405.2,N/A,N/A,ok,
vhalmpmzbb,DFDC,1,SBI,visual,0.256121,probability,515.5,N/A,N/A,ok,
vhipqcubgu,DFDC,1,SBI,visual,0.440716,probability,426.9,N/A,N/A,ok,
vhythopwsm,DFDC,1,SBI,visual,0.085335,probability,443.7,N/A,N/A,ok,
vibeiktkrh,DFDC,1,SBI,visual,0.040108,probability,402.0,N/A,N/A,ok,
vidbvswpag,DFDC,1,SBI,visual,0.016486,probability,355.7,N/A,N/A,ok,
vjttqphuwh,DFDC,1,SBI,visual,0.8653,probability,455.2,N/A,N/A,ok,
vjxitahtap,DFDC,1,SBI,visual,0.043026,probability,385.4,N/A,N/A,ok,
vjxjrihisf,DFDC,1,SBI,visual,0.852107,probability,330.1,N/A,N/A,ok,
vkhkfrcrgw,DFDC,1,SBI,visual,0.141622,probability,21.9,N/A,N/A,ok,
vktaplbcrs,DFDC,1,SBI,visual,0.269257,probability,367.7,N/A,N/A,ok,
vktoldzpgt,DFDC,1,SBI,visual,0.240843,probability,52.7,N/A,N/A,ok,
vkvoqigbsu,DFDC,1,SBI,visual,0.65852,probability,387.0,N/A,N/A,ok,
vkyqbktaky,DFDC,1,SBI,visual,0.180205,probability,301.6,N/A,N/A,ok,
vlcqsongnj,DFDC,1,SBI,visual,0.007875,probability,322.7,N/A,N/A,ok,
vlhkwvdhxs,DFDC,1,SBI,visual,0.103891,probability,365.1,N/A,N/A,ok,
vlkohkqpie,DFDC,1,SBI,visual,0.045626,probability,409.2,N/A,N/A,ok,
vlqofrlpbq,DFDC,1,SBI,visual,0.065962,probability,381.5,N/A,N/A,ok,
vlrkdzxixg,DFDC,1,SBI,visual,0.441023,probability,312.5,N/A,N/A,ok,
vlvieajwjn,DFDC,1,SBI,visual,0.179918,probability,388.1,N/A,N/A,ok,
vmawxwfakr,DFDC,1,SBI,visual,0.035973,probability,141.4,N/A,N/A,ok,
vmhvndfdpj,DFDC,1,SBI,visual,0.043228,probability,26.9,N/A,N/A,ok,
vmriaejdbx,DFDC,1,SBI,visual,0.055101,probability,443.7,N/A,N/A,ok,
vncjkvznxp,DFDC,1,SBI,visual,0.397398,probability,391.7,N/A,N/A,ok,
vndavqjvsi,DFDC,1,SBI,visual,0.126124,probability,154.9,N/A,N/A,ok,
vninicmbzs,DFDC,1,SBI,visual,0.954463,probability,467.2,N/A,N/A,ok,
vnmdrhvlue,DFDC,1,SBI,visual,0.871446,probability,390.4,N/A,N/A,ok,
vnxdizgsfo,DFDC,1,SBI,visual,0.206238,probability,455.6,N/A,N/A,ok,
voefrxkfnp,DFDC,1,SBI,visual,0.029763,probability,314.6,N/A,N/A,ok,
vosnffwvaf,DFDC,1,SBI,visual,0.059559,probability,422.8,N/A,N/A,ok,
vouuboklsx,DFDC,1,SBI,visual,0.256052,probability,24.7,N/A,N/A,ok,
voyhjgjkpc,DFDC,1,SBI,visual,0.984644,probability,362.1,N/A,N/A,ok,
voyuqpxhhf,DFDC,1,SBI,visual,0.253016,probability,360.0,N/A,N/A,ok,
vpodqhzehx,DFDC,1,SBI,visual,0.615579,probability,420.9,N/A,N/A,ok,
vpqpxxjlil,DFDC,1,SBI,visual,0.562114,probability,269.8,N/A,N/A,ok,
vpuiardwpz,DFDC,1,SBI,visual,0.254215,probability,338.9,N/A,N/A,ok,
vqbhqgdmmt,DFDC,1,SBI,visual,0.026276,probability,343.3,N/A,N/A,ok,
vqbrfthzfq,DFDC,1,SBI,visual,0.086197,probability,312.6,N/A,N/A,ok,
vqexoifqju,DFDC,1,SBI,visual,0.224779,probability,323.4,N/A,N/A,ok,
vqhelxkjkg,DFDC,1,SBI,visual,0.570045,probability,395.0,N/A,N/A,ok,
vqruxheieb,DFDC,1,SBI,visual,0.467073,probability,472.4,N/A,N/A,ok,
vrcuxlagin,DFDC,1,SBI,visual,0.233989,probability,480.7,N/A,N/A,ok,
vrdqbkzqro,DFDC,1,SBI,visual,0.025395,probability,469.1,N/A,N/A,ok,
vrmkcjsxpe,DFDC,1,SBI,visual,0.348599,probability,437.4,N/A,N/A,ok,
vruqnqfvrw,DFDC,1,SBI,visual,0.423593,probability,469.0,N/A,N/A,ok,
vsczwmjwoz,DFDC,1,SBI,visual,0.805496,probability,169.6,N/A,N/A,ok,
vsffnanvjr,DFDC,1,SBI,visual,0.055775,probability,351.0,N/A,N/A,ok,
vsjudgthep,DFDC,1,SBI,visual,0.998565,probability,513.3,N/A,N/A,ok,
vskaxdggyg,DFDC,1,SBI,visual,0.142909,probability,326.5,N/A,N/A,ok,
vsqneimrkq,DFDC,1,SBI,visual,0.044474,probability,340.4,N/A,N/A,ok,
vtqenptvrq,DFDC,1,SBI,visual,0.208388,probability,468.8,N/A,N/A,ok,
vtrjwydbmk,DFDC,1,SBI,visual,0.078719,probability,332.4,N/A,N/A,ok,
vtuayjfhli,DFDC,1,SBI,visual,0.075915,probability,356.7,N/A,N/A,ok,
vucjybmgfl,DFDC,1,SBI,visual,0.040618,probability,421.7,N/A,N/A,ok,
vucqjsxhkz,DFDC,1,SBI,visual,0.665201,probability,394.9,N/A,N/A,ok,
vudasvmled,DFDC,1,SBI,visual,0.039627,probability,431.6,N/A,N/A,ok,
vugrkogige,DFDC,1,SBI,visual,0.140944,probability,390.8,N/A,N/A,ok,
vukbmqajgd,DFDC,1,SBI,visual,0.027993,probability,459.0,N/A,N/A,ok,
vukoxgxkys,DFDC,1,SBI,visual,0.110075,probability,401.6,N/A,N/A,ok,
vulpiccadk,DFDC,1,SBI,visual,0.261172,probability,408.5,N/A,N/A,ok,
vuqvrrphpt,DFDC,1,SBI,visual,0.65124,probability,621.4,N/A,N/A,ok,
vurixtwcss,DFDC,1,SBI,visual,0.071176,probability,95.3,N/A,N/A,ok,
vuwypmjbdu,DFDC,1,SBI,visual,0.84102,probability,382.5,N/A,N/A,ok,
vvbkmxvtop,DFDC,1,SBI,visual,0.196001,probability,386.3,N/A,N/A,ok,
vvfdlawygk,DFDC,1,SBI,visual,0.171881,probability,405.5,N/A,N/A,ok,
vvmvtwrkkg,DFDC,1,SBI,visual,0.019696,probability,419.0,N/A,N/A,ok,
vvpvwswgoz,DFDC,1,SBI,visual,0.073046,probability,396.3,N/A,N/A,ok,
vwvlxfkdjl,DFDC,1,SBI,visual,0.008755,probability,371.7,N/A,N/A,ok,
vwwotxcbry,DFDC,1,SBI,visual,0.092233,probability,403.3,N/A,N/A,ok,
vwznerllzk,DFDC,1,SBI,visual,0.03223,probability,374.8,N/A,N/A,ok,
vxpqxacvpu,DFDC,1,SBI,visual,0.270402,probability,359.2,N/A,N/A,ok,
vyhyrjfouu,DFDC,1,SBI,visual,0.091517,probability,406.2,N/A,N/A,ok,
vykxnsxmtt,DFDC,1,SBI,visual,0.01797,probability,322.0,N/A,N/A,ok,
vyllgevnkw,DFDC,1,SBI,visual,0.164944,probability,421.0,N/A,N/A,ok,
vyrfislzue,DFDC,1,SBI,visual,0.362717,probability,369.6,N/A,N/A,ok,
vywlobywbi,DFDC,1,SBI,visual,0.8934,probability,437.2,N/A,N/A,ok,
vzdgyanbqx,DFDC,1,SBI,visual,0.091593,probability,366.9,N/A,N/A,ok,
vzggujyhir,DFDC,1,SBI,visual,0.106789,probability,303.2,N/A,N/A,ok,
vzhjubpiel,DFDC,1,SBI,visual,0.178605,probability,360.6,N/A,N/A,ok,
vzhylsutqi,DFDC,1,SBI,visual,0.741774,probability,374.8,N/A,N/A,ok,
vzjjabsjxi,DFDC,1,SBI,visual,0.121079,probability,352.7,N/A,N/A,ok,
vzkaitocxz,DFDC,1,SBI,visual,0.955483,probability,352.5,N/A,N/A,ok,
vzmffvpmbd,DFDC,1,SBI,visual,0.800493,probability,349.9,N/A,N/A,ok,
waocemdkbl,DFDC,1,SBI,visual,0.510941,probability,461.9,N/A,N/A,ok,
watlwphgzb,DFDC,1,SBI,visual,0.570264,probability,378.2,N/A,N/A,ok,
watvbxbozp,DFDC,1,SBI,visual,0.035207,probability,356.7,N/A,N/A,ok,
wavuqfomdn,DFDC,1,SBI,visual,0.618729,probability,390.9,N/A,N/A,ok,
wbdmzyfkpc,DFDC,1,SBI,visual,0.008512,probability,430.0,N/A,N/A,ok,
wcdajitldk,DFDC,1,SBI,visual,0.424355,probability,495.8,N/A,N/A,ok,
wcifdohbdu,DFDC,1,SBI,visual,0.094657,probability,618.8,N/A,N/A,ok,
wcjczumlia,DFDC,1,SBI,visual,0.340743,probability,442.2,N/A,N/A,ok,
wckfvaxhwu,DFDC,1,SBI,visual,0.060846,probability,340.7,N/A,N/A,ok,
wcoljjbiyd,DFDC,1,SBI,visual,0.196028,probability,236.7,N/A,N/A,ok,
wczpttzaiu,DFDC,1,SBI,visual,0.407354,probability,525.1,N/A,N/A,ok,
wdlkqszcbg,DFDC,1,SBI,visual,0.463595,probability,426.9,N/A,N/A,ok,
wdnkvmmxrn,DFDC,1,SBI,visual,0.227277,probability,37.6,N/A,N/A,ok,
wduvzdadbn,DFDC,1,SBI,visual,0.822147,probability,400.5,N/A,N/A,ok,
wdyvjrmihv,DFDC,1,SBI,visual,0.235749,probability,308.4,N/A,N/A,ok,
wegfrxbldm,DFDC,1,SBI,visual,0.104055,probability,359.7,N/A,N/A,ok,
wejohscatf,DFDC,1,SBI,visual,0.118166,probability,331.4,N/A,N/A,ok,
weqejlocmt,DFDC,1,SBI,visual,0.376309,probability,355.3,N/A,N/A,ok,
wesxjnwych,DFDC,1,SBI,visual,0.939043,probability,337.4,N/A,N/A,ok,
wfrjuvuxwk,DFDC,1,SBI,visual,0.650831,probability,384.6,N/A,N/A,ok,
wfxzlsvwni,DFDC,1,SBI,visual,0.992274,probability,382.2,N/A,N/A,ok,
wggteviwox,DFDC,1,SBI,visual,0.9914,probability,69.1,N/A,N/A,ok,
wgnzjfqlsp,DFDC,1,SBI,visual,0.144716,probability,337.5,N/A,N/A,ok,
wgsmbdfbsd,DFDC,1,SBI,visual,0.38098,probability,497.0,N/A,N/A,ok,
wgxgxotxqs,DFDC,1,SBI,visual,0.558974,probability,311.2,N/A,N/A,ok,
whhyakvlkw,DFDC,1,SBI,visual,0.393942,probability,245.3,N/A,N/A,ok,
whsdbelogy,DFDC,1,SBI,visual,0.09731,probability,345.5,N/A,N/A,ok,
whtdpzilfs,DFDC,1,SBI,visual,0.146143,probability,343.0,N/A,N/A,ok,
whtwyoiire,DFDC,1,SBI,visual,0.442575,probability,484.0,N/A,N/A,ok,
whxdhrhcby,DFDC,1,SBI,visual,0.042179,probability,396.0,N/A,N/A,ok,
whzszrmvfq,DFDC,1,SBI,visual,0.818779,probability,467.3,N/A,N/A,ok,
wicityyuax,DFDC,1,SBI,visual,0.241209,probability,81.0,N/A,N/A,ok,
wjaqozixdz,DFDC,1,SBI,visual,0.126105,probability,339.0,N/A,N/A,ok,
wjfwglksxr,DFDC,1,SBI,visual,0.102313,probability,320.7,N/A,N/A,ok,
wjhxecuuti,DFDC,1,SBI,visual,0.338903,probability,518.8,N/A,N/A,ok,
wjialabxbz,DFDC,1,SBI,visual,0.079295,probability,454.2,N/A,N/A,ok,
wjtmduikdj,DFDC,1,SBI,visual,0.482122,probability,409.5,N/A,N/A,ok,
wjzgvsfnwa,DFDC,1,SBI,visual,0.697525,probability,375.7,N/A,N/A,ok,
wkcziirnmv,DFDC,1,SBI,visual,0.434448,probability,331.4,N/A,N/A,ok,
wkgvosonwe,DFDC,1,SBI,visual,0.070775,probability,400.2,N/A,N/A,ok,
wkizucqrwx,DFDC,1,SBI,visual,0.016374,probability,314.4,N/A,N/A,ok,
wkyayuktho,DFDC,1,SBI,visual,0.445836,probability,469.6,N/A,N/A,ok,
wlgidtcnmy,DFDC,1,SBI,visual,0.064429,probability,370.4,N/A,N/A,ok,
wlodjxpheo,DFDC,1,SBI,visual,0.037352,probability,363.1,N/A,N/A,ok,
wlvxeprzxa,DFDC,1,SBI,visual,0.029245,probability,364.4,N/A,N/A,ok,
wlwembpcqc,DFDC,1,SBI,visual,0.37456,probability,412.5,N/A,N/A,ok,
wlwkmmtxzf,DFDC,1,SBI,visual,0.028455,probability,327.9,N/A,N/A,ok,
wmfmllunth,DFDC,1,SBI,visual,0.722895,probability,427.4,N/A,N/A,ok,
wmfsuhqpyo,DFDC,1,SBI,visual,0.394023,probability,304.6,N/A,N/A,ok,
wmulblatko,DFDC,1,SBI,visual,0.039143,probability,499.2,N/A,N/A,ok,
wmvntwjrxx,DFDC,1,SBI,visual,0.74823,probability,458.8,N/A,N/A,ok,
wmwtawgrul,DFDC,1,SBI,visual,0.944267,probability,333.7,N/A,N/A,ok,
wmxfqvairv,DFDC,1,SBI,visual,0.604784,probability,414.9,N/A,N/A,ok,
wncyebmdmo,DFDC,1,SBI,visual,0.093923,probability,419.3,N/A,N/A,ok,
wndtnmetmy,DFDC,1,SBI,visual,0.090589,probability,330.7,N/A,N/A,ok,
wnhprfgdho,DFDC,1,SBI,visual,0.403215,probability,362.7,N/A,N/A,ok,
wnkgtjhszz,DFDC,1,SBI,visual,0.89858,probability,418.1,N/A,N/A,ok,
wnmmyeyuhl,DFDC,1,SBI,visual,0.140849,probability,377.0,N/A,N/A,ok,
wnodcgkjuz,DFDC,1,SBI,visual,0.734874,probability,220.4,N/A,N/A,ok,
wnspmslrdb,DFDC,1,SBI,visual,0.02932,probability,43.7,N/A,N/A,ok,
wohbmubnyx,DFDC,1,SBI,visual,0.138826,probability,312.6,N/A,N/A,ok,
wojiaubbhh,DFDC,1,SBI,visual,0.062334,probability,452.9,N/A,N/A,ok,
wonvufumrz,DFDC,1,SBI,visual,0.371881,probability,473.7,N/A,N/A,ok,
wpbxhlijxg,DFDC,1,SBI,visual,0.387614,probability,310.2,N/A,N/A,ok,
wpotxtrxtj,DFDC,1,SBI,visual,0.049223,probability,50.1,N/A,N/A,ok,
wpuciyzvop,DFDC,1,SBI,visual,0.54297,probability,502.3,N/A,N/A,ok,
wpugiszidm,DFDC,1,SBI,visual,0.225127,probability,338.5,N/A,N/A,ok,
wpxjryhvlp,DFDC,1,SBI,visual,0.342972,probability,309.5,N/A,N/A,ok,
wqiisqhfel,DFDC,1,SBI,visual,0.049289,probability,442.0,N/A,N/A,ok,
wqnhyhpnwa,DFDC,1,SBI,visual,0.430031,probability,355.0,N/A,N/A,ok,
wqohokscnx,DFDC,1,SBI,visual,0.996923,probability,316.6,N/A,N/A,ok,
wrgekbrzrk,DFDC,1,SBI,visual,0.96628,probability,310.5,N/A,N/A,ok,
wrgnmibozn,DFDC,1,SBI,visual,0.131938,probability,565.7,N/A,N/A,ok,
wrqxzlusyl,DFDC,1,SBI,visual,0.201991,probability,481.0,N/A,N/A,ok,
wrrfbyqpix,DFDC,1,SBI,visual,0.658103,probability,436.9,N/A,N/A,ok,
wsfxzmmkjk,DFDC,1,SBI,visual,0.99868,probability,366.2,N/A,N/A,ok,
wsopjtdeyz,DFDC,1,SBI,visual,0.561938,probability,117.9,N/A,N/A,ok,
wsxteylpsh,DFDC,1,SBI,visual,0.485362,probability,456.4,N/A,N/A,ok,
wtcqfdvagg,DFDC,1,SBI,visual,0.304108,probability,388.1,N/A,N/A,ok,
wubgkxfxns,DFDC,1,SBI,visual,0.03052,probability,537.6,N/A,N/A,ok,
wucfldpmfg,DFDC,1,SBI,visual,0.059369,probability,335.5,N/A,N/A,ok,
wucpgqinvd,DFDC,1,SBI,visual,0.050851,probability,428.4,N/A,N/A,ok,
wuipkearha,DFDC,1,SBI,visual,0.82177,probability,371.3,N/A,N/A,ok,
wuvjcfmdqm,DFDC,1,SBI,visual,0.314913,probability,332.9,N/A,N/A,ok,
wuxvpjloqa,DFDC,1,SBI,visual,0.35036,probability,197.7,N/A,N/A,ok,
wuzlttecwb,DFDC,1,SBI,visual,0.352631,probability,330.6,N/A,N/A,ok,
wuzzdfwxlv,DFDC,1,SBI,visual,0.548385,probability,80.1,N/A,N/A,ok,
wvcwtmutcs,DFDC,1,SBI,visual,0.458212,probability,331.2,N/A,N/A,ok,
wvdvwmlejj,DFDC,1,SBI,visual,0.246366,probability,396.8,N/A,N/A,ok,
wvhbxdofqr,DFDC,1,SBI,visual,0.757643,probability,335.7,N/A,N/A,ok,
wvomhglyji,DFDC,1,SBI,visual,0.17989,probability,376.9,N/A,N/A,ok,
wwsugrasxl,DFDC,1,SBI,visual,0.803164,probability,451.8,N/A,N/A,ok,
wxgrvnbiay,DFDC,1,SBI,visual,0.122897,probability,590.1,N/A,N/A,ok,
wxorluvmvm,DFDC,1,SBI,visual,0.949188,probability,27.4,N/A,N/A,ok,
wxqibgsrhe,DFDC,1,SBI,visual,0.932176,probability,423.3,N/A,N/A,ok,
wxuipnfndw,DFDC,1,SBI,visual,0.270523,probability,388.2,N/A,N/A,ok,
wyoanpnmli,DFDC,1,SBI,visual,0.374471,probability,422.1,N/A,N/A,ok,
wyrpqaxygu,DFDC,1,SBI,visual,0.022002,probability,374.0,N/A,N/A,ok,
wyzaihihgl,DFDC,1,SBI,visual,0.651396,probability,362.3,N/A,N/A,ok,
wznchulpfz,DFDC,1,SBI,visual,0.865689,probability,467.7,N/A,N/A,ok,
wzpomeqxsi,DFDC,1,SBI,visual,0.398749,probability,391.3,N/A,N/A,ok,
wzqmuxtkni,DFDC,1,SBI,visual,0.209631,probability,304.3,N/A,N/A,ok,
xaowlpxaki,DFDC,1,SBI,visual,0.10158,probability,420.4,N/A,N/A,ok,
xarirplaje,DFDC,1,SBI,visual,0.429887,probability,402.7,N/A,N/A,ok,
xataxdpygh,DFDC,1,SBI,visual,0.012066,probability,344.0,N/A,N/A,ok,
xbarvxafha,DFDC,1,SBI,visual,0.084294,probability,399.4,N/A,N/A,ok,
xbfosetcfj,DFDC,1,SBI,visual,0.133148,probability,383.0,N/A,N/A,ok,
xbmqlaoihx,DFDC,1,SBI,visual,0.180522,probability,262.2,N/A,N/A,ok,
xbtdbzqguf,DFDC,1,SBI,visual,0.07424,probability,357.0,N/A,N/A,ok,
xbxcvahisa,DFDC,1,SBI,visual,0.999521,probability,355.5,N/A,N/A,ok,
xcumrqiwht,DFDC,1,SBI,visual,0.934495,probability,382.7,N/A,N/A,ok,
xdbjgsutkx,DFDC,1,SBI,visual,0.985169,probability,175.4,N/A,N/A,ok,
xdektirsmx,DFDC,1,SBI,visual,0.010606,probability,326.2,N/A,N/A,ok,
xdfcwygqna,DFDC,1,SBI,visual,0.100746,probability,467.3,N/A,N/A,ok,
xdojuxcfwe,DFDC,1,SBI,visual,0.065943,probability,480.6,N/A,N/A,ok,
xdomnevzdn,DFDC,1,SBI,visual,0.220713,probability,391.5,N/A,N/A,ok,
xdtkorhiij,DFDC,1,SBI,visual,0.51128,probability,379.3,N/A,N/A,ok,
xeczmsuqyo,DFDC,1,SBI,visual,0.020115,probability,327.5,N/A,N/A,ok,
xegkmcoeoe,DFDC,1,SBI,visual,0.80483,probability,323.5,N/A,N/A,ok,
xemfqmmmoj,DFDC,1,SBI,visual,0.159773,probability,443.5,N/A,N/A,ok,
xeuytfcryt,DFDC,1,SBI,visual,0.020369,probability,389.6,N/A,N/A,ok,
xewyseiolm,DFDC,1,SBI,visual,0.507566,probability,355.7,N/A,N/A,ok,
xeyzruczbs,DFDC,1,SBI,visual,0.712478,probability,362.4,N/A,N/A,ok,
xezzrghdmp,DFDC,1,SBI,visual,0.470165,probability,305.8,N/A,N/A,ok,
xffliqrwbq,DFDC,1,SBI,visual,0.903667,probability,339.8,N/A,N/A,ok,
xfxbuabxsy,DFDC,1,SBI,visual,0.17239,probability,418.8,N/A,N/A,ok,
xgtgwqlxbv,DFDC,1,SBI,visual,0.611389,probability,243.8,N/A,N/A,ok,
xhoapgmyvd,DFDC,1,SBI,visual,0.128442,probability,398.1,N/A,N/A,ok,
xhpgmxytyi,DFDC,1,SBI,visual,0.958126,probability,356.2,N/A,N/A,ok,
xhrojvytvi,DFDC,1,SBI,visual,0.823342,probability,388.6,N/A,N/A,ok,
xhuvhlsscj,DFDC,1,SBI,visual,0.11631,probability,342.8,N/A,N/A,ok,
xhvbkpnmys,DFDC,1,SBI,visual,0.3263,probability,342.5,N/A,N/A,ok,
xijqylkaxh,DFDC,1,SBI,visual,0.485899,probability,347.1,N/A,N/A,ok,
xirozlwlpd,DFDC,1,SBI,visual,0.210165,probability,27.4,N/A,N/A,ok,
xisytioqyf,DFDC,1,SBI,visual,0.089965,probability,381.5,N/A,N/A,ok,
xjbkzkwany,DFDC,1,SBI,visual,0.075913,probability,337.1,N/A,N/A,ok,
xjfbzgyhzi,DFDC,1,SBI,visual,0.059678,probability,443.6,N/A,N/A,ok,
xkdbspzzpa,DFDC,1,SBI,visual,0.242141,probability,437.8,N/A,N/A,ok,
xknoztpsrm,DFDC,1,SBI,visual,0.187672,probability,439.5,N/A,N/A,ok,
xkxxeicpol,DFDC,1,SBI,visual,0.05788,probability,400.2,N/A,N/A,ok,
xkzhufofqw,DFDC,1,SBI,visual,0.318839,probability,361.5,N/A,N/A,ok,
xkzpsrbiyh,DFDC,1,SBI,visual,0.591784,probability,74.2,N/A,N/A,ok,
xlckcxktva,DFDC,1,SBI,visual,0.658774,probability,394.2,N/A,N/A,ok,
xlguajspqm,DFDC,1,SBI,visual,0.049799,probability,369.5,N/A,N/A,ok,
xlkebtjjgd,DFDC,1,SBI,visual,0.143882,probability,329.8,N/A,N/A,ok,
xlrrixwlax,DFDC,1,SBI,visual,0.068458,probability,328.5,N/A,N/A,ok,
xlsbxexkdc,DFDC,1,SBI,visual,0.016079,probability,374.4,N/A,N/A,ok,
xmezmmjbkh,DFDC,1,SBI,visual,0.041976,probability,338.2,N/A,N/A,ok,
xmgyjtatqs,DFDC,1,SBI,visual,0.250483,probability,228.3,N/A,N/A,ok,
xnaixrbbju,DFDC,1,SBI,visual,0.203857,probability,362.1,N/A,N/A,ok,
xnuwttbedj,DFDC,1,SBI,visual,0.063294,probability,53.2,N/A,N/A,ok,
xonjyfxnsd,DFDC,1,SBI,visual,0.043397,probability,439.8,N/A,N/A,ok,
xoqgjqrdvm,DFDC,1,SBI,visual,0.007129,probability,349.0,N/A,N/A,ok,
xpenxxvnnw,DFDC,1,SBI,visual,0.909905,probability,338.8,N/A,N/A,ok,
xpwctppwvj,DFDC,1,SBI,visual,0.539018,probability,186.4,N/A,N/A,ok,
xqhawavhey,DFDC,1,SBI,visual,0.254271,probability,473.3,N/A,N/A,ok,
xqjwacyhrg,DFDC,1,SBI,visual,0.928343,probability,468.0,N/A,N/A,ok,
xqnwztylym,DFDC,1,SBI,visual,0.827867,probability,461.5,N/A,N/A,ok,
xqwgtnjbby,DFDC,1,SBI,visual,0.502572,probability,231.2,N/A,N/A,ok,
xrfzqhbjnx,DFDC,1,SBI,visual,0.550434,probability,366.7,N/A,N/A,ok,
xsbbzzbbju,DFDC,1,SBI,visual,0.69916,probability,420.1,N/A,N/A,ok,
xsrwkqavzb,DFDC,1,SBI,visual,0.170776,probability,531.2,N/A,N/A,ok,
xtcfyvfknw,DFDC,1,SBI,visual,0.148456,probability,497.4,N/A,N/A,ok,
xtfcmarqap,DFDC,1,SBI,visual,0.770601,probability,432.3,N/A,N/A,ok,
xtiiwddhcj,DFDC,1,SBI,visual,0.813502,probability,387.3,N/A,N/A,ok,
xtogtdwdkt,DFDC,1,SBI,visual,0.124355,probability,380.6,N/A,N/A,ok,
xtqhjqkcoe,DFDC,1,SBI,visual,0.019603,probability,396.2,N/A,N/A,ok,
xulgzdiftm,DFDC,1,SBI,visual,0.156511,probability,340.2,N/A,N/A,ok,
xulyyyqtnj,DFDC,1,SBI,visual,0.063631,probability,466.3,N/A,N/A,ok,
xumemeleqv,DFDC,1,SBI,visual,0.15238,probability,377.4,N/A,N/A,ok,
xurkcnjqgt,DFDC,1,SBI,visual,0.393604,probability,45.7,N/A,N/A,ok,
xvhllkyspo,DFDC,1,SBI,visual,0.11067,probability,393.2,N/A,N/A,ok,
xvjxwncfwx,DFDC,1,SBI,visual,0.514739,probability,439.6,N/A,N/A,ok,
xvkonezape,DFDC,1,SBI,visual,0.170152,probability,377.0,N/A,N/A,ok,
xvvmrwsrql,DFDC,1,SBI,visual,0.236317,probability,344.2,N/A,N/A,ok,
xvzpluxiiq,DFDC,1,SBI,visual,0.570937,probability,417.3,N/A,N/A,ok,
xwacltucjd,DFDC,1,SBI,visual,0.659807,probability,300.9,N/A,N/A,ok,
xwciitxvwk,DFDC,1,SBI,visual,0.048857,probability,359.4,N/A,N/A,ok,
xwoliagblt,DFDC,1,SBI,visual,0.858585,probability,427.7,N/A,N/A,ok,
xwuwzrolgv,DFDC,1,SBI,visual,0.73359,probability,445.4,N/A,N/A,ok,
xxeekjjgrv,DFDC,1,SBI,visual,0.125118,probability,301.9,N/A,N/A,ok,
xxinksmljn,DFDC,1,SBI,visual,0.330803,probability,244.4,N/A,N/A,ok,
xxxesvufrs,DFDC,1,SBI,visual,0.265171,probability,384.5,N/A,N/A,ok,
xyuttmvohc,DFDC,1,SBI,visual,0.72708,probability,384.5,N/A,N/A,ok,
xyvrofgwok,DFDC,1,SBI,visual,0.631584,probability,510.9,N/A,N/A,ok,
xyzbztvskk,DFDC,1,SBI,visual,0.074944,probability,418.2,N/A,N/A,ok,
xzaulixgqe,DFDC,1,SBI,visual,0.27381,probability,419.1,N/A,N/A,ok,
xzkdlxqryz,DFDC,1,SBI,visual,0.057337,probability,208.9,N/A,N/A,ok,
xzmbzkizpu,DFDC,1,SBI,visual,0.999725,probability,449.4,N/A,N/A,ok,
xzpucnwogd,DFDC,1,SBI,visual,0.928055,probability,380.4,N/A,N/A,ok,
yaeliwmovf,DFDC,1,SBI,visual,0.117633,probability,492.3,N/A,N/A,ok,
yallgiruup,DFDC,1,SBI,visual,0.288116,probability,363.4,N/A,N/A,ok,
ybezbwlhea,DFDC,1,SBI,visual,0.087705,probability,37.8,N/A,N/A,ok,
ybfdspeyvq,DFDC,1,SBI,visual,0.938692,probability,388.7,N/A,N/A,ok,
yblulzquly,DFDC,1,SBI,visual,0.414649,probability,397.8,N/A,N/A,ok,
ybvyptrzka,DFDC,1,SBI,visual,0.513211,probability,379.6,N/A,N/A,ok,
ycdzxuzmuv,DFDC,1,SBI,visual,0.016403,probability,358.5,N/A,N/A,ok,
ychrdwwlsz,DFDC,1,SBI,visual,0.58221,probability,358.9,N/A,N/A,ok,
ycjszoiyuc,DFDC,1,SBI,visual,0.57468,probability,481.6,N/A,N/A,ok,
ycjxuynkdy,DFDC,1,SBI,visual,0.147744,probability,62.3,N/A,N/A,ok,
yckcwtipmu,DFDC,1,SBI,visual,0.627091,probability,343.8,N/A,N/A,ok,
ycnkhvxeer,DFDC,1,SBI,visual,0.612066,probability,283.2,N/A,N/A,ok,
ycunrbmlpj,DFDC,1,SBI,visual,0.055139,probability,403.2,N/A,N/A,ok,
yczbbafzxg,DFDC,1,SBI,visual,0.007176,probability,44.3,N/A,N/A,ok,
ydiydkhofb,DFDC,1,SBI,visual,0.018508,probability,34.6,N/A,N/A,ok,
ydxhbwrkwi,DFDC,1,SBI,visual,0.655332,probability,359.5,N/A,N/A,ok,
ydyuuhtuaj,DFDC,1,SBI,visual,0.8789,probability,364.2,N/A,N/A,ok,
yedvscijhx,DFDC,1,SBI,visual,0.028818,probability,350.3,N/A,N/A,ok,
yeecavecar,DFDC,1,SBI,visual,0.013709,probability,334.2,N/A,N/A,ok,
yefclydzcl,DFDC,1,SBI,visual,0.065823,probability,436.7,N/A,N/A,ok,
yefdpqkkoa,DFDC,1,SBI,visual,0.45013,probability,427.2,N/A,N/A,ok,
yegpkgcoqm,DFDC,1,SBI,visual,0.796585,probability,41.2,N/A,N/A,ok,
yejewcgtpn,DFDC,1,SBI,visual,0.061672,probability,521.6,N/A,N/A,ok,
yelqkfcgjw,DFDC,1,SBI,visual,0.906184,probability,324.7,N/A,N/A,ok,
yfklhsongi,DFDC,1,SBI,visual,0.449605,probability,375.6,N/A,N/A,ok,
yfphuhiwbk,DFDC,1,SBI,visual,0.622429,probability,396.1,N/A,N/A,ok,
ygburrxcim,DFDC,1,SBI,visual,0.152485,probability,443.7,N/A,N/A,ok,
ygvsmlmnty,DFDC,1,SBI,visual,0.117991,probability,413.9,N/A,N/A,ok,
ygydiqcmuu,DFDC,1,SBI,visual,0.093594,probability,433.7,N/A,N/A,ok,
ygzvjgnbis,DFDC,1,SBI,visual,0.955023,probability,371.2,N/A,N/A,ok,
yhbuxohpyp,DFDC,1,SBI,visual,0.063455,probability,374.9,N/A,N/A,ok,
yhhyqgxhuj,DFDC,1,SBI,visual,0.102544,probability,312.4,N/A,N/A,ok,
yhmyhwgort,DFDC,1,SBI,visual,0.089629,probability,365.5,N/A,N/A,ok,
yhxthgijzg,DFDC,1,SBI,visual,0.059216,probability,319.9,N/A,N/A,ok,
yhzvdohtlm,DFDC,1,SBI,visual,0.207776,probability,322.5,N/A,N/A,ok,
yildifvkcy,DFDC,1,SBI,visual,0.01384,probability,367.3,N/A,N/A,ok,
yincknirrp,DFDC,1,SBI,visual,0.896716,probability,328.8,N/A,N/A,ok,
yiyazlziby,DFDC,1,SBI,visual,0.505472,probability,345.5,N/A,N/A,ok,
yjehqjlowm,DFDC,1,SBI,visual,0.070429,probability,309.5,N/A,N/A,ok,
yjgeyupene,DFDC,1,SBI,visual,0.124529,probability,397.4,N/A,N/A,ok,
yjhtgpqxyf,DFDC,1,SBI,visual,0.954142,probability,493.6,N/A,N/A,ok,
yjqcmpzfqo,DFDC,1,SBI,visual,0.108932,probability,435.4,N/A,N/A,ok,
yjvjgduhvo,DFDC,1,SBI,visual,0.194801,probability,383.1,N/A,N/A,ok,
ykbgtpppiy,DFDC,1,SBI,visual,0.298383,probability,525.4,N/A,N/A,ok,
ykghtvasyr,DFDC,1,SBI,visual,0.162283,probability,394.5,N/A,N/A,ok,
ykgyptagkx,DFDC,1,SBI,visual,0.02506,probability,355.3,N/A,N/A,ok,
ykvyzigmwy,DFDC,1,SBI,visual,0.431037,probability,142.2,N/A,N/A,ok,
ylaaebpvml,DFDC,1,SBI,visual,0.273774,probability,170.5,N/A,N/A,ok,
yljfxuemmu,DFDC,1,SBI,visual,0.977802,probability,75.9,N/A,N/A,ok,
ylnvpjclbn,DFDC,1,SBI,visual,0.811836,probability,393.8,N/A,N/A,ok,
ylxwpjpewu,DFDC,1,SBI,visual,0.356453,probability,331.4,N/A,N/A,ok,
ymfscnsfsw,DFDC,1,SBI,visual,0.33309,probability,357.0,N/A,N/A,ok,
ymoafeyurw,DFDC,1,SBI,visual,0.452006,probability,386.3,N/A,N/A,ok,
yneibwyuqi,DFDC,1,SBI,visual,0.195663,probability,351.0,N/A,N/A,ok,
ynhynrpvcy,DFDC,1,SBI,visual,0.024008,probability,297.6,N/A,N/A,ok,
yniipfqkhc,DFDC,1,SBI,visual,0.100682,probability,369.3,N/A,N/A,ok,
ynplszjzop,DFDC,1,SBI,visual,0.081144,probability,360.9,N/A,N/A,ok,
yoalkcidnp,DFDC,1,SBI,visual,0.29385,probability,316.6,N/A,N/A,ok,
yohedlvirr,DFDC,1,SBI,visual,0.010446,probability,361.5,N/A,N/A,ok,
yowgmgfqwh,DFDC,1,SBI,visual,0.133204,probability,498.7,N/A,N/A,ok,
yowjpeqnef,DFDC,1,SBI,visual,0.577139,probability,403.9,N/A,N/A,ok,
ypfpqaqupm,DFDC,1,SBI,visual,0.926169,probability,470.8,N/A,N/A,ok,
yppqnldpow,DFDC,1,SBI,visual,0.031108,probability,384.5,N/A,N/A,ok,
yqcskazmvy,DFDC,1,SBI,visual,0.731962,probability,610.8,N/A,N/A,ok,
yqksvbjpxm,DFDC,1,SBI,visual,0.070207,probability,442.8,N/A,N/A,ok,
yqvypwafuy,DFDC,1,SBI,visual,0.035148,probability,417.9,N/A,N/A,ok,
yrczjalfai,DFDC,1,SBI,visual,0.600975,probability,419.3,N/A,N/A,ok,
yrotyagxsx,DFDC,1,SBI,visual,0.01025,probability,376.9,N/A,N/A,ok,
yrtvvyngai,DFDC,1,SBI,visual,0.995355,probability,487.6,N/A,N/A,ok,
yrvtapgnoe,DFDC,1,SBI,visual,0.466178,probability,418.3,N/A,N/A,ok,
ysiigadkai,DFDC,1,SBI,visual,0.959202,probability,421.0,N/A,N/A,ok,
yspkicxvgp,DFDC,1,SBI,visual,0.536671,probability,458.7,N/A,N/A,ok,
ytabfknluo,DFDC,1,SBI,visual,0.464385,probability,355.0,N/A,N/A,ok,
ytdacsjkme,DFDC,1,SBI,visual,0.072402,probability,392.3,N/A,N/A,ok,
ytetrqrmnt,DFDC,1,SBI,visual,0.633053,probability,360.9,N/A,N/A,ok,
ytrvvxxmcq,DFDC,1,SBI,visual,0.040614,probability,403.3,N/A,N/A,ok,
ytsbvztcgu,DFDC,1,SBI,visual,0.016555,probability,419.6,N/A,N/A,ok,
ytyhpjdppo,DFDC,1,SBI,visual,0.374632,probability,377.0,N/A,N/A,ok,
yudjaloirp,DFDC,1,SBI,visual,0.324595,probability,451.4,N/A,N/A,ok,
yvcynacbwd,DFDC,1,SBI,visual,0.489771,probability,664.9,N/A,N/A,ok,
yvhrxgsrwv,DFDC,1,SBI,visual,0.249195,probability,398.3,N/A,N/A,ok,
yvywsnhjiz,DFDC,1,SBI,visual,0.136761,probability,411.3,N/A,N/A,ok,
ywdghoktmx,DFDC,1,SBI,visual,0.085765,probability,632.0,N/A,N/A,ok,
ywgykefbgr,DFDC,1,SBI,visual,0.220745,probability,464.7,N/A,N/A,ok,
ywjfisdwte,DFDC,1,SBI,visual,0.137608,probability,497.4,N/A,N/A,ok,
ywjiwntift,DFDC,1,SBI,visual,0.112539,probability,321.1,N/A,N/A,ok,
ywnfsrnpqa,DFDC,1,SBI,visual,0.066825,probability,336.2,N/A,N/A,ok,
ywvpfsemsc,DFDC,1,SBI,visual,0.183293,probability,369.4,N/A,N/A,ok,
yxejtstopk,DFDC,1,SBI,visual,0.965963,probability,433.6,N/A,N/A,ok,
yxndoeunlm,DFDC,1,SBI,visual,0.088644,probability,361.2,N/A,N/A,ok,
yycjyrugkv,DFDC,1,SBI,visual,0.041095,probability,371.5,N/A,N/A,ok,
yytsfsgjpl,DFDC,1,SBI,visual,0.055882,probability,423.7,N/A,N/A,ok,
yzairlxmhw,DFDC,1,SBI,visual,0.333031,probability,407.6,N/A,N/A,ok,
yzaujkliuc,DFDC,1,SBI,visual,0.048676,probability,402.5,N/A,N/A,ok,
yzgbodmaac,DFDC,1,SBI,visual,0.250465,probability,508.8,N/A,N/A,ok,
yzkupenwjj,DFDC,1,SBI,visual,0.025714,probability,373.2,N/A,N/A,ok,
yzmkvwdghk,DFDC,1,SBI,visual,0.042275,probability,196.4,N/A,N/A,ok,
yzqziriwlk,DFDC,1,SBI,visual,0.90303,probability,445.3,N/A,N/A,ok,
yzvphajbna,DFDC,1,SBI,visual,0.091828,probability,493.9,N/A,N/A,ok,
zahwelhuib,DFDC,1,SBI,visual,0.06333,probability,444.1,N/A,N/A,ok,
zalmwblith,DFDC,1,SBI,visual,0.022306,probability,402.0,N/A,N/A,ok,
zbpnyndpgg,DFDC,1,SBI,visual,0.170268,probability,78.8,N/A,N/A,ok,
zbqkwrtubw,DFDC,1,SBI,visual,0.095846,probability,579.7,N/A,N/A,ok,
zbsdmbnaqg,DFDC,1,SBI,visual,0.138077,probability,365.5,N/A,N/A,ok,
zbsxlvfuso,DFDC,1,SBI,visual,0.915837,probability,395.7,N/A,N/A,ok,
zcdbcepgwu,DFDC,1,SBI,visual,0.76481,probability,410.3,N/A,N/A,ok,
zclhumjpii,DFDC,1,SBI,visual,0.076505,probability,372.4,N/A,N/A,ok,
zdgjlrjaua,DFDC,1,SBI,visual,0.308794,probability,390.5,N/A,N/A,ok,
zelbbbjmmm,DFDC,1,SBI,visual,0.041312,probability,325.0,N/A,N/A,ok,
zelpbasunt,DFDC,1,SBI,visual,0.461163,probability,112.9,N/A,N/A,ok,
zenrhqpqyw,DFDC,1,SBI,visual,0.828107,probability,387.0,N/A,N/A,ok,
zenuhvypll,DFDC,1,SBI,visual,0.230618,probability,361.3,N/A,N/A,ok,
zeoogyasvz,DFDC,1,SBI,visual,0.100992,probability,371.4,N/A,N/A,ok,
zeqrabhomx,DFDC,1,SBI,visual,0.221689,probability,345.4,N/A,N/A,ok,
zfbfgatuvk,DFDC,1,SBI,visual,0.271191,probability,44.8,N/A,N/A,ok,
zfcbqzjjll,DFDC,1,SBI,visual,0.917643,probability,562.6,N/A,N/A,ok,
zfomvtqknt,DFDC,1,SBI,visual,0.028545,probability,468.5,N/A,N/A,ok,
zfxvamniwt,DFDC,1,SBI,visual,0.23575,probability,453.3,N/A,N/A,ok,
zgbgbkjogr,DFDC,1,SBI,visual,0.021595,probability,365.9,N/A,N/A,ok,
zgcwtfkvak,DFDC,1,SBI,visual,0.03463,probability,350.7,N/A,N/A,ok,
zghtrbette,DFDC,1,SBI,visual,0.093996,probability,406.5,N/A,N/A,ok,
zglzvgjqgv,DFDC,1,SBI,visual,0.047784,probability,404.6,N/A,N/A,ok,
zgvxnzfyrw,DFDC,1,SBI,visual,0.153846,probability,238.0,N/A,N/A,ok,
zgzjanebxa,DFDC,1,SBI,visual,0.997813,probability,358.7,N/A,N/A,ok,
zhepmvlzmh,DFDC,1,SBI,visual,0.221189,probability,328.7,N/A,N/A,ok,
zhkxkfmgrp,DFDC,1,SBI,visual,0.993388,probability,422.0,N/A,N/A,ok,
zhxjryojxk,DFDC,1,SBI,visual,0.013155,probability,421.6,N/A,N/A,ok,
zikekvpjcv,DFDC,1,SBI,visual,0.250656,probability,358.3,N/A,N/A,ok,
ziohmtsnaw,DFDC,1,SBI,visual,0.140043,probability,378.3,N/A,N/A,ok,
zivndehrab,DFDC,1,SBI,visual,0.224251,probability,370.7,N/A,N/A,ok,
zjkabzhmjh,DFDC,1,SBI,visual,0.100173,probability,522.2,N/A,N/A,ok,
zjtkgnehni,DFDC,1,SBI,visual,0.530649,probability,404.7,N/A,N/A,ok,
zjtqsesmif,DFDC,1,SBI,visual,0.618205,probability,541.6,N/A,N/A,ok,
zjwfplqodi,DFDC,1,SBI,visual,0.289216,probability,395.4,N/A,N/A,ok,
zkckbqjyoy,DFDC,1,SBI,visual,0.369591,probability,406.2,N/A,N/A,ok,
zkryudkoaj,DFDC,1,SBI,visual,0.066939,probability,497.7,N/A,N/A,ok,
zlbdhuipiu,DFDC,1,SBI,visual,0.003652,probability,332.2,N/A,N/A,ok,
zlcsropgzf,DFDC,1,SBI,visual,0.190692,probability,343.7,N/A,N/A,ok,
zlcysmnyrn,DFDC,1,SBI,visual,0.085332,probability,324.9,N/A,N/A,ok,
zldbghxdvd,DFDC,1,SBI,visual,0.362049,probability,423.0,N/A,N/A,ok,
zlrnfyvzmv,DFDC,1,SBI,visual,0.758809,probability,382.2,N/A,N/A,ok,
zlzdkvvzyp,DFDC,1,SBI,visual,0.998703,probability,35.5,N/A,N/A,ok,
zmehalkwbx,DFDC,1,SBI,visual,0.391662,probability,317.6,N/A,N/A,ok,
zmephqhyki,DFDC,1,SBI,visual,0.051552,probability,407.0,N/A,N/A,ok,
zmrtrwxmxg,DFDC,1,SBI,visual,0.098814,probability,371.6,N/A,N/A,ok,
znobvgfuco,DFDC,1,SBI,visual,0.877085,probability,343.7,N/A,N/A,ok,
znpikbolfg,DFDC,1,SBI,visual,0.391899,probability,326.1,N/A,N/A,ok,
znqdeeuoot,DFDC,1,SBI,visual,0.091245,probability,251.0,N/A,N/A,ok,
zoepwdtgmr,DFDC,1,SBI,visual,0.547917,probability,434.2,N/A,N/A,ok,
zoiqyhbzxu,DFDC,1,SBI,visual,0.13748,probability,363.1,N/A,N/A,ok,
zoovvqhchi,DFDC,1,SBI,visual,0.641017,probability,419.9,N/A,N/A,ok,
zosgklxqtg,DFDC,1,SBI,visual,0.638348,probability,674.7,N/A,N/A,ok,
zpagrgfcwz,DFDC,1,SBI,visual,0.99744,probability,544.9,N/A,N/A,ok,
zqidvyjgvc,DFDC,1,SBI,visual,0.077936,probability,503.1,N/A,N/A,ok,
zqvvmkfnns,DFDC,1,SBI,visual,0.117533,probability,155.6,N/A,N/A,ok,
zrdyswtwki,DFDC,1,SBI,visual,0.051205,probability,453.1,N/A,N/A,ok,
zrhpmsvkuc,DFDC,1,SBI,visual,0.287377,probability,490.5,N/A,N/A,ok,
zriuyxmgdx,DFDC,1,SBI,visual,0.59552,probability,600.7,N/A,N/A,ok,
zrpewksdpt,DFDC,1,SBI,visual,0.745246,probability,374.6,N/A,N/A,ok,
zrwpnevels,DFDC,1,SBI,visual,0.03544,probability,390.6,N/A,N/A,ok,
zsczfofiws,DFDC,1,SBI,visual,0.238362,probability,671.4,N/A,N/A,ok,
zsgffctygi,DFDC,1,SBI,visual,0.064619,probability,358.1,N/A,N/A,ok,
zsokursmxs,DFDC,1,SBI,visual,0.083253,probability,157.2,N/A,N/A,ok,
zswyzyhzwg,DFDC,1,SBI,visual,0.290661,probability,254.7,N/A,N/A,ok,
zszvqutcxq,DFDC,1,SBI,visual,0.022398,probability,368.9,N/A,N/A,ok,
ztafieybva,DFDC,1,SBI,visual,0.350926,probability,393.2,N/A,N/A,ok,
ztgzwsubff,DFDC,1,SBI,visual,0.892298,probability,364.1,N/A,N/A,ok,
ztwjwbxeon,DFDC,1,SBI,visual,0.483734,probability,338.6,N/A,N/A,ok,
zujlslhfze,DFDC,1,SBI,visual,0.12865,probability,191.0,N/A,N/A,ok,
zuntdmpxqn,DFDC,1,SBI,visual,0.231739,probability,425.5,N/A,N/A,ok,
zupnozubma,DFDC,1,SBI,visual,0.184725,probability,338.0,N/A,N/A,ok,
zurvpcjczp,DFDC,1,SBI,visual,0.169222,probability,339.3,N/A,N/A,ok,
zvgdnkeejp,DFDC,1,SBI,visual,0.661197,probability,424.1,N/A,N/A,ok,
zvmathukun,DFDC,1,SBI,visual,0.450459,probability,342.6,N/A,N/A,ok,
zvqbfysdmm,DFDC,1,SBI,visual,0.163687,probability,370.5,N/A,N/A,ok,
zvqjilqcoh,DFDC,1,SBI,visual,0.233709,probability,318.0,N/A,N/A,ok,
zvwetqtzmb,DFDC,1,SBI,visual,0.214371,probability,600.6,N/A,N/A,ok,
zvwvsgzqvw,DFDC,1,SBI,visual,0.06391,probability,502.6,N/A,N/A,ok,
zwchzyfckj,DFDC,1,SBI,visual,0.985561,probability,509.8,N/A,N/A,ok,
zwjtklksvc,DFDC,1,SBI,visual,0.577358,probability,549.2,N/A,N/A,ok,
zxaxrctjga,DFDC,1,SBI,visual,0.345835,probability,384.8,N/A,N/A,ok,
zxifeubfbu,DFDC,1,SBI,visual,0.819682,probability,325.8,N/A,N/A,ok,
zxsvotugha,DFDC,1,SBI,visual,0.102486,probability,350.1,N/A,N/A,ok,
zxwogpcnjg,DFDC,1,SBI,visual,0.905886,probability,355.3,N/A,N/A,ok,
zyayybhokn,DFDC,1,SBI,visual,0.093189,probability,328.2,N/A,N/A,ok,
zydvjkzcul,DFDC,1,SBI,visual,0.112616,probability,339.8,N/A,N/A,ok,
zzkhgelrxm,DFDC,1,SBI,visual,0.754847,probability,71.0,N/A,N/A,ok,
zzoqoqsqtf,DFDC,1,SBI,visual,0.057749,probability,339.7,N/A,N/A,ok,
zzrglepohd,DFDC,1,SBI,visual,0.138448,probability,308.1,N/A,N/A,ok,
zztsycpujv,DFDC,1,SBI,visual,0.037095,probability,284.0,N/A,N/A,ok,
