sample_id,dataset,label,detector_name,modality,fake_score,score_type,inference_time_ms,window_start_sec,window_end_sec,status,error_message
dfdc_test_000000,DFDC-DFDC_Fake,1,Xception,visual,0.441,probability,3783.91,N/A,N/A,ok,
dfdc_test_000001,DFDC-DFDC_Fake,1,Xception,visual,0.2584,probability,88.78,N/A,N/A,ok,
dfdc_test_000002,DFDC-DFDC_Fake,1,Xception,visual,0.4895,probability,74.68,N/A,N/A,ok,
dfdc_test_000003,DFDC-DFDC_Fake,1,Xception,visual,0.9128,probability,77.95,N/A,N/A,ok,
dfdc_test_000004,DFDC-DFDC_Fake,1,Xception,visual,0.7671,probability,92.37,N/A,N/A,ok,
dfdc_test_000005,DFDC-DFDC_Fake,1,Xception,visual,0.5078,probability,78.07,N/A,N/A,ok,
dfdc_test_000006,DFDC-DFDC_Fake,1,Xception,visual,0.4841,probability,80.43,N/A,N/A,ok,
dfdc_test_000007,DFDC-DFDC_Fake,1,Xception,visual,0.6548,probability,81.09,N/A,N/A,ok,
dfdc_test_000008,DFDC-DFDC_Fake,1,Xception,visual,0.5996,probability,77.01,N/A,N/A,ok,
dfdc_test_000009,DFDC-DFDC_Fake,1,Xception,visual,0.3845,probability,91.14,N/A,N/A,ok,
dfdc_test_000010,DFDC-DFDC_Fake,1,Xception,visual,0.6881,probability,90.19,N/A,N/A,ok,
dfdc_test_000011,DFDC-DFDC_Fake,1,Xception,visual,0.6972,probability,94.41,N/A,N/A,ok,
dfdc_test_000012,DFDC-DFDC_Fake,1,Xception,visual,0.8732,probability,79.37,N/A,N/A,ok,
dfdc_test_000013,DFDC-DFDC_Fake,1,Xception,visual,0.4756,probability,73.01,N/A,N/A,ok,
dfdc_test_000014,DFDC-DFDC_Fake,1,Xception,visual,0.5424,probability,71.34,N/A,N/A,ok,
dfdc_test_000015,DFDC-DFDC_Fake,1,Xception,visual,0.5609,probability,93.95,N/A,N/A,ok,
dfdc_test_000016,DFDC-DFDC_Fake,1,Xception,visual,0.2133,probability,73.97,N/A,N/A,ok,
dfdc_test_000017,DFDC-DFDC_Fake,1,Xception,visual,0.3311,probability,84.2,N/A,N/A,ok,
dfdc_test_000018,DFDC-DFDC_Fake,1,Xception,visual,0.4392,probability,93.6,N/A,N/A,ok,
dfdc_test_000019,DFDC-DFDC_Fake,1,Xception,visual,0.9726,probability,83.53,N/A,N/A,ok,
dfdc_test_000020,DFDC-DFDC_Fake,1,Xception,visual,0.2832,probability,77.31,N/A,N/A,ok,
dfdc_test_000021,DFDC-DFDC_Fake,1,Xception,visual,0.6946,probability,92.54,N/A,N/A,ok,
dfdc_test_000022,DFDC-DFDC_Fake,1,Xception,visual,0.4617,probability,82.47,N/A,N/A,ok,
dfdc_test_000023,DFDC-DFDC_Fake,1,Xception,visual,0.6742,probability,84.7,N/A,N/A,ok,
dfdc_test_000024,DFDC-DFDC_Fake,1,Xception,visual,0.467,probability,93.27,N/A,N/A,ok,
dfdc_test_000025,DFDC-DFDC_Fake,1,Xception,visual,0.3858,probability,90.17,N/A,N/A,ok,
dfdc_test_000026,DFDC-DFDC_Fake,1,Xception,visual,0.3542,probability,80.92,N/A,N/A,ok,
dfdc_test_000027,DFDC-DFDC_Fake,1,Xception,visual,0.6918,probability,102.29,N/A,N/A,ok,
dfdc_test_000028,DFDC-DFDC_Fake,1,Xception,visual,0.727,probability,80.24,N/A,N/A,ok,
dfdc_test_000029,DFDC-DFDC_Fake,1,Xception,visual,0.4671,probability,86.31,N/A,N/A,ok,
dfdc_test_000030,DFDC-DFDC_Fake,1,Xception,visual,0.513,probability,86.81,N/A,N/A,ok,
dfdc_test_000031,DFDC-DFDC_Fake,1,Xception,visual,0.5855,probability,81.15,N/A,N/A,ok,
dfdc_test_000032,DFDC-DFDC_Fake,1,Xception,visual,0.8086,probability,80.18,N/A,N/A,ok,
dfdc_test_000033,DFDC-DFDC_Fake,1,Xception,visual,0.8771,probability,96.14,N/A,N/A,ok,
dfdc_test_000034,DFDC-DFDC_Fake,1,Xception,visual,0.4266,probability,117.54,N/A,N/A,ok,
dfdc_test_000035,DFDC-DFDC_Fake,1,Xception,visual,0.4814,probability,90.55,N/A,N/A,ok,
dfdc_test_000036,DFDC-DFDC_Fake,1,Xception,visual,0.4599,probability,89.47,N/A,N/A,ok,
dfdc_test_000037,DFDC-DFDC_Fake,1,Xception,visual,0.3385,probability,98.86,N/A,N/A,ok,
dfdc_test_000038,DFDC-DFDC_Fake,1,Xception,visual,0.5686,probability,83.8,N/A,N/A,ok,
dfdc_test_000039,DFDC-DFDC_Fake,1,Xception,visual,0.6726,probability,75.45,N/A,N/A,ok,
dfdc_test_000040,DFDC-DFDC_Fake,1,Xception,visual,0.5014,probability,83.15,N/A,N/A,ok,
dfdc_test_000041,DFDC-DFDC_Fake,1,Xception,visual,0.5659,probability,84.46,N/A,N/A,ok,
dfdc_test_000042,DFDC-DFDC_Fake,1,Xception,visual,0.1369,probability,87.73,N/A,N/A,ok,
dfdc_test_000043,DFDC-DFDC_Fake,1,Xception,visual,0.27,probability,66.47,N/A,N/A,ok,
dfdc_test_000044,DFDC-DFDC_Fake,1,Xception,visual,0.3839,probability,74.6,N/A,N/A,ok,
dfdc_test_000045,DFDC-DFDC_Fake,1,Xception,visual,0.2934,probability,99.57,N/A,N/A,ok,
dfdc_test_000046,DFDC-DFDC_Fake,1,Xception,visual,0.8326,probability,85.85,N/A,N/A,ok,
dfdc_test_000047,DFDC-DFDC_Fake,1,Xception,visual,0.4775,probability,70.39,N/A,N/A,ok,
dfdc_test_000048,DFDC-DFDC_Fake,1,Xception,visual,0.4409,probability,87.94,N/A,N/A,ok,
dfdc_test_000049,DFDC-DFDC_Fake,1,Xception,visual,0.6769,probability,84.36,N/A,N/A,ok,
dfdc_test_000050,DFDC-DFDC_Fake,1,Xception,visual,0.6278,probability,92.18,N/A,N/A,ok,
dfdc_test_000051,DFDC-DFDC_Fake,1,Xception,visual,0.4914,probability,81.18,N/A,N/A,ok,
dfdc_test_000052,DFDC-DFDC_Fake,1,Xception,visual,0.3061,probability,87.79,N/A,N/A,ok,
dfdc_test_000053,DFDC-DFDC_Fake,1,Xception,visual,0.4472,probability,93.09,N/A,N/A,ok,
dfdc_test_000054,DFDC-DFDC_Fake,1,Xception,visual,0.4957,probability,89.19,N/A,N/A,ok,
dfdc_test_000055,DFDC-DFDC_Fake,1,Xception,visual,0.7265,probability,74.41,N/A,N/A,ok,
dfdc_test_000056,DFDC-DFDC_Fake,1,Xception,visual,0.4738,probability,84.33,N/A,N/A,ok,
dfdc_test_000057,DFDC-DFDC_Fake,1,Xception,visual,0.8882,probability,94.56,N/A,N/A,ok,
dfdc_test_000058,DFDC-DFDC_Fake,1,Xception,visual,0.7501,probability,101.43,N/A,N/A,ok,
dfdc_test_000059,DFDC-DFDC_Fake,1,Xception,visual,0.4604,probability,80.93,N/A,N/A,ok,
dfdc_test_000060,DFDC-DFDC_Fake,1,Xception,visual,0.2109,probability,98.31,N/A,N/A,ok,
dfdc_test_000061,DFDC-DFDC_Fake,1,Xception,visual,0.9395,probability,90.52,N/A,N/A,ok,
dfdc_test_000062,DFDC-DFDC_Fake,1,Xception,visual,0.3244,probability,84.67,N/A,N/A,ok,
dfdc_test_000063,DFDC-DFDC_Fake,1,Xception,visual,0.6853,probability,93.52,N/A,N/A,ok,
dfdc_test_000064,DFDC-DFDC_Fake,1,Xception,visual,0.7787,probability,86.37,N/A,N/A,ok,
dfdc_test_000065,DFDC-DFDC_Fake,1,Xception,visual,0.5648,probability,87.19,N/A,N/A,ok,
dfdc_test_000066,DFDC-DFDC_Fake,1,Xception,visual,0.7675,probability,80.21,N/A,N/A,ok,
dfdc_test_000067,DFDC-DFDC_Fake,1,Xception,visual,0.646,probability,95.74,N/A,N/A,ok,
dfdc_test_000068,DFDC-DFDC_Fake,1,Xception,visual,0.2722,probability,99.29,N/A,N/A,ok,
dfdc_test_000069,DFDC-DFDC_Fake,1,Xception,visual,0.5133,probability,99.26,N/A,N/A,ok,
dfdc_test_000070,DFDC-DFDC_Fake,1,Xception,visual,0.8554,probability,95.59,N/A,N/A,ok,
dfdc_test_000071,DFDC-DFDC_Fake,1,Xception,visual,0.5407,probability,104.47,N/A,N/A,ok,
dfdc_test_000072,DFDC-DFDC_Fake,1,Xception,visual,0.8555,probability,114.78,N/A,N/A,ok,
dfdc_test_000073,DFDC-DFDC_Fake,1,Xception,visual,0.6759,probability,106.29,N/A,N/A,ok,
dfdc_test_000074,DFDC-DFDC_Fake,1,Xception,visual,0.5991,probability,85.43,N/A,N/A,ok,
dfdc_test_000075,DFDC-DFDC_Fake,1,Xception,visual,0.4902,probability,100.36,N/A,N/A,ok,
dfdc_test_000076,DFDC-DFDC_Fake,1,Xception,visual,0.5233,probability,90.55,N/A,N/A,ok,
dfdc_test_000077,DFDC-DFDC_Fake,1,Xception,visual,0.4728,probability,94.45,N/A,N/A,ok,
dfdc_test_000078,DFDC-DFDC_Fake,1,Xception,visual,0.3915,probability,89.66,N/A,N/A,ok,
dfdc_test_000079,DFDC-DFDC_Fake,1,Xception,visual,0.406,probability,102.92,N/A,N/A,ok,
dfdc_test_000080,DFDC-DFDC_Fake,1,Xception,visual,0.5343,probability,107.45,N/A,N/A,ok,
dfdc_test_000081,DFDC-DFDC_Fake,1,Xception,visual,0.4691,probability,110.74,N/A,N/A,ok,
dfdc_test_000082,DFDC-DFDC_Fake,1,Xception,visual,0.2192,probability,89.66,N/A,N/A,ok,
dfdc_test_000083,DFDC-DFDC_Fake,1,Xception,visual,0.557,probability,90.5,N/A,N/A,ok,
dfdc_test_000084,DFDC-DFDC_Fake,1,Xception,visual,0.7744,probability,93.08,N/A,N/A,ok,
dfdc_test_000085,DFDC-DFDC_Fake,1,Xception,visual,0.2682,probability,103.81,N/A,N/A,ok,
dfdc_test_000086,DFDC-DFDC_Fake,1,Xception,visual,0.6558,probability,92.02,N/A,N/A,ok,
dfdc_test_000087,DFDC-DFDC_Fake,1,Xception,visual,0.6313,probability,92.9,N/A,N/A,ok,
dfdc_test_000088,DFDC-DFDC_Fake,1,Xception,visual,0.9554,probability,83.55,N/A,N/A,ok,
dfdc_test_000089,DFDC-DFDC_Fake,1,Xception,visual,0.4704,probability,89.58,N/A,N/A,ok,
dfdc_test_000090,DFDC-DFDC_Fake,1,Xception,visual,0.4121,probability,94.56,N/A,N/A,ok,
dfdc_test_000091,DFDC-DFDC_Fake,1,Xception,visual,0.4079,probability,92.65,N/A,N/A,ok,
dfdc_test_000092,DFDC-DFDC_Fake,1,Xception,visual,0.9684,probability,106.35,N/A,N/A,ok,
dfdc_test_000093,DFDC-DFDC_Fake,1,Xception,visual,0.579,probability,106.5,N/A,N/A,ok,
dfdc_test_000094,DFDC-DFDC_Fake,1,Xception,visual,0.8929,probability,92.4,N/A,N/A,ok,
dfdc_test_000095,DFDC-DFDC_Fake,1,Xception,visual,0.8286,probability,81.89,N/A,N/A,ok,
dfdc_test_000096,DFDC-DFDC_Fake,1,Xception,visual,0.5618,probability,97.71,N/A,N/A,ok,
dfdc_test_000097,DFDC-DFDC_Fake,1,Xception,visual,0.8957,probability,84.61,N/A,N/A,ok,
dfdc_test_000098,DFDC-DFDC_Fake,1,Xception,visual,0.3456,probability,86.65,N/A,N/A,ok,
dfdc_test_000099,DFDC-DFDC_Fake,1,Xception,visual,0.2287,probability,104.67,N/A,N/A,ok,
dfdc_test_000100,DFDC-DFDC_Fake,1,Xception,visual,0.4621,probability,96.55,N/A,N/A,ok,
dfdc_test_000101,DFDC-DFDC_Fake,1,Xception,visual,0.8272,probability,90.73,N/A,N/A,ok,
dfdc_test_000102,DFDC-DFDC_Fake,1,Xception,visual,0.4492,probability,89.92,N/A,N/A,ok,
dfdc_test_000103,DFDC-DFDC_Fake,1,Xception,visual,0.4654,probability,83.84,N/A,N/A,ok,
dfdc_test_000104,DFDC-DFDC_Fake,1,Xception,visual,0.548,probability,98.11,N/A,N/A,ok,
dfdc_test_000105,DFDC-DFDC_Fake,1,Xception,visual,0.3191,probability,80.42,N/A,N/A,ok,
dfdc_test_000106,DFDC-DFDC_Fake,1,Xception,visual,0.5872,probability,87.17,N/A,N/A,ok,
dfdc_test_000107,DFDC-DFDC_Fake,1,Xception,visual,0.2111,probability,83.19,N/A,N/A,ok,
dfdc_test_000108,DFDC-DFDC_Fake,1,Xception,visual,0.8877,probability,85.68,N/A,N/A,ok,
dfdc_test_000109,DFDC-DFDC_Fake,1,Xception,visual,0.5126,probability,91.16,N/A,N/A,ok,
dfdc_test_000110,DFDC-DFDC_Fake,1,Xception,visual,0.3868,probability,93.94,N/A,N/A,ok,
dfdc_test_000111,DFDC-DFDC_Fake,1,Xception,visual,0.5919,probability,81.61,N/A,N/A,ok,
dfdc_test_000112,DFDC-DFDC_Fake,1,Xception,visual,0.5382,probability,90.31,N/A,N/A,ok,
dfdc_test_000113,DFDC-DFDC_Fake,1,Xception,visual,0.497,probability,89.41,N/A,N/A,ok,
dfdc_test_000114,DFDC-DFDC_Fake,1,Xception,visual,0.4085,probability,104.44,N/A,N/A,ok,
dfdc_test_000115,DFDC-DFDC_Fake,1,Xception,visual,0.7878,probability,83.15,N/A,N/A,ok,
dfdc_test_000116,DFDC-DFDC_Fake,1,Xception,visual,0.8612,probability,95.03,N/A,N/A,ok,
dfdc_test_000117,DFDC-DFDC_Fake,1,Xception,visual,0.5372,probability,91.57,N/A,N/A,ok,
dfdc_test_000118,DFDC-DFDC_Fake,1,Xception,visual,0.6963,probability,105.82,N/A,N/A,ok,
dfdc_test_000119,DFDC-DFDC_Fake,1,Xception,visual,0.614,probability,87.65,N/A,N/A,ok,
dfdc_test_000120,DFDC-DFDC_Fake,1,Xception,visual,0.4929,probability,120.99,N/A,N/A,ok,
dfdc_test_000121,DFDC-DFDC_Fake,1,Xception,visual,0.2075,probability,88.88,N/A,N/A,ok,
dfdc_test_000122,DFDC-DFDC_Fake,1,Xception,visual,0.8711,probability,101.23,N/A,N/A,ok,
dfdc_test_000123,DFDC-DFDC_Fake,1,Xception,visual,0.2344,probability,93.51,N/A,N/A,ok,
dfdc_test_000124,DFDC-DFDC_Fake,1,Xception,visual,0.6749,probability,92.15,N/A,N/A,ok,
dfdc_test_000125,DFDC-DFDC_Fake,1,Xception,visual,0.3064,probability,91.56,N/A,N/A,ok,
dfdc_test_000126,DFDC-DFDC_Fake,1,Xception,visual,0.9799,probability,93.51,N/A,N/A,ok,
dfdc_test_000127,DFDC-DFDC_Fake,1,Xception,visual,0.5526,probability,108.58,N/A,N/A,ok,
dfdc_test_000128,DFDC-DFDC_Fake,1,Xception,visual,0.1429,probability,115.86,N/A,N/A,ok,
dfdc_test_000129,DFDC-DFDC_Fake,1,Xception,visual,0.9288,probability,99.29,N/A,N/A,ok,
dfdc_test_000130,DFDC-DFDC_Fake,1,Xception,visual,0.6,probability,100.83,N/A,N/A,ok,
dfdc_test_000131,DFDC-DFDC_Fake,1,Xception,visual,0.2624,probability,88.59,N/A,N/A,ok,
dfdc_test_000132,DFDC-DFDC_Fake,1,Xception,visual,0.9309,probability,98.18,N/A,N/A,ok,
dfdc_test_000133,DFDC-DFDC_Fake,1,Xception,visual,0.9736,probability,106.21,N/A,N/A,ok,
dfdc_test_000134,DFDC-DFDC_Fake,1,Xception,visual,0.9791,probability,109.82,N/A,N/A,ok,
dfdc_test_000135,DFDC-DFDC_Fake,1,Xception,visual,0.5902,probability,102.11,N/A,N/A,ok,
dfdc_test_000136,DFDC-DFDC_Fake,1,Xception,visual,0.6342,probability,96.68,N/A,N/A,ok,
dfdc_test_000137,DFDC-DFDC_Fake,1,Xception,visual,0.8241,probability,100.74,N/A,N/A,ok,
dfdc_test_000138,DFDC-DFDC_Fake,1,Xception,visual,0.5149,probability,91.22,N/A,N/A,ok,
dfdc_test_000139,DFDC-DFDC_Fake,1,Xception,visual,0.7001,probability,108.32,N/A,N/A,ok,
dfdc_test_000140,DFDC-DFDC_Fake,1,Xception,visual,0.8693,probability,103.56,N/A,N/A,ok,
dfdc_test_000141,DFDC-DFDC_Fake,1,Xception,visual,0.4198,probability,89.52,N/A,N/A,ok,
dfdc_test_000142,DFDC-DFDC_Fake,1,Xception,visual,0.4943,probability,99.22,N/A,N/A,ok,
dfdc_test_000143,DFDC-DFDC_Fake,1,Xception,visual,0.7142,probability,96.48,N/A,N/A,ok,
dfdc_test_000144,DFDC-DFDC_Fake,1,Xception,visual,0.3442,probability,96.07,N/A,N/A,ok,
dfdc_test_000145,DFDC-DFDC_Fake,1,Xception,visual,0.5633,probability,105.11,N/A,N/A,ok,
dfdc_test_000146,DFDC-DFDC_Fake,1,Xception,visual,0.9519,probability,115.58,N/A,N/A,ok,
dfdc_test_000147,DFDC-DFDC_Fake,1,Xception,visual,0.6108,probability,99.01,N/A,N/A,ok,
dfdc_test_000148,DFDC-DFDC_Fake,1,Xception,visual,0.1725,probability,99.22,N/A,N/A,ok,
dfdc_test_000149,DFDC-DFDC_Fake,1,Xception,visual,0.4649,probability,95.15,N/A,N/A,ok,
dfdc_test_000150,DFDC-DFDC_Fake,1,Xception,visual,0.5742,probability,94.67,N/A,N/A,ok,
dfdc_test_000151,DFDC-DFDC_Fake,1,Xception,visual,0.6278,probability,104.65,N/A,N/A,ok,
dfdc_test_000152,DFDC-DFDC_Fake,1,Xception,visual,0.8913,probability,92.89,N/A,N/A,ok,
dfdc_test_000153,DFDC-DFDC_Fake,1,Xception,visual,0.9716,probability,87.84,N/A,N/A,ok,
dfdc_test_000154,DFDC-DFDC_Fake,1,Xception,visual,0.5151,probability,86.87,N/A,N/A,ok,
dfdc_test_000155,DFDC-DFDC_Fake,1,Xception,visual,0.2295,probability,84.36,N/A,N/A,ok,
dfdc_test_000156,DFDC-DFDC_Fake,1,Xception,visual,0.4851,probability,105.1,N/A,N/A,ok,
dfdc_test_000157,DFDC-DFDC_Fake,1,Xception,visual,0.9176,probability,94.31,N/A,N/A,ok,
dfdc_test_000158,DFDC-DFDC_Fake,1,Xception,visual,0.1324,probability,119.29,N/A,N/A,ok,
dfdc_test_000159,DFDC-DFDC_Fake,1,Xception,visual,0.1405,probability,100.65,N/A,N/A,ok,
dfdc_test_000160,DFDC-DFDC_Fake,1,Xception,visual,0.4899,probability,101.18,N/A,N/A,ok,
dfdc_test_000161,DFDC-DFDC_Fake,1,Xception,visual,0.0815,probability,95.99,N/A,N/A,ok,
dfdc_test_000162,DFDC-DFDC_Fake,1,Xception,visual,0.706,probability,90.26,N/A,N/A,ok,
dfdc_test_000163,DFDC-DFDC_Fake,1,Xception,visual,0.5013,probability,83.16,N/A,N/A,ok,
dfdc_test_000164,DFDC-DFDC_Fake,1,Xception,visual,0.5084,probability,96.28,N/A,N/A,ok,
dfdc_test_000165,DFDC-DFDC_Fake,1,Xception,visual,0.5071,probability,113.13,N/A,N/A,ok,
dfdc_test_000166,DFDC-DFDC_Fake,1,Xception,visual,0.3788,probability,81.28,N/A,N/A,ok,
dfdc_test_000167,DFDC-DFDC_Fake,1,Xception,visual,0.7108,probability,116.4,N/A,N/A,ok,
dfdc_test_000168,DFDC-DFDC_Fake,1,Xception,visual,0.4379,probability,120.16,N/A,N/A,ok,
dfdc_test_000169,DFDC-DFDC_Fake,1,Xception,visual,0.8664,probability,98.15,N/A,N/A,ok,
dfdc_test_000170,DFDC-DFDC_Fake,1,Xception,visual,0.3599,probability,95.48,N/A,N/A,ok,
dfdc_test_000171,DFDC-DFDC_Fake,1,Xception,visual,0.6305,probability,85.19,N/A,N/A,ok,
dfdc_test_000172,DFDC-DFDC_Fake,1,Xception,visual,0.681,probability,87.31,N/A,N/A,ok,
dfdc_test_000173,DFDC-DFDC_Fake,1,Xception,visual,0.4828,probability,90.69,N/A,N/A,ok,
dfdc_test_000174,DFDC-DFDC_Fake,1,Xception,visual,0.8555,probability,90.46,N/A,N/A,ok,
dfdc_test_000175,DFDC-DFDC_Fake,1,Xception,visual,0.1609,probability,96.03,N/A,N/A,ok,
dfdc_test_000176,DFDC-DFDC_Fake,1,Xception,visual,0.4446,probability,110.99,N/A,N/A,ok,
dfdc_test_000177,DFDC-DFDC_Fake,1,Xception,visual,0.481,probability,94.74,N/A,N/A,ok,
dfdc_test_000178,DFDC-DFDC_Fake,1,Xception,visual,0.5166,probability,102.28,N/A,N/A,ok,
dfdc_test_000179,DFDC-DFDC_Fake,1,Xception,visual,0.4123,probability,88.75,N/A,N/A,ok,
dfdc_test_000180,DFDC-DFDC_Fake,1,Xception,visual,0.3337,probability,94.74,N/A,N/A,ok,
dfdc_test_000181,DFDC-DFDC_Fake,1,Xception,visual,0.7288,probability,92.1,N/A,N/A,ok,
dfdc_test_000182,DFDC-DFDC_Fake,1,Xception,visual,0.6709,probability,79.3,N/A,N/A,ok,
dfdc_test_000183,DFDC-DFDC_Fake,1,Xception,visual,0.9648,probability,87.41,N/A,N/A,ok,
dfdc_test_000184,DFDC-DFDC_Fake,1,Xception,visual,0.1452,probability,92.63,N/A,N/A,ok,
dfdc_test_000185,DFDC-DFDC_Fake,1,Xception,visual,0.8057,probability,89.33,N/A,N/A,ok,
dfdc_test_000186,DFDC-DFDC_Fake,1,Xception,visual,0.6961,probability,89.01,N/A,N/A,ok,
dfdc_test_000187,DFDC-DFDC_Fake,1,Xception,visual,0.2624,probability,85.67,N/A,N/A,ok,
dfdc_test_000188,DFDC-DFDC_Fake,1,Xception,visual,0.3489,probability,118.16,N/A,N/A,ok,
dfdc_test_000189,DFDC-DFDC_Fake,1,Xception,visual,0.5364,probability,112.85,N/A,N/A,ok,
dfdc_test_000190,DFDC-DFDC_Fake,1,Xception,visual,0.2376,probability,112.23,N/A,N/A,ok,
dfdc_test_000191,DFDC-DFDC_Fake,1,Xception,visual,0.4236,probability,99.39,N/A,N/A,ok,
dfdc_test_000192,DFDC-DFDC_Fake,1,Xception,visual,0.4732,probability,108.47,N/A,N/A,ok,
dfdc_test_000193,DFDC-DFDC_Fake,1,Xception,visual,0.7891,probability,80.09,N/A,N/A,ok,
dfdc_test_000194,DFDC-DFDC_Fake,1,Xception,visual,0.6898,probability,99.11,N/A,N/A,ok,
dfdc_test_000195,DFDC-DFDC_Fake,1,Xception,visual,0.9824,probability,99.18,N/A,N/A,ok,
dfdc_test_000196,DFDC-DFDC_Fake,1,Xception,visual,0.5031,probability,95.92,N/A,N/A,ok,
dfdc_test_000197,DFDC-DFDC_Fake,1,Xception,visual,0.6364,probability,85.66,N/A,N/A,ok,
dfdc_test_000198,DFDC-DFDC_Fake,1,Xception,visual,0.6851,probability,82.72,N/A,N/A,ok,
dfdc_test_000199,DFDC-DFDC_Fake,1,Xception,visual,0.7127,probability,105.81,N/A,N/A,ok,
dfdc_test_000200,DFDC-DFDC_Fake,1,Xception,visual,0.5846,probability,89.74,N/A,N/A,ok,
dfdc_test_000201,DFDC-DFDC_Fake,1,Xception,visual,0.6105,probability,86.49,N/A,N/A,ok,
dfdc_test_000202,DFDC-DFDC_Fake,1,Xception,visual,0.116,probability,83.96,N/A,N/A,ok,
dfdc_test_000203,DFDC-DFDC_Fake,1,Xception,visual,0.4925,probability,79.59,N/A,N/A,ok,
dfdc_test_000204,DFDC-DFDC_Fake,1,Xception,visual,0.5683,probability,101.18,N/A,N/A,ok,
dfdc_test_000205,DFDC-DFDC_Fake,1,Xception,visual,0.6687,probability,97.69,N/A,N/A,ok,
dfdc_test_000206,DFDC-DFDC_Fake,1,Xception,visual,0.9687,probability,111.49,N/A,N/A,ok,
dfdc_test_000207,DFDC-DFDC_Fake,1,Xception,visual,0.6908,probability,95.57,N/A,N/A,ok,
dfdc_test_000208,DFDC-DFDC_Fake,1,Xception,visual,0.7163,probability,128.69,N/A,N/A,ok,
dfdc_test_000209,DFDC-DFDC_Fake,1,Xception,visual,0.0529,probability,97.36,N/A,N/A,ok,
dfdc_test_000210,DFDC-DFDC_Fake,1,Xception,visual,0.402,probability,114.12,N/A,N/A,ok,
dfdc_test_000211,DFDC-DFDC_Fake,1,Xception,visual,0.5018,probability,110.95,N/A,N/A,ok,
dfdc_test_000212,DFDC-DFDC_Fake,1,Xception,visual,0.7533,probability,111.26,N/A,N/A,ok,
dfdc_test_000213,DFDC-DFDC_Fake,1,Xception,visual,0.5554,probability,103.56,N/A,N/A,ok,
dfdc_test_000214,DFDC-DFDC_Fake,1,Xception,visual,0.4967,probability,99.41,N/A,N/A,ok,
dfdc_test_000215,DFDC-DFDC_Fake,1,Xception,visual,0.4843,probability,101.76,N/A,N/A,ok,
dfdc_test_000216,DFDC-DFDC_Fake,1,Xception,visual,0.2831,probability,116.14,N/A,N/A,ok,
dfdc_test_000217,DFDC-DFDC_Fake,1,Xception,visual,0.5578,probability,100.37,N/A,N/A,ok,
dfdc_test_000218,DFDC-DFDC_Fake,1,Xception,visual,0.356,probability,132.5,N/A,N/A,ok,
dfdc_test_000219,DFDC-DFDC_Fake,1,Xception,visual,0.475,probability,120.18,N/A,N/A,ok,
dfdc_test_000220,DFDC-DFDC_Fake,1,Xception,visual,0.4832,probability,98.84,N/A,N/A,ok,
dfdc_test_000221,DFDC-DFDC_Fake,1,Xception,visual,0.2622,probability,124.16,N/A,N/A,ok,
dfdc_test_000222,DFDC-DFDC_Fake,1,Xception,visual,0.9356,probability,114.99,N/A,N/A,ok,
dfdc_test_000223,DFDC-DFDC_Fake,1,Xception,visual,0.4917,probability,122.95,N/A,N/A,ok,
dfdc_test_000224,DFDC-DFDC_Fake,1,Xception,visual,0.2852,probability,119.45,N/A,N/A,ok,
dfdc_test_000225,DFDC-DFDC_Fake,1,Xception,visual,0.5661,probability,124.74,N/A,N/A,ok,
dfdc_test_000226,DFDC-DFDC_Fake,1,Xception,visual,0.4265,probability,122.9,N/A,N/A,ok,
dfdc_test_000227,DFDC-DFDC_Fake,1,Xception,visual,0.2064,probability,113.5,N/A,N/A,ok,
dfdc_test_000228,DFDC-DFDC_Fake,1,Xception,visual,0.7079,probability,119.36,N/A,N/A,ok,
dfdc_test_000229,DFDC-DFDC_Fake,1,Xception,visual,0.4136,probability,137.73,N/A,N/A,ok,
dfdc_test_000230,DFDC-DFDC_Fake,1,Xception,visual,0.3384,probability,127.37,N/A,N/A,ok,
dfdc_test_000231,DFDC-DFDC_Fake,1,Xception,visual,0.7301,probability,114.84,N/A,N/A,ok,
dfdc_test_000232,DFDC-DFDC_Fake,1,Xception,visual,0.2532,probability,115.47,N/A,N/A,ok,
dfdc_test_000233,DFDC-DFDC_Fake,1,Xception,visual,0.4128,probability,124.69,N/A,N/A,ok,
dfdc_test_000234,DFDC-DFDC_Fake,1,Xception,visual,0.3996,probability,122.42,N/A,N/A,ok,
dfdc_test_000235,DFDC-DFDC_Fake,1,Xception,visual,0.9715,probability,128.78,N/A,N/A,ok,
dfdc_test_000236,DFDC-DFDC_Fake,1,Xception,visual,0.7827,probability,129.48,N/A,N/A,ok,
dfdc_test_000237,DFDC-DFDC_Fake,1,Xception,visual,0.7759,probability,127.11,N/A,N/A,ok,
dfdc_test_000238,DFDC-DFDC_Fake,1,Xception,visual,0.8863,probability,131.89,N/A,N/A,ok,
dfdc_test_000239,DFDC-DFDC_Fake,1,Xception,visual,0.4892,probability,127.64,N/A,N/A,ok,
dfdc_test_000240,DFDC-DFDC_Fake,1,Xception,visual,0.7122,probability,99.4,N/A,N/A,ok,
dfdc_test_000241,DFDC-DFDC_Fake,1,Xception,visual,0.4602,probability,97.88,N/A,N/A,ok,
dfdc_test_000242,DFDC-DFDC_Fake,1,Xception,visual,0.6687,probability,119.24,N/A,N/A,ok,
dfdc_test_000243,DFDC-DFDC_Fake,1,Xception,visual,0.9176,probability,126.39,N/A,N/A,ok,
dfdc_test_000244,DFDC-DFDC_Fake,1,Xception,visual,0.4837,probability,102.16,N/A,N/A,ok,
dfdc_test_000245,DFDC-DFDC_Fake,1,Xception,visual,0.6217,probability,100.75,N/A,N/A,ok,
dfdc_test_000246,DFDC-DFDC_Fake,1,Xception,visual,0.5348,probability,120.36,N/A,N/A,ok,
dfdc_test_000247,DFDC-DFDC_Fake,1,Xception,visual,0.5255,probability,117.03,N/A,N/A,ok,
dfdc_test_000248,DFDC-DFDC_Fake,1,Xception,visual,0.948,probability,120.86,N/A,N/A,ok,
dfdc_test_000249,DFDC-DFDC_Fake,1,Xception,visual,0.3871,probability,137.27,N/A,N/A,ok,
dfdc_test_000250,DFDC-DFDC_Fake,1,Xception,visual,0.4665,probability,109.79,N/A,N/A,ok,
dfdc_test_000251,DFDC-DFDC_Fake,1,Xception,visual,0.6643,probability,91.8,N/A,N/A,ok,
dfdc_test_000252,DFDC-DFDC_Fake,1,Xception,visual,0.4064,probability,127.0,N/A,N/A,ok,
dfdc_test_000253,DFDC-DFDC_Fake,1,Xception,visual,0.4882,probability,95.4,N/A,N/A,ok,
dfdc_test_000254,DFDC-DFDC_Fake,1,Xception,visual,0.523,probability,110.83,N/A,N/A,ok,
dfdc_test_000255,DFDC-DFDC_Fake,1,Xception,visual,0.1131,probability,106.52,N/A,N/A,ok,
dfdc_test_000256,DFDC-DFDC_Fake,1,Xception,visual,0.5333,probability,96.7,N/A,N/A,ok,
dfdc_test_000257,DFDC-DFDC_Fake,1,Xception,visual,0.1984,probability,92.7,N/A,N/A,ok,
dfdc_test_000258,DFDC-DFDC_Fake,1,Xception,visual,0.4988,probability,96.9,N/A,N/A,ok,
dfdc_test_000259,DFDC-DFDC_Fake,1,Xception,visual,0.5705,probability,103.11,N/A,N/A,ok,
dfdc_test_000260,DFDC-DFDC_Fake,1,Xception,visual,0.6406,probability,123.12,N/A,N/A,ok,
dfdc_test_000261,DFDC-DFDC_Fake,1,Xception,visual,0.9202,probability,126.6,N/A,N/A,ok,
dfdc_test_000262,DFDC-DFDC_Fake,1,Xception,visual,0.7464,probability,104.91,N/A,N/A,ok,
dfdc_test_000263,DFDC-DFDC_Fake,1,Xception,visual,0.6209,probability,129.58,N/A,N/A,ok,
dfdc_test_000264,DFDC-DFDC_Fake,1,Xception,visual,0.4756,probability,150.63,N/A,N/A,ok,
dfdc_test_000265,DFDC-DFDC_Fake,1,Xception,visual,0.4225,probability,121.47,N/A,N/A,ok,
dfdc_test_000266,DFDC-DFDC_Fake,1,Xception,visual,0.7478,probability,128.9,N/A,N/A,ok,
dfdc_test_000267,DFDC-DFDC_Fake,1,Xception,visual,0.9666,probability,153.74,N/A,N/A,ok,
dfdc_test_000268,DFDC-DFDC_Fake,1,Xception,visual,0.4651,probability,136.42,N/A,N/A,ok,
dfdc_test_000269,DFDC-DFDC_Fake,1,Xception,visual,0.7921,probability,123.42,N/A,N/A,ok,
dfdc_test_000270,DFDC-DFDC_Fake,1,Xception,visual,0.664,probability,112.41,N/A,N/A,ok,
dfdc_test_000271,DFDC-DFDC_Fake,1,Xception,visual,0.9174,probability,131.87,N/A,N/A,ok,
dfdc_test_000272,DFDC-DFDC_Fake,1,Xception,visual,0.4604,probability,97.73,N/A,N/A,ok,
dfdc_test_000273,DFDC-DFDC_Fake,1,Xception,visual,0.5204,probability,101.93,N/A,N/A,ok,
dfdc_test_000274,DFDC-DFDC_Fake,1,Xception,visual,0.8482,probability,132.76,N/A,N/A,ok,
dfdc_test_000275,DFDC-DFDC_Fake,1,Xception,visual,0.4587,probability,108.13,N/A,N/A,ok,
dfdc_test_000276,DFDC-DFDC_Fake,1,Xception,visual,0.5699,probability,100.11,N/A,N/A,ok,
dfdc_test_000277,DFDC-DFDC_Fake,1,Xception,visual,0.8231,probability,89.44,N/A,N/A,ok,
dfdc_test_000278,DFDC-DFDC_Fake,1,Xception,visual,0.572,probability,90.17,N/A,N/A,ok,
dfdc_test_000279,DFDC-DFDC_Fake,1,Xception,visual,0.9147,probability,129.52,N/A,N/A,ok,
dfdc_test_000280,DFDC-DFDC_Fake,1,Xception,visual,0.2368,probability,110.17,N/A,N/A,ok,
dfdc_test_000281,DFDC-DFDC_Fake,1,Xception,visual,0.6891,probability,104.36,N/A,N/A,ok,
dfdc_test_000282,DFDC-DFDC_Fake,1,Xception,visual,0.7314,probability,84.29,N/A,N/A,ok,
dfdc_test_000283,DFDC-DFDC_Fake,1,Xception,visual,0.2795,probability,88.99,N/A,N/A,ok,
dfdc_test_000284,DFDC-DFDC_Fake,1,Xception,visual,0.7173,probability,85.26,N/A,N/A,ok,
dfdc_test_000285,DFDC-DFDC_Fake,1,Xception,visual,0.264,probability,95.18,N/A,N/A,ok,
dfdc_test_000286,DFDC-DFDC_Fake,1,Xception,visual,0.3735,probability,104.36,N/A,N/A,ok,
dfdc_test_000287,DFDC-DFDC_Fake,1,Xception,visual,0.6745,probability,87.67,N/A,N/A,ok,
dfdc_test_000288,DFDC-DFDC_Fake,1,Xception,visual,0.8609,probability,103.44,N/A,N/A,ok,
dfdc_test_000289,DFDC-DFDC_Fake,1,Xception,visual,0.455,probability,113.8,N/A,N/A,ok,
dfdc_test_000290,DFDC-DFDC_Fake,1,Xception,visual,0.5997,probability,113.73,N/A,N/A,ok,
dfdc_test_000291,DFDC-DFDC_Fake,1,Xception,visual,0.5072,probability,100.31,N/A,N/A,ok,
dfdc_test_000292,DFDC-DFDC_Fake,1,Xception,visual,0.6588,probability,101.21,N/A,N/A,ok,
dfdc_test_000293,DFDC-DFDC_Fake,1,Xception,visual,0.4964,probability,86.7,N/A,N/A,ok,
dfdc_test_000294,DFDC-DFDC_Fake,1,Xception,visual,0.4604,probability,101.64,N/A,N/A,ok,
dfdc_test_000295,DFDC-DFDC_Fake,1,Xception,visual,0.4934,probability,107.66,N/A,N/A,ok,
dfdc_test_000296,DFDC-DFDC_Fake,1,Xception,visual,0.8616,probability,107.21,N/A,N/A,ok,
dfdc_test_000297,DFDC-DFDC_Fake,1,Xception,visual,0.4885,probability,125.75,N/A,N/A,ok,
dfdc_test_000298,DFDC-DFDC_Fake,1,Xception,visual,0.3663,probability,119.36,N/A,N/A,ok,
dfdc_test_000299,DFDC-DFDC_Fake,1,Xception,visual,0.602,probability,119.11,N/A,N/A,ok,
dfdc_test_000300,DFDC-DFDC_Fake,1,Xception,visual,0.6041,probability,109.47,N/A,N/A,ok,
dfdc_test_000301,DFDC-DFDC_Fake,1,Xception,visual,0.7414,probability,123.62,N/A,N/A,ok,
dfdc_test_000302,DFDC-DFDC_Fake,1,Xception,visual,0.4634,probability,101.12,N/A,N/A,ok,
dfdc_test_000303,DFDC-DFDC_Fake,1,Xception,visual,0.2355,probability,100.52,N/A,N/A,ok,
dfdc_test_000304,DFDC-DFDC_Fake,1,Xception,visual,0.5507,probability,108.34,N/A,N/A,ok,
dfdc_test_000305,DFDC-DFDC_Fake,1,Xception,visual,0.6101,probability,126.01,N/A,N/A,ok,
dfdc_test_000306,DFDC-DFDC_Fake,1,Xception,visual,0.2588,probability,104.1,N/A,N/A,ok,
dfdc_test_000307,DFDC-DFDC_Fake,1,Xception,visual,0.399,probability,120.64,N/A,N/A,ok,
dfdc_test_000308,DFDC-DFDC_Fake,1,Xception,visual,0.3562,probability,111.52,N/A,N/A,ok,
dfdc_test_000309,DFDC-DFDC_Fake,1,Xception,visual,0.6234,probability,103.78,N/A,N/A,ok,
dfdc_test_000310,DFDC-DFDC_Fake,1,Xception,visual,0.471,probability,152.52,N/A,N/A,ok,
dfdc_test_000311,DFDC-DFDC_Fake,1,Xception,visual,0.3711,probability,136.57,N/A,N/A,ok,
dfdc_test_000312,DFDC-DFDC_Fake,1,Xception,visual,0.5729,probability,117.07,N/A,N/A,ok,
dfdc_test_000313,DFDC-DFDC_Fake,1,Xception,visual,0.5162,probability,102.93,N/A,N/A,ok,
dfdc_test_000314,DFDC-DFDC_Fake,1,Xception,visual,0.484,probability,116.91,N/A,N/A,ok,
dfdc_test_000315,DFDC-DFDC_Fake,1,Xception,visual,0.4041,probability,132.98,N/A,N/A,ok,
dfdc_test_000316,DFDC-DFDC_Fake,1,Xception,visual,0.3922,probability,117.9,N/A,N/A,ok,
dfdc_test_000317,DFDC-DFDC_Fake,1,Xception,visual,0.9928,probability,93.28,N/A,N/A,ok,
dfdc_test_000318,DFDC-DFDC_Fake,1,Xception,visual,0.4491,probability,90.8,N/A,N/A,ok,
dfdc_test_000319,DFDC-DFDC_Fake,1,Xception,visual,0.6521,probability,90.5,N/A,N/A,ok,
dfdc_test_000320,DFDC-DFDC_Fake,1,Xception,visual,0.2844,probability,112.46,N/A,N/A,ok,
dfdc_test_000321,DFDC-DFDC_Fake,1,Xception,visual,0.4861,probability,97.19,N/A,N/A,ok,
dfdc_test_000322,DFDC-DFDC_Fake,1,Xception,visual,0.364,probability,102.93,N/A,N/A,ok,
dfdc_test_000323,DFDC-DFDC_Fake,1,Xception,visual,0.3962,probability,121.72,N/A,N/A,ok,
dfdc_test_000324,DFDC-DFDC_Fake,1,Xception,visual,0.4593,probability,114.75,N/A,N/A,ok,
dfdc_test_000325,DFDC-DFDC_Fake,1,Xception,visual,0.6572,probability,117.32,N/A,N/A,ok,
dfdc_test_000326,DFDC-DFDC_Fake,1,Xception,visual,0.7015,probability,102.54,N/A,N/A,ok,
dfdc_test_000327,DFDC-DFDC_Fake,1,Xception,visual,0.6034,probability,107.29,N/A,N/A,ok,
dfdc_test_000328,DFDC-DFDC_Fake,1,Xception,visual,0.4016,probability,87.01,N/A,N/A,ok,
dfdc_test_000329,DFDC-DFDC_Fake,1,Xception,visual,0.8131,probability,123.23,N/A,N/A,ok,
dfdc_test_000330,DFDC-DFDC_Fake,1,Xception,visual,0.4096,probability,135.45,N/A,N/A,ok,
dfdc_test_000331,DFDC-DFDC_Fake,1,Xception,visual,0.6928,probability,116.6,N/A,N/A,ok,
dfdc_test_000332,DFDC-DFDC_Fake,1,Xception,visual,0.3465,probability,99.96,N/A,N/A,ok,
dfdc_test_000333,DFDC-DFDC_Fake,1,Xception,visual,0.835,probability,92.8,N/A,N/A,ok,
dfdc_test_000334,DFDC-DFDC_Fake,1,Xception,visual,0.5797,probability,130.58,N/A,N/A,ok,
dfdc_test_000335,DFDC-DFDC_Fake,1,Xception,visual,0.324,probability,140.9,N/A,N/A,ok,
dfdc_test_000336,DFDC-DFDC_Fake,1,Xception,visual,0.5408,probability,140.08,N/A,N/A,ok,
dfdc_test_000337,DFDC-DFDC_Fake,1,Xception,visual,0.4694,probability,125.83,N/A,N/A,ok,
dfdc_test_000338,DFDC-DFDC_Fake,1,Xception,visual,0.7615,probability,114.49,N/A,N/A,ok,
dfdc_test_000339,DFDC-DFDC_Fake,1,Xception,visual,0.1486,probability,119.68,N/A,N/A,ok,
dfdc_test_000340,DFDC-DFDC_Fake,1,Xception,visual,0.8854,probability,98.32,N/A,N/A,ok,
dfdc_test_000341,DFDC-DFDC_Fake,1,Xception,visual,0.7096,probability,134.32,N/A,N/A,ok,
dfdc_test_000342,DFDC-DFDC_Fake,1,Xception,visual,0.869,probability,143.88,N/A,N/A,ok,
dfdc_test_000343,DFDC-DFDC_Fake,1,Xception,visual,0.6847,probability,148.94,N/A,N/A,ok,
dfdc_test_000344,DFDC-DFDC_Fake,1,Xception,visual,0.812,probability,152.86,N/A,N/A,ok,
dfdc_test_000345,DFDC-DFDC_Fake,1,Xception,visual,0.3468,probability,125.02,N/A,N/A,ok,
dfdc_test_000346,DFDC-DFDC_Fake,1,Xception,visual,0.6283,probability,157.11,N/A,N/A,ok,
dfdc_test_000347,DFDC-DFDC_Fake,1,Xception,visual,0.3048,probability,194.95,N/A,N/A,ok,
dfdc_test_000348,DFDC-DFDC_Fake,1,Xception,visual,0.5186,probability,142.48,N/A,N/A,ok,
dfdc_test_000349,DFDC-DFDC_Fake,1,Xception,visual,0.7376,probability,147.5,N/A,N/A,ok,
dfdc_test_000350,DFDC-DFDC_Fake,1,Xception,visual,0.8904,probability,115.72,N/A,N/A,ok,
dfdc_test_000351,DFDC-DFDC_Fake,1,Xception,visual,0.2579,probability,133.17,N/A,N/A,ok,
dfdc_test_000352,DFDC-DFDC_Fake,1,Xception,visual,0.9602,probability,93.9,N/A,N/A,ok,
dfdc_test_000353,DFDC-DFDC_Fake,1,Xception,visual,0.6821,probability,96.35,N/A,N/A,ok,
dfdc_test_000354,DFDC-DFDC_Fake,1,Xception,visual,0.6533,probability,114.31,N/A,N/A,ok,
dfdc_test_000355,DFDC-DFDC_Fake,1,Xception,visual,0.451,probability,133.88,N/A,N/A,ok,
dfdc_test_000356,DFDC-DFDC_Fake,1,Xception,visual,0.4928,probability,112.94,N/A,N/A,ok,
dfdc_test_000357,DFDC-DFDC_Fake,1,Xception,visual,0.2944,probability,117.32,N/A,N/A,ok,
dfdc_test_000358,DFDC-DFDC_Fake,1,Xception,visual,0.6025,probability,95.29,N/A,N/A,ok,
dfdc_test_000359,DFDC-DFDC_Fake,1,Xception,visual,0.4355,probability,99.75,N/A,N/A,ok,
dfdc_test_000360,DFDC-DFDC_Fake,1,Xception,visual,0.1783,probability,130.98,N/A,N/A,ok,
dfdc_test_000361,DFDC-DFDC_Fake,1,Xception,visual,0.5755,probability,104.36,N/A,N/A,ok,
dfdc_test_000362,DFDC-DFDC_Fake,1,Xception,visual,0.643,probability,106.36,N/A,N/A,ok,
dfdc_test_000363,DFDC-DFDC_Fake,1,Xception,visual,0.4858,probability,106.29,N/A,N/A,ok,
dfdc_test_000364,DFDC-DFDC_Fake,1,Xception,visual,0.7387,probability,95.4,N/A,N/A,ok,
dfdc_test_000365,DFDC-DFDC_Fake,1,Xception,visual,0.6118,probability,113.73,N/A,N/A,ok,
dfdc_test_000366,DFDC-DFDC_Fake,1,Xception,visual,0.9441,probability,96.94,N/A,N/A,ok,
dfdc_test_000367,DFDC-DFDC_Fake,1,Xception,visual,0.191,probability,104.53,N/A,N/A,ok,
dfdc_test_000368,DFDC-DFDC_Fake,1,Xception,visual,0.7478,probability,111.15,N/A,N/A,ok,
dfdc_test_000369,DFDC-DFDC_Fake,1,Xception,visual,0.6375,probability,114.0,N/A,N/A,ok,
dfdc_test_000370,DFDC-DFDC_Fake,1,Xception,visual,0.604,probability,132.83,N/A,N/A,ok,
dfdc_test_000371,DFDC-DFDC_Fake,1,Xception,visual,0.8624,probability,106.58,N/A,N/A,ok,
dfdc_test_000372,DFDC-DFDC_Fake,1,Xception,visual,0.391,probability,96.37,N/A,N/A,ok,
dfdc_test_000373,DFDC-DFDC_Fake,1,Xception,visual,0.4664,probability,113.36,N/A,N/A,ok,
dfdc_test_000374,DFDC-DFDC_Fake,1,Xception,visual,0.4187,probability,112.64,N/A,N/A,ok,
dfdc_test_000375,DFDC-DFDC_Fake,1,Xception,visual,0.6855,probability,124.8,N/A,N/A,ok,
dfdc_test_000376,DFDC-DFDC_Fake,1,Xception,visual,0.4199,probability,97.82,N/A,N/A,ok,
dfdc_test_000377,DFDC-DFDC_Fake,1,Xception,visual,0.7417,probability,91.13,N/A,N/A,ok,
dfdc_test_000378,DFDC-DFDC_Fake,1,Xception,visual,0.4036,probability,107.67,N/A,N/A,ok,
dfdc_test_000379,DFDC-DFDC_Fake,1,Xception,visual,0.4439,probability,117.34,N/A,N/A,ok,
dfdc_test_000380,DFDC-DFDC_Fake,1,Xception,visual,0.5853,probability,122.54,N/A,N/A,ok,
dfdc_test_000381,DFDC-DFDC_Fake,1,Xception,visual,0.378,probability,110.42,N/A,N/A,ok,
dfdc_test_000382,DFDC-DFDC_Fake,1,Xception,visual,0.3122,probability,92.25,N/A,N/A,ok,
dfdc_test_000383,DFDC-DFDC_Fake,1,Xception,visual,0.99,probability,125.42,N/A,N/A,ok,
dfdc_test_000384,DFDC-DFDC_Fake,1,Xception,visual,0.5666,probability,103.53,N/A,N/A,ok,
dfdc_test_000385,DFDC-DFDC_Fake,1,Xception,visual,0.4734,probability,125.67,N/A,N/A,ok,
dfdc_test_000386,DFDC-DFDC_Fake,1,Xception,visual,0.5629,probability,133.28,N/A,N/A,ok,
dfdc_test_000387,DFDC-DFDC_Fake,1,Xception,visual,0.4917,probability,126.15,N/A,N/A,ok,
dfdc_test_000388,DFDC-DFDC_Fake,1,Xception,visual,0.5715,probability,117.17,N/A,N/A,ok,
dfdc_test_000389,DFDC-DFDC_Fake,1,Xception,visual,0.6991,probability,117.12,N/A,N/A,ok,
dfdc_test_000390,DFDC-DFDC_Fake,1,Xception,visual,0.6121,probability,142.37,N/A,N/A,ok,
dfdc_test_000391,DFDC-DFDC_Fake,1,Xception,visual,0.665,probability,107.65,N/A,N/A,ok,
dfdc_test_000392,DFDC-DFDC_Fake,1,Xception,visual,0.8976,probability,103.84,N/A,N/A,ok,
dfdc_test_000393,DFDC-DFDC_Fake,1,Xception,visual,0.4248,probability,108.7,N/A,N/A,ok,
dfdc_test_000394,DFDC-DFDC_Fake,1,Xception,visual,0.536,probability,132.9,N/A,N/A,ok,
dfdc_test_000395,DFDC-DFDC_Fake,1,Xception,visual,0.3968,probability,127.78,N/A,N/A,ok,
dfdc_test_000396,DFDC-DFDC_Fake,1,Xception,visual,0.4907,probability,115.17,N/A,N/A,ok,
dfdc_test_000397,DFDC-DFDC_Fake,1,Xception,visual,0.175,probability,117.99,N/A,N/A,ok,
dfdc_test_000398,DFDC-DFDC_Fake,1,Xception,visual,0.2287,probability,120.95,N/A,N/A,ok,
dfdc_test_000399,DFDC-DFDC_Fake,1,Xception,visual,0.6353,probability,125.74,N/A,N/A,ok,
dfdc_test_000400,DFDC-DFDC_Fake,1,Xception,visual,0.8993,probability,134.81,N/A,N/A,ok,
dfdc_test_000401,DFDC-DFDC_Fake,1,Xception,visual,0.4961,probability,116.42,N/A,N/A,ok,
dfdc_test_000402,DFDC-DFDC_Fake,1,Xception,visual,0.5128,probability,121.1,N/A,N/A,ok,
dfdc_test_000403,DFDC-DFDC_Fake,1,Xception,visual,0.1376,probability,114.48,N/A,N/A,ok,
dfdc_test_000404,DFDC-DFDC_Fake,1,Xception,visual,0.7199,probability,125.87,N/A,N/A,ok,
dfdc_test_000405,DFDC-DFDC_Fake,1,Xception,visual,0.394,probability,134.19,N/A,N/A,ok,
dfdc_test_000406,DFDC-DFDC_Fake,1,Xception,visual,0.4829,probability,119.58,N/A,N/A,ok,
dfdc_test_000407,DFDC-DFDC_Fake,1,Xception,visual,0.8498,probability,138.41,N/A,N/A,ok,
dfdc_test_000408,DFDC-DFDC_Fake,1,Xception,visual,0.3413,probability,136.91,N/A,N/A,ok,
dfdc_test_000409,DFDC-DFDC_Fake,1,Xception,visual,0.2846,probability,126.77,N/A,N/A,ok,
dfdc_test_000410,DFDC-DFDC_Fake,1,Xception,visual,0.1647,probability,123.77,N/A,N/A,ok,
dfdc_test_000411,DFDC-DFDC_Fake,1,Xception,visual,0.4811,probability,152.0,N/A,N/A,ok,
dfdc_test_000412,DFDC-DFDC_Fake,1,Xception,visual,0.9674,probability,133.96,N/A,N/A,ok,
dfdc_test_000413,DFDC-DFDC_Fake,1,Xception,visual,0.3108,probability,132.82,N/A,N/A,ok,
dfdc_test_000414,DFDC-DFDC_Fake,1,Xception,visual,0.8146,probability,134.33,N/A,N/A,ok,
dfdc_test_000415,DFDC-DFDC_Fake,1,Xception,visual,0.4668,probability,137.35,N/A,N/A,ok,
dfdc_test_000416,DFDC-DFDC_Fake,1,Xception,visual,0.4685,probability,145.17,N/A,N/A,ok,
dfdc_test_000417,DFDC-DFDC_Fake,1,Xception,visual,0.4944,probability,132.36,N/A,N/A,ok,
dfdc_test_000418,DFDC-DFDC_Fake,1,Xception,visual,0.6075,probability,275.1,N/A,N/A,ok,
dfdc_test_000419,DFDC-DFDC_Fake,1,Xception,visual,0.6546,probability,175.43,N/A,N/A,ok,
dfdc_test_000420,DFDC-DFDC_Fake,1,Xception,visual,0.5089,probability,135.04,N/A,N/A,ok,
dfdc_test_000421,DFDC-DFDC_Fake,1,Xception,visual,0.5731,probability,137.04,N/A,N/A,ok,
dfdc_test_000422,DFDC-DFDC_Fake,1,Xception,visual,0.5586,probability,102.2,N/A,N/A,ok,
dfdc_test_000423,DFDC-DFDC_Fake,1,Xception,visual,0.495,probability,100.17,N/A,N/A,ok,
dfdc_test_000424,DFDC-DFDC_Fake,1,Xception,visual,0.6242,probability,159.24,N/A,N/A,ok,
dfdc_test_000425,DFDC-DFDC_Fake,1,Xception,visual,0.5731,probability,93.45,N/A,N/A,ok,
dfdc_test_000426,DFDC-DFDC_Fake,1,Xception,visual,0.5051,probability,97.06,N/A,N/A,ok,
dfdc_test_000427,DFDC-DFDC_Fake,1,Xception,visual,0.3919,probability,99.03,N/A,N/A,ok,
dfdc_test_000428,DFDC-DFDC_Fake,1,Xception,visual,0.3583,probability,114.86,N/A,N/A,ok,
dfdc_test_000429,DFDC-DFDC_Fake,1,Xception,visual,0.3841,probability,124.84,N/A,N/A,ok,
dfdc_test_000430,DFDC-DFDC_Fake,1,Xception,visual,0.5699,probability,120.05,N/A,N/A,ok,
dfdc_test_000431,DFDC-DFDC_Fake,1,Xception,visual,0.5878,probability,188.03,N/A,N/A,ok,
dfdc_test_000432,DFDC-DFDC_Fake,1,Xception,visual,0.4535,probability,246.83,N/A,N/A,ok,
dfdc_test_000433,DFDC-DFDC_Fake,1,Xception,visual,0.4735,probability,170.86,N/A,N/A,ok,
dfdc_test_000434,DFDC-DFDC_Fake,1,Xception,visual,0.4387,probability,127.55,N/A,N/A,ok,
dfdc_test_000435,DFDC-DFDC_Fake,1,Xception,visual,0.4558,probability,136.54,N/A,N/A,ok,
dfdc_test_000436,DFDC-DFDC_Fake,1,Xception,visual,0.5771,probability,127.45,N/A,N/A,ok,
dfdc_test_000437,DFDC-DFDC_Fake,1,Xception,visual,0.6177,probability,135.29,N/A,N/A,ok,
dfdc_test_000438,DFDC-DFDC_Fake,1,Xception,visual,0.5632,probability,100.3,N/A,N/A,ok,
dfdc_test_000439,DFDC-DFDC_Fake,1,Xception,visual,0.771,probability,167.9,N/A,N/A,ok,
dfdc_test_000440,DFDC-DFDC_Fake,1,Xception,visual,0.8146,probability,179.51,N/A,N/A,ok,
dfdc_test_000441,DFDC-DFDC_Fake,1,Xception,visual,0.534,probability,108.51,N/A,N/A,ok,
dfdc_test_000442,DFDC-DFDC_Fake,1,Xception,visual,0.4131,probability,106.8,N/A,N/A,ok,
dfdc_test_000443,DFDC-DFDC_Fake,1,Xception,visual,0.5908,probability,102.49,N/A,N/A,ok,
dfdc_test_000444,DFDC-DFDC_Fake,1,Xception,visual,0.7074,probability,134.78,N/A,N/A,ok,
dfdc_test_000445,DFDC-DFDC_Fake,1,Xception,visual,0.3203,probability,123.88,N/A,N/A,ok,
dfdc_test_000446,DFDC-DFDC_Fake,1,Xception,visual,0.6228,probability,130.09,N/A,N/A,ok,
dfdc_test_000447,DFDC-DFDC_Fake,1,Xception,visual,0.3264,probability,105.1,N/A,N/A,ok,
dfdc_test_000448,DFDC-DFDC_Fake,1,Xception,visual,0.7434,probability,116.11,N/A,N/A,ok,
dfdc_test_000449,DFDC-DFDC_Fake,1,Xception,visual,0.6141,probability,119.6,N/A,N/A,ok,
dfdc_test_000450,DFDC-DFDC_Fake,1,Xception,visual,0.8301,probability,132.28,N/A,N/A,ok,
dfdc_test_000451,DFDC-DFDC_Fake,1,Xception,visual,0.6721,probability,124.42,N/A,N/A,ok,
dfdc_test_000452,DFDC-DFDC_Fake,1,Xception,visual,0.9167,probability,105.31,N/A,N/A,ok,
dfdc_test_000453,DFDC-DFDC_Fake,1,Xception,visual,0.4967,probability,110.71,N/A,N/A,ok,
dfdc_test_000454,DFDC-DFDC_Fake,1,Xception,visual,0.3699,probability,96.86,N/A,N/A,ok,
dfdc_test_000455,DFDC-DFDC_Fake,1,Xception,visual,0.6844,probability,159.92,N/A,N/A,ok,
dfdc_test_000456,DFDC-DFDC_Fake,1,Xception,visual,0.4898,probability,123.22,N/A,N/A,ok,
dfdc_test_000457,DFDC-DFDC_Fake,1,Xception,visual,0.5245,probability,147.61,N/A,N/A,ok,
dfdc_test_000458,DFDC-DFDC_Fake,1,Xception,visual,0.3904,probability,119.67,N/A,N/A,ok,
dfdc_test_000459,DFDC-DFDC_Fake,1,Xception,visual,0.2658,probability,126.71,N/A,N/A,ok,
dfdc_test_000460,DFDC-DFDC_Fake,1,Xception,visual,0.3459,probability,126.05,N/A,N/A,ok,
dfdc_test_000461,DFDC-DFDC_Fake,1,Xception,visual,0.6647,probability,115.1,N/A,N/A,ok,
dfdc_test_000462,DFDC-DFDC_Fake,1,Xception,visual,0.4215,probability,114.82,N/A,N/A,ok,
dfdc_test_000463,DFDC-DFDC_Fake,1,Xception,visual,0.6557,probability,114.56,N/A,N/A,ok,
dfdc_test_000464,DFDC-DFDC_Fake,1,Xception,visual,0.5922,probability,112.18,N/A,N/A,ok,
dfdc_test_000465,DFDC-DFDC_Fake,1,Xception,visual,0.6818,probability,122.56,N/A,N/A,ok,
dfdc_test_000466,DFDC-DFDC_Fake,1,Xception,visual,0.146,probability,120.51,N/A,N/A,ok,
dfdc_test_000467,DFDC-DFDC_Fake,1,Xception,visual,0.7724,probability,107.75,N/A,N/A,ok,
dfdc_test_000468,DFDC-DFDC_Fake,1,Xception,visual,0.3964,probability,132.52,N/A,N/A,ok,
dfdc_test_000469,DFDC-DFDC_Fake,1,Xception,visual,0.5654,probability,114.0,N/A,N/A,ok,
dfdc_test_000470,DFDC-DFDC_Fake,1,Xception,visual,0.2771,probability,141.49,N/A,N/A,ok,
dfdc_test_000471,DFDC-DFDC_Fake,1,Xception,visual,0.4833,probability,120.29,N/A,N/A,ok,
dfdc_test_000472,DFDC-DFDC_Fake,1,Xception,visual,0.3087,probability,111.04,N/A,N/A,ok,
dfdc_test_000473,DFDC-DFDC_Fake,1,Xception,visual,0.4396,probability,106.88,N/A,N/A,ok,
dfdc_test_000474,DFDC-DFDC_Fake,1,Xception,visual,0.8538,probability,148.21,N/A,N/A,ok,
dfdc_test_000475,DFDC-DFDC_Fake,1,Xception,visual,0.5629,probability,128.43,N/A,N/A,ok,
dfdc_test_000476,DFDC-DFDC_Fake,1,Xception,visual,0.508,probability,116.5,N/A,N/A,ok,
dfdc_test_000477,DFDC-DFDC_Fake,1,Xception,visual,0.6646,probability,118.32,N/A,N/A,ok,
dfdc_test_000478,DFDC-DFDC_Fake,1,Xception,visual,0.8098,probability,169.63,N/A,N/A,ok,
dfdc_test_000479,DFDC-DFDC_Fake,1,Xception,visual,0.9558,probability,159.13,N/A,N/A,ok,
dfdc_test_000480,DFDC-DFDC_Fake,1,Xception,visual,0.2879,probability,104.75,N/A,N/A,ok,
dfdc_test_000481,DFDC-DFDC_Fake,1,Xception,visual,0.6864,probability,116.4,N/A,N/A,ok,
dfdc_test_000482,DFDC-DFDC_Fake,1,Xception,visual,0.7049,probability,119.4,N/A,N/A,ok,
dfdc_test_000483,DFDC-DFDC_Fake,1,Xception,visual,0.3756,probability,174.32,N/A,N/A,ok,
dfdc_test_000484,DFDC-DFDC_Fake,1,Xception,visual,0.9453,probability,141.3,N/A,N/A,ok,
dfdc_test_000485,DFDC-DFDC_Fake,1,Xception,visual,0.5345,probability,133.53,N/A,N/A,ok,
dfdc_test_000486,DFDC-DFDC_Fake,1,Xception,visual,0.485,probability,121.95,N/A,N/A,ok,
dfdc_test_000487,DFDC-DFDC_Fake,1,Xception,visual,0.5364,probability,136.72,N/A,N/A,ok,
dfdc_test_000488,DFDC-DFDC_Fake,1,Xception,visual,0.9695,probability,118.54,N/A,N/A,ok,
dfdc_test_000489,DFDC-DFDC_Fake,1,Xception,visual,0.6847,probability,141.7,N/A,N/A,ok,
dfdc_test_000490,DFDC-DFDC_Fake,1,Xception,visual,0.7685,probability,147.77,N/A,N/A,ok,
dfdc_test_000491,DFDC-DFDC_Fake,1,Xception,visual,0.4639,probability,109.1,N/A,N/A,ok,
dfdc_test_000492,DFDC-DFDC_Fake,1,Xception,visual,0.4132,probability,109.04,N/A,N/A,ok,
dfdc_test_000493,DFDC-DFDC_Fake,1,Xception,visual,0.0863,probability,109.54,N/A,N/A,ok,
dfdc_test_000494,DFDC-DFDC_Fake,1,Xception,visual,0.5718,probability,92.26,N/A,N/A,ok,
dfdc_test_000495,DFDC-DFDC_Fake,1,Xception,visual,0.6109,probability,108.89,N/A,N/A,ok,
dfdc_test_000496,DFDC-DFDC_Fake,1,Xception,visual,0.294,probability,139.03,N/A,N/A,ok,
dfdc_test_000497,DFDC-DFDC_Fake,1,Xception,visual,0.8488,probability,108.95,N/A,N/A,ok,
dfdc_test_000498,DFDC-DFDC_Fake,1,Xception,visual,0.4314,probability,104.08,N/A,N/A,ok,
dfdc_test_000499,DFDC-DFDC_Fake,1,Xception,visual,0.6488,probability,137.26,N/A,N/A,ok,
dfdc_test_000500,DFDC-DFDC_Fake,1,Xception,visual,0.6917,probability,153.62,N/A,N/A,ok,
dfdc_test_000501,DFDC-DFDC_Fake,1,Xception,visual,0.8718,probability,106.54,N/A,N/A,ok,
dfdc_test_000502,DFDC-DFDC_Fake,1,Xception,visual,0.7177,probability,132.0,N/A,N/A,ok,
dfdc_test_000503,DFDC-DFDC_Fake,1,Xception,visual,0.5107,probability,106.6,N/A,N/A,ok,
dfdc_test_000504,DFDC-DFDC_Fake,1,Xception,visual,0.4952,probability,133.46,N/A,N/A,ok,
dfdc_test_000505,DFDC-DFDC_Fake,1,Xception,visual,0.1902,probability,148.83,N/A,N/A,ok,
dfdc_test_000506,DFDC-DFDC_Fake,1,Xception,visual,0.7001,probability,139.0,N/A,N/A,ok,
dfdc_test_000507,DFDC-DFDC_Fake,1,Xception,visual,0.5677,probability,143.09,N/A,N/A,ok,
dfdc_test_000508,DFDC-DFDC_Fake,1,Xception,visual,0.5277,probability,150.62,N/A,N/A,ok,
dfdc_test_000509,DFDC-DFDC_Fake,1,Xception,visual,0.191,probability,116.51,N/A,N/A,ok,
dfdc_test_000510,DFDC-DFDC_Fake,1,Xception,visual,0.3827,probability,152.34,N/A,N/A,ok,
dfdc_test_000511,DFDC-DFDC_Fake,1,Xception,visual,0.5202,probability,117.03,N/A,N/A,ok,
dfdc_test_000512,DFDC-DFDC_Fake,1,Xception,visual,0.4163,probability,134.12,N/A,N/A,ok,
dfdc_test_000513,DFDC-DFDC_Fake,1,Xception,visual,0.8987,probability,158.69,N/A,N/A,ok,
dfdc_test_000514,DFDC-DFDC_Fake,1,Xception,visual,0.9757,probability,158.7,N/A,N/A,ok,
dfdc_test_000515,DFDC-DFDC_Fake,1,Xception,visual,0.7932,probability,168.51,N/A,N/A,ok,
dfdc_test_000516,DFDC-DFDC_Fake,1,Xception,visual,0.4933,probability,153.55,N/A,N/A,ok,
dfdc_test_000517,DFDC-DFDC_Fake,1,Xception,visual,0.8386,probability,164.02,N/A,N/A,ok,
dfdc_test_000518,DFDC-DFDC_Fake,1,Xception,visual,0.7885,probability,159.21,N/A,N/A,ok,
dfdc_test_000519,DFDC-DFDC_Fake,1,Xception,visual,0.6616,probability,133.74,N/A,N/A,ok,
dfdc_test_000520,DFDC-DFDC_Fake,1,Xception,visual,0.4158,probability,155.84,N/A,N/A,ok,
dfdc_test_000521,DFDC-DFDC_Fake,1,Xception,visual,0.6816,probability,109.64,N/A,N/A,ok,
dfdc_test_000522,DFDC-DFDC_Fake,1,Xception,visual,0.8869,probability,128.56,N/A,N/A,ok,
dfdc_test_000523,DFDC-DFDC_Fake,1,Xception,visual,0.6806,probability,100.65,N/A,N/A,ok,
dfdc_test_000524,DFDC-DFDC_Fake,1,Xception,visual,0.5223,probability,109.71,N/A,N/A,ok,
dfdc_test_000525,DFDC-DFDC_Fake,1,Xception,visual,0.5347,probability,151.37,N/A,N/A,ok,
dfdc_test_000526,DFDC-DFDC_Fake,1,Xception,visual,0.4289,probability,153.28,N/A,N/A,ok,
dfdc_test_000527,DFDC-DFDC_Fake,1,Xception,visual,0.5072,probability,177.14,N/A,N/A,ok,
dfdc_test_000528,DFDC-DFDC_Fake,1,Xception,visual,0.1026,probability,188.65,N/A,N/A,ok,
dfdc_test_000529,DFDC-DFDC_Fake,1,Xception,visual,0.7452,probability,177.92,N/A,N/A,ok,
dfdc_test_000530,DFDC-DFDC_Fake,1,Xception,visual,0.6399,probability,191.57,N/A,N/A,ok,
dfdc_test_000531,DFDC-DFDC_Fake,1,Xception,visual,0.6824,probability,161.67,N/A,N/A,ok,
dfdc_test_000532,DFDC-DFDC_Fake,1,Xception,visual,0.4829,probability,210.73,N/A,N/A,ok,
dfdc_test_000533,DFDC-DFDC_Fake,1,Xception,visual,0.4224,probability,192.32,N/A,N/A,ok,
dfdc_test_000534,DFDC-DFDC_Fake,1,Xception,visual,0.3016,probability,226.85,N/A,N/A,ok,
dfdc_test_000535,DFDC-DFDC_Fake,1,Xception,visual,0.1809,probability,193.5,N/A,N/A,ok,
dfdc_test_000536,DFDC-DFDC_Fake,1,Xception,visual,0.744,probability,177.06,N/A,N/A,ok,
dfdc_test_000537,DFDC-DFDC_Fake,1,Xception,visual,0.4434,probability,131.79,N/A,N/A,ok,
dfdc_test_000538,DFDC-DFDC_Fake,1,Xception,visual,0.9429,probability,161.35,N/A,N/A,ok,
dfdc_test_000539,DFDC-DFDC_Fake,1,Xception,visual,0.8871,probability,178.67,N/A,N/A,ok,
dfdc_test_000540,DFDC-DFDC_Fake,1,Xception,visual,0.5266,probability,175.05,N/A,N/A,ok,
dfdc_test_000541,DFDC-DFDC_Fake,1,Xception,visual,0.7833,probability,179.4,N/A,N/A,ok,
dfdc_test_000542,DFDC-DFDC_Fake,1,Xception,visual,0.7891,probability,161.09,N/A,N/A,ok,
dfdc_test_000543,DFDC-DFDC_Fake,1,Xception,visual,0.3429,probability,167.69,N/A,N/A,ok,
dfdc_test_000544,DFDC-DFDC_Fake,1,Xception,visual,0.5249,probability,185.5,N/A,N/A,ok,
dfdc_test_000545,DFDC-DFDC_Fake,1,Xception,visual,0.4937,probability,226.41,N/A,N/A,ok,
dfdc_test_000546,DFDC-DFDC_Fake,1,Xception,visual,0.4897,probability,190.82,N/A,N/A,ok,
dfdc_test_000547,DFDC-DFDC_Fake,1,Xception,visual,0.5521,probability,149.24,N/A,N/A,ok,
dfdc_test_000548,DFDC-DFDC_Fake,1,Xception,visual,0.3677,probability,97.69,N/A,N/A,ok,
dfdc_test_000549,DFDC-DFDC_Fake,1,Xception,visual,0.6072,probability,103.17,N/A,N/A,ok,
dfdc_test_000550,DFDC-DFDC_Fake,1,Xception,visual,0.7752,probability,117.25,N/A,N/A,ok,
dfdc_test_000551,DFDC-DFDC_Fake,1,Xception,visual,0.5867,probability,187.98,N/A,N/A,ok,
dfdc_test_000552,DFDC-DFDC_Fake,1,Xception,visual,0.2961,probability,114.54,N/A,N/A,ok,
dfdc_test_000553,DFDC-DFDC_Fake,1,Xception,visual,0.7783,probability,127.58,N/A,N/A,ok,
dfdc_test_000554,DFDC-DFDC_Fake,1,Xception,visual,0.4759,probability,125.28,N/A,N/A,ok,
dfdc_test_000555,DFDC-DFDC_Fake,1,Xception,visual,0.5091,probability,141.39,N/A,N/A,ok,
dfdc_test_000556,DFDC-DFDC_Fake,1,Xception,visual,0.6838,probability,165.24,N/A,N/A,ok,
dfdc_test_000557,DFDC-DFDC_Fake,1,Xception,visual,0.6262,probability,97.97,N/A,N/A,ok,
dfdc_test_000558,DFDC-DFDC_Fake,1,Xception,visual,0.2699,probability,90.86,N/A,N/A,ok,
dfdc_test_000559,DFDC-DFDC_Fake,1,Xception,visual,0.8903,probability,92.02,N/A,N/A,ok,
dfdc_test_000560,DFDC-DFDC_Fake,1,Xception,visual,0.8679,probability,91.89,N/A,N/A,ok,
dfdc_test_000561,DFDC-DFDC_Fake,1,Xception,visual,0.6388,probability,100.79,N/A,N/A,ok,
dfdc_test_000562,DFDC-DFDC_Fake,1,Xception,visual,0.6331,probability,86.52,N/A,N/A,ok,
dfdc_test_000563,DFDC-DFDC_Fake,1,Xception,visual,0.6737,probability,87.84,N/A,N/A,ok,
dfdc_test_000564,DFDC-DFDC_Fake,1,Xception,visual,0.2135,probability,121.15,N/A,N/A,ok,
dfdc_test_000565,DFDC-DFDC_Fake,1,Xception,visual,0.373,probability,97.85,N/A,N/A,ok,
dfdc_test_000566,DFDC-DFDC_Fake,1,Xception,visual,0.4577,probability,98.56,N/A,N/A,ok,
dfdc_test_000567,DFDC-DFDC_Fake,1,Xception,visual,0.9592,probability,122.03,N/A,N/A,ok,
dfdc_test_000568,DFDC-DFDC_Fake,1,Xception,visual,0.522,probability,114.32,N/A,N/A,ok,
dfdc_test_000569,DFDC-DFDC_Fake,1,Xception,visual,0.9832,probability,111.75,N/A,N/A,ok,
dfdc_test_000570,DFDC-DFDC_Fake,1,Xception,visual,0.9059,probability,107.55,N/A,N/A,ok,
dfdc_test_000571,DFDC-DFDC_Fake,1,Xception,visual,0.296,probability,105.24,N/A,N/A,ok,
dfdc_test_000572,DFDC-DFDC_Fake,1,Xception,visual,0.313,probability,112.16,N/A,N/A,ok,
dfdc_test_000573,DFDC-DFDC_Fake,1,Xception,visual,0.7286,probability,104.86,N/A,N/A,ok,
dfdc_test_000574,DFDC-DFDC_Fake,1,Xception,visual,0.5002,probability,103.08,N/A,N/A,ok,
dfdc_test_000575,DFDC-DFDC_Fake,1,Xception,visual,0.6201,probability,90.65,N/A,N/A,ok,
dfdc_test_000576,DFDC-DFDC_Fake,1,Xception,visual,0.1818,probability,113.36,N/A,N/A,ok,
dfdc_test_000577,DFDC-DFDC_Fake,1,Xception,visual,0.5382,probability,119.62,N/A,N/A,ok,
dfdc_test_000578,DFDC-DFDC_Fake,1,Xception,visual,0.6335,probability,105.67,N/A,N/A,ok,
dfdc_test_000579,DFDC-DFDC_Fake,1,Xception,visual,0.8071,probability,103.71,N/A,N/A,ok,
dfdc_test_000580,DFDC-DFDC_Fake,1,Xception,visual,0.6174,probability,134.79,N/A,N/A,ok,
dfdc_test_000581,DFDC-DFDC_Fake,1,Xception,visual,0.987,probability,104.99,N/A,N/A,ok,
dfdc_test_000582,DFDC-DFDC_Fake,1,Xception,visual,0.4939,probability,98.25,N/A,N/A,ok,
dfdc_test_000583,DFDC-DFDC_Fake,1,Xception,visual,0.5376,probability,99.05,N/A,N/A,ok,
dfdc_test_000584,DFDC-DFDC_Fake,1,Xception,visual,0.2763,probability,118.22,N/A,N/A,ok,
dfdc_test_000585,DFDC-DFDC_Fake,1,Xception,visual,0.3455,probability,91.86,N/A,N/A,ok,
dfdc_test_000586,DFDC-DFDC_Fake,1,Xception,visual,0.4706,probability,150.4,N/A,N/A,ok,
dfdc_test_000587,DFDC-DFDC_Fake,1,Xception,visual,0.6614,probability,115.92,N/A,N/A,ok,
dfdc_test_000588,DFDC-DFDC_Fake,1,Xception,visual,0.496,probability,91.04,N/A,N/A,ok,
dfdc_test_000589,DFDC-DFDC_Fake,1,Xception,visual,0.6141,probability,122.72,N/A,N/A,ok,
dfdc_test_000590,DFDC-DFDC_Fake,1,Xception,visual,0.4958,probability,129.95,N/A,N/A,ok,
dfdc_test_000591,DFDC-DFDC_Fake,1,Xception,visual,0.8319,probability,104.1,N/A,N/A,ok,
dfdc_test_000592,DFDC-DFDC_Fake,1,Xception,visual,0.5523,probability,93.62,N/A,N/A,ok,
dfdc_test_000593,DFDC-DFDC_Fake,1,Xception,visual,0.6179,probability,95.67,N/A,N/A,ok,
dfdc_test_000594,DFDC-DFDC_Fake,1,Xception,visual,0.4805,probability,109.78,N/A,N/A,ok,
dfdc_test_000595,DFDC-DFDC_Fake,1,Xception,visual,0.6012,probability,101.78,N/A,N/A,ok,
dfdc_test_000596,DFDC-DFDC_Fake,1,Xception,visual,0.9217,probability,116.15,N/A,N/A,ok,
dfdc_test_000597,DFDC-DFDC_Fake,1,Xception,visual,0.4903,probability,98.37,N/A,N/A,ok,
dfdc_test_000598,DFDC-DFDC_Fake,1,Xception,visual,0.7566,probability,116.16,N/A,N/A,ok,
dfdc_test_000599,DFDC-DFDC_Fake,1,Xception,visual,0.862,probability,109.04,N/A,N/A,ok,
dfdc_test_000600,DFDC-DFDC_Fake,1,Xception,visual,0.4464,probability,116.63,N/A,N/A,ok,
dfdc_test_000601,DFDC-DFDC_Fake,1,Xception,visual,0.4998,probability,110.44,N/A,N/A,ok,
dfdc_test_000602,DFDC-DFDC_Fake,1,Xception,visual,0.9742,probability,105.3,N/A,N/A,ok,
dfdc_test_000603,DFDC-DFDC_Fake,1,Xception,visual,0.5823,probability,102.47,N/A,N/A,ok,
dfdc_test_000604,DFDC-DFDC_Fake,1,Xception,visual,0.2934,probability,110.52,N/A,N/A,ok,
dfdc_test_000605,DFDC-DFDC_Fake,1,Xception,visual,0.7224,probability,113.81,N/A,N/A,ok,
dfdc_test_000606,DFDC-DFDC_Fake,1,Xception,visual,0.9071,probability,108.69,N/A,N/A,ok,
dfdc_test_000607,DFDC-DFDC_Fake,1,Xception,visual,0.7507,probability,116.1,N/A,N/A,ok,
dfdc_test_000608,DFDC-DFDC_Fake,1,Xception,visual,0.5556,probability,107.45,N/A,N/A,ok,
dfdc_test_000609,DFDC-DFDC_Fake,1,Xception,visual,0.5167,probability,115.25,N/A,N/A,ok,
dfdc_test_000610,DFDC-DFDC_Fake,1,Xception,visual,0.4624,probability,120.47,N/A,N/A,ok,
dfdc_test_000611,DFDC-DFDC_Fake,1,Xception,visual,0.7755,probability,102.68,N/A,N/A,ok,
dfdc_test_000612,DFDC-DFDC_Fake,1,Xception,visual,0.4454,probability,97.25,N/A,N/A,ok,
dfdc_test_000613,DFDC-DFDC_Fake,1,Xception,visual,0.5198,probability,101.5,N/A,N/A,ok,
dfdc_test_000614,DFDC-DFDC_Fake,1,Xception,visual,0.7675,probability,121.78,N/A,N/A,ok,
dfdc_test_000615,DFDC-DFDC_Fake,1,Xception,visual,0.3898,probability,112.25,N/A,N/A,ok,
dfdc_test_000616,DFDC-DFDC_Fake,1,Xception,visual,0.6404,probability,126.82,N/A,N/A,ok,
dfdc_test_000617,DFDC-DFDC_Fake,1,Xception,visual,0.5131,probability,118.81,N/A,N/A,ok,
dfdc_test_000618,DFDC-DFDC_Fake,1,Xception,visual,0.4798,probability,138.72,N/A,N/A,ok,
dfdc_test_000619,DFDC-DFDC_Fake,1,Xception,visual,0.7773,probability,95.17,N/A,N/A,ok,
dfdc_test_000620,DFDC-DFDC_Fake,1,Xception,visual,0.6513,probability,124.29,N/A,N/A,ok,
dfdc_test_000621,DFDC-DFDC_Fake,1,Xception,visual,0.9239,probability,143.26,N/A,N/A,ok,
dfdc_test_000622,DFDC-DFDC_Fake,1,Xception,visual,0.9698,probability,107.59,N/A,N/A,ok,
dfdc_test_000623,DFDC-DFDC_Fake,1,Xception,visual,0.5124,probability,105.48,N/A,N/A,ok,
dfdc_test_000624,DFDC-DFDC_Fake,1,Xception,visual,0.4151,probability,98.44,N/A,N/A,ok,
dfdc_test_000625,DFDC-DFDC_Fake,1,Xception,visual,0.9896,probability,111.1,N/A,N/A,ok,
dfdc_test_000626,DFDC-DFDC_Fake,1,Xception,visual,0.3972,probability,132.62,N/A,N/A,ok,
dfdc_test_000627,DFDC-DFDC_Fake,1,Xception,visual,0.2758,probability,123.42,N/A,N/A,ok,
dfdc_test_000628,DFDC-DFDC_Fake,1,Xception,visual,0.7571,probability,111.87,N/A,N/A,ok,
dfdc_test_000629,DFDC-DFDC_Fake,1,Xception,visual,0.276,probability,129.66,N/A,N/A,ok,
dfdc_test_000630,DFDC-DFDC_Fake,1,Xception,visual,0.816,probability,117.27,N/A,N/A,ok,
dfdc_test_000631,DFDC-DFDC_Fake,1,Xception,visual,0.966,probability,105.15,N/A,N/A,ok,
dfdc_test_000632,DFDC-DFDC_Fake,1,Xception,visual,0.6296,probability,94.96,N/A,N/A,ok,
dfdc_test_000633,DFDC-DFDC_Fake,1,Xception,visual,0.5804,probability,109.29,N/A,N/A,ok,
dfdc_test_000634,DFDC-DFDC_Fake,1,Xception,visual,0.8844,probability,118.15,N/A,N/A,ok,
dfdc_test_000635,DFDC-DFDC_Fake,1,Xception,visual,0.5111,probability,143.49,N/A,N/A,ok,
dfdc_test_000636,DFDC-DFDC_Fake,1,Xception,visual,0.7218,probability,107.45,N/A,N/A,ok,
dfdc_test_000637,DFDC-DFDC_Fake,1,Xception,visual,0.5833,probability,97.74,N/A,N/A,ok,
dfdc_test_000638,DFDC-DFDC_Fake,1,Xception,visual,0.6549,probability,116.28,N/A,N/A,ok,
dfdc_test_000639,DFDC-DFDC_Fake,1,Xception,visual,0.7572,probability,114.6,N/A,N/A,ok,
dfdc_test_000640,DFDC-DFDC_Fake,1,Xception,visual,0.4839,probability,128.92,N/A,N/A,ok,
dfdc_test_000641,DFDC-DFDC_Fake,1,Xception,visual,0.4039,probability,105.07,N/A,N/A,ok,
dfdc_test_000642,DFDC-DFDC_Fake,1,Xception,visual,0.2477,probability,123.82,N/A,N/A,ok,
dfdc_test_000643,DFDC-DFDC_Fake,1,Xception,visual,0.8129,probability,114.32,N/A,N/A,ok,
dfdc_test_000644,DFDC-DFDC_Fake,1,Xception,visual,0.2354,probability,112.97,N/A,N/A,ok,
dfdc_test_000645,DFDC-DFDC_Fake,1,Xception,visual,0.8248,probability,116.02,N/A,N/A,ok,
dfdc_test_000646,DFDC-DFDC_Fake,1,Xception,visual,0.4847,probability,117.96,N/A,N/A,ok,
dfdc_test_000647,DFDC-DFDC_Fake,1,Xception,visual,0.4037,probability,110.5,N/A,N/A,ok,
dfdc_test_000648,DFDC-DFDC_Fake,1,Xception,visual,0.115,probability,131.04,N/A,N/A,ok,
dfdc_test_000649,DFDC-DFDC_Fake,1,Xception,visual,0.6111,probability,96.26,N/A,N/A,ok,
dfdc_test_000650,DFDC-DFDC_Fake,1,Xception,visual,0.4765,probability,108.7,N/A,N/A,ok,
dfdc_test_000651,DFDC-DFDC_Fake,1,Xception,visual,0.6998,probability,98.13,N/A,N/A,ok,
dfdc_test_000652,DFDC-DFDC_Fake,1,Xception,visual,0.6734,probability,122.85,N/A,N/A,ok,
dfdc_test_000653,DFDC-DFDC_Fake,1,Xception,visual,0.8112,probability,92.55,N/A,N/A,ok,
dfdc_test_000654,DFDC-DFDC_Fake,1,Xception,visual,0.5105,probability,98.62,N/A,N/A,ok,
dfdc_test_000655,DFDC-DFDC_Fake,1,Xception,visual,0.5526,probability,93.26,N/A,N/A,ok,
dfdc_test_000656,DFDC-DFDC_Fake,1,Xception,visual,0.209,probability,97.59,N/A,N/A,ok,
dfdc_test_000657,DFDC-DFDC_Fake,1,Xception,visual,0.755,probability,123.72,N/A,N/A,ok,
dfdc_test_000658,DFDC-DFDC_Fake,1,Xception,visual,0.6227,probability,108.66,N/A,N/A,ok,
dfdc_test_000659,DFDC-DFDC_Fake,1,Xception,visual,0.9635,probability,123.25,N/A,N/A,ok,
dfdc_test_000660,DFDC-DFDC_Fake,1,Xception,visual,0.0722,probability,125.74,N/A,N/A,ok,
dfdc_test_000661,DFDC-DFDC_Fake,1,Xception,visual,0.9176,probability,114.54,N/A,N/A,ok,
dfdc_test_000662,DFDC-DFDC_Fake,1,Xception,visual,0.4561,probability,127.97,N/A,N/A,ok,
dfdc_test_000663,DFDC-DFDC_Fake,1,Xception,visual,0.5242,probability,93.18,N/A,N/A,ok,
dfdc_test_000664,DFDC-DFDC_Fake,1,Xception,visual,0.5199,probability,103.24,N/A,N/A,ok,
dfdc_test_000665,DFDC-DFDC_Fake,1,Xception,visual,0.8071,probability,142.44,N/A,N/A,ok,
dfdc_test_000666,DFDC-DFDC_Fake,1,Xception,visual,0.7098,probability,116.12,N/A,N/A,ok,
dfdc_test_000667,DFDC-DFDC_Fake,1,Xception,visual,0.9238,probability,94.82,N/A,N/A,ok,
dfdc_test_000668,DFDC-DFDC_Fake,1,Xception,visual,0.7184,probability,93.67,N/A,N/A,ok,
dfdc_test_000669,DFDC-DFDC_Fake,1,Xception,visual,0.5925,probability,113.41,N/A,N/A,ok,
dfdc_test_000670,DFDC-DFDC_Fake,1,Xception,visual,0.4436,probability,98.33,N/A,N/A,ok,
dfdc_test_000671,DFDC-DFDC_Fake,1,Xception,visual,0.2962,probability,116.89,N/A,N/A,ok,
dfdc_test_000672,DFDC-DFDC_Fake,1,Xception,visual,0.4664,probability,111.94,N/A,N/A,ok,
dfdc_test_000673,DFDC-DFDC_Fake,1,Xception,visual,0.6754,probability,102.76,N/A,N/A,ok,
dfdc_test_000674,DFDC-DFDC_Fake,1,Xception,visual,0.8586,probability,117.18,N/A,N/A,ok,
dfdc_test_000675,DFDC-DFDC_Fake,1,Xception,visual,0.4129,probability,135.43,N/A,N/A,ok,
dfdc_test_000676,DFDC-DFDC_Fake,1,Xception,visual,0.7875,probability,152.64,N/A,N/A,ok,
dfdc_test_000677,DFDC-DFDC_Fake,1,Xception,visual,0.3873,probability,120.86,N/A,N/A,ok,
dfdc_test_000678,DFDC-DFDC_Fake,1,Xception,visual,0.479,probability,119.05,N/A,N/A,ok,
dfdc_test_000679,DFDC-DFDC_Fake,1,Xception,visual,0.6266,probability,112.24,N/A,N/A,ok,
dfdc_test_000680,DFDC-DFDC_Fake,1,Xception,visual,0.4973,probability,107.53,N/A,N/A,ok,
dfdc_test_000681,DFDC-DFDC_Fake,1,Xception,visual,0.8728,probability,109.98,N/A,N/A,ok,
dfdc_test_000682,DFDC-DFDC_Fake,1,Xception,visual,0.5932,probability,129.63,N/A,N/A,ok,
dfdc_test_000683,DFDC-DFDC_Fake,1,Xception,visual,0.6773,probability,122.33,N/A,N/A,ok,
dfdc_test_000684,DFDC-DFDC_Fake,1,Xception,visual,0.5154,probability,156.21,N/A,N/A,ok,
dfdc_test_000685,DFDC-DFDC_Fake,1,Xception,visual,0.6002,probability,113.74,N/A,N/A,ok,
dfdc_test_000686,DFDC-DFDC_Fake,1,Xception,visual,0.9199,probability,95.46,N/A,N/A,ok,
dfdc_test_000687,DFDC-DFDC_Fake,1,Xception,visual,0.4703,probability,127.34,N/A,N/A,ok,
dfdc_test_000688,DFDC-DFDC_Fake,1,Xception,visual,0.8218,probability,106.05,N/A,N/A,ok,
dfdc_test_000689,DFDC-DFDC_Fake,1,Xception,visual,0.7213,probability,114.37,N/A,N/A,ok,
dfdc_test_000690,DFDC-DFDC_Fake,1,Xception,visual,0.6918,probability,94.73,N/A,N/A,ok,
dfdc_test_000691,DFDC-DFDC_Fake,1,Xception,visual,0.3874,probability,110.19,N/A,N/A,ok,
dfdc_test_000692,DFDC-DFDC_Fake,1,Xception,visual,0.734,probability,104.11,N/A,N/A,ok,
dfdc_test_000693,DFDC-DFDC_Fake,1,Xception,visual,0.4854,probability,93.45,N/A,N/A,ok,
dfdc_test_000694,DFDC-DFDC_Fake,1,Xception,visual,0.8518,probability,107.2,N/A,N/A,ok,
dfdc_test_000695,DFDC-DFDC_Fake,1,Xception,visual,0.4954,probability,104.91,N/A,N/A,ok,
dfdc_test_000696,DFDC-DFDC_Fake,1,Xception,visual,0.3572,probability,89.64,N/A,N/A,ok,
dfdc_test_000697,DFDC-DFDC_Fake,1,Xception,visual,0.8915,probability,90.66,N/A,N/A,ok,
dfdc_test_000698,DFDC-DFDC_Fake,1,Xception,visual,0.4615,probability,111.42,N/A,N/A,ok,
dfdc_test_000699,DFDC-DFDC_Fake,1,Xception,visual,0.265,probability,111.66,N/A,N/A,ok,
dfdc_test_000700,DFDC-DFDC_Fake,1,Xception,visual,0.8608,probability,98.53,N/A,N/A,ok,
dfdc_test_000701,DFDC-DFDC_Fake,1,Xception,visual,0.3351,probability,97.92,N/A,N/A,ok,
dfdc_test_000702,DFDC-DFDC_Fake,1,Xception,visual,0.4586,probability,100.04,N/A,N/A,ok,
dfdc_test_000703,DFDC-DFDC_Fake,1,Xception,visual,0.7582,probability,104.27,N/A,N/A,ok,
dfdc_test_000704,DFDC-DFDC_Fake,1,Xception,visual,0.6205,probability,110.33,N/A,N/A,ok,
dfdc_test_000705,DFDC-DFDC_Fake,1,Xception,visual,0.4506,probability,113.8,N/A,N/A,ok,
dfdc_test_000706,DFDC-DFDC_Fake,1,Xception,visual,0.2921,probability,101.61,N/A,N/A,ok,
dfdc_test_000707,DFDC-DFDC_Fake,1,Xception,visual,0.4775,probability,103.24,N/A,N/A,ok,
dfdc_test_000708,DFDC-DFDC_Fake,1,Xception,visual,0.5042,probability,113.18,N/A,N/A,ok,
dfdc_test_000709,DFDC-DFDC_Fake,1,Xception,visual,0.2858,probability,110.52,N/A,N/A,ok,
dfdc_test_000710,DFDC-DFDC_Fake,1,Xception,visual,0.5944,probability,124.96,N/A,N/A,ok,
dfdc_test_000711,DFDC-DFDC_Fake,1,Xception,visual,0.5801,probability,90.16,N/A,N/A,ok,
dfdc_test_000712,DFDC-DFDC_Fake,1,Xception,visual,0.8457,probability,98.87,N/A,N/A,ok,
dfdc_test_000713,DFDC-DFDC_Fake,1,Xception,visual,0.751,probability,107.65,N/A,N/A,ok,
dfdc_test_000714,DFDC-DFDC_Fake,1,Xception,visual,0.5196,probability,96.19,N/A,N/A,ok,
dfdc_test_000715,DFDC-DFDC_Fake,1,Xception,visual,0.9206,probability,95.97,N/A,N/A,ok,
dfdc_test_000716,DFDC-DFDC_Fake,1,Xception,visual,0.5071,probability,110.62,N/A,N/A,ok,
dfdc_test_000717,DFDC-DFDC_Fake,1,Xception,visual,0.3952,probability,96.28,N/A,N/A,ok,
dfdc_test_000718,DFDC-DFDC_Fake,1,Xception,visual,0.4063,probability,135.72,N/A,N/A,ok,
dfdc_test_000719,DFDC-DFDC_Fake,1,Xception,visual,0.2662,probability,125.12,N/A,N/A,ok,
dfdc_test_000720,DFDC-DFDC_Fake,1,Xception,visual,0.4446,probability,93.12,N/A,N/A,ok,
dfdc_test_000721,DFDC-DFDC_Fake,1,Xception,visual,0.917,probability,111.05,N/A,N/A,ok,
dfdc_test_000722,DFDC-DFDC_Fake,1,Xception,visual,0.5264,probability,90.2,N/A,N/A,ok,
dfdc_test_000723,DFDC-DFDC_Fake,1,Xception,visual,0.6763,probability,95.66,N/A,N/A,ok,
dfdc_test_000724,DFDC-DFDC_Fake,1,Xception,visual,0.6831,probability,88.49,N/A,N/A,ok,
dfdc_test_000725,DFDC-DFDC_Fake,1,Xception,visual,0.4713,probability,108.85,N/A,N/A,ok,
dfdc_test_000726,DFDC-DFDC_Fake,1,Xception,visual,0.6545,probability,99.05,N/A,N/A,ok,
dfdc_test_000727,DFDC-DFDC_Fake,1,Xception,visual,0.8329,probability,113.23,N/A,N/A,ok,
dfdc_test_000728,DFDC-DFDC_Fake,1,Xception,visual,0.593,probability,95.31,N/A,N/A,ok,
dfdc_test_000729,DFDC-DFDC_Fake,1,Xception,visual,0.2208,probability,90.76,N/A,N/A,ok,
dfdc_test_000730,DFDC-DFDC_Fake,1,Xception,visual,0.5306,probability,108.99,N/A,N/A,ok,
dfdc_test_000731,DFDC-DFDC_Fake,1,Xception,visual,0.2117,probability,100.0,N/A,N/A,ok,
dfdc_test_000732,DFDC-DFDC_Fake,1,Xception,visual,0.3964,probability,120.31,N/A,N/A,ok,
dfdc_test_000733,DFDC-DFDC_Fake,1,Xception,visual,0.6778,probability,94.3,N/A,N/A,ok,
dfdc_test_000734,DFDC-DFDC_Fake,1,Xception,visual,0.8878,probability,115.24,N/A,N/A,ok,
dfdc_test_000735,DFDC-DFDC_Fake,1,Xception,visual,0.4761,probability,94.86,N/A,N/A,ok,
dfdc_test_000736,DFDC-DFDC_Fake,1,Xception,visual,0.4095,probability,87.88,N/A,N/A,ok,
dfdc_test_000737,DFDC-DFDC_Fake,1,Xception,visual,0.3445,probability,90.88,N/A,N/A,ok,
dfdc_test_000738,DFDC-DFDC_Fake,1,Xception,visual,0.794,probability,105.82,N/A,N/A,ok,
dfdc_test_000739,DFDC-DFDC_Fake,1,Xception,visual,0.6852,probability,97.09,N/A,N/A,ok,
dfdc_test_000740,DFDC-DFDC_Fake,1,Xception,visual,0.3557,probability,95.66,N/A,N/A,ok,
dfdc_test_000741,DFDC-DFDC_Fake,1,Xception,visual,0.4362,probability,85.3,N/A,N/A,ok,
dfdc_test_000742,DFDC-DFDC_Fake,1,Xception,visual,0.4748,probability,81.37,N/A,N/A,ok,
dfdc_test_000743,DFDC-DFDC_Fake,1,Xception,visual,0.4664,probability,82.63,N/A,N/A,ok,
dfdc_test_000744,DFDC-DFDC_Fake,1,Xception,visual,0.8172,probability,96.08,N/A,N/A,ok,
dfdc_test_000745,DFDC-DFDC_Fake,1,Xception,visual,0.5973,probability,103.65,N/A,N/A,ok,
dfdc_test_000746,DFDC-DFDC_Fake,1,Xception,visual,0.4881,probability,109.47,N/A,N/A,ok,
dfdc_test_000747,DFDC-DFDC_Fake,1,Xception,visual,0.5889,probability,84.24,N/A,N/A,ok,
dfdc_test_000748,DFDC-DFDC_Fake,1,Xception,visual,0.339,probability,121.44,N/A,N/A,ok,
dfdc_test_000749,DFDC-DFDC_Fake,1,Xception,visual,0.7599,probability,99.26,N/A,N/A,ok,
dfdc_test_000750,DFDC-DFDC_Fake,1,Xception,visual,0.9801,probability,99.33,N/A,N/A,ok,
dfdc_test_000751,DFDC-DFDC_Fake,1,Xception,visual,0.5658,probability,96.37,N/A,N/A,ok,
dfdc_test_000752,DFDC-DFDC_Fake,1,Xception,visual,0.5544,probability,90.86,N/A,N/A,ok,
dfdc_test_000753,DFDC-DFDC_Fake,1,Xception,visual,0.426,probability,82.67,N/A,N/A,ok,
dfdc_test_000754,DFDC-DFDC_Fake,1,Xception,visual,0.5925,probability,98.38,N/A,N/A,ok,
dfdc_test_000755,DFDC-DFDC_Fake,1,Xception,visual,0.5964,probability,110.68,N/A,N/A,ok,
dfdc_test_000756,DFDC-DFDC_Fake,1,Xception,visual,0.2022,probability,103.04,N/A,N/A,ok,
dfdc_test_000757,DFDC-DFDC_Fake,1,Xception,visual,0.8422,probability,109.05,N/A,N/A,ok,
dfdc_test_000758,DFDC-DFDC_Fake,1,Xception,visual,0.4866,probability,96.37,N/A,N/A,ok,
dfdc_test_000759,DFDC-DFDC_Fake,1,Xception,visual,0.4174,probability,120.56,N/A,N/A,ok,
dfdc_test_000760,DFDC-DFDC_Fake,1,Xception,visual,0.7677,probability,138.3,N/A,N/A,ok,
dfdc_test_000761,DFDC-DFDC_Fake,1,Xception,visual,0.5071,probability,136.19,N/A,N/A,ok,
dfdc_test_000762,DFDC-DFDC_Fake,1,Xception,visual,0.1924,probability,102.57,N/A,N/A,ok,
dfdc_test_000763,DFDC-DFDC_Fake,1,Xception,visual,0.6026,probability,127.24,N/A,N/A,ok,
dfdc_test_000764,DFDC-DFDC_Fake,1,Xception,visual,0.4291,probability,142.15,N/A,N/A,ok,
dfdc_test_000765,DFDC-DFDC_Fake,1,Xception,visual,0.8915,probability,114.01,N/A,N/A,ok,
dfdc_test_000766,DFDC-DFDC_Fake,1,Xception,visual,0.5279,probability,128.9,N/A,N/A,ok,
dfdc_test_000767,DFDC-DFDC_Fake,1,Xception,visual,0.5774,probability,121.61,N/A,N/A,ok,
dfdc_test_000768,DFDC-DFDC_Fake,1,Xception,visual,0.7328,probability,135.99,N/A,N/A,ok,
dfdc_test_000769,DFDC-DFDC_Fake,1,Xception,visual,0.4681,probability,159.67,N/A,N/A,ok,
dfdc_test_000770,DFDC-DFDC_Fake,1,Xception,visual,0.3888,probability,133.25,N/A,N/A,ok,
dfdc_test_000771,DFDC-DFDC_Fake,1,Xception,visual,0.2835,probability,132.19,N/A,N/A,ok,
dfdc_test_000772,DFDC-DFDC_Fake,1,Xception,visual,0.2635,probability,115.25,N/A,N/A,ok,
dfdc_test_000773,DFDC-DFDC_Fake,1,Xception,visual,0.6758,probability,125.12,N/A,N/A,ok,
dfdc_test_000774,DFDC-DFDC_Fake,1,Xception,visual,0.5699,probability,135.06,N/A,N/A,ok,
dfdc_test_000775,DFDC-DFDC_Fake,1,Xception,visual,0.6734,probability,155.47,N/A,N/A,ok,
dfdc_test_000776,DFDC-DFDC_Fake,1,Xception,visual,0.4687,probability,149.81,N/A,N/A,ok,
dfdc_test_000777,DFDC-DFDC_Fake,1,Xception,visual,0.2146,probability,138.51,N/A,N/A,ok,
dfdc_test_000778,DFDC-DFDC_Fake,1,Xception,visual,0.6144,probability,122.07,N/A,N/A,ok,
dfdc_test_000779,DFDC-DFDC_Fake,1,Xception,visual,0.5763,probability,117.85,N/A,N/A,ok,
dfdc_test_000780,DFDC-DFDC_Fake,1,Xception,visual,0.3044,probability,90.03,N/A,N/A,ok,
dfdc_test_000781,DFDC-DFDC_Fake,1,Xception,visual,0.5844,probability,118.09,N/A,N/A,ok,
dfdc_test_000782,DFDC-DFDC_Fake,1,Xception,visual,0.9563,probability,107.98,N/A,N/A,ok,
dfdc_test_000783,DFDC-DFDC_Fake,1,Xception,visual,0.5775,probability,100.39,N/A,N/A,ok,
dfdc_test_000784,DFDC-DFDC_Fake,1,Xception,visual,0.6646,probability,110.57,N/A,N/A,ok,
dfdc_test_000785,DFDC-DFDC_Fake,1,Xception,visual,0.5474,probability,108.27,N/A,N/A,ok,
dfdc_test_000786,DFDC-DFDC_Fake,1,Xception,visual,0.1479,probability,133.43,N/A,N/A,ok,
dfdc_test_000787,DFDC-DFDC_Fake,1,Xception,visual,0.7054,probability,108.32,N/A,N/A,ok,
dfdc_test_000788,DFDC-DFDC_Fake,1,Xception,visual,0.5446,probability,151.26,N/A,N/A,ok,
dfdc_test_000789,DFDC-DFDC_Fake,1,Xception,visual,0.4601,probability,115.46,N/A,N/A,ok,
dfdc_test_000790,DFDC-DFDC_Fake,1,Xception,visual,0.523,probability,141.2,N/A,N/A,ok,
dfdc_test_000791,DFDC-DFDC_Fake,1,Xception,visual,0.2752,probability,87.87,N/A,N/A,ok,
dfdc_test_000792,DFDC-DFDC_Fake,1,Xception,visual,0.8903,probability,102.33,N/A,N/A,ok,
dfdc_test_000793,DFDC-DFDC_Fake,1,Xception,visual,0.2949,probability,102.21,N/A,N/A,ok,
dfdc_test_000794,DFDC-DFDC_Fake,1,Xception,visual,0.8463,probability,119.55,N/A,N/A,ok,
dfdc_test_000795,DFDC-DFDC_Fake,1,Xception,visual,0.509,probability,114.33,N/A,N/A,ok,
dfdc_test_000796,DFDC-DFDC_Fake,1,Xception,visual,0.9623,probability,91.65,N/A,N/A,ok,
dfdc_test_000797,DFDC-DFDC_Fake,1,Xception,visual,0.8515,probability,109.67,N/A,N/A,ok,
dfdc_test_000798,DFDC-DFDC_Fake,1,Xception,visual,0.8034,probability,108.16,N/A,N/A,ok,
dfdc_test_000799,DFDC-DFDC_Fake,1,Xception,visual,0.1934,probability,90.56,N/A,N/A,ok,
dfdc_test_000800,DFDC-DFDC_Fake,1,Xception,visual,0.9445,probability,110.72,N/A,N/A,ok,
dfdc_test_000801,DFDC-DFDC_Fake,1,Xception,visual,0.6693,probability,117.15,N/A,N/A,ok,
dfdc_test_000802,DFDC-DFDC_Fake,1,Xception,visual,0.9243,probability,96.81,N/A,N/A,ok,
dfdc_test_000803,DFDC-DFDC_Fake,1,Xception,visual,0.4808,probability,88.26,N/A,N/A,ok,
dfdc_test_000804,DFDC-DFDC_Fake,1,Xception,visual,0.2928,probability,98.12,N/A,N/A,ok,
dfdc_test_000805,DFDC-DFDC_Fake,1,Xception,visual,0.9175,probability,96.51,N/A,N/A,ok,
dfdc_test_000806,DFDC-DFDC_Fake,1,Xception,visual,0.1992,probability,109.55,N/A,N/A,ok,
dfdc_test_000807,DFDC-DFDC_Fake,1,Xception,visual,0.605,probability,93.79,N/A,N/A,ok,
dfdc_test_000808,DFDC-DFDC_Fake,1,Xception,visual,0.4404,probability,108.81,N/A,N/A,ok,
dfdc_test_000809,DFDC-DFDC_Fake,1,Xception,visual,0.992,probability,96.02,N/A,N/A,ok,
dfdc_test_000810,DFDC-DFDC_Fake,1,Xception,visual,0.5142,probability,110.2,N/A,N/A,ok,
dfdc_test_000811,DFDC-DFDC_Fake,1,Xception,visual,0.7711,probability,81.62,N/A,N/A,ok,
dfdc_test_000812,DFDC-DFDC_Fake,1,Xception,visual,0.856,probability,99.33,N/A,N/A,ok,
dfdc_test_000813,DFDC-DFDC_Fake,1,Xception,visual,0.5902,probability,92.59,N/A,N/A,ok,
dfdc_test_000814,DFDC-DFDC_Fake,1,Xception,visual,0.3901,probability,112.3,N/A,N/A,ok,
dfdc_test_000815,DFDC-DFDC_Fake,1,Xception,visual,0.3761,probability,109.21,N/A,N/A,ok,
dfdc_test_000816,DFDC-DFDC_Fake,1,Xception,visual,0.7194,probability,115.87,N/A,N/A,ok,
dfdc_test_000817,DFDC-DFDC_Fake,1,Xception,visual,0.3899,probability,87.95,N/A,N/A,ok,
dfdc_test_000818,DFDC-DFDC_Fake,1,Xception,visual,0.3943,probability,113.14,N/A,N/A,ok,
dfdc_test_000819,DFDC-DFDC_Fake,1,Xception,visual,0.9425,probability,130.16,N/A,N/A,ok,
dfdc_test_000820,DFDC-DFDC_Fake,1,Xception,visual,0.1942,probability,129.29,N/A,N/A,ok,
dfdc_test_000821,DFDC-DFDC_Fake,1,Xception,visual,0.3139,probability,90.51,N/A,N/A,ok,
dfdc_test_000822,DFDC-DFDC_Fake,1,Xception,visual,0.3989,probability,106.02,N/A,N/A,ok,
dfdc_test_000823,DFDC-DFDC_Fake,1,Xception,visual,0.0724,probability,89.26,N/A,N/A,ok,
dfdc_test_000824,DFDC-DFDC_Fake,1,Xception,visual,0.7246,probability,87.19,N/A,N/A,ok,
dfdc_test_000825,DFDC-DFDC_Fake,1,Xception,visual,0.1108,probability,115.54,N/A,N/A,ok,
dfdc_test_000826,DFDC-DFDC_Fake,1,Xception,visual,0.8935,probability,117.51,N/A,N/A,ok,
dfdc_test_000827,DFDC-DFDC_Fake,1,Xception,visual,0.5589,probability,88.2,N/A,N/A,ok,
dfdc_test_000828,DFDC-DFDC_Fake,1,Xception,visual,0.4227,probability,105.68,N/A,N/A,ok,
dfdc_test_000829,DFDC-DFDC_Fake,1,Xception,visual,0.1514,probability,99.56,N/A,N/A,ok,
dfdc_test_000830,DFDC-DFDC_Fake,1,Xception,visual,0.3274,probability,114.83,N/A,N/A,ok,
dfdc_test_000831,DFDC-DFDC_Fake,1,Xception,visual,0.6033,probability,92.88,N/A,N/A,ok,
dfdc_test_000832,DFDC-DFDC_Fake,1,Xception,visual,0.5077,probability,118.42,N/A,N/A,ok,
dfdc_test_000833,DFDC-DFDC_Fake,1,Xception,visual,0.6209,probability,139.45,N/A,N/A,ok,
dfdc_test_000834,DFDC-DFDC_Fake,1,Xception,visual,0.6575,probability,112.43,N/A,N/A,ok,
dfdc_test_000835,DFDC-DFDC_Fake,1,Xception,visual,0.8027,probability,85.15,N/A,N/A,ok,
dfdc_test_000836,DFDC-DFDC_Fake,1,Xception,visual,0.3934,probability,124.8,N/A,N/A,ok,
dfdc_test_000837,DFDC-DFDC_Fake,1,Xception,visual,0.4357,probability,107.79,N/A,N/A,ok,
dfdc_test_000838,DFDC-DFDC_Fake,1,Xception,visual,0.6693,probability,164.45,N/A,N/A,ok,
dfdc_test_000839,DFDC-DFDC_Fake,1,Xception,visual,0.6168,probability,111.58,N/A,N/A,ok,
dfdc_test_000840,DFDC-DFDC_Fake,1,Xception,visual,0.619,probability,107.59,N/A,N/A,ok,
dfdc_test_000841,DFDC-DFDC_Fake,1,Xception,visual,0.0687,probability,128.02,N/A,N/A,ok,
dfdc_test_000842,DFDC-DFDC_Fake,1,Xception,visual,0.485,probability,94.17,N/A,N/A,ok,
dfdc_test_000843,DFDC-DFDC_Fake,1,Xception,visual,0.5051,probability,96.71,N/A,N/A,ok,
dfdc_test_000844,DFDC-DFDC_Fake,1,Xception,visual,0.4677,probability,102.52,N/A,N/A,ok,
dfdc_test_000845,DFDC-DFDC_Fake,1,Xception,visual,0.5849,probability,132.81,N/A,N/A,ok,
dfdc_test_000846,DFDC-DFDC_Fake,1,Xception,visual,0.5482,probability,112.62,N/A,N/A,ok,
dfdc_test_000847,DFDC-DFDC_Fake,1,Xception,visual,0.2508,probability,128.73,N/A,N/A,ok,
dfdc_test_000848,DFDC-DFDC_Fake,1,Xception,visual,0.4803,probability,102.77,N/A,N/A,ok,
dfdc_test_000849,DFDC-DFDC_Fake,1,Xception,visual,0.323,probability,95.96,N/A,N/A,ok,
dfdc_test_000850,DFDC-DFDC_Fake,1,Xception,visual,0.7955,probability,94.75,N/A,N/A,ok,
dfdc_test_000851,DFDC-DFDC_Fake,1,Xception,visual,0.7833,probability,96.35,N/A,N/A,ok,
dfdc_test_000852,DFDC-DFDC_Fake,1,Xception,visual,0.4934,probability,110.04,N/A,N/A,ok,
dfdc_test_000853,DFDC-DFDC_Fake,1,Xception,visual,0.4771,probability,86.88,N/A,N/A,ok,
dfdc_test_000854,DFDC-DFDC_Fake,1,Xception,visual,0.7796,probability,88.3,N/A,N/A,ok,
dfdc_test_000855,DFDC-DFDC_Fake,1,Xception,visual,0.8015,probability,107.34,N/A,N/A,ok,
dfdc_test_000856,DFDC-DFDC_Fake,1,Xception,visual,0.6383,probability,146.96,N/A,N/A,ok,
dfdc_test_000857,DFDC-DFDC_Fake,1,Xception,visual,0.4967,probability,91.29,N/A,N/A,ok,
dfdc_test_000858,DFDC-DFDC_Fake,1,Xception,visual,0.9474,probability,87.39,N/A,N/A,ok,
dfdc_test_000859,DFDC-DFDC_Fake,1,Xception,visual,0.5378,probability,104.23,N/A,N/A,ok,
dfdc_test_000860,DFDC-DFDC_Fake,1,Xception,visual,0.8935,probability,121.04,N/A,N/A,ok,
dfdc_test_000861,DFDC-DFDC_Fake,1,Xception,visual,0.5311,probability,98.03,N/A,N/A,ok,
dfdc_test_000862,DFDC-DFDC_Fake,1,Xception,visual,0.5561,probability,87.12,N/A,N/A,ok,
dfdc_test_000863,DFDC-DFDC_Fake,1,Xception,visual,0.6668,probability,105.58,N/A,N/A,ok,
dfdc_test_000864,DFDC-DFDC_Fake,1,Xception,visual,0.4787,probability,121.49,N/A,N/A,ok,
dfdc_test_000865,DFDC-DFDC_Fake,1,Xception,visual,0.512,probability,95.07,N/A,N/A,ok,
dfdc_test_000866,DFDC-DFDC_Fake,1,Xception,visual,0.4633,probability,91.05,N/A,N/A,ok,
dfdc_test_000867,DFDC-DFDC_Fake,1,Xception,visual,0.4157,probability,153.21,N/A,N/A,ok,
dfdc_test_000868,DFDC-DFDC_Fake,1,Xception,visual,0.9492,probability,88.03,N/A,N/A,ok,
dfdc_test_000869,DFDC-DFDC_Fake,1,Xception,visual,0.4683,probability,97.73,N/A,N/A,ok,
dfdc_test_000870,DFDC-DFDC_Fake,1,Xception,visual,0.7041,probability,107.89,N/A,N/A,ok,
dfdc_test_000871,DFDC-DFDC_Fake,1,Xception,visual,0.6319,probability,90.18,N/A,N/A,ok,
dfdc_test_000872,DFDC-DFDC_Fake,1,Xception,visual,0.6425,probability,110.69,N/A,N/A,ok,
dfdc_test_000873,DFDC-DFDC_Fake,1,Xception,visual,0.5717,probability,119.95,N/A,N/A,ok,
dfdc_test_000874,DFDC-DFDC_Fake,1,Xception,visual,0.4887,probability,86.87,N/A,N/A,ok,
dfdc_test_000875,DFDC-DFDC_Fake,1,Xception,visual,0.3172,probability,140.2,N/A,N/A,ok,
dfdc_test_000876,DFDC-DFDC_Fake,1,Xception,visual,0.4646,probability,123.82,N/A,N/A,ok,
dfdc_test_000877,DFDC-DFDC_Fake,1,Xception,visual,0.8528,probability,153.84,N/A,N/A,ok,
dfdc_test_000878,DFDC-DFDC_Fake,1,Xception,visual,0.8992,probability,100.59,N/A,N/A,ok,
dfdc_test_000879,DFDC-DFDC_Fake,1,Xception,visual,0.3815,probability,105.06,N/A,N/A,ok,
dfdc_test_000880,DFDC-DFDC_Fake,1,Xception,visual,0.6526,probability,95.89,N/A,N/A,ok,
dfdc_test_000881,DFDC-DFDC_Fake,1,Xception,visual,0.5333,probability,129.53,N/A,N/A,ok,
dfdc_test_000882,DFDC-DFDC_Fake,1,Xception,visual,0.5589,probability,94.72,N/A,N/A,ok,
dfdc_test_000883,DFDC-DFDC_Fake,1,Xception,visual,0.5572,probability,108.75,N/A,N/A,ok,
dfdc_test_000884,DFDC-DFDC_Fake,1,Xception,visual,0.591,probability,114.98,N/A,N/A,ok,
dfdc_test_000885,DFDC-DFDC_Fake,1,Xception,visual,0.518,probability,103.0,N/A,N/A,ok,
dfdc_test_000886,DFDC-DFDC_Fake,1,Xception,visual,0.3775,probability,105.07,N/A,N/A,ok,
dfdc_test_000887,DFDC-DFDC_Fake,1,Xception,visual,0.5277,probability,115.96,N/A,N/A,ok,
dfdc_test_000888,DFDC-DFDC_Fake,1,Xception,visual,0.5857,probability,127.2,N/A,N/A,ok,
dfdc_test_000889,DFDC-DFDC_Fake,1,Xception,visual,0.6267,probability,171.05,N/A,N/A,ok,
dfdc_test_000890,DFDC-DFDC_Fake,1,Xception,visual,0.4795,probability,114.79,N/A,N/A,ok,
dfdc_test_000891,DFDC-DFDC_Fake,1,Xception,visual,0.6478,probability,109.9,N/A,N/A,ok,
dfdc_test_000892,DFDC-DFDC_Fake,1,Xception,visual,0.783,probability,98.37,N/A,N/A,ok,
dfdc_test_000893,DFDC-DFDC_Fake,1,Xception,visual,0.8032,probability,100.11,N/A,N/A,ok,
dfdc_test_000894,DFDC-DFDC_Fake,1,Xception,visual,0.829,probability,140.12,N/A,N/A,ok,
dfdc_test_000895,DFDC-DFDC_Fake,1,Xception,visual,0.3554,probability,115.49,N/A,N/A,ok,
dfdc_test_000896,DFDC-DFDC_Fake,1,Xception,visual,0.3601,probability,92.53,N/A,N/A,ok,
dfdc_test_000897,DFDC-DFDC_Fake,1,Xception,visual,0.5202,probability,155.54,N/A,N/A,ok,
dfdc_test_000898,DFDC-DFDC_Fake,1,Xception,visual,0.6896,probability,95.18,N/A,N/A,ok,
dfdc_test_000899,DFDC-DFDC_Fake,1,Xception,visual,0.7435,probability,132.41,N/A,N/A,ok,
dfdc_test_000900,DFDC-DFDC_Fake,1,Xception,visual,0.4669,probability,115.63,N/A,N/A,ok,
dfdc_test_000901,DFDC-DFDC_Fake,1,Xception,visual,0.5994,probability,89.96,N/A,N/A,ok,
dfdc_test_000902,DFDC-DFDC_Fake,1,Xception,visual,0.5003,probability,94.53,N/A,N/A,ok,
dfdc_test_000903,DFDC-DFDC_Fake,1,Xception,visual,0.4597,probability,94.03,N/A,N/A,ok,
dfdc_test_000904,DFDC-DFDC_Fake,1,Xception,visual,0.6029,probability,148.23,N/A,N/A,ok,
dfdc_test_000905,DFDC-DFDC_Fake,1,Xception,visual,0.8377,probability,95.49,N/A,N/A,ok,
dfdc_test_000906,DFDC-DFDC_Fake,1,Xception,visual,0.4933,probability,117.84,N/A,N/A,ok,
dfdc_test_000907,DFDC-DFDC_Fake,1,Xception,visual,0.3748,probability,108.12,N/A,N/A,ok,
dfdc_test_000908,DFDC-DFDC_Fake,1,Xception,visual,0.4215,probability,99.5,N/A,N/A,ok,
dfdc_test_000909,DFDC-DFDC_Fake,1,Xception,visual,0.2849,probability,113.85,N/A,N/A,ok,
dfdc_test_000910,DFDC-DFDC_Fake,1,Xception,visual,0.7899,probability,135.6,N/A,N/A,ok,
dfdc_test_000911,DFDC-DFDC_Fake,1,Xception,visual,0.1368,probability,122.77,N/A,N/A,ok,
dfdc_test_000912,DFDC-DFDC_Fake,1,Xception,visual,0.143,probability,119.8,N/A,N/A,ok,
dfdc_test_000913,DFDC-DFDC_Fake,1,Xception,visual,0.4697,probability,90.56,N/A,N/A,ok,
dfdc_test_000914,DFDC-DFDC_Fake,1,Xception,visual,0.6187,probability,111.82,N/A,N/A,ok,
dfdc_test_000915,DFDC-DFDC_Fake,1,Xception,visual,0.3323,probability,115.43,N/A,N/A,ok,
dfdc_test_000916,DFDC-DFDC_Fake,1,Xception,visual,0.2709,probability,148.06,N/A,N/A,ok,
dfdc_test_000917,DFDC-DFDC_Fake,1,Xception,visual,0.9064,probability,124.44,N/A,N/A,ok,
dfdc_test_000918,DFDC-DFDC_Fake,1,Xception,visual,0.4769,probability,139.88,N/A,N/A,ok,
dfdc_test_000919,DFDC-DFDC_Fake,1,Xception,visual,0.9708,probability,125.85,N/A,N/A,ok,
dfdc_test_000920,DFDC-DFDC_Fake,1,Xception,visual,0.6146,probability,109.52,N/A,N/A,ok,
dfdc_test_000921,DFDC-DFDC_Fake,1,Xception,visual,0.6343,probability,97.63,N/A,N/A,ok,
dfdc_test_000922,DFDC-DFDC_Fake,1,Xception,visual,0.8476,probability,99.17,N/A,N/A,ok,
dfdc_test_000923,DFDC-DFDC_Fake,1,Xception,visual,0.4983,probability,92.74,N/A,N/A,ok,
dfdc_test_000924,DFDC-DFDC_Fake,1,Xception,visual,0.2716,probability,99.27,N/A,N/A,ok,
dfdc_test_000925,DFDC-DFDC_Fake,1,Xception,visual,0.1737,probability,99.97,N/A,N/A,ok,
dfdc_test_000926,DFDC-DFDC_Fake,1,Xception,visual,0.5031,probability,87.78,N/A,N/A,ok,
dfdc_test_000927,DFDC-DFDC_Fake,1,Xception,visual,0.8143,probability,94.72,N/A,N/A,ok,
dfdc_test_000928,DFDC-DFDC_Fake,1,Xception,visual,0.371,probability,95.14,N/A,N/A,ok,
dfdc_test_000929,DFDC-DFDC_Fake,1,Xception,visual,0.6049,probability,116.0,N/A,N/A,ok,
dfdc_test_000930,DFDC-DFDC_Fake,1,Xception,visual,0.613,probability,95.49,N/A,N/A,ok,
dfdc_test_000931,DFDC-DFDC_Fake,1,Xception,visual,0.6483,probability,101.81,N/A,N/A,ok,
dfdc_test_000932,DFDC-DFDC_Fake,1,Xception,visual,0.6072,probability,106.16,N/A,N/A,ok,
dfdc_test_000933,DFDC-DFDC_Fake,1,Xception,visual,0.3455,probability,88.82,N/A,N/A,ok,
dfdc_test_000934,DFDC-DFDC_Fake,1,Xception,visual,0.7079,probability,111.14,N/A,N/A,ok,
dfdc_test_000935,DFDC-DFDC_Fake,1,Xception,visual,0.8556,probability,116.53,N/A,N/A,ok,
dfdc_test_000936,DFDC-DFDC_Fake,1,Xception,visual,0.6761,probability,99.5,N/A,N/A,ok,
dfdc_test_000937,DFDC-DFDC_Fake,1,Xception,visual,0.2082,probability,91.08,N/A,N/A,ok,
dfdc_test_000938,DFDC-DFDC_Fake,1,Xception,visual,0.4921,probability,100.72,N/A,N/A,ok,
dfdc_test_000939,DFDC-DFDC_Fake,1,Xception,visual,0.2105,probability,98.43,N/A,N/A,ok,
dfdc_test_000940,DFDC-DFDC_Fake,1,Xception,visual,0.7745,probability,102.15,N/A,N/A,ok,
dfdc_test_000941,DFDC-DFDC_Fake,1,Xception,visual,0.5458,probability,124.63,N/A,N/A,ok,
dfdc_test_000942,DFDC-DFDC_Fake,1,Xception,visual,0.8657,probability,99.33,N/A,N/A,ok,
dfdc_test_000943,DFDC-DFDC_Fake,1,Xception,visual,0.5339,probability,173.21,N/A,N/A,ok,
dfdc_test_000944,DFDC-DFDC_Fake,1,Xception,visual,0.3444,probability,105.64,N/A,N/A,ok,
dfdc_test_000945,DFDC-DFDC_Fake,1,Xception,visual,0.4514,probability,113.49,N/A,N/A,ok,
dfdc_test_000946,DFDC-DFDC_Fake,1,Xception,visual,0.4819,probability,98.04,N/A,N/A,ok,
dfdc_test_000947,DFDC-DFDC_Fake,1,Xception,visual,0.6194,probability,104.48,N/A,N/A,ok,
dfdc_test_000948,DFDC-DFDC_Fake,1,Xception,visual,0.4854,probability,127.55,N/A,N/A,ok,
dfdc_test_000949,DFDC-DFDC_Fake,1,Xception,visual,0.5947,probability,118.86,N/A,N/A,ok,
dfdc_test_000950,DFDC-DFDC_Fake,1,Xception,visual,0.3808,probability,152.58,N/A,N/A,ok,
dfdc_test_000951,DFDC-DFDC_Fake,1,Xception,visual,0.4551,probability,132.26,N/A,N/A,ok,
dfdc_test_000952,DFDC-DFDC_Fake,1,Xception,visual,0.3678,probability,133.09,N/A,N/A,ok,
dfdc_test_000953,DFDC-DFDC_Fake,1,Xception,visual,0.8863,probability,104.02,N/A,N/A,ok,
dfdc_test_000954,DFDC-DFDC_Fake,1,Xception,visual,0.8711,probability,108.7,N/A,N/A,ok,
dfdc_test_000955,DFDC-DFDC_Fake,1,Xception,visual,0.7339,probability,93.36,N/A,N/A,ok,
dfdc_test_000956,DFDC-DFDC_Fake,1,Xception,visual,0.4354,probability,135.47,N/A,N/A,ok,
dfdc_test_000957,DFDC-DFDC_Fake,1,Xception,visual,0.7416,probability,161.32,N/A,N/A,ok,
dfdc_test_000958,DFDC-DFDC_Fake,1,Xception,visual,0.9716,probability,161.48,N/A,N/A,ok,
dfdc_test_000959,DFDC-DFDC_Fake,1,Xception,visual,0.5306,probability,132.91,N/A,N/A,ok,
dfdc_test_000960,DFDC-DFDC_Fake,1,Xception,visual,0.5159,probability,130.31,N/A,N/A,ok,
dfdc_test_000961,DFDC-DFDC_Fake,1,Xception,visual,0.338,probability,136.21,N/A,N/A,ok,
dfdc_test_000962,DFDC-DFDC_Fake,1,Xception,visual,0.3512,probability,124.34,N/A,N/A,ok,
dfdc_test_000963,DFDC-DFDC_Fake,1,Xception,visual,0.9015,probability,128.67,N/A,N/A,ok,
dfdc_test_000964,DFDC-DFDC_Fake,1,Xception,visual,0.5141,probability,150.49,N/A,N/A,ok,
dfdc_test_000965,DFDC-DFDC_Fake,1,Xception,visual,0.8241,probability,106.65,N/A,N/A,ok,
dfdc_test_000966,DFDC-DFDC_Fake,1,Xception,visual,0.6032,probability,93.71,N/A,N/A,ok,
dfdc_test_000967,DFDC-DFDC_Fake,1,Xception,visual,0.8669,probability,123.89,N/A,N/A,ok,
dfdc_test_000968,DFDC-DFDC_Fake,1,Xception,visual,0.5132,probability,135.21,N/A,N/A,ok,
dfdc_test_000969,DFDC-DFDC_Fake,1,Xception,visual,0.6358,probability,116.53,N/A,N/A,ok,
dfdc_test_000970,DFDC-DFDC_Fake,1,Xception,visual,0.4051,probability,98.53,N/A,N/A,ok,
dfdc_test_000971,DFDC-DFDC_Fake,1,Xception,visual,0.498,probability,138.8,N/A,N/A,ok,
dfdc_test_000972,DFDC-DFDC_Fake,1,Xception,visual,0.5666,probability,98.27,N/A,N/A,ok,
dfdc_test_000973,DFDC-DFDC_Fake,1,Xception,visual,0.3983,probability,127.15,N/A,N/A,ok,
dfdc_test_000974,DFDC-DFDC_Fake,1,Xception,visual,0.9157,probability,108.6,N/A,N/A,ok,
dfdc_test_000975,DFDC-DFDC_Fake,1,Xception,visual,0.4721,probability,105.22,N/A,N/A,ok,
dfdc_test_000976,DFDC-DFDC_Fake,1,Xception,visual,0.4501,probability,107.25,N/A,N/A,ok,
dfdc_test_000977,DFDC-DFDC_Fake,1,Xception,visual,0.8419,probability,128.28,N/A,N/A,ok,
dfdc_test_000978,DFDC-DFDC_Fake,1,Xception,visual,0.2593,probability,96.93,N/A,N/A,ok,
dfdc_test_000979,DFDC-DFDC_Fake,1,Xception,visual,0.4882,probability,130.45,N/A,N/A,ok,
dfdc_test_000980,DFDC-DFDC_Fake,1,Xception,visual,0.3794,probability,125.21,N/A,N/A,ok,
dfdc_test_000981,DFDC-DFDC_Fake,1,Xception,visual,0.6507,probability,103.3,N/A,N/A,ok,
dfdc_test_000982,DFDC-DFDC_Fake,1,Xception,visual,0.4289,probability,90.93,N/A,N/A,ok,
dfdc_test_000983,DFDC-DFDC_Fake,1,Xception,visual,0.7774,probability,105.94,N/A,N/A,ok,
dfdc_test_000984,DFDC-DFDC_Fake,1,Xception,visual,0.4072,probability,93.53,N/A,N/A,ok,
dfdc_test_000985,DFDC-DFDC_Fake,1,Xception,visual,0.7899,probability,84.27,N/A,N/A,ok,
dfdc_test_000986,DFDC-DFDC_Fake,1,Xception,visual,0.5041,probability,103.12,N/A,N/A,ok,
dfdc_test_000987,DFDC-DFDC_Fake,1,Xception,visual,0.4729,probability,99.95,N/A,N/A,ok,
dfdc_test_000988,DFDC-DFDC_Fake,1,Xception,visual,0.9547,probability,111.17,N/A,N/A,ok,
dfdc_test_000989,DFDC-DFDC_Fake,1,Xception,visual,0.6409,probability,115.79,N/A,N/A,ok,
dfdc_test_000990,DFDC-DFDC_Fake,1,Xception,visual,0.8654,probability,147.94,N/A,N/A,ok,
dfdc_test_000991,DFDC-DFDC_Fake,1,Xception,visual,0.3933,probability,91.34,N/A,N/A,ok,
dfdc_test_000992,DFDC-DFDC_Fake,1,Xception,visual,0.6971,probability,114.67,N/A,N/A,ok,
dfdc_test_000993,DFDC-DFDC_Fake,1,Xception,visual,0.4842,probability,86.95,N/A,N/A,ok,
dfdc_test_000994,DFDC-DFDC_Fake,1,Xception,visual,0.9956,probability,92.87,N/A,N/A,ok,
dfdc_test_000995,DFDC-DFDC_Fake,1,Xception,visual,0.5206,probability,90.73,N/A,N/A,ok,
dfdc_test_000996,DFDC-DFDC_Fake,1,Xception,visual,0.5299,probability,104.53,N/A,N/A,ok,
dfdc_test_000997,DFDC-DFDC_Fake,1,Xception,visual,0.4915,probability,132.92,N/A,N/A,ok,
dfdc_test_000998,DFDC-DFDC_Fake,1,Xception,visual,0.8888,probability,109.87,N/A,N/A,ok,
dfdc_test_000999,DFDC-DFDC_Fake,1,Xception,visual,0.3917,probability,123.9,N/A,N/A,ok,
dfdc_test_001000,DFDC-DFDC_Fake,1,Xception,visual,0.9365,probability,137.17,N/A,N/A,ok,
dfdc_test_001001,DFDC-DFDC_Fake,1,Xception,visual,0.555,probability,96.68,N/A,N/A,ok,
dfdc_test_001002,DFDC-DFDC_Fake,1,Xception,visual,0.4839,probability,86.72,N/A,N/A,ok,
dfdc_test_001003,DFDC-DFDC_Fake,1,Xception,visual,0.9731,probability,99.55,N/A,N/A,ok,
dfdc_test_001004,DFDC-DFDC_Fake,1,Xception,visual,0.6158,probability,101.87,N/A,N/A,ok,
dfdc_test_001005,DFDC-DFDC_Fake,1,Xception,visual,0.6876,probability,133.06,N/A,N/A,ok,
dfdc_test_001006,DFDC-DFDC_Fake,1,Xception,visual,0.3241,probability,120.7,N/A,N/A,ok,
dfdc_test_001007,DFDC-DFDC_Fake,1,Xception,visual,0.2262,probability,94.14,N/A,N/A,ok,
dfdc_test_001008,DFDC-DFDC_Fake,1,Xception,visual,0.8947,probability,88.94,N/A,N/A,ok,
dfdc_test_001009,DFDC-DFDC_Fake,1,Xception,visual,0.5775,probability,98.72,N/A,N/A,ok,
dfdc_test_001010,DFDC-DFDC_Fake,1,Xception,visual,0.8921,probability,91.96,N/A,N/A,ok,
dfdc_test_001011,DFDC-DFDC_Fake,1,Xception,visual,0.3939,probability,94.34,N/A,N/A,ok,
dfdc_test_001012,DFDC-DFDC_Fake,1,Xception,visual,0.4532,probability,95.68,N/A,N/A,ok,
dfdc_test_001013,DFDC-DFDC_Fake,1,Xception,visual,0.8506,probability,90.1,N/A,N/A,ok,
dfdc_test_001014,DFDC-DFDC_Fake,1,Xception,visual,0.4389,probability,112.0,N/A,N/A,ok,
dfdc_test_001015,DFDC-DFDC_Fake,1,Xception,visual,0.9822,probability,124.53,N/A,N/A,ok,
dfdc_test_001016,DFDC-DFDC_Fake,1,Xception,visual,0.6253,probability,123.96,N/A,N/A,ok,
dfdc_test_001017,DFDC-DFDC_Fake,1,Xception,visual,0.4926,probability,137.53,N/A,N/A,ok,
dfdc_test_001018,DFDC-DFDC_Fake,1,Xception,visual,0.464,probability,119.12,N/A,N/A,ok,
dfdc_test_001019,DFDC-DFDC_Fake,1,Xception,visual,0.7312,probability,127.15,N/A,N/A,ok,
dfdc_test_001020,DFDC-DFDC_Fake,1,Xception,visual,0.8623,probability,110.58,N/A,N/A,ok,
dfdc_test_001021,DFDC-DFDC_Fake,1,Xception,visual,0.5784,probability,113.15,N/A,N/A,ok,
dfdc_test_001022,DFDC-DFDC_Fake,1,Xception,visual,0.6399,probability,123.0,N/A,N/A,ok,
dfdc_test_001023,DFDC-DFDC_Fake,1,Xception,visual,0.7166,probability,139.23,N/A,N/A,ok,
dfdc_test_001024,DFDC-DFDC_Fake,1,Xception,visual,0.8211,probability,116.71,N/A,N/A,ok,
dfdc_test_001025,DFDC-DFDC_Fake,1,Xception,visual,0.8322,probability,127.47,N/A,N/A,ok,
dfdc_test_001026,DFDC-DFDC_Fake,1,Xception,visual,0.6628,probability,194.46,N/A,N/A,ok,
dfdc_test_001027,DFDC-DFDC_Fake,1,Xception,visual,0.9525,probability,130.65,N/A,N/A,ok,
dfdc_test_001028,DFDC-DFDC_Fake,1,Xception,visual,0.9354,probability,149.23,N/A,N/A,ok,
dfdc_test_001029,DFDC-DFDC_Fake,1,Xception,visual,0.9844,probability,114.88,N/A,N/A,ok,
dfdc_test_001030,DFDC-DFDC_Fake,1,Xception,visual,0.3619,probability,112.8,N/A,N/A,ok,
dfdc_test_001031,DFDC-DFDC_Fake,1,Xception,visual,0.4278,probability,119.39,N/A,N/A,ok,
dfdc_test_001032,DFDC-DFDC_Fake,1,Xception,visual,0.4932,probability,120.24,N/A,N/A,ok,
dfdc_test_001033,DFDC-DFDC_Fake,1,Xception,visual,0.9328,probability,165.45,N/A,N/A,ok,
dfdc_test_001034,DFDC-DFDC_Fake,1,Xception,visual,0.5616,probability,99.19,N/A,N/A,ok,
dfdc_test_001035,DFDC-DFDC_Fake,1,Xception,visual,0.4486,probability,144.75,N/A,N/A,ok,
dfdc_test_001036,DFDC-DFDC_Fake,1,Xception,visual,0.709,probability,147.88,N/A,N/A,ok,
dfdc_test_001037,DFDC-DFDC_Fake,1,Xception,visual,0.5043,probability,133.0,N/A,N/A,ok,
dfdc_test_001038,DFDC-DFDC_Fake,1,Xception,visual,0.9768,probability,134.18,N/A,N/A,ok,
dfdc_test_001039,DFDC-DFDC_Fake,1,Xception,visual,0.6374,probability,113.04,N/A,N/A,ok,
dfdc_test_001040,DFDC-DFDC_Fake,1,Xception,visual,0.1919,probability,120.96,N/A,N/A,ok,
dfdc_test_001041,DFDC-DFDC_Fake,1,Xception,visual,0.274,probability,143.49,N/A,N/A,ok,
dfdc_test_001042,DFDC-DFDC_Fake,1,Xception,visual,0.8635,probability,111.69,N/A,N/A,ok,
dfdc_test_001043,DFDC-DFDC_Fake,1,Xception,visual,0.7556,probability,126.95,N/A,N/A,ok,
dfdc_test_001044,DFDC-DFDC_Fake,1,Xception,visual,0.9383,probability,117.37,N/A,N/A,ok,
dfdc_test_001045,DFDC-DFDC_Fake,1,Xception,visual,0.5492,probability,107.28,N/A,N/A,ok,
dfdc_test_001046,DFDC-DFDC_Fake,1,Xception,visual,0.4395,probability,154.0,N/A,N/A,ok,
dfdc_test_001047,DFDC-DFDC_Fake,1,Xception,visual,0.6962,probability,105.65,N/A,N/A,ok,
dfdc_test_001048,DFDC-DFDC_Fake,1,Xception,visual,0.4476,probability,135.84,N/A,N/A,ok,
dfdc_test_001049,DFDC-DFDC_Fake,1,Xception,visual,0.6866,probability,141.25,N/A,N/A,ok,
dfdc_test_001050,DFDC-DFDC_Fake,1,Xception,visual,0.6142,probability,120.58,N/A,N/A,ok,
dfdc_test_001051,DFDC-DFDC_Fake,1,Xception,visual,0.6347,probability,133.36,N/A,N/A,ok,
dfdc_test_001052,DFDC-DFDC_Fake,1,Xception,visual,0.652,probability,107.05,N/A,N/A,ok,
dfdc_test_001053,DFDC-DFDC_Fake,1,Xception,visual,0.7261,probability,128.09,N/A,N/A,ok,
dfdc_test_001054,DFDC-DFDC_Fake,1,Xception,visual,0.283,probability,115.28,N/A,N/A,ok,
dfdc_test_001055,DFDC-DFDC_Fake,1,Xception,visual,0.4473,probability,119.83,N/A,N/A,ok,
dfdc_test_001056,DFDC-DFDC_Fake,1,Xception,visual,0.4722,probability,144.99,N/A,N/A,ok,
dfdc_test_001057,DFDC-DFDC_Fake,1,Xception,visual,0.433,probability,122.2,N/A,N/A,ok,
dfdc_test_001058,DFDC-DFDC_Fake,1,Xception,visual,0.5419,probability,142.81,N/A,N/A,ok,
dfdc_test_001059,DFDC-DFDC_Fake,1,Xception,visual,0.4902,probability,132.45,N/A,N/A,ok,
dfdc_test_001060,DFDC-DFDC_Fake,1,Xception,visual,0.2276,probability,122.94,N/A,N/A,ok,
dfdc_test_001061,DFDC-DFDC_Fake,1,Xception,visual,0.4549,probability,139.18,N/A,N/A,ok,
dfdc_test_001062,DFDC-DFDC_Fake,1,Xception,visual,0.1102,probability,128.18,N/A,N/A,ok,
dfdc_test_001063,DFDC-DFDC_Fake,1,Xception,visual,0.4847,probability,112.97,N/A,N/A,ok,
dfdc_test_001064,DFDC-DFDC_Fake,1,Xception,visual,0.9957,probability,111.12,N/A,N/A,ok,
dfdc_test_001065,DFDC-DFDC_Fake,1,Xception,visual,0.8031,probability,105.9,N/A,N/A,ok,
dfdc_test_001066,DFDC-DFDC_Fake,1,Xception,visual,0.793,probability,123.71,N/A,N/A,ok,
dfdc_test_001067,DFDC-DFDC_Fake,1,Xception,visual,0.9209,probability,106.67,N/A,N/A,ok,
dfdc_test_001068,DFDC-DFDC_Fake,1,Xception,visual,0.7822,probability,104.51,N/A,N/A,ok,
dfdc_test_001069,DFDC-DFDC_Fake,1,Xception,visual,0.7629,probability,125.63,N/A,N/A,ok,
dfdc_test_001070,DFDC-DFDC_Fake,1,Xception,visual,0.2501,probability,110.2,N/A,N/A,ok,
dfdc_test_001071,DFDC-DFDC_Fake,1,Xception,visual,0.4845,probability,101.46,N/A,N/A,ok,
dfdc_test_001072,DFDC-DFDC_Fake,1,Xception,visual,0.6201,probability,103.2,N/A,N/A,ok,
dfdc_test_001073,DFDC-DFDC_Fake,1,Xception,visual,0.6523,probability,108.69,N/A,N/A,ok,
dfdc_test_001074,DFDC-DFDC_Fake,1,Xception,visual,0.5576,probability,105.25,N/A,N/A,ok,
dfdc_test_001075,DFDC-DFDC_Fake,1,Xception,visual,0.374,probability,102.24,N/A,N/A,ok,
dfdc_test_001076,DFDC-DFDC_Fake,1,Xception,visual,0.6049,probability,122.44,N/A,N/A,ok,
dfdc_test_001077,DFDC-DFDC_Fake,1,Xception,visual,0.4852,probability,130.14,N/A,N/A,ok,
dfdc_test_001078,DFDC-DFDC_Fake,1,Xception,visual,0.5551,probability,118.66,N/A,N/A,ok,
dfdc_test_001079,DFDC-DFDC_Fake,1,Xception,visual,0.587,probability,116.07,N/A,N/A,ok,
dfdc_test_001080,DFDC-DFDC_Fake,1,Xception,visual,0.6418,probability,139.06,N/A,N/A,ok,
dfdc_test_001081,DFDC-DFDC_Fake,1,Xception,visual,0.9735,probability,135.2,N/A,N/A,ok,
dfdc_test_001082,DFDC-DFDC_Fake,1,Xception,visual,0.7873,probability,124.68,N/A,N/A,ok,
dfdc_test_001083,DFDC-DFDC_Fake,1,Xception,visual,0.8274,probability,169.87,N/A,N/A,ok,
dfdc_test_001084,DFDC-DFDC_Fake,1,Xception,visual,0.4341,probability,123.15,N/A,N/A,ok,
dfdc_test_001085,DFDC-DFDC_Fake,1,Xception,visual,0.4251,probability,112.13,N/A,N/A,ok,
dfdc_test_001086,DFDC-DFDC_Fake,1,Xception,visual,0.474,probability,110.24,N/A,N/A,ok,
dfdc_test_001087,DFDC-DFDC_Fake,1,Xception,visual,0.749,probability,116.79,N/A,N/A,ok,
dfdc_test_001088,DFDC-DFDC_Fake,1,Xception,visual,0.3429,probability,102.66,N/A,N/A,ok,
dfdc_test_001089,DFDC-DFDC_Fake,1,Xception,visual,0.4074,probability,98.81,N/A,N/A,ok,
dfdc_test_001090,DFDC-DFDC_Fake,1,Xception,visual,0.9605,probability,125.02,N/A,N/A,ok,
dfdc_test_001091,DFDC-DFDC_Fake,1,Xception,visual,0.4482,probability,123.27,N/A,N/A,ok,
dfdc_test_001092,DFDC-DFDC_Fake,1,Xception,visual,0.4945,probability,112.91,N/A,N/A,ok,
dfdc_test_001093,DFDC-DFDC_Fake,1,Xception,visual,0.6817,probability,117.08,N/A,N/A,ok,
dfdc_test_001094,DFDC-DFDC_Fake,1,Xception,visual,0.3012,probability,114.85,N/A,N/A,ok,
dfdc_test_001095,DFDC-DFDC_Fake,1,Xception,visual,0.9033,probability,122.52,N/A,N/A,ok,
dfdc_test_001096,DFDC-DFDC_Fake,1,Xception,visual,0.9109,probability,126.07,N/A,N/A,ok,
dfdc_test_001097,DFDC-DFDC_Fake,1,Xception,visual,0.4609,probability,98.92,N/A,N/A,ok,
dfdc_test_001098,DFDC-DFDC_Fake,1,Xception,visual,0.5272,probability,131.18,N/A,N/A,ok,
dfdc_test_001099,DFDC-DFDC_Fake,1,Xception,visual,0.3754,probability,103.15,N/A,N/A,ok,
dfdc_test_001100,DFDC-DFDC_Fake,1,Xception,visual,0.3186,probability,130.97,N/A,N/A,ok,
dfdc_test_001101,DFDC-DFDC_Fake,1,Xception,visual,0.5718,probability,115.84,N/A,N/A,ok,
dfdc_test_001102,DFDC-DFDC_Fake,1,Xception,visual,0.4769,probability,120.42,N/A,N/A,ok,
dfdc_test_001103,DFDC-DFDC_Fake,1,Xception,visual,0.5966,probability,119.86,N/A,N/A,ok,
dfdc_test_001104,DFDC-DFDC_Fake,1,Xception,visual,0.5616,probability,122.59,N/A,N/A,ok,
dfdc_test_001105,DFDC-DFDC_Fake,1,Xception,visual,0.3306,probability,114.93,N/A,N/A,ok,
dfdc_test_001106,DFDC-DFDC_Fake,1,Xception,visual,0.9659,probability,148.46,N/A,N/A,ok,
dfdc_test_001107,DFDC-DFDC_Fake,1,Xception,visual,0.6545,probability,121.98,N/A,N/A,ok,
dfdc_test_001108,DFDC-DFDC_Fake,1,Xception,visual,0.2838,probability,100.36,N/A,N/A,ok,
dfdc_test_001109,DFDC-DFDC_Fake,1,Xception,visual,0.9652,probability,100.22,N/A,N/A,ok,
dfdc_test_001110,DFDC-DFDC_Fake,1,Xception,visual,0.4852,probability,108.43,N/A,N/A,ok,
dfdc_test_001111,DFDC-DFDC_Fake,1,Xception,visual,0.572,probability,134.03,N/A,N/A,ok,
dfdc_test_001112,DFDC-DFDC_Fake,1,Xception,visual,0.4947,probability,139.23,N/A,N/A,ok,
dfdc_test_001113,DFDC-DFDC_Fake,1,Xception,visual,0.7232,probability,130.22,N/A,N/A,ok,
dfdc_test_001114,DFDC-DFDC_Fake,1,Xception,visual,0.6123,probability,120.06,N/A,N/A,ok,
dfdc_test_001115,DFDC-DFDC_Fake,1,Xception,visual,0.2868,probability,95.05,N/A,N/A,ok,
dfdc_test_001116,DFDC-DFDC_Fake,1,Xception,visual,0.4675,probability,124.07,N/A,N/A,ok,
dfdc_test_001117,DFDC-DFDC_Fake,1,Xception,visual,0.9567,probability,153.13,N/A,N/A,ok,
dfdc_test_001118,DFDC-DFDC_Fake,1,Xception,visual,0.7323,probability,99.62,N/A,N/A,ok,
dfdc_test_001119,DFDC-DFDC_Fake,1,Xception,visual,0.8285,probability,125.1,N/A,N/A,ok,
dfdc_test_001120,DFDC-DFDC_Fake,1,Xception,visual,0.7361,probability,154.15,N/A,N/A,ok,
dfdc_test_001121,DFDC-DFDC_Fake,1,Xception,visual,0.8688,probability,100.26,N/A,N/A,ok,
dfdc_test_001122,DFDC-DFDC_Fake,1,Xception,visual,0.213,probability,104.12,N/A,N/A,ok,
dfdc_test_001123,DFDC-DFDC_Fake,1,Xception,visual,0.9092,probability,96.38,N/A,N/A,ok,
dfdc_test_001124,DFDC-DFDC_Fake,1,Xception,visual,0.4656,probability,148.07,N/A,N/A,ok,
dfdc_test_001125,DFDC-DFDC_Fake,1,Xception,visual,0.6679,probability,119.38,N/A,N/A,ok,
dfdc_test_001126,DFDC-DFDC_Fake,1,Xception,visual,0.5519,probability,108.67,N/A,N/A,ok,
dfdc_test_001127,DFDC-DFDC_Fake,1,Xception,visual,0.6012,probability,134.33,N/A,N/A,ok,
dfdc_test_001128,DFDC-DFDC_Fake,1,Xception,visual,0.3511,probability,124.51,N/A,N/A,ok,
dfdc_test_001129,DFDC-DFDC_Fake,1,Xception,visual,0.7007,probability,123.1,N/A,N/A,ok,
dfdc_test_001130,DFDC-DFDC_Fake,1,Xception,visual,0.663,probability,134.72,N/A,N/A,ok,
dfdc_test_001131,DFDC-DFDC_Fake,1,Xception,visual,0.0792,probability,109.81,N/A,N/A,ok,
dfdc_test_001132,DFDC-DFDC_Fake,1,Xception,visual,0.2769,probability,92.54,N/A,N/A,ok,
dfdc_test_001133,DFDC-DFDC_Fake,1,Xception,visual,0.4406,probability,96.94,N/A,N/A,ok,
dfdc_test_001134,DFDC-DFDC_Fake,1,Xception,visual,0.32,probability,122.46,N/A,N/A,ok,
dfdc_test_001135,DFDC-DFDC_Fake,1,Xception,visual,0.6556,probability,112.3,N/A,N/A,ok,
dfdc_test_001136,DFDC-DFDC_Fake,1,Xception,visual,0.9335,probability,86.55,N/A,N/A,ok,
dfdc_test_001137,DFDC-DFDC_Fake,1,Xception,visual,0.7194,probability,95.66,N/A,N/A,ok,
dfdc_test_001138,DFDC-DFDC_Fake,1,Xception,visual,0.5801,probability,112.46,N/A,N/A,ok,
dfdc_test_001139,DFDC-DFDC_Fake,1,Xception,visual,0.364,probability,107.8,N/A,N/A,ok,
dfdc_test_001140,DFDC-DFDC_Fake,1,Xception,visual,0.4366,probability,123.87,N/A,N/A,ok,
dfdc_test_001141,DFDC-DFDC_Fake,1,Xception,visual,0.9247,probability,89.65,N/A,N/A,ok,
dfdc_test_001142,DFDC-DFDC_Fake,1,Xception,visual,0.6766,probability,96.33,N/A,N/A,ok,
dfdc_test_001143,DFDC-DFDC_Fake,1,Xception,visual,0.4816,probability,97.86,N/A,N/A,ok,
dfdc_test_001144,DFDC-DFDC_Fake,1,Xception,visual,0.5363,probability,103.29,N/A,N/A,ok,
dfdc_test_001145,DFDC-DFDC_Fake,1,Xception,visual,0.2704,probability,105.18,N/A,N/A,ok,
dfdc_test_001146,DFDC-DFDC_Fake,1,Xception,visual,0.7813,probability,102.03,N/A,N/A,ok,
dfdc_test_001147,DFDC-DFDC_Fake,1,Xception,visual,0.6067,probability,87.12,N/A,N/A,ok,
dfdc_test_001148,DFDC-DFDC_Fake,1,Xception,visual,0.9651,probability,106.1,N/A,N/A,ok,
dfdc_test_001149,DFDC-DFDC_Fake,1,Xception,visual,0.4278,probability,123.82,N/A,N/A,ok,
dfdc_test_001150,DFDC-DFDC_Fake,1,Xception,visual,0.7047,probability,115.11,N/A,N/A,ok,
dfdc_test_001151,DFDC-DFDC_Fake,1,Xception,visual,0.3779,probability,122.84,N/A,N/A,ok,
dfdc_test_001152,DFDC-DFDC_Fake,1,Xception,visual,0.5733,probability,102.21,N/A,N/A,ok,
dfdc_test_001153,DFDC-DFDC_Fake,1,Xception,visual,0.7532,probability,85.08,N/A,N/A,ok,
dfdc_test_001154,DFDC-DFDC_Fake,1,Xception,visual,0.3306,probability,82.8,N/A,N/A,ok,
dfdc_test_001155,DFDC-DFDC_Fake,1,Xception,visual,0.3605,probability,95.34,N/A,N/A,ok,
dfdc_test_001156,DFDC-DFDC_Fake,1,Xception,visual,0.6985,probability,92.21,N/A,N/A,ok,
dfdc_test_001157,DFDC-DFDC_Fake,1,Xception,visual,0.5744,probability,92.47,N/A,N/A,ok,
dfdc_test_001158,DFDC-DFDC_Fake,1,Xception,visual,0.7844,probability,91.87,N/A,N/A,ok,
dfdc_test_001159,DFDC-DFDC_Fake,1,Xception,visual,0.5046,probability,92.68,N/A,N/A,ok,
dfdc_test_001160,DFDC-DFDC_Fake,1,Xception,visual,0.4239,probability,106.31,N/A,N/A,ok,
dfdc_test_001161,DFDC-DFDC_Fake,1,Xception,visual,0.4867,probability,87.19,N/A,N/A,ok,
dfdc_test_001162,DFDC-DFDC_Fake,1,Xception,visual,0.4418,probability,105.67,N/A,N/A,ok,
dfdc_test_001163,DFDC-DFDC_Fake,1,Xception,visual,0.493,probability,92.64,N/A,N/A,ok,
dfdc_test_001164,DFDC-DFDC_Fake,1,Xception,visual,0.3976,probability,100.63,N/A,N/A,ok,
dfdc_test_001165,DFDC-DFDC_Fake,1,Xception,visual,0.4841,probability,95.24,N/A,N/A,ok,
dfdc_test_001166,DFDC-DFDC_Fake,1,Xception,visual,0.36,probability,116.6,N/A,N/A,ok,
dfdc_test_001167,DFDC-DFDC_Fake,1,Xception,visual,0.5837,probability,95.65,N/A,N/A,ok,
dfdc_test_001168,DFDC-DFDC_Fake,1,Xception,visual,0.5818,probability,98.45,N/A,N/A,ok,
dfdc_test_001169,DFDC-DFDC_Fake,1,Xception,visual,0.6681,probability,102.96,N/A,N/A,ok,
dfdc_test_001170,DFDC-DFDC_Fake,1,Xception,visual,0.4584,probability,110.11,N/A,N/A,ok,
dfdc_test_001171,DFDC-DFDC_Fake,1,Xception,visual,0.4992,probability,84.34,N/A,N/A,ok,
dfdc_test_001172,DFDC-DFDC_Fake,1,Xception,visual,0.3883,probability,99.09,N/A,N/A,ok,
dfdc_test_001173,DFDC-DFDC_Fake,1,Xception,visual,0.4791,probability,96.4,N/A,N/A,ok,
dfdc_test_001174,DFDC-DFDC_Fake,1,Xception,visual,0.7989,probability,87.34,N/A,N/A,ok,
dfdc_test_001175,DFDC-DFDC_Fake,1,Xception,visual,0.5814,probability,103.89,N/A,N/A,ok,
dfdc_test_001176,DFDC-DFDC_Fake,1,Xception,visual,0.6357,probability,104.83,N/A,N/A,ok,
dfdc_test_001177,DFDC-DFDC_Fake,1,Xception,visual,0.9292,probability,87.16,N/A,N/A,ok,
dfdc_test_001178,DFDC-DFDC_Fake,1,Xception,visual,0.955,probability,89.98,N/A,N/A,ok,
dfdc_test_001179,DFDC-DFDC_Fake,1,Xception,visual,0.5892,probability,91.73,N/A,N/A,ok,
dfdc_test_001180,DFDC-DFDC_Fake,1,Xception,visual,0.615,probability,127.92,N/A,N/A,ok,
dfdc_test_001181,DFDC-DFDC_Fake,1,Xception,visual,0.8745,probability,108.15,N/A,N/A,ok,
dfdc_test_001182,DFDC-DFDC_Fake,1,Xception,visual,0.4279,probability,94.62,N/A,N/A,ok,
dfdc_test_001183,DFDC-DFDC_Fake,1,Xception,visual,0.4727,probability,89.09,N/A,N/A,ok,
dfdc_test_001184,DFDC-DFDC_Fake,1,Xception,visual,0.5963,probability,88.92,N/A,N/A,ok,
dfdc_test_001185,DFDC-DFDC_Fake,1,Xception,visual,0.303,probability,139.27,N/A,N/A,ok,
dfdc_test_001186,DFDC-DFDC_Fake,1,Xception,visual,0.6884,probability,116.14,N/A,N/A,ok,
dfdc_test_001187,DFDC-DFDC_Fake,1,Xception,visual,0.4314,probability,138.32,N/A,N/A,ok,
dfdc_test_001188,DFDC-DFDC_Fake,1,Xception,visual,0.8435,probability,99.16,N/A,N/A,ok,
dfdc_test_001189,DFDC-DFDC_Fake,1,Xception,visual,0.4947,probability,135.51,N/A,N/A,ok,
dfdc_test_001190,DFDC-DFDC_Fake,1,Xception,visual,0.4755,probability,120.42,N/A,N/A,ok,
dfdc_test_001191,DFDC-DFDC_Fake,1,Xception,visual,0.5116,probability,99.63,N/A,N/A,ok,
dfdc_test_001192,DFDC-DFDC_Fake,1,Xception,visual,0.1836,probability,87.47,N/A,N/A,ok,
dfdc_test_001193,DFDC-DFDC_Fake,1,Xception,visual,0.666,probability,97.65,N/A,N/A,ok,
dfdc_test_001194,DFDC-DFDC_Fake,1,Xception,visual,0.855,probability,92.78,N/A,N/A,ok,
dfdc_test_001195,DFDC-DFDC_Fake,1,Xception,visual,0.3579,probability,129.88,N/A,N/A,ok,
dfdc_test_001196,DFDC-DFDC_Fake,1,Xception,visual,0.4275,probability,103.32,N/A,N/A,ok,
dfdc_test_001197,DFDC-DFDC_Fake,1,Xception,visual,0.8159,probability,99.3,N/A,N/A,ok,
dfdc_test_001198,DFDC-DFDC_Fake,1,Xception,visual,0.1486,probability,155.59,N/A,N/A,ok,
dfdc_test_001199,DFDC-DFDC_Fake,1,Xception,visual,0.4858,probability,139.98,N/A,N/A,ok,
dfdc_test_001200,DFDC-DFDC_Fake,1,Xception,visual,0.8632,probability,115.27,N/A,N/A,ok,
dfdc_test_001201,DFDC-DFDC_Fake,1,Xception,visual,0.6799,probability,102.9,N/A,N/A,ok,
dfdc_test_001202,DFDC-DFDC_Fake,1,Xception,visual,0.509,probability,97.51,N/A,N/A,ok,
dfdc_test_001203,DFDC-DFDC_Fake,1,Xception,visual,0.4685,probability,93.99,N/A,N/A,ok,
dfdc_test_001204,DFDC-DFDC_Fake,1,Xception,visual,0.5655,probability,100.79,N/A,N/A,ok,
dfdc_test_001205,DFDC-DFDC_Fake,1,Xception,visual,0.7872,probability,91.7,N/A,N/A,ok,
dfdc_test_001206,DFDC-DFDC_Fake,1,Xception,visual,0.4436,probability,105.87,N/A,N/A,ok,
dfdc_test_001207,DFDC-DFDC_Fake,1,Xception,visual,0.4343,probability,102.0,N/A,N/A,ok,
dfdc_test_001208,DFDC-DFDC_Fake,1,Xception,visual,0.6304,probability,112.54,N/A,N/A,ok,
dfdc_test_001209,DFDC-DFDC_Fake,1,Xception,visual,0.1106,probability,99.99,N/A,N/A,ok,
dfdc_test_001210,DFDC-DFDC_Fake,1,Xception,visual,0.7154,probability,113.82,N/A,N/A,ok,
dfdc_test_001211,DFDC-DFDC_Fake,1,Xception,visual,0.211,probability,105.78,N/A,N/A,ok,
dfdc_test_001212,DFDC-DFDC_Fake,1,Xception,visual,0.5675,probability,107.96,N/A,N/A,ok,
dfdc_test_001213,DFDC-DFDC_Fake,1,Xception,visual,0.3301,probability,124.15,N/A,N/A,ok,
dfdc_test_001214,DFDC-DFDC_Fake,1,Xception,visual,0.2471,probability,120.89,N/A,N/A,ok,
dfdc_test_001215,DFDC-DFDC_Fake,1,Xception,visual,0.8564,probability,95.28,N/A,N/A,ok,
dfdc_test_001216,DFDC-DFDC_Fake,1,Xception,visual,0.6506,probability,101.26,N/A,N/A,ok,
dfdc_test_001217,DFDC-DFDC_Fake,1,Xception,visual,0.5776,probability,93.86,N/A,N/A,ok,
dfdc_test_001218,DFDC-DFDC_Fake,1,Xception,visual,0.4345,probability,110.31,N/A,N/A,ok,
dfdc_test_001219,DFDC-DFDC_Fake,1,Xception,visual,0.7388,probability,88.47,N/A,N/A,ok,
dfdc_test_001220,DFDC-DFDC_Fake,1,Xception,visual,0.6974,probability,106.65,N/A,N/A,ok,
dfdc_test_001221,DFDC-DFDC_Fake,1,Xception,visual,0.4168,probability,97.47,N/A,N/A,ok,
dfdc_test_001222,DFDC-DFDC_Fake,1,Xception,visual,0.6415,probability,87.11,N/A,N/A,ok,
dfdc_test_001223,DFDC-DFDC_Fake,1,Xception,visual,0.3056,probability,90.55,N/A,N/A,ok,
dfdc_test_001224,DFDC-DFDC_Fake,1,Xception,visual,0.6994,probability,98.4,N/A,N/A,ok,
dfdc_test_001225,DFDC-DFDC_Fake,1,Xception,visual,0.7791,probability,96.06,N/A,N/A,ok,
dfdc_test_001226,DFDC-DFDC_Fake,1,Xception,visual,0.4135,probability,133.95,N/A,N/A,ok,
dfdc_test_001227,DFDC-DFDC_Fake,1,Xception,visual,0.3171,probability,89.78,N/A,N/A,ok,
dfdc_test_001228,DFDC-DFDC_Fake,1,Xception,visual,0.3221,probability,90.67,N/A,N/A,ok,
dfdc_test_001229,DFDC-DFDC_Fake,1,Xception,visual,0.4308,probability,94.72,N/A,N/A,ok,
dfdc_test_001230,DFDC-DFDC_Fake,1,Xception,visual,0.771,probability,126.76,N/A,N/A,ok,
dfdc_test_001231,DFDC-DFDC_Fake,1,Xception,visual,0.9007,probability,90.31,N/A,N/A,ok,
dfdc_test_001232,DFDC-DFDC_Fake,1,Xception,visual,0.3429,probability,88.16,N/A,N/A,ok,
dfdc_test_001233,DFDC-DFDC_Fake,1,Xception,visual,0.9096,probability,93.91,N/A,N/A,ok,
dfdc_test_001234,DFDC-DFDC_Fake,1,Xception,visual,0.4335,probability,112.46,N/A,N/A,ok,
dfdc_test_001235,DFDC-DFDC_Fake,1,Xception,visual,0.4768,probability,98.03,N/A,N/A,ok,
dfdc_test_001236,DFDC-DFDC_Fake,1,Xception,visual,0.7973,probability,92.09,N/A,N/A,ok,
dfdc_test_001237,DFDC-DFDC_Fake,1,Xception,visual,0.5486,probability,82.3,N/A,N/A,ok,
dfdc_test_001238,DFDC-DFDC_Fake,1,Xception,visual,0.6465,probability,102.71,N/A,N/A,ok,
dfdc_test_001239,DFDC-DFDC_Fake,1,Xception,visual,0.645,probability,106.98,N/A,N/A,ok,
dfdc_test_001240,DFDC-DFDC_Fake,1,Xception,visual,0.6709,probability,101.79,N/A,N/A,ok,
dfdc_test_001241,DFDC-DFDC_Fake,1,Xception,visual,0.8659,probability,108.1,N/A,N/A,ok,
dfdc_test_001242,DFDC-DFDC_Fake,1,Xception,visual,0.5055,probability,97.62,N/A,N/A,ok,
dfdc_test_001243,DFDC-DFDC_Fake,1,Xception,visual,0.4051,probability,87.78,N/A,N/A,ok,
dfdc_test_001244,DFDC-DFDC_Fake,1,Xception,visual,0.5966,probability,82.2,N/A,N/A,ok,
dfdc_test_001245,DFDC-DFDC_Fake,1,Xception,visual,0.9149,probability,95.42,N/A,N/A,ok,
dfdc_test_001246,DFDC-DFDC_Fake,1,Xception,visual,0.5821,probability,87.32,N/A,N/A,ok,
dfdc_test_001247,DFDC-DFDC_Fake,1,Xception,visual,0.3196,probability,110.08,N/A,N/A,ok,
dfdc_test_001248,DFDC-DFDC_Fake,1,Xception,visual,0.4934,probability,106.14,N/A,N/A,ok,
dfdc_test_001249,DFDC-DFDC_Fake,1,Xception,visual,0.2517,probability,116.06,N/A,N/A,ok,
dfdc_test_001250,DFDC-DFDC_Fake,1,Xception,visual,0.5937,probability,91.16,N/A,N/A,ok,
dfdc_test_001251,DFDC-DFDC_Fake,1,Xception,visual,0.6441,probability,87.28,N/A,N/A,ok,
dfdc_test_001252,DFDC-DFDC_Fake,1,Xception,visual,0.929,probability,98.46,N/A,N/A,ok,
dfdc_test_001253,DFDC-DFDC_Fake,1,Xception,visual,0.4806,probability,94.62,N/A,N/A,ok,
dfdc_test_001254,DFDC-DFDC_Fake,1,Xception,visual,0.6184,probability,99.61,N/A,N/A,ok,
dfdc_test_001255,DFDC-DFDC_Fake,1,Xception,visual,0.7542,probability,116.11,N/A,N/A,ok,
dfdc_test_001256,DFDC-DFDC_Fake,1,Xception,visual,0.6849,probability,121.31,N/A,N/A,ok,
dfdc_test_001257,DFDC-DFDC_Fake,1,Xception,visual,0.8476,probability,112.77,N/A,N/A,ok,
dfdc_test_001258,DFDC-DFDC_Fake,1,Xception,visual,0.3336,probability,108.61,N/A,N/A,ok,
dfdc_test_001259,DFDC-DFDC_Fake,1,Xception,visual,0.6789,probability,120.7,N/A,N/A,ok,
dfdc_test_001260,DFDC-DFDC_Fake,1,Xception,visual,0.5797,probability,118.72,N/A,N/A,ok,
dfdc_test_001261,DFDC-DFDC_Fake,1,Xception,visual,0.7808,probability,106.93,N/A,N/A,ok,
dfdc_test_001262,DFDC-DFDC_Fake,1,Xception,visual,0.4188,probability,143.59,N/A,N/A,ok,
dfdc_test_001263,DFDC-DFDC_Fake,1,Xception,visual,0.5918,probability,101.35,N/A,N/A,ok,
dfdc_test_001264,DFDC-DFDC_Fake,1,Xception,visual,0.5318,probability,134.16,N/A,N/A,ok,
dfdc_test_001265,DFDC-DFDC_Fake,1,Xception,visual,0.7817,probability,123.08,N/A,N/A,ok,
dfdc_test_001266,DFDC-DFDC_Fake,1,Xception,visual,0.5154,probability,126.6,N/A,N/A,ok,
dfdc_test_001267,DFDC-DFDC_Fake,1,Xception,visual,0.4524,probability,143.4,N/A,N/A,ok,
dfdc_test_001268,DFDC-DFDC_Fake,1,Xception,visual,0.1584,probability,132.88,N/A,N/A,ok,
dfdc_test_001269,DFDC-DFDC_Fake,1,Xception,visual,0.1177,probability,153.76,N/A,N/A,ok,
dfdc_test_001270,DFDC-DFDC_Fake,1,Xception,visual,0.3552,probability,115.42,N/A,N/A,ok,
dfdc_test_001271,DFDC-DFDC_Fake,1,Xception,visual,0.4966,probability,146.75,N/A,N/A,ok,
dfdc_test_001272,DFDC-DFDC_Fake,1,Xception,visual,0.6295,probability,112.42,N/A,N/A,ok,
dfdc_test_001273,DFDC-DFDC_Fake,1,Xception,visual,0.5789,probability,109.02,N/A,N/A,ok,
dfdc_test_001274,DFDC-DFDC_Fake,1,Xception,visual,0.5027,probability,110.27,N/A,N/A,ok,
dfdc_test_001275,DFDC-DFDC_Fake,1,Xception,visual,0.4591,probability,121.06,N/A,N/A,ok,
dfdc_test_001276,DFDC-DFDC_Fake,1,Xception,visual,0.4846,probability,129.79,N/A,N/A,ok,
dfdc_test_001277,DFDC-DFDC_Fake,1,Xception,visual,0.5565,probability,97.52,N/A,N/A,ok,
dfdc_test_001278,DFDC-DFDC_Fake,1,Xception,visual,0.6215,probability,107.31,N/A,N/A,ok,
dfdc_test_001279,DFDC-DFDC_Fake,1,Xception,visual,0.3469,probability,101.31,N/A,N/A,ok,
dfdc_test_001280,DFDC-DFDC_Fake,1,Xception,visual,0.6387,probability,99.32,N/A,N/A,ok,
dfdc_test_001281,DFDC-DFDC_Fake,1,Xception,visual,0.6213,probability,101.39,N/A,N/A,ok,
dfdc_test_001282,DFDC-DFDC_Fake,1,Xception,visual,0.5919,probability,94.54,N/A,N/A,ok,
dfdc_test_001283,DFDC-DFDC_Fake,1,Xception,visual,0.2755,probability,81.93,N/A,N/A,ok,
dfdc_test_001284,DFDC-DFDC_Fake,1,Xception,visual,0.685,probability,116.85,N/A,N/A,ok,
dfdc_test_001285,DFDC-DFDC_Fake,1,Xception,visual,0.6191,probability,109.33,N/A,N/A,ok,
dfdc_test_001286,DFDC-DFDC_Fake,1,Xception,visual,0.4661,probability,100.86,N/A,N/A,ok,
dfdc_test_001287,DFDC-DFDC_Fake,1,Xception,visual,0.4409,probability,95.73,N/A,N/A,ok,
dfdc_test_001288,DFDC-DFDC_Fake,1,Xception,visual,0.6351,probability,95.62,N/A,N/A,ok,
dfdc_test_001289,DFDC-DFDC_Fake,1,Xception,visual,0.4788,probability,104.73,N/A,N/A,ok,
dfdc_test_001290,DFDC-DFDC_Fake,1,Xception,visual,0.2077,probability,113.5,N/A,N/A,ok,
dfdc_test_001291,DFDC-DFDC_Fake,1,Xception,visual,0.5255,probability,155.63,N/A,N/A,ok,
dfdc_test_001292,DFDC-DFDC_Fake,1,Xception,visual,0.2822,probability,82.07,N/A,N/A,ok,
dfdc_test_001293,DFDC-DFDC_Fake,1,Xception,visual,0.3979,probability,84.67,N/A,N/A,ok,
dfdc_test_001294,DFDC-DFDC_Fake,1,Xception,visual,0.4307,probability,87.02,N/A,N/A,ok,
dfdc_test_001295,DFDC-DFDC_Fake,1,Xception,visual,0.5423,probability,107.51,N/A,N/A,ok,
dfdc_test_001296,DFDC-DFDC_Fake,1,Xception,visual,0.7698,probability,102.09,N/A,N/A,ok,
dfdc_test_001297,DFDC-DFDC_Fake,1,Xception,visual,0.6742,probability,92.41,N/A,N/A,ok,
dfdc_test_001298,DFDC-DFDC_Fake,1,Xception,visual,0.1977,probability,100.79,N/A,N/A,ok,
dfdc_test_001299,DFDC-DFDC_Fake,1,Xception,visual,0.3719,probability,87.81,N/A,N/A,ok,
dfdc_test_001300,DFDC-DFDC_Fake,1,Xception,visual,0.9324,probability,147.79,N/A,N/A,ok,
dfdc_test_001301,DFDC-DFDC_Fake,1,Xception,visual,0.737,probability,83.17,N/A,N/A,ok,
dfdc_test_001302,DFDC-DFDC_Fake,1,Xception,visual,0.465,probability,111.25,N/A,N/A,ok,
dfdc_test_001303,DFDC-DFDC_Fake,1,Xception,visual,0.3267,probability,100.02,N/A,N/A,ok,
dfdc_test_001304,DFDC-DFDC_Fake,1,Xception,visual,0.7073,probability,103.08,N/A,N/A,ok,
dfdc_test_001305,DFDC-DFDC_Fake,1,Xception,visual,0.4506,probability,109.43,N/A,N/A,ok,
dfdc_test_001306,DFDC-DFDC_Fake,1,Xception,visual,0.3367,probability,86.06,N/A,N/A,ok,
dfdc_test_001307,DFDC-DFDC_Fake,1,Xception,visual,0.9267,probability,89.56,N/A,N/A,ok,
dfdc_test_001308,DFDC-DFDC_Fake,1,Xception,visual,0.4475,probability,96.94,N/A,N/A,ok,
dfdc_test_001309,DFDC-DFDC_Fake,1,Xception,visual,0.8526,probability,111.42,N/A,N/A,ok,
dfdc_test_001310,DFDC-DFDC_Fake,1,Xception,visual,0.487,probability,93.74,N/A,N/A,ok,
dfdc_test_001311,DFDC-DFDC_Fake,1,Xception,visual,0.9684,probability,91.47,N/A,N/A,ok,
dfdc_test_001312,DFDC-DFDC_Fake,1,Xception,visual,0.4771,probability,136.66,N/A,N/A,ok,
dfdc_test_001313,DFDC-DFDC_Fake,1,Xception,visual,0.7385,probability,85.73,N/A,N/A,ok,
dfdc_test_001314,DFDC-DFDC_Fake,1,Xception,visual,0.6085,probability,90.85,N/A,N/A,ok,
dfdc_test_001315,DFDC-DFDC_Fake,1,Xception,visual,0.4484,probability,110.37,N/A,N/A,ok,
dfdc_test_001316,DFDC-DFDC_Fake,1,Xception,visual,0.8217,probability,94.17,N/A,N/A,ok,
dfdc_test_001317,DFDC-DFDC_Fake,1,Xception,visual,0.536,probability,107.46,N/A,N/A,ok,
dfdc_test_001318,DFDC-DFDC_Fake,1,Xception,visual,0.48,probability,90.41,N/A,N/A,ok,
dfdc_test_001319,DFDC-DFDC_Fake,1,Xception,visual,0.7884,probability,110.0,N/A,N/A,ok,
dfdc_test_001320,DFDC-DFDC_Fake,1,Xception,visual,0.3262,probability,111.22,N/A,N/A,ok,
dfdc_test_001321,DFDC-DFDC_Fake,1,Xception,visual,0.6829,probability,95.03,N/A,N/A,ok,
dfdc_test_001322,DFDC-DFDC_Fake,1,Xception,visual,0.521,probability,94.05,N/A,N/A,ok,
dfdc_test_001323,DFDC-DFDC_Fake,1,Xception,visual,0.7785,probability,102.25,N/A,N/A,ok,
dfdc_test_001324,DFDC-DFDC_Fake,1,Xception,visual,0.4074,probability,105.31,N/A,N/A,ok,
dfdc_test_001325,DFDC-DFDC_Fake,1,Xception,visual,0.4823,probability,100.8,N/A,N/A,ok,
dfdc_test_001326,DFDC-DFDC_Fake,1,Xception,visual,0.6218,probability,105.51,N/A,N/A,ok,
dfdc_test_001327,DFDC-DFDC_Fake,1,Xception,visual,0.3834,probability,107.06,N/A,N/A,ok,
dfdc_test_001328,DFDC-DFDC_Fake,1,Xception,visual,0.2606,probability,85.36,N/A,N/A,ok,
dfdc_test_001329,DFDC-DFDC_Fake,1,Xception,visual,0.2888,probability,118.0,N/A,N/A,ok,
dfdc_test_001330,DFDC-DFDC_Fake,1,Xception,visual,0.4508,probability,86.55,N/A,N/A,ok,
dfdc_test_001331,DFDC-DFDC_Fake,1,Xception,visual,0.755,probability,95.64,N/A,N/A,ok,
dfdc_test_001332,DFDC-DFDC_Fake,1,Xception,visual,0.6075,probability,114.22,N/A,N/A,ok,
dfdc_test_001333,DFDC-DFDC_Fake,1,Xception,visual,0.9297,probability,119.89,N/A,N/A,ok,
dfdc_test_001334,DFDC-DFDC_Fake,1,Xception,visual,0.5357,probability,99.94,N/A,N/A,ok,
dfdc_test_001335,DFDC-DFDC_Fake,1,Xception,visual,0.4387,probability,104.71,N/A,N/A,ok,
dfdc_test_001336,DFDC-DFDC_Fake,1,Xception,visual,0.5712,probability,119.86,N/A,N/A,ok,
dfdc_test_001337,DFDC-DFDC_Fake,1,Xception,visual,0.7493,probability,112.39,N/A,N/A,ok,
dfdc_test_001338,DFDC-DFDC_Fake,1,Xception,visual,0.5657,probability,110.45,N/A,N/A,ok,
dfdc_test_001339,DFDC-DFDC_Fake,1,Xception,visual,0.5481,probability,91.64,N/A,N/A,ok,
dfdc_test_001340,DFDC-DFDC_Fake,1,Xception,visual,0.4643,probability,106.75,N/A,N/A,ok,
dfdc_test_001341,DFDC-DFDC_Fake,1,Xception,visual,0.4175,probability,111.8,N/A,N/A,ok,
dfdc_test_001342,DFDC-DFDC_Fake,1,Xception,visual,0.4433,probability,102.73,N/A,N/A,ok,
dfdc_test_001343,DFDC-DFDC_Fake,1,Xception,visual,0.6956,probability,102.18,N/A,N/A,ok,
dfdc_test_001344,DFDC-DFDC_Fake,1,Xception,visual,0.156,probability,90.53,N/A,N/A,ok,
dfdc_test_001345,DFDC-DFDC_Fake,1,Xception,visual,0.606,probability,90.5,N/A,N/A,ok,
dfdc_test_001346,DFDC-DFDC_Fake,1,Xception,visual,0.4346,probability,89.29,N/A,N/A,ok,
dfdc_test_001347,DFDC-DFDC_Fake,1,Xception,visual,0.3439,probability,81.37,N/A,N/A,ok,
dfdc_test_001348,DFDC-DFDC_Fake,1,Xception,visual,0.7775,probability,98.23,N/A,N/A,ok,
dfdc_test_001349,DFDC-DFDC_Fake,1,Xception,visual,0.2129,probability,112.94,N/A,N/A,ok,
dfdc_test_001350,DFDC-DFDC_Fake,1,Xception,visual,0.7018,probability,113.15,N/A,N/A,ok,
dfdc_test_001351,DFDC-DFDC_Fake,1,Xception,visual,0.4875,probability,97.18,N/A,N/A,ok,
dfdc_test_001352,DFDC-DFDC_Fake,1,Xception,visual,0.5977,probability,104.93,N/A,N/A,ok,
dfdc_test_001353,DFDC-DFDC_Fake,1,Xception,visual,0.9575,probability,94.86,N/A,N/A,ok,
dfdc_test_001354,DFDC-DFDC_Fake,1,Xception,visual,0.4861,probability,95.88,N/A,N/A,ok,
dfdc_test_001355,DFDC-DFDC_Fake,1,Xception,visual,0.4861,probability,106.93,N/A,N/A,ok,
dfdc_test_001356,DFDC-DFDC_Fake,1,Xception,visual,0.6879,probability,84.92,N/A,N/A,ok,
dfdc_test_001357,DFDC-DFDC_Fake,1,Xception,visual,0.3515,probability,106.78,N/A,N/A,ok,
dfdc_test_001358,DFDC-DFDC_Fake,1,Xception,visual,0.7208,probability,104.51,N/A,N/A,ok,
dfdc_test_001359,DFDC-DFDC_Fake,1,Xception,visual,0.5574,probability,108.39,N/A,N/A,ok,
dfdc_test_001360,DFDC-DFDC_Fake,1,Xception,visual,0.4703,probability,107.22,N/A,N/A,ok,
dfdc_test_001361,DFDC-DFDC_Fake,1,Xception,visual,0.5057,probability,115.01,N/A,N/A,ok,
dfdc_test_001362,DFDC-DFDC_Fake,1,Xception,visual,0.5842,probability,90.98,N/A,N/A,ok,
dfdc_test_001363,DFDC-DFDC_Fake,1,Xception,visual,0.6592,probability,119.64,N/A,N/A,ok,
dfdc_test_001364,DFDC-DFDC_Fake,1,Xception,visual,0.4255,probability,119.24,N/A,N/A,ok,
dfdc_test_001365,DFDC-DFDC_Fake,1,Xception,visual,0.6831,probability,98.93,N/A,N/A,ok,
dfdc_test_001366,DFDC-DFDC_Fake,1,Xception,visual,0.5743,probability,122.52,N/A,N/A,ok,
dfdc_test_001367,DFDC-DFDC_Fake,1,Xception,visual,0.506,probability,126.74,N/A,N/A,ok,
dfdc_test_001368,DFDC-DFDC_Fake,1,Xception,visual,0.2183,probability,103.14,N/A,N/A,ok,
dfdc_test_001369,DFDC-DFDC_Fake,1,Xception,visual,0.4161,probability,103.97,N/A,N/A,ok,
dfdc_test_001370,DFDC-DFDC_Fake,1,Xception,visual,0.3726,probability,94.0,N/A,N/A,ok,
dfdc_test_001371,DFDC-DFDC_Fake,1,Xception,visual,0.1704,probability,130.91,N/A,N/A,ok,
dfdc_test_001372,DFDC-DFDC_Fake,1,Xception,visual,0.6309,probability,91.46,N/A,N/A,ok,
dfdc_test_001373,DFDC-DFDC_Fake,1,Xception,visual,0.5518,probability,124.57,N/A,N/A,ok,
dfdc_test_001374,DFDC-DFDC_Fake,1,Xception,visual,0.5042,probability,124.03,N/A,N/A,ok,
dfdc_test_001375,DFDC-DFDC_Fake,1,Xception,visual,0.4272,probability,122.95,N/A,N/A,ok,
dfdc_test_001376,DFDC-DFDC_Fake,1,Xception,visual,0.4113,probability,128.08,N/A,N/A,ok,
dfdc_test_001377,DFDC-DFDC_Fake,1,Xception,visual,0.4056,probability,94.48,N/A,N/A,ok,
dfdc_test_001378,DFDC-DFDC_Fake,1,Xception,visual,0.4343,probability,94.44,N/A,N/A,ok,
dfdc_test_001379,DFDC-DFDC_Fake,1,Xception,visual,0.8186,probability,93.1,N/A,N/A,ok,
dfdc_test_001380,DFDC-DFDC_Fake,1,Xception,visual,0.4899,probability,111.94,N/A,N/A,ok,
dfdc_test_001381,DFDC-DFDC_Fake,1,Xception,visual,0.5322,probability,139.88,N/A,N/A,ok,
dfdc_test_001382,DFDC-DFDC_Fake,1,Xception,visual,0.4719,probability,94.0,N/A,N/A,ok,
dfdc_test_001383,DFDC-DFDC_Fake,1,Xception,visual,0.9131,probability,112.71,N/A,N/A,ok,
dfdc_test_001384,DFDC-DFDC_Fake,1,Xception,visual,0.4968,probability,132.73,N/A,N/A,ok,
dfdc_test_001385,DFDC-DFDC_Fake,1,Xception,visual,0.4756,probability,91.21,N/A,N/A,ok,
dfdc_test_001386,DFDC-DFDC_Fake,1,Xception,visual,0.9515,probability,102.2,N/A,N/A,ok,
dfdc_test_001387,DFDC-DFDC_Fake,1,Xception,visual,0.7153,probability,98.24,N/A,N/A,ok,
dfdc_test_001388,DFDC-DFDC_Fake,1,Xception,visual,0.6363,probability,91.13,N/A,N/A,ok,
dfdc_test_001389,DFDC-DFDC_Fake,1,Xception,visual,0.3558,probability,149.65,N/A,N/A,ok,
dfdc_test_001390,DFDC-DFDC_Fake,1,Xception,visual,0.4693,probability,112.18,N/A,N/A,ok,
dfdc_test_001391,DFDC-DFDC_Fake,1,Xception,visual,0.7741,probability,109.02,N/A,N/A,ok,
dfdc_test_001392,DFDC-DFDC_Fake,1,Xception,visual,0.4801,probability,101.94,N/A,N/A,ok,
dfdc_test_001393,DFDC-DFDC_Fake,1,Xception,visual,0.7374,probability,97.57,N/A,N/A,ok,
dfdc_test_001394,DFDC-DFDC_Fake,1,Xception,visual,0.6693,probability,86.28,N/A,N/A,ok,
dfdc_test_001395,DFDC-DFDC_Fake,1,Xception,visual,0.541,probability,123.86,N/A,N/A,ok,
dfdc_test_001396,DFDC-DFDC_Fake,1,Xception,visual,0.2413,probability,116.33,N/A,N/A,ok,
dfdc_test_001397,DFDC-DFDC_Fake,1,Xception,visual,0.7953,probability,88.71,N/A,N/A,ok,
dfdc_test_001398,DFDC-DFDC_Fake,1,Xception,visual,0.3167,probability,101.16,N/A,N/A,ok,
dfdc_test_001399,DFDC-DFDC_Fake,1,Xception,visual,0.9464,probability,102.72,N/A,N/A,ok,
dfdc_test_001400,DFDC-DFDC_Fake,1,Xception,visual,0.6977,probability,102.18,N/A,N/A,ok,
dfdc_test_001401,DFDC-DFDC_Fake,1,Xception,visual,0.448,probability,92.44,N/A,N/A,ok,
dfdc_test_001402,DFDC-DFDC_Fake,1,Xception,visual,0.482,probability,88.25,N/A,N/A,ok,
dfdc_test_001403,DFDC-DFDC_Fake,1,Xception,visual,0.9405,probability,86.27,N/A,N/A,ok,
dfdc_test_001404,DFDC-DFDC_Fake,1,Xception,visual,0.767,probability,116.07,N/A,N/A,ok,
dfdc_test_001405,DFDC-DFDC_Fake,1,Xception,visual,0.3811,probability,103.74,N/A,N/A,ok,
dfdc_test_001406,DFDC-DFDC_Fake,1,Xception,visual,0.4834,probability,120.27,N/A,N/A,ok,
dfdc_test_001407,DFDC-DFDC_Fake,1,Xception,visual,0.6726,probability,140.95,N/A,N/A,ok,
dfdc_test_001408,DFDC-DFDC_Fake,1,Xception,visual,0.5773,probability,104.28,N/A,N/A,ok,
dfdc_test_001409,DFDC-DFDC_Fake,1,Xception,visual,0.4824,probability,105.16,N/A,N/A,ok,
dfdc_test_001410,DFDC-DFDC_Fake,1,Xception,visual,0.3633,probability,122.75,N/A,N/A,ok,
dfdc_test_001411,DFDC-DFDC_Fake,1,Xception,visual,0.6448,probability,102.97,N/A,N/A,ok,
dfdc_test_001412,DFDC-DFDC_Fake,1,Xception,visual,0.83,probability,82.49,N/A,N/A,ok,
dfdc_test_001413,DFDC-DFDC_Fake,1,Xception,visual,0.754,probability,95.85,N/A,N/A,ok,
dfdc_test_001414,DFDC-DFDC_Fake,1,Xception,visual,0.5305,probability,103.27,N/A,N/A,ok,
dfdc_test_001415,DFDC-DFDC_Fake,1,Xception,visual,0.6727,probability,113.5,N/A,N/A,ok,
dfdc_test_001416,DFDC-DFDC_Fake,1,Xception,visual,0.8103,probability,100.71,N/A,N/A,ok,
dfdc_test_001417,DFDC-DFDC_Fake,1,Xception,visual,0.2942,probability,87.32,N/A,N/A,ok,
dfdc_test_001418,DFDC-DFDC_Fake,1,Xception,visual,0.4823,probability,85.23,N/A,N/A,ok,
dfdc_test_001419,DFDC-DFDC_Fake,1,Xception,visual,0.8802,probability,100.09,N/A,N/A,ok,
dfdc_test_001420,DFDC-DFDC_Fake,1,Xception,visual,0.7431,probability,123.69,N/A,N/A,ok,
dfdc_test_001421,DFDC-DFDC_Fake,1,Xception,visual,0.5042,probability,107.87,N/A,N/A,ok,
dfdc_test_001422,DFDC-DFDC_Fake,1,Xception,visual,0.2301,probability,111.97,N/A,N/A,ok,
dfdc_test_001423,DFDC-DFDC_Fake,1,Xception,visual,0.4963,probability,80.04,N/A,N/A,ok,
dfdc_test_001424,DFDC-DFDC_Fake,1,Xception,visual,0.4322,probability,86.94,N/A,N/A,ok,
dfdc_test_001425,DFDC-DFDC_Fake,1,Xception,visual,0.4374,probability,110.4,N/A,N/A,ok,
dfdc_test_001426,DFDC-DFDC_Fake,1,Xception,visual,0.8163,probability,135.32,N/A,N/A,ok,
dfdc_test_001427,DFDC-DFDC_Fake,1,Xception,visual,0.6756,probability,97.59,N/A,N/A,ok,
dfdc_test_001428,DFDC-DFDC_Fake,1,Xception,visual,0.7584,probability,113.33,N/A,N/A,ok,
dfdc_test_001429,DFDC-DFDC_Fake,1,Xception,visual,0.5863,probability,102.88,N/A,N/A,ok,
dfdc_test_001430,DFDC-DFDC_Fake,1,Xception,visual,0.3818,probability,103.75,N/A,N/A,ok,
dfdc_test_001431,DFDC-DFDC_Fake,1,Xception,visual,0.3929,probability,100.36,N/A,N/A,ok,
dfdc_test_001432,DFDC-DFDC_Fake,1,Xception,visual,0.4887,probability,96.59,N/A,N/A,ok,
dfdc_test_001433,DFDC-DFDC_Fake,1,Xception,visual,0.6381,probability,97.68,N/A,N/A,ok,
dfdc_test_001434,DFDC-DFDC_Fake,1,Xception,visual,0.4828,probability,106.91,N/A,N/A,ok,
dfdc_test_001435,DFDC-DFDC_Fake,1,Xception,visual,0.5013,probability,103.0,N/A,N/A,ok,
dfdc_test_001436,DFDC-DFDC_Fake,1,Xception,visual,0.6886,probability,111.34,N/A,N/A,ok,
dfdc_test_001437,DFDC-DFDC_Fake,1,Xception,visual,0.7248,probability,91.84,N/A,N/A,ok,
dfdc_test_001438,DFDC-DFDC_Fake,1,Xception,visual,0.3145,probability,90.18,N/A,N/A,ok,
dfdc_test_001439,DFDC-DFDC_Fake,1,Xception,visual,0.7816,probability,103.54,N/A,N/A,ok,
dfdc_test_001440,DFDC-DFDC_Fake,1,Xception,visual,0.7065,probability,116.43,N/A,N/A,ok,
dfdc_test_001441,DFDC-DFDC_Fake,1,Xception,visual,0.4992,probability,88.0,N/A,N/A,ok,
dfdc_test_001442,DFDC-DFDC_Fake,1,Xception,visual,0.3713,probability,83.15,N/A,N/A,ok,
dfdc_test_001443,DFDC-DFDC_Fake,1,Xception,visual,0.3232,probability,80.92,N/A,N/A,ok,
dfdc_test_001444,DFDC-DFDC_Fake,1,Xception,visual,0.7547,probability,83.36,N/A,N/A,ok,
dfdc_test_001445,DFDC-DFDC_Fake,1,Xception,visual,0.6395,probability,94.2,N/A,N/A,ok,
dfdc_test_001446,DFDC-DFDC_Fake,1,Xception,visual,0.6136,probability,87.92,N/A,N/A,ok,
dfdc_test_001447,DFDC-DFDC_Fake,1,Xception,visual,0.5412,probability,121.05,N/A,N/A,ok,
dfdc_test_001448,DFDC-DFDC_Fake,1,Xception,visual,0.6528,probability,105.24,N/A,N/A,ok,
dfdc_test_001449,DFDC-DFDC_Fake,1,Xception,visual,0.4677,probability,107.01,N/A,N/A,ok,
dfdc_test_001450,DFDC-DFDC_Fake,1,Xception,visual,0.739,probability,108.87,N/A,N/A,ok,
dfdc_test_001451,DFDC-DFDC_Fake,1,Xception,visual,0.5773,probability,87.88,N/A,N/A,ok,
dfdc_test_001452,DFDC-DFDC_Fake,1,Xception,visual,0.424,probability,91.22,N/A,N/A,ok,
dfdc_test_001453,DFDC-DFDC_Fake,1,Xception,visual,0.4713,probability,123.47,N/A,N/A,ok,
dfdc_test_001454,DFDC-DFDC_Fake,1,Xception,visual,0.4856,probability,115.21,N/A,N/A,ok,
dfdc_test_001455,DFDC-DFDC_Fake,1,Xception,visual,0.7601,probability,101.18,N/A,N/A,ok,
dfdc_test_001456,DFDC-DFDC_Fake,1,Xception,visual,0.588,probability,100.1,N/A,N/A,ok,
dfdc_test_001457,DFDC-DFDC_Fake,1,Xception,visual,0.6554,probability,104.1,N/A,N/A,ok,
dfdc_test_001458,DFDC-DFDC_Fake,1,Xception,visual,0.7764,probability,107.48,N/A,N/A,ok,
dfdc_test_001459,DFDC-DFDC_Fake,1,Xception,visual,0.5274,probability,87.02,N/A,N/A,ok,
dfdc_test_001460,DFDC-DFDC_Fake,1,Xception,visual,0.379,probability,106.39,N/A,N/A,ok,
dfdc_test_001461,DFDC-DFDC_Fake,1,Xception,visual,0.9594,probability,104.91,N/A,N/A,ok,
dfdc_test_001462,DFDC-DFDC_Fake,1,Xception,visual,0.34,probability,90.7,N/A,N/A,ok,
dfdc_test_001463,DFDC-DFDC_Fake,1,Xception,visual,0.4307,probability,105.99,N/A,N/A,ok,
dfdc_test_001464,DFDC-DFDC_Fake,1,Xception,visual,0.2264,probability,126.21,N/A,N/A,ok,
dfdc_test_001465,DFDC-DFDC_Fake,1,Xception,visual,0.6815,probability,104.4,N/A,N/A,ok,
dfdc_test_001466,DFDC-DFDC_Fake,1,Xception,visual,0.3093,probability,134.0,N/A,N/A,ok,
dfdc_test_001467,DFDC-DFDC_Fake,1,Xception,visual,0.7123,probability,137.75,N/A,N/A,ok,
dfdc_test_001468,DFDC-DFDC_Fake,1,Xception,visual,0.9258,probability,193.0,N/A,N/A,ok,
dfdc_test_001469,DFDC-DFDC_Fake,1,Xception,visual,0.2288,probability,144.06,N/A,N/A,ok,
dfdc_test_001470,DFDC-DFDC_Fake,1,Xception,visual,0.7188,probability,108.24,N/A,N/A,ok,
dfdc_test_001471,DFDC-DFDC_Fake,1,Xception,visual,0.6956,probability,118.29,N/A,N/A,ok,
dfdc_test_001472,DFDC-DFDC_Fake,1,Xception,visual,0.7568,probability,100.22,N/A,N/A,ok,
dfdc_test_001473,DFDC-DFDC_Fake,1,Xception,visual,0.5991,probability,93.39,N/A,N/A,ok,
dfdc_test_001474,DFDC-DFDC_Fake,1,Xception,visual,0.6955,probability,95.17,N/A,N/A,ok,
dfdc_test_001475,DFDC-DFDC_Fake,1,Xception,visual,0.315,probability,97.37,N/A,N/A,ok,
dfdc_test_001476,DFDC-DFDC_Fake,1,Xception,visual,0.4842,probability,118.82,N/A,N/A,ok,
dfdc_test_001477,DFDC-DFDC_Fake,1,Xception,visual,0.7283,probability,133.63,N/A,N/A,ok,
dfdc_test_001478,DFDC-DFDC_Fake,1,Xception,visual,0.7224,probability,103.01,N/A,N/A,ok,
dfdc_test_001479,DFDC-DFDC_Fake,1,Xception,visual,0.8784,probability,94.01,N/A,N/A,ok,
dfdc_test_001480,DFDC-DFDC_Fake,1,Xception,visual,0.6808,probability,100.04,N/A,N/A,ok,
dfdc_test_001481,DFDC-DFDC_Fake,1,Xception,visual,0.4154,probability,112.78,N/A,N/A,ok,
dfdc_test_001482,DFDC-DFDC_Fake,1,Xception,visual,0.4664,probability,94.29,N/A,N/A,ok,
dfdc_test_001483,DFDC-DFDC_Fake,1,Xception,visual,0.3723,probability,90.0,N/A,N/A,ok,
dfdc_test_001484,DFDC-DFDC_Fake,1,Xception,visual,0.9725,probability,111.09,N/A,N/A,ok,
dfdc_test_001485,DFDC-DFDC_Fake,1,Xception,visual,0.8259,probability,108.09,N/A,N/A,ok,
dfdc_test_001486,DFDC-DFDC_Fake,1,Xception,visual,0.472,probability,99.68,N/A,N/A,ok,
dfdc_test_001487,DFDC-DFDC_Fake,1,Xception,visual,0.8376,probability,88.85,N/A,N/A,ok,
dfdc_test_001488,DFDC-DFDC_Fake,1,Xception,visual,0.8146,probability,110.96,N/A,N/A,ok,
dfdc_test_001489,DFDC-DFDC_Fake,1,Xception,visual,0.5453,probability,112.86,N/A,N/A,ok,
dfdc_test_001490,DFDC-DFDC_Fake,1,Xception,visual,0.3156,probability,94.01,N/A,N/A,ok,
dfdc_test_001491,DFDC-DFDC_Fake,1,Xception,visual,0.1054,probability,85.3,N/A,N/A,ok,
dfdc_test_001492,DFDC-DFDC_Fake,1,Xception,visual,0.4959,probability,90.02,N/A,N/A,ok,
dfdc_test_001493,DFDC-DFDC_Fake,1,Xception,visual,0.3677,probability,100.52,N/A,N/A,ok,
dfdc_test_001494,DFDC-DFDC_Fake,1,Xception,visual,0.9499,probability,87.33,N/A,N/A,ok,
dfdc_test_001495,DFDC-DFDC_Fake,1,Xception,visual,0.9371,probability,117.63,N/A,N/A,ok,
dfdc_test_001496,DFDC-DFDC_Fake,1,Xception,visual,0.3599,probability,89.15,N/A,N/A,ok,
dfdc_test_001497,DFDC-DFDC_Fake,1,Xception,visual,0.638,probability,126.83,N/A,N/A,ok,
dfdc_test_001498,DFDC-DFDC_Fake,1,Xception,visual,0.7831,probability,88.8,N/A,N/A,ok,
dfdc_test_001499,DFDC-DFDC_Fake,1,Xception,visual,0.8165,probability,91.74,N/A,N/A,ok,
dfdc_test_001500,DFDC-DFDC_Fake,1,Xception,visual,0.7375,probability,92.21,N/A,N/A,ok,
dfdc_test_001501,DFDC-DFDC_Fake,1,Xception,visual,0.3026,probability,102.36,N/A,N/A,ok,
dfdc_test_001502,DFDC-DFDC_Fake,1,Xception,visual,0.4372,probability,101.71,N/A,N/A,ok,
dfdc_test_001503,DFDC-DFDC_Fake,1,Xception,visual,0.4116,probability,92.89,N/A,N/A,ok,
dfdc_test_001504,DFDC-DFDC_Fake,1,Xception,visual,0.851,probability,125.68,N/A,N/A,ok,
dfdc_test_001505,DFDC-DFDC_Fake,1,Xception,visual,0.7158,probability,126.21,N/A,N/A,ok,
dfdc_test_001506,DFDC-DFDC_Fake,1,Xception,visual,0.7499,probability,123.42,N/A,N/A,ok,
dfdc_test_001507,DFDC-DFDC_Fake,1,Xception,visual,0.5884,probability,95.68,N/A,N/A,ok,
dfdc_test_001508,DFDC-DFDC_Fake,1,Xception,visual,0.2807,probability,86.23,N/A,N/A,ok,
dfdc_test_001509,DFDC-DFDC_Fake,1,Xception,visual,0.5067,probability,147.39,N/A,N/A,ok,
dfdc_test_001510,DFDC-DFDC_Fake,1,Xception,visual,0.746,probability,127.57,N/A,N/A,ok,
dfdc_test_001511,DFDC-DFDC_Fake,1,Xception,visual,0.3036,probability,102.09,N/A,N/A,ok,
dfdc_test_001512,DFDC-DFDC_Fake,1,Xception,visual,0.6707,probability,113.29,N/A,N/A,ok,
dfdc_test_001513,DFDC-DFDC_Fake,1,Xception,visual,0.4795,probability,112.1,N/A,N/A,ok,
dfdc_test_001514,DFDC-DFDC_Fake,1,Xception,visual,0.6001,probability,133.64,N/A,N/A,ok,
dfdc_test_001515,DFDC-DFDC_Fake,1,Xception,visual,0.8632,probability,139.63,N/A,N/A,ok,
dfdc_test_001516,DFDC-DFDC_Fake,1,Xception,visual,0.5346,probability,129.72,N/A,N/A,ok,
dfdc_test_001517,DFDC-DFDC_Fake,1,Xception,visual,0.742,probability,125.16,N/A,N/A,ok,
dfdc_test_001518,DFDC-DFDC_Fake,1,Xception,visual,0.9962,probability,109.74,N/A,N/A,ok,
dfdc_test_001519,DFDC-DFDC_Fake,1,Xception,visual,0.7344,probability,118.78,N/A,N/A,ok,
dfdc_test_001520,DFDC-DFDC_Fake,1,Xception,visual,0.617,probability,108.0,N/A,N/A,ok,
dfdc_test_001521,DFDC-DFDC_Fake,1,Xception,visual,0.3663,probability,90.12,N/A,N/A,ok,
dfdc_test_001522,DFDC-DFDC_Fake,1,Xception,visual,0.7963,probability,115.65,N/A,N/A,ok,
dfdc_test_001523,DFDC-DFDC_Fake,1,Xception,visual,0.6864,probability,116.86,N/A,N/A,ok,
dfdc_test_001524,DFDC-DFDC_Fake,1,Xception,visual,0.438,probability,114.37,N/A,N/A,ok,
dfdc_test_001525,DFDC-DFDC_Fake,1,Xception,visual,0.3505,probability,132.45,N/A,N/A,ok,
dfdc_test_001526,DFDC-DFDC_Fake,1,Xception,visual,0.8315,probability,129.72,N/A,N/A,ok,
dfdc_test_001527,DFDC-DFDC_Fake,1,Xception,visual,0.343,probability,132.78,N/A,N/A,ok,
dfdc_test_001528,DFDC-DFDC_Fake,1,Xception,visual,0.3662,probability,118.63,N/A,N/A,ok,
dfdc_test_001529,DFDC-DFDC_Fake,1,Xception,visual,0.6341,probability,129.47,N/A,N/A,ok,
dfdc_test_001530,DFDC-DFDC_Fake,1,Xception,visual,0.5732,probability,107.39,N/A,N/A,ok,
dfdc_test_001531,DFDC-DFDC_Fake,1,Xception,visual,0.5853,probability,107.24,N/A,N/A,ok,
dfdc_test_001532,DFDC-DFDC_Fake,1,Xception,visual,0.5877,probability,121.93,N/A,N/A,ok,
dfdc_test_001533,DFDC-DFDC_Fake,1,Xception,visual,0.4083,probability,122.22,N/A,N/A,ok,
dfdc_test_001534,DFDC-DFDC_Fake,1,Xception,visual,0.9333,probability,117.78,N/A,N/A,ok,
dfdc_test_001535,DFDC-DFDC_Fake,1,Xception,visual,0.6497,probability,101.22,N/A,N/A,ok,
dfdc_test_001536,DFDC-DFDC_Fake,1,Xception,visual,0.8883,probability,132.24,N/A,N/A,ok,
dfdc_test_001537,DFDC-DFDC_Fake,1,Xception,visual,0.9144,probability,118.17,N/A,N/A,ok,
dfdc_test_001538,DFDC-DFDC_Fake,1,Xception,visual,0.7934,probability,98.23,N/A,N/A,ok,
dfdc_test_001539,DFDC-DFDC_Fake,1,Xception,visual,0.4794,probability,130.41,N/A,N/A,ok,
dfdc_test_001540,DFDC-DFDC_Fake,1,Xception,visual,0.9987,probability,102.47,N/A,N/A,ok,
dfdc_test_001541,DFDC-DFDC_Fake,1,Xception,visual,0.3645,probability,102.84,N/A,N/A,ok,
dfdc_test_001542,DFDC-DFDC_Fake,1,Xception,visual,0.4958,probability,96.15,N/A,N/A,ok,
dfdc_test_001543,DFDC-DFDC_Fake,1,Xception,visual,0.2832,probability,124.17,N/A,N/A,ok,
dfdc_test_001544,DFDC-DFDC_Fake,1,Xception,visual,0.6914,probability,90.16,N/A,N/A,ok,
dfdc_test_001545,DFDC-DFDC_Fake,1,Xception,visual,0.9125,probability,128.22,N/A,N/A,ok,
dfdc_test_001546,DFDC-DFDC_Fake,1,Xception,visual,0.6943,probability,138.8,N/A,N/A,ok,
dfdc_test_001547,DFDC-DFDC_Fake,1,Xception,visual,0.6314,probability,106.51,N/A,N/A,ok,
dfdc_test_001548,DFDC-DFDC_Fake,1,Xception,visual,0.6047,probability,108.8,N/A,N/A,ok,
dfdc_test_001549,DFDC-DFDC_Fake,1,Xception,visual,0.9192,probability,93.36,N/A,N/A,ok,
dfdc_test_001550,DFDC-DFDC_Fake,1,Xception,visual,0.6859,probability,135.9,N/A,N/A,ok,
dfdc_test_001551,DFDC-DFDC_Fake,1,Xception,visual,0.6662,probability,102.12,N/A,N/A,ok,
dfdc_test_001552,DFDC-DFDC_Fake,1,Xception,visual,0.5731,probability,127.11,N/A,N/A,ok,
dfdc_test_001553,DFDC-DFDC_Fake,1,Xception,visual,0.5803,probability,118.89,N/A,N/A,ok,
dfdc_test_001554,DFDC-DFDC_Fake,1,Xception,visual,0.833,probability,120.81,N/A,N/A,ok,
dfdc_test_001555,DFDC-DFDC_Fake,1,Xception,visual,0.3634,probability,107.11,N/A,N/A,ok,
dfdc_test_001556,DFDC-DFDC_Fake,1,Xception,visual,0.7707,probability,97.23,N/A,N/A,ok,
dfdc_test_001557,DFDC-DFDC_Fake,1,Xception,visual,0.3305,probability,114.04,N/A,N/A,ok,
dfdc_test_001558,DFDC-DFDC_Fake,1,Xception,visual,0.4734,probability,94.05,N/A,N/A,ok,
dfdc_test_001559,DFDC-DFDC_Fake,1,Xception,visual,0.5964,probability,107.87,N/A,N/A,ok,
dfdc_test_001560,DFDC-DFDC_Fake,1,Xception,visual,0.1969,probability,129.0,N/A,N/A,ok,
dfdc_test_001561,DFDC-DFDC_Fake,1,Xception,visual,0.7983,probability,120.97,N/A,N/A,ok,
dfdc_test_001562,DFDC-DFDC_Fake,1,Xception,visual,0.5265,probability,106.48,N/A,N/A,ok,
dfdc_test_001563,DFDC-DFDC_Fake,1,Xception,visual,0.5299,probability,114.34,N/A,N/A,ok,
dfdc_test_001564,DFDC-DFDC_Fake,1,Xception,visual,0.9118,probability,130.22,N/A,N/A,ok,
dfdc_test_001565,DFDC-DFDC_Fake,1,Xception,visual,0.522,probability,103.44,N/A,N/A,ok,
dfdc_test_001566,DFDC-DFDC_Fake,1,Xception,visual,0.7766,probability,95.44,N/A,N/A,ok,
dfdc_test_001567,DFDC-DFDC_Fake,1,Xception,visual,0.9368,probability,102.95,N/A,N/A,ok,
dfdc_test_001568,DFDC-DFDC_Fake,1,Xception,visual,0.6043,probability,131.29,N/A,N/A,ok,
dfdc_test_001569,DFDC-DFDC_Fake,1,Xception,visual,0.7647,probability,110.56,N/A,N/A,ok,
dfdc_test_001570,DFDC-DFDC_Fake,1,Xception,visual,0.7834,probability,126.31,N/A,N/A,ok,
dfdc_test_001571,DFDC-DFDC_Fake,1,Xception,visual,0.4874,probability,89.42,N/A,N/A,ok,
dfdc_test_001572,DFDC-DFDC_Fake,1,Xception,visual,0.6735,probability,90.4,N/A,N/A,ok,
dfdc_test_001573,DFDC-DFDC_Fake,1,Xception,visual,0.5884,probability,82.37,N/A,N/A,ok,
dfdc_test_001574,DFDC-DFDC_Fake,1,Xception,visual,0.7367,probability,112.53,N/A,N/A,ok,
dfdc_test_001575,DFDC-DFDC_Fake,1,Xception,visual,0.5899,probability,95.54,N/A,N/A,ok,
dfdc_test_001576,DFDC-DFDC_Fake,1,Xception,visual,0.6331,probability,88.49,N/A,N/A,ok,
dfdc_test_001577,DFDC-DFDC_Fake,1,Xception,visual,0.1551,probability,112.84,N/A,N/A,ok,
dfdc_test_001578,DFDC-DFDC_Fake,1,Xception,visual,0.1316,probability,101.87,N/A,N/A,ok,
dfdc_test_001579,DFDC-DFDC_Fake,1,Xception,visual,0.4959,probability,115.47,N/A,N/A,ok,
dfdc_test_001580,DFDC-DFDC_Fake,1,Xception,visual,0.4649,probability,115.43,N/A,N/A,ok,
dfdc_test_001581,DFDC-DFDC_Fake,1,Xception,visual,0.3836,probability,110.51,N/A,N/A,ok,
dfdc_test_001582,DFDC-DFDC_Fake,1,Xception,visual,0.5333,probability,84.38,N/A,N/A,ok,
dfdc_test_001583,DFDC-DFDC_Fake,1,Xception,visual,0.4868,probability,139.3,N/A,N/A,ok,
dfdc_test_001584,DFDC-DFDC_Fake,1,Xception,visual,0.3685,probability,96.18,N/A,N/A,ok,
dfdc_test_001585,DFDC-DFDC_Fake,1,Xception,visual,0.783,probability,115.86,N/A,N/A,ok,
dfdc_test_001586,DFDC-DFDC_Fake,1,Xception,visual,0.5017,probability,136.61,N/A,N/A,ok,
dfdc_test_001587,DFDC-DFDC_Fake,1,Xception,visual,0.4038,probability,96.65,N/A,N/A,ok,
dfdc_test_001588,DFDC-DFDC_Fake,1,Xception,visual,0.4811,probability,104.93,N/A,N/A,ok,
dfdc_test_001589,DFDC-DFDC_Fake,1,Xception,visual,0.3692,probability,121.94,N/A,N/A,ok,
dfdc_test_001590,DFDC-DFDC_Fake,1,Xception,visual,0.6942,probability,115.21,N/A,N/A,ok,
dfdc_test_001591,DFDC-DFDC_Fake,1,Xception,visual,0.917,probability,102.58,N/A,N/A,ok,
dfdc_test_001592,DFDC-DFDC_Fake,1,Xception,visual,0.6358,probability,90.26,N/A,N/A,ok,
dfdc_test_001593,DFDC-DFDC_Fake,1,Xception,visual,0.852,probability,90.89,N/A,N/A,ok,
dfdc_test_001594,DFDC-DFDC_Fake,1,Xception,visual,0.8438,probability,107.47,N/A,N/A,ok,
dfdc_test_001595,DFDC-DFDC_Fake,1,Xception,visual,0.8348,probability,106.34,N/A,N/A,ok,
dfdc_test_001596,DFDC-DFDC_Fake,1,Xception,visual,0.5592,probability,101.73,N/A,N/A,ok,
dfdc_test_001597,DFDC-DFDC_Fake,1,Xception,visual,0.6256,probability,111.43,N/A,N/A,ok,
dfdc_test_001598,DFDC-DFDC_Fake,1,Xception,visual,0.5364,probability,135.21,N/A,N/A,ok,
dfdc_test_001599,DFDC-DFDC_Fake,1,Xception,visual,0.6569,probability,140.12,N/A,N/A,ok,
dfdc_test_001600,DFDC-DFDC_Fake,1,Xception,visual,0.79,probability,143.77,N/A,N/A,ok,
dfdc_test_001601,DFDC-DFDC_Fake,1,Xception,visual,0.9273,probability,143.75,N/A,N/A,ok,
dfdc_test_001602,DFDC-DFDC_Fake,1,Xception,visual,0.5391,probability,99.06,N/A,N/A,ok,
dfdc_test_001603,DFDC-DFDC_Fake,1,Xception,visual,0.7392,probability,98.23,N/A,N/A,ok,
dfdc_test_001604,DFDC-DFDC_Fake,1,Xception,visual,0.7494,probability,99.56,N/A,N/A,ok,
dfdc_test_001605,DFDC-DFDC_Fake,1,Xception,visual,0.5894,probability,129.65,N/A,N/A,ok,
dfdc_test_001606,DFDC-DFDC_Fake,1,Xception,visual,0.7095,probability,110.45,N/A,N/A,ok,
dfdc_test_001607,DFDC-DFDC_Fake,1,Xception,visual,0.7179,probability,134.12,N/A,N/A,ok,
dfdc_test_001608,DFDC-DFDC_Fake,1,Xception,visual,0.4916,probability,103.07,N/A,N/A,ok,
dfdc_test_001609,DFDC-DFDC_Fake,1,Xception,visual,0.4513,probability,91.28,N/A,N/A,ok,
dfdc_test_001610,DFDC-DFDC_Fake,1,Xception,visual,0.3642,probability,109.57,N/A,N/A,ok,
dfdc_test_001611,DFDC-DFDC_Fake,1,Xception,visual,0.1977,probability,92.79,N/A,N/A,ok,
dfdc_test_001612,DFDC-DFDC_Fake,1,Xception,visual,0.6373,probability,98.25,N/A,N/A,ok,
dfdc_test_001613,DFDC-DFDC_Fake,1,Xception,visual,0.1615,probability,103.37,N/A,N/A,ok,
dfdc_test_001614,DFDC-DFDC_Fake,1,Xception,visual,0.6791,probability,90.34,N/A,N/A,ok,
dfdc_test_001615,DFDC-DFDC_Fake,1,Xception,visual,0.4476,probability,98.01,N/A,N/A,ok,
dfdc_test_001616,DFDC-DFDC_Fake,1,Xception,visual,0.7109,probability,98.36,N/A,N/A,ok,
dfdc_test_001617,DFDC-DFDC_Fake,1,Xception,visual,0.6846,probability,170.14,N/A,N/A,ok,
dfdc_test_001618,DFDC-DFDC_Fake,1,Xception,visual,0.8938,probability,97.39,N/A,N/A,ok,
dfdc_test_001619,DFDC-DFDC_Fake,1,Xception,visual,0.5839,probability,114.81,N/A,N/A,ok,
dfdc_test_001620,DFDC-DFDC_Fake,1,Xception,visual,0.7702,probability,117.11,N/A,N/A,ok,
dfdc_test_001621,DFDC-DFDC_Fake,1,Xception,visual,0.3935,probability,119.89,N/A,N/A,ok,
dfdc_test_001622,DFDC-DFDC_Fake,1,Xception,visual,0.7637,probability,87.63,N/A,N/A,ok,
dfdc_test_001623,DFDC-DFDC_Fake,1,Xception,visual,0.4662,probability,101.49,N/A,N/A,ok,
dfdc_test_001624,DFDC-DFDC_Fake,1,Xception,visual,0.7425,probability,94.09,N/A,N/A,ok,
dfdc_test_001625,DFDC-DFDC_Fake,1,Xception,visual,0.846,probability,133.28,N/A,N/A,ok,
dfdc_test_001626,DFDC-DFDC_Fake,1,Xception,visual,0.5592,probability,97.34,N/A,N/A,ok,
dfdc_test_001627,DFDC-DFDC_Fake,1,Xception,visual,0.2213,probability,117.14,N/A,N/A,ok,
dfdc_test_001628,DFDC-DFDC_Fake,1,Xception,visual,0.4955,probability,107.68,N/A,N/A,ok,
dfdc_test_001629,DFDC-DFDC_Fake,1,Xception,visual,0.7464,probability,94.67,N/A,N/A,ok,
dfdc_test_001630,DFDC-DFDC_Fake,1,Xception,visual,0.615,probability,137.12,N/A,N/A,ok,
dfdc_test_001631,DFDC-DFDC_Fake,1,Xception,visual,0.784,probability,94.96,N/A,N/A,ok,
dfdc_test_001632,DFDC-DFDC_Fake,1,Xception,visual,0.965,probability,103.87,N/A,N/A,ok,
dfdc_test_001633,DFDC-DFDC_Fake,1,Xception,visual,0.9761,probability,106.28,N/A,N/A,ok,
dfdc_test_001634,DFDC-DFDC_Fake,1,Xception,visual,0.4172,probability,98.0,N/A,N/A,ok,
dfdc_test_001635,DFDC-DFDC_Fake,1,Xception,visual,0.3078,probability,99.0,N/A,N/A,ok,
dfdc_test_001636,DFDC-DFDC_Fake,1,Xception,visual,0.4796,probability,136.03,N/A,N/A,ok,
dfdc_test_001637,DFDC-DFDC_Fake,1,Xception,visual,0.465,probability,118.33,N/A,N/A,ok,
dfdc_test_001638,DFDC-DFDC_Fake,1,Xception,visual,0.8601,probability,97.2,N/A,N/A,ok,
dfdc_test_001639,DFDC-DFDC_Fake,1,Xception,visual,0.8345,probability,112.27,N/A,N/A,ok,
dfdc_test_001640,DFDC-DFDC_Fake,1,Xception,visual,0.4975,probability,115.66,N/A,N/A,ok,
dfdc_test_001641,DFDC-DFDC_Fake,1,Xception,visual,0.8605,probability,93.38,N/A,N/A,ok,
dfdc_test_001642,DFDC-DFDC_Fake,1,Xception,visual,0.4938,probability,89.51,N/A,N/A,ok,
dfdc_test_001643,DFDC-DFDC_Fake,1,Xception,visual,0.3287,probability,98.62,N/A,N/A,ok,
dfdc_test_001644,DFDC-DFDC_Fake,1,Xception,visual,0.1903,probability,91.87,N/A,N/A,ok,
dfdc_test_001645,DFDC-DFDC_Fake,1,Xception,visual,0.3288,probability,133.79,N/A,N/A,ok,
dfdc_test_001646,DFDC-DFDC_Fake,1,Xception,visual,0.2682,probability,109.07,N/A,N/A,ok,
dfdc_test_001647,DFDC-DFDC_Fake,1,Xception,visual,0.5575,probability,101.32,N/A,N/A,ok,
dfdc_test_001648,DFDC-DFDC_Fake,1,Xception,visual,0.8373,probability,109.23,N/A,N/A,ok,
dfdc_test_001649,DFDC-DFDC_Fake,1,Xception,visual,0.7061,probability,91.18,N/A,N/A,ok,
dfdc_test_001650,DFDC-DFDC_Fake,1,Xception,visual,0.3079,probability,115.43,N/A,N/A,ok,
dfdc_test_001651,DFDC-DFDC_Fake,1,Xception,visual,0.1407,probability,93.89,N/A,N/A,ok,
dfdc_test_001652,DFDC-DFDC_Fake,1,Xception,visual,0.2265,probability,95.71,N/A,N/A,ok,
dfdc_test_001653,DFDC-DFDC_Fake,1,Xception,visual,0.3641,probability,100.07,N/A,N/A,ok,
dfdc_test_001654,DFDC-DFDC_Fake,1,Xception,visual,0.7323,probability,91.81,N/A,N/A,ok,
dfdc_test_001655,DFDC-DFDC_Fake,1,Xception,visual,0.4325,probability,88.14,N/A,N/A,ok,
dfdc_test_001656,DFDC-DFDC_Fake,1,Xception,visual,0.9728,probability,108.61,N/A,N/A,ok,
dfdc_test_001657,DFDC-DFDC_Fake,1,Xception,visual,0.305,probability,106.2,N/A,N/A,ok,
dfdc_test_001658,DFDC-DFDC_Fake,1,Xception,visual,0.6837,probability,99.82,N/A,N/A,ok,
dfdc_test_001659,DFDC-DFDC_Fake,1,Xception,visual,0.9041,probability,99.71,N/A,N/A,ok,
dfdc_test_001660,DFDC-DFDC_Fake,1,Xception,visual,0.6799,probability,117.87,N/A,N/A,ok,
dfdc_test_001661,DFDC-DFDC_Fake,1,Xception,visual,0.3132,probability,94.78,N/A,N/A,ok,
dfdc_test_001662,DFDC-DFDC_Fake,1,Xception,visual,0.3473,probability,97.01,N/A,N/A,ok,
dfdc_test_001663,DFDC-DFDC_Fake,1,Xception,visual,0.9679,probability,103.9,N/A,N/A,ok,
dfdc_test_001664,DFDC-DFDC_Fake,1,Xception,visual,0.4173,probability,106.33,N/A,N/A,ok,
dfdc_test_001665,DFDC-DFDC_Fake,1,Xception,visual,0.5147,probability,113.48,N/A,N/A,ok,
dfdc_test_001666,DFDC-DFDC_Fake,1,Xception,visual,0.9763,probability,108.83,N/A,N/A,ok,
dfdc_test_001667,DFDC-DFDC_Fake,1,Xception,visual,0.4841,probability,91.31,N/A,N/A,ok,
dfdc_test_001668,DFDC-DFDC_Fake,1,Xception,visual,0.4715,probability,127.49,N/A,N/A,ok,
dfdc_test_001669,DFDC-DFDC_Fake,1,Xception,visual,0.5435,probability,109.38,N/A,N/A,ok,
dfdc_test_001670,DFDC-DFDC_Fake,1,Xception,visual,0.3377,probability,116.55,N/A,N/A,ok,
dfdc_test_001671,DFDC-DFDC_Fake,1,Xception,visual,0.6138,probability,100.56,N/A,N/A,ok,
dfdc_test_001672,DFDC-DFDC_Fake,1,Xception,visual,0.4488,probability,104.25,N/A,N/A,ok,
dfdc_test_001673,DFDC-DFDC_Fake,1,Xception,visual,0.9823,probability,100.96,N/A,N/A,ok,
dfdc_test_001674,DFDC-DFDC_Fake,1,Xception,visual,0.6032,probability,90.7,N/A,N/A,ok,
dfdc_test_001675,DFDC-DFDC_Fake,1,Xception,visual,0.6789,probability,103.73,N/A,N/A,ok,
dfdc_test_001676,DFDC-DFDC_Fake,1,Xception,visual,0.6542,probability,111.26,N/A,N/A,ok,
dfdc_test_001677,DFDC-DFDC_Fake,1,Xception,visual,0.8554,probability,105.73,N/A,N/A,ok,
dfdc_test_001678,DFDC-DFDC_Fake,1,Xception,visual,0.6845,probability,109.83,N/A,N/A,ok,
dfdc_test_001679,DFDC-DFDC_Fake,1,Xception,visual,0.5478,probability,95.02,N/A,N/A,ok,
dfdc_test_001680,DFDC-DFDC_Fake,1,Xception,visual,0.3882,probability,111.04,N/A,N/A,ok,
dfdc_test_001681,DFDC-DFDC_Fake,1,Xception,visual,0.3792,probability,103.97,N/A,N/A,ok,
dfdc_test_001682,DFDC-DFDC_Fake,1,Xception,visual,0.421,probability,100.37,N/A,N/A,ok,
dfdc_test_001683,DFDC-DFDC_Fake,1,Xception,visual,0.3255,probability,98.51,N/A,N/A,ok,
dfdc_test_001684,DFDC-DFDC_Fake,1,Xception,visual,0.611,probability,109.37,N/A,N/A,ok,
dfdc_test_001685,DFDC-DFDC_Fake,1,Xception,visual,0.7916,probability,90.26,N/A,N/A,ok,
dfdc_test_001686,DFDC-DFDC_Fake,1,Xception,visual,0.6366,probability,104.75,N/A,N/A,ok,
dfdc_test_001687,DFDC-DFDC_Fake,1,Xception,visual,0.2909,probability,105.93,N/A,N/A,ok,
dfdc_test_001688,DFDC-DFDC_Fake,1,Xception,visual,0.62,probability,91.11,N/A,N/A,ok,
dfdc_test_001689,DFDC-DFDC_Fake,1,Xception,visual,0.6128,probability,119.88,N/A,N/A,ok,
dfdc_test_001690,DFDC-DFDC_Fake,1,Xception,visual,0.759,probability,90.94,N/A,N/A,ok,
dfdc_test_001691,DFDC-DFDC_Fake,1,Xception,visual,0.4233,probability,94.25,N/A,N/A,ok,
dfdc_test_001692,DFDC-DFDC_Fake,1,Xception,visual,0.4412,probability,94.4,N/A,N/A,ok,
dfdc_test_001693,DFDC-DFDC_Fake,1,Xception,visual,0.322,probability,101.64,N/A,N/A,ok,
dfdc_test_001694,DFDC-DFDC_Fake,1,Xception,visual,0.3401,probability,89.15,N/A,N/A,ok,
dfdc_test_001695,DFDC-DFDC_Fake,1,Xception,visual,0.5183,probability,90.1,N/A,N/A,ok,
dfdc_test_001696,DFDC-DFDC_Fake,1,Xception,visual,0.1327,probability,101.22,N/A,N/A,ok,
dfdc_test_001697,DFDC-DFDC_Fake,1,Xception,visual,0.4377,probability,100.05,N/A,N/A,ok,
dfdc_test_001698,DFDC-DFDC_Fake,1,Xception,visual,0.5133,probability,84.54,N/A,N/A,ok,
dfdc_test_001699,DFDC-DFDC_Fake,1,Xception,visual,0.099,probability,104.4,N/A,N/A,ok,
dfdc_test_001700,DFDC-DFDC_Fake,1,Xception,visual,0.5549,probability,101.51,N/A,N/A,ok,
dfdc_test_001701,DFDC-DFDC_Fake,1,Xception,visual,0.6388,probability,97.84,N/A,N/A,ok,
dfdc_test_001702,DFDC-DFDC_Fake,1,Xception,visual,0.5329,probability,91.1,N/A,N/A,ok,
dfdc_test_001703,DFDC-DFDC_Fake,1,Xception,visual,0.5994,probability,117.56,N/A,N/A,ok,
dfdc_test_001704,DFDC-DFDC_Fake,1,Xception,visual,0.5861,probability,123.94,N/A,N/A,ok,
dfdc_test_001705,DFDC-DFDC_Fake,1,Xception,visual,0.6411,probability,92.29,N/A,N/A,ok,
dfdc_test_001706,DFDC-DFDC_Fake,1,Xception,visual,0.463,probability,102.0,N/A,N/A,ok,
dfdc_test_001707,DFDC-DFDC_Fake,1,Xception,visual,0.4902,probability,95.66,N/A,N/A,ok,
dfdc_test_001708,DFDC-DFDC_Fake,1,Xception,visual,0.4818,probability,93.72,N/A,N/A,ok,
dfdc_test_001709,DFDC-DFDC_Fake,1,Xception,visual,0.7146,probability,103.54,N/A,N/A,ok,
dfdc_test_001710,DFDC-DFDC_Fake,1,Xception,visual,0.7864,probability,105.91,N/A,N/A,ok,
dfdc_test_001711,DFDC-DFDC_Fake,1,Xception,visual,0.914,probability,94.45,N/A,N/A,ok,
dfdc_test_001712,DFDC-DFDC_Fake,1,Xception,visual,0.8718,probability,102.37,N/A,N/A,ok,
dfdc_test_001713,DFDC-DFDC_Fake,1,Xception,visual,0.6805,probability,98.52,N/A,N/A,ok,
dfdc_test_001714,DFDC-DFDC_Fake,1,Xception,visual,0.4807,probability,94.03,N/A,N/A,ok,
dfdc_test_001715,DFDC-DFDC_Fake,1,Xception,visual,0.5084,probability,142.02,N/A,N/A,ok,
dfdc_test_001716,DFDC-DFDC_Fake,1,Xception,visual,0.5633,probability,113.63,N/A,N/A,ok,
dfdc_test_001717,DFDC-DFDC_Fake,1,Xception,visual,0.5282,probability,109.91,N/A,N/A,ok,
dfdc_test_001718,DFDC-DFDC_Fake,1,Xception,visual,0.7297,probability,87.65,N/A,N/A,ok,
dfdc_test_001719,DFDC-DFDC_Fake,1,Xception,visual,0.9486,probability,117.2,N/A,N/A,ok,
dfdc_test_001720,DFDC-DFDC_Fake,1,Xception,visual,0.6266,probability,140.13,N/A,N/A,ok,
dfdc_test_001721,DFDC-DFDC_Fake,1,Xception,visual,0.5597,probability,86.99,N/A,N/A,ok,
dfdc_test_001722,DFDC-DFDC_Fake,1,Xception,visual,0.4871,probability,92.84,N/A,N/A,ok,
dfdc_test_001723,DFDC-DFDC_Fake,1,Xception,visual,0.311,probability,105.82,N/A,N/A,ok,
dfdc_test_001724,DFDC-DFDC_Fake,1,Xception,visual,0.3923,probability,119.24,N/A,N/A,ok,
dfdc_test_001725,DFDC-DFDC_Fake,1,Xception,visual,0.5635,probability,124.47,N/A,N/A,ok,
dfdc_test_001726,DFDC-DFDC_Fake,1,Xception,visual,0.5984,probability,129.16,N/A,N/A,ok,
dfdc_test_001727,DFDC-DFDC_Fake,1,Xception,visual,0.5756,probability,159.79,N/A,N/A,ok,
dfdc_test_001728,DFDC-DFDC_Fake,1,Xception,visual,0.8883,probability,128.65,N/A,N/A,ok,
dfdc_test_001729,DFDC-DFDC_Fake,1,Xception,visual,0.7939,probability,155.17,N/A,N/A,ok,
dfdc_test_001730,DFDC-DFDC_Fake,1,Xception,visual,0.8662,probability,129.7,N/A,N/A,ok,
dfdc_test_001731,DFDC-DFDC_Fake,1,Xception,visual,0.235,probability,117.69,N/A,N/A,ok,
dfdc_test_001732,DFDC-DFDC_Fake,1,Xception,visual,0.5791,probability,101.95,N/A,N/A,ok,
dfdc_test_001733,DFDC-DFDC_Fake,1,Xception,visual,0.804,probability,105.0,N/A,N/A,ok,
dfdc_test_001734,DFDC-DFDC_Fake,1,Xception,visual,0.5703,probability,140.34,N/A,N/A,ok,
dfdc_test_001735,DFDC-DFDC_Fake,1,Xception,visual,0.8286,probability,94.58,N/A,N/A,ok,
dfdc_test_001736,DFDC-DFDC_Fake,1,Xception,visual,0.2902,probability,160.03,N/A,N/A,ok,
dfdc_test_001737,DFDC-DFDC_Fake,1,Xception,visual,0.5485,probability,133.75,N/A,N/A,ok,
dfdc_test_001738,DFDC-DFDC_Fake,1,Xception,visual,0.442,probability,120.8,N/A,N/A,ok,
dfdc_test_001739,DFDC-DFDC_Fake,1,Xception,visual,0.4989,probability,107.05,N/A,N/A,ok,
dfdc_test_001740,DFDC-DFDC_Fake,1,Xception,visual,0.5313,probability,107.14,N/A,N/A,ok,
dfdc_test_001741,DFDC-DFDC_Fake,1,Xception,visual,0.51,probability,121.48,N/A,N/A,ok,
dfdc_test_001742,DFDC-DFDC_Fake,1,Xception,visual,0.7959,probability,137.35,N/A,N/A,ok,
dfdc_test_001743,DFDC-DFDC_Fake,1,Xception,visual,0.9138,probability,131.9,N/A,N/A,ok,
dfdc_test_001744,DFDC-DFDC_Fake,1,Xception,visual,0.3338,probability,120.09,N/A,N/A,ok,
dfdc_test_001745,DFDC-DFDC_Fake,1,Xception,visual,0.5693,probability,126.7,N/A,N/A,ok,
dfdc_test_001746,DFDC-DFDC_Fake,1,Xception,visual,0.4891,probability,111.73,N/A,N/A,ok,
dfdc_test_001747,DFDC-DFDC_Fake,1,Xception,visual,0.5086,probability,116.46,N/A,N/A,ok,
dfdc_test_001748,DFDC-DFDC_Fake,1,Xception,visual,0.6289,probability,111.45,N/A,N/A,ok,
dfdc_test_001749,DFDC-DFDC_Fake,1,Xception,visual,0.4607,probability,132.84,N/A,N/A,ok,
dfdc_test_001750,DFDC-DFDC_Fake,1,Xception,visual,0.5034,probability,135.26,N/A,N/A,ok,
dfdc_test_001751,DFDC-DFDC_Fake,1,Xception,visual,0.9682,probability,141.74,N/A,N/A,ok,
dfdc_test_001752,DFDC-DFDC_Fake,1,Xception,visual,0.9046,probability,135.7,N/A,N/A,ok,
dfdc_test_001753,DFDC-DFDC_Fake,1,Xception,visual,0.7399,probability,103.45,N/A,N/A,ok,
dfdc_test_001754,DFDC-DFDC_Fake,1,Xception,visual,0.6448,probability,171.1,N/A,N/A,ok,
dfdc_test_001755,DFDC-DFDC_Fake,1,Xception,visual,0.9893,probability,115.68,N/A,N/A,ok,
dfdc_test_001756,DFDC-DFDC_Fake,1,Xception,visual,0.484,probability,107.56,N/A,N/A,ok,
dfdc_test_001757,DFDC-DFDC_Fake,1,Xception,visual,0.3954,probability,88.93,N/A,N/A,ok,
dfdc_test_001758,DFDC-DFDC_Fake,1,Xception,visual,0.4619,probability,81.18,N/A,N/A,ok,
dfdc_test_001759,DFDC-DFDC_Fake,1,Xception,visual,0.6105,probability,99.19,N/A,N/A,ok,
dfdc_test_001760,DFDC-DFDC_Fake,1,Xception,visual,0.5306,probability,84.17,N/A,N/A,ok,
dfdc_test_001761,DFDC-DFDC_Fake,1,Xception,visual,0.5131,probability,87.96,N/A,N/A,ok,
dfdc_test_001762,DFDC-DFDC_Fake,1,Xception,visual,0.7584,probability,92.72,N/A,N/A,ok,
dfdc_test_001763,DFDC-DFDC_Fake,1,Xception,visual,0.4366,probability,78.18,N/A,N/A,ok,
dfdc_test_001764,DFDC-DFDC_Fake,1,Xception,visual,0.2585,probability,96.52,N/A,N/A,ok,
dfdc_test_001765,DFDC-DFDC_Fake,1,Xception,visual,0.8945,probability,79.07,N/A,N/A,ok,
dfdc_test_001766,DFDC-DFDC_Fake,1,Xception,visual,0.886,probability,93.48,N/A,N/A,ok,
dfdc_test_001767,DFDC-DFDC_Fake,1,Xception,visual,0.495,probability,89.53,N/A,N/A,ok,
dfdc_test_001768,DFDC-DFDC_Fake,1,Xception,visual,0.7595,probability,89.02,N/A,N/A,ok,
dfdc_test_001769,DFDC-DFDC_Fake,1,Xception,visual,0.4009,probability,108.71,N/A,N/A,ok,
dfdc_test_001770,DFDC-DFDC_Fake,1,Xception,visual,0.4979,probability,91.12,N/A,N/A,ok,
dfdc_test_001771,DFDC-DFDC_Fake,1,Xception,visual,0.4839,probability,84.14,N/A,N/A,ok,
dfdc_test_001772,DFDC-DFDC_Fake,1,Xception,visual,0.6365,probability,88.78,N/A,N/A,ok,
dfdc_test_001773,DFDC-DFDC_Fake,1,Xception,visual,0.826,probability,85.56,N/A,N/A,ok,
dfdc_test_001774,DFDC-DFDC_Fake,1,Xception,visual,0.9233,probability,90.68,N/A,N/A,ok,
dfdc_test_001775,DFDC-DFDC_Fake,1,Xception,visual,0.3775,probability,104.33,N/A,N/A,ok,
dfdc_test_001776,DFDC-DFDC_Fake,1,Xception,visual,0.8501,probability,95.04,N/A,N/A,ok,
dfdc_test_001777,DFDC-DFDC_Fake,1,Xception,visual,0.4794,probability,95.62,N/A,N/A,ok,
dfdc_test_001778,DFDC-DFDC_Fake,1,Xception,visual,0.3884,probability,104.4,N/A,N/A,ok,
dfdc_test_001779,DFDC-DFDC_Fake,1,Xception,visual,0.8732,probability,129.51,N/A,N/A,ok,
dfdc_test_001780,DFDC-DFDC_Fake,1,Xception,visual,0.486,probability,144.55,N/A,N/A,ok,
dfdc_test_001781,DFDC-DFDC_Fake,1,Xception,visual,0.6795,probability,142.47,N/A,N/A,ok,
dfdc_test_001782,DFDC-DFDC_Fake,1,Xception,visual,0.1922,probability,111.04,N/A,N/A,ok,
dfdc_test_001783,DFDC-DFDC_Fake,1,Xception,visual,0.9789,probability,124.62,N/A,N/A,ok,
dfdc_test_001784,DFDC-DFDC_Fake,1,Xception,visual,0.3681,probability,109.99,N/A,N/A,ok,
dfdc_test_001785,DFDC-DFDC_Fake,1,Xception,visual,0.7981,probability,116.2,N/A,N/A,ok,
dfdc_test_001786,DFDC-DFDC_Fake,1,Xception,visual,0.5857,probability,136.48,N/A,N/A,ok,
dfdc_test_001787,DFDC-DFDC_Fake,1,Xception,visual,0.7706,probability,120.54,N/A,N/A,ok,
dfdc_test_001788,DFDC-DFDC_Fake,1,Xception,visual,0.4265,probability,122.66,N/A,N/A,ok,
dfdc_test_001789,DFDC-DFDC_Fake,1,Xception,visual,0.485,probability,135.59,N/A,N/A,ok,
dfdc_test_001790,DFDC-DFDC_Fake,1,Xception,visual,0.4973,probability,132.63,N/A,N/A,ok,
dfdc_test_001791,DFDC-DFDC_Fake,1,Xception,visual,0.4901,probability,123.42,N/A,N/A,ok,
dfdc_test_001792,DFDC-DFDC_Fake,1,Xception,visual,0.479,probability,94.84,N/A,N/A,ok,
dfdc_test_001793,DFDC-DFDC_Fake,1,Xception,visual,0.5847,probability,90.98,N/A,N/A,ok,
dfdc_test_001794,DFDC-DFDC_Fake,1,Xception,visual,0.1524,probability,108.72,N/A,N/A,ok,
dfdc_test_001795,DFDC-DFDC_Fake,1,Xception,visual,0.9919,probability,129.18,N/A,N/A,ok,
dfdc_test_001796,DFDC-DFDC_Fake,1,Xception,visual,0.4347,probability,107.94,N/A,N/A,ok,
dfdc_test_001797,DFDC-DFDC_Fake,1,Xception,visual,0.4925,probability,130.6,N/A,N/A,ok,
dfdc_test_001798,DFDC-DFDC_Fake,1,Xception,visual,0.6863,probability,119.58,N/A,N/A,ok,
dfdc_test_001799,DFDC-DFDC_Fake,1,Xception,visual,0.5198,probability,91.31,N/A,N/A,ok,
dfdc_test_001800,DFDC-DFDC_Fake,1,Xception,visual,0.6366,probability,106.08,N/A,N/A,ok,
dfdc_test_001801,DFDC-DFDC_Fake,1,Xception,visual,0.4966,probability,95.52,N/A,N/A,ok,
dfdc_test_001802,DFDC-DFDC_Fake,1,Xception,visual,0.5358,probability,124.53,N/A,N/A,ok,
dfdc_test_001803,DFDC-DFDC_Fake,1,Xception,visual,0.4731,probability,93.58,N/A,N/A,ok,
dfdc_test_001804,DFDC-DFDC_Fake,1,Xception,visual,0.4676,probability,102.69,N/A,N/A,ok,
dfdc_test_001805,DFDC-DFDC_Fake,1,Xception,visual,0.2108,probability,109.06,N/A,N/A,ok,
dfdc_test_001806,DFDC-DFDC_Fake,1,Xception,visual,0.7812,probability,89.36,N/A,N/A,ok,
dfdc_test_001807,DFDC-DFDC_Fake,1,Xception,visual,0.5049,probability,92.9,N/A,N/A,ok,
dfdc_test_001808,DFDC-DFDC_Fake,1,Xception,visual,0.5487,probability,89.18,N/A,N/A,ok,
dfdc_test_001809,DFDC-DFDC_Fake,1,Xception,visual,0.6474,probability,129.76,N/A,N/A,ok,
dfdc_test_001810,DFDC-DFDC_Fake,1,Xception,visual,0.4846,probability,126.39,N/A,N/A,ok,
dfdc_test_001811,DFDC-DFDC_Fake,1,Xception,visual,0.7368,probability,95.62,N/A,N/A,ok,
dfdc_test_001812,DFDC-DFDC_Fake,1,Xception,visual,0.6324,probability,89.32,N/A,N/A,ok,
dfdc_test_001813,DFDC-DFDC_Fake,1,Xception,visual,0.52,probability,88.51,N/A,N/A,ok,
dfdc_test_001814,DFDC-DFDC_Fake,1,Xception,visual,0.5559,probability,107.62,N/A,N/A,ok,
dfdc_test_001815,DFDC-DFDC_Fake,1,Xception,visual,0.397,probability,107.32,N/A,N/A,ok,
dfdc_test_001816,DFDC-DFDC_Fake,1,Xception,visual,0.2179,probability,103.2,N/A,N/A,ok,
dfdc_test_001817,DFDC-DFDC_Fake,1,Xception,visual,0.2126,probability,147.62,N/A,N/A,ok,
dfdc_test_001818,DFDC-DFDC_Fake,1,Xception,visual,0.4376,probability,112.44,N/A,N/A,ok,
dfdc_test_001819,DFDC-DFDC_Fake,1,Xception,visual,0.0569,probability,100.18,N/A,N/A,ok,
dfdc_test_001820,DFDC-DFDC_Fake,1,Xception,visual,0.9722,probability,103.81,N/A,N/A,ok,
dfdc_test_001821,DFDC-DFDC_Fake,1,Xception,visual,0.312,probability,108.66,N/A,N/A,ok,
dfdc_test_001822,DFDC-DFDC_Fake,1,Xception,visual,0.6285,probability,88.61,N/A,N/A,ok,
dfdc_test_001823,DFDC-DFDC_Fake,1,Xception,visual,0.7388,probability,101.87,N/A,N/A,ok,
dfdc_test_001824,DFDC-DFDC_Fake,1,Xception,visual,0.0818,probability,103.12,N/A,N/A,ok,
dfdc_test_001825,DFDC-DFDC_Fake,1,Xception,visual,0.3222,probability,100.25,N/A,N/A,ok,
dfdc_test_001826,DFDC-DFDC_Fake,1,Xception,visual,0.5625,probability,85.85,N/A,N/A,ok,
dfdc_test_001827,DFDC-DFDC_Fake,1,Xception,visual,0.6607,probability,92.18,N/A,N/A,ok,
dfdc_test_001828,DFDC-DFDC_Fake,1,Xception,visual,0.4701,probability,115.35,N/A,N/A,ok,
dfdc_test_001829,DFDC-DFDC_Fake,1,Xception,visual,0.6294,probability,115.04,N/A,N/A,ok,
dfdc_test_001830,DFDC-DFDC_Fake,1,Xception,visual,0.603,probability,109.0,N/A,N/A,ok,
dfdc_test_001831,DFDC-DFDC_Fake,1,Xception,visual,0.4743,probability,95.32,N/A,N/A,ok,
dfdc_test_001832,DFDC-DFDC_Fake,1,Xception,visual,0.2476,probability,103.59,N/A,N/A,ok,
dfdc_test_001833,DFDC-DFDC_Fake,1,Xception,visual,0.6968,probability,93.51,N/A,N/A,ok,
dfdc_test_001834,DFDC-DFDC_Fake,1,Xception,visual,0.7795,probability,103.17,N/A,N/A,ok,
dfdc_test_001835,DFDC-DFDC_Fake,1,Xception,visual,0.4442,probability,91.33,N/A,N/A,ok,
dfdc_test_001836,DFDC-DFDC_Fake,1,Xception,visual,0.4538,probability,113.95,N/A,N/A,ok,
dfdc_test_001837,DFDC-DFDC_Fake,1,Xception,visual,0.8359,probability,86.56,N/A,N/A,ok,
dfdc_test_001838,DFDC-DFDC_Fake,1,Xception,visual,0.7766,probability,87.86,N/A,N/A,ok,
dfdc_test_001839,DFDC-DFDC_Fake,1,Xception,visual,0.5673,probability,91.52,N/A,N/A,ok,
dfdc_test_001840,DFDC-DFDC_Fake,1,Xception,visual,0.7072,probability,99.52,N/A,N/A,ok,
dfdc_test_001841,DFDC-DFDC_Fake,1,Xception,visual,0.2671,probability,83.28,N/A,N/A,ok,
dfdc_test_001842,DFDC-DFDC_Fake,1,Xception,visual,0.5759,probability,102.29,N/A,N/A,ok,
dfdc_test_001843,DFDC-DFDC_Fake,1,Xception,visual,0.4699,probability,102.7,N/A,N/A,ok,
dfdc_test_001844,DFDC-DFDC_Fake,1,Xception,visual,0.5834,probability,89.63,N/A,N/A,ok,
dfdc_test_001845,DFDC-DFDC_Fake,1,Xception,visual,0.9514,probability,101.63,N/A,N/A,ok,
dfdc_test_001846,DFDC-DFDC_Fake,1,Xception,visual,0.5199,probability,120.24,N/A,N/A,ok,
dfdc_test_001847,DFDC-DFDC_Fake,1,Xception,visual,0.298,probability,85.09,N/A,N/A,ok,
dfdc_test_001848,DFDC-DFDC_Fake,1,Xception,visual,0.9063,probability,117.7,N/A,N/A,ok,
dfdc_test_001849,DFDC-DFDC_Fake,1,Xception,visual,0.5695,probability,95.23,N/A,N/A,ok,
dfdc_test_001850,DFDC-DFDC_Fake,1,Xception,visual,0.5094,probability,99.05,N/A,N/A,ok,
dfdc_test_001851,DFDC-DFDC_Fake,1,Xception,visual,0.6259,probability,100.35,N/A,N/A,ok,
dfdc_test_001852,DFDC-DFDC_Fake,1,Xception,visual,0.521,probability,91.66,N/A,N/A,ok,
dfdc_test_001853,DFDC-DFDC_Fake,1,Xception,visual,0.5894,probability,94.76,N/A,N/A,ok,
dfdc_test_001854,DFDC-DFDC_Fake,1,Xception,visual,0.5622,probability,88.0,N/A,N/A,ok,
dfdc_test_001855,DFDC-DFDC_Fake,1,Xception,visual,0.1669,probability,98.34,N/A,N/A,ok,
dfdc_test_001856,DFDC-DFDC_Fake,1,Xception,visual,0.4304,probability,138.57,N/A,N/A,ok,
dfdc_test_001857,DFDC-DFDC_Fake,1,Xception,visual,0.4704,probability,118.14,N/A,N/A,ok,
dfdc_test_001858,DFDC-DFDC_Fake,1,Xception,visual,0.6439,probability,97.77,N/A,N/A,ok,
dfdc_test_001859,DFDC-DFDC_Fake,1,Xception,visual,0.4588,probability,94.93,N/A,N/A,ok,
dfdc_test_001860,DFDC-DFDC_Fake,1,Xception,visual,0.4802,probability,126.22,N/A,N/A,ok,
dfdc_test_001861,DFDC-DFDC_Fake,1,Xception,visual,0.4946,probability,119.42,N/A,N/A,ok,
dfdc_test_001862,DFDC-DFDC_Fake,1,Xception,visual,0.3586,probability,96.13,N/A,N/A,ok,
dfdc_test_001863,DFDC-DFDC_Fake,1,Xception,visual,0.3269,probability,98.61,N/A,N/A,ok,
dfdc_test_001864,DFDC-DFDC_Fake,1,Xception,visual,0.8268,probability,106.94,N/A,N/A,ok,
dfdc_test_001865,DFDC-DFDC_Fake,1,Xception,visual,0.737,probability,114.9,N/A,N/A,ok,
dfdc_test_001866,DFDC-DFDC_Fake,1,Xception,visual,0.6276,probability,107.16,N/A,N/A,ok,
dfdc_test_001867,DFDC-DFDC_Fake,1,Xception,visual,0.5483,probability,96.71,N/A,N/A,ok,
dfdc_test_001868,DFDC-DFDC_Fake,1,Xception,visual,0.4376,probability,84.35,N/A,N/A,ok,
dfdc_test_001869,DFDC-DFDC_Fake,1,Xception,visual,0.6662,probability,85.13,N/A,N/A,ok,
dfdc_test_001870,DFDC-DFDC_Fake,1,Xception,visual,0.7706,probability,86.87,N/A,N/A,ok,
dfdc_test_001871,DFDC-DFDC_Fake,1,Xception,visual,0.6635,probability,101.17,N/A,N/A,ok,
dfdc_test_001872,DFDC-DFDC_Fake,1,Xception,visual,0.066,probability,96.7,N/A,N/A,ok,
dfdc_test_001873,DFDC-DFDC_Fake,1,Xception,visual,0.6455,probability,106.36,N/A,N/A,ok,
dfdc_test_001874,DFDC-DFDC_Fake,1,Xception,visual,0.9509,probability,111.67,N/A,N/A,ok,
dfdc_test_001875,DFDC-DFDC_Fake,1,Xception,visual,0.6224,probability,97.32,N/A,N/A,ok,
dfdc_test_001876,DFDC-DFDC_Fake,1,Xception,visual,0.6196,probability,111.51,N/A,N/A,ok,
dfdc_test_001877,DFDC-DFDC_Fake,1,Xception,visual,0.1958,probability,87.74,N/A,N/A,ok,
dfdc_test_001878,DFDC-DFDC_Fake,1,Xception,visual,0.9203,probability,121.19,N/A,N/A,ok,
dfdc_test_001879,DFDC-DFDC_Fake,1,Xception,visual,0.6822,probability,105.7,N/A,N/A,ok,
dfdc_test_001880,DFDC-DFDC_Fake,1,Xception,visual,0.415,probability,106.86,N/A,N/A,ok,
dfdc_test_001881,DFDC-DFDC_Fake,1,Xception,visual,0.6926,probability,112.62,N/A,N/A,ok,
dfdc_test_001882,DFDC-DFDC_Fake,1,Xception,visual,0.9346,probability,122.94,N/A,N/A,ok,
dfdc_test_001883,DFDC-DFDC_Fake,1,Xception,visual,0.5333,probability,103.62,N/A,N/A,ok,
dfdc_test_001884,DFDC-DFDC_Fake,1,Xception,visual,0.3007,probability,105.06,N/A,N/A,ok,
dfdc_test_001885,DFDC-DFDC_Fake,1,Xception,visual,0.87,probability,112.47,N/A,N/A,ok,
dfdc_test_001886,DFDC-DFDC_Fake,1,Xception,visual,0.5498,probability,134.38,N/A,N/A,ok,
dfdc_test_001887,DFDC-DFDC_Fake,1,Xception,visual,0.7714,probability,134.52,N/A,N/A,ok,
dfdc_test_001888,DFDC-DFDC_Fake,1,Xception,visual,0.3238,probability,117.89,N/A,N/A,ok,
dfdc_test_001889,DFDC-DFDC_Fake,1,Xception,visual,0.2597,probability,116.84,N/A,N/A,ok,
dfdc_test_001890,DFDC-DFDC_Fake,1,Xception,visual,0.5511,probability,116.18,N/A,N/A,ok,
dfdc_test_001891,DFDC-DFDC_Fake,1,Xception,visual,0.8142,probability,134.04,N/A,N/A,ok,
dfdc_test_001892,DFDC-DFDC_Fake,1,Xception,visual,0.3481,probability,122.33,N/A,N/A,ok,
dfdc_test_001893,DFDC-DFDC_Fake,1,Xception,visual,0.2447,probability,98.13,N/A,N/A,ok,
dfdc_test_001894,DFDC-DFDC_Fake,1,Xception,visual,0.4574,probability,119.42,N/A,N/A,ok,
dfdc_test_001895,DFDC-DFDC_Fake,1,Xception,visual,0.7418,probability,111.41,N/A,N/A,ok,
dfdc_test_001896,DFDC-DFDC_Fake,1,Xception,visual,0.9071,probability,121.69,N/A,N/A,ok,
dfdc_test_001897,DFDC-DFDC_Fake,1,Xception,visual,0.5785,probability,139.98,N/A,N/A,ok,
dfdc_test_001898,DFDC-DFDC_Fake,1,Xception,visual,0.7477,probability,97.54,N/A,N/A,ok,
dfdc_test_001899,DFDC-DFDC_Fake,1,Xception,visual,0.1005,probability,114.49,N/A,N/A,ok,
dfdc_test_001900,DFDC-DFDC_Fake,1,Xception,visual,0.372,probability,104.03,N/A,N/A,ok,
dfdc_test_001901,DFDC-DFDC_Fake,1,Xception,visual,0.4641,probability,90.2,N/A,N/A,ok,
dfdc_test_001902,DFDC-DFDC_Fake,1,Xception,visual,0.6665,probability,122.14,N/A,N/A,ok,
dfdc_test_001903,DFDC-DFDC_Fake,1,Xception,visual,0.3775,probability,90.77,N/A,N/A,ok,
dfdc_test_001904,DFDC-DFDC_Fake,1,Xception,visual,0.5844,probability,96.92,N/A,N/A,ok,
dfdc_test_001905,DFDC-DFDC_Fake,1,Xception,visual,0.7239,probability,105.72,N/A,N/A,ok,
dfdc_test_001906,DFDC-DFDC_Fake,1,Xception,visual,0.1444,probability,101.28,N/A,N/A,ok,
dfdc_test_001907,DFDC-DFDC_Fake,1,Xception,visual,0.2617,probability,108.24,N/A,N/A,ok,
dfdc_test_001908,DFDC-DFDC_Fake,1,Xception,visual,0.747,probability,110.81,N/A,N/A,ok,
dfdc_test_001909,DFDC-DFDC_Fake,1,Xception,visual,0.6229,probability,128.57,N/A,N/A,ok,
dfdc_test_001910,DFDC-DFDC_Fake,1,Xception,visual,0.4417,probability,99.58,N/A,N/A,ok,
dfdc_test_001911,DFDC-DFDC_Fake,1,Xception,visual,0.7931,probability,84.75,N/A,N/A,ok,
dfdc_test_001912,DFDC-DFDC_Fake,1,Xception,visual,0.6594,probability,98.87,N/A,N/A,ok,
dfdc_test_001913,DFDC-DFDC_Fake,1,Xception,visual,0.8987,probability,98.41,N/A,N/A,ok,
dfdc_test_001914,DFDC-DFDC_Fake,1,Xception,visual,0.9052,probability,96.09,N/A,N/A,ok,
dfdc_test_001915,DFDC-DFDC_Fake,1,Xception,visual,0.4957,probability,104.99,N/A,N/A,ok,
dfdc_test_001916,DFDC-DFDC_Fake,1,Xception,visual,0.709,probability,109.74,N/A,N/A,ok,
dfdc_test_001917,DFDC-DFDC_Fake,1,Xception,visual,0.5977,probability,120.69,N/A,N/A,ok,
dfdc_test_001918,DFDC-DFDC_Fake,1,Xception,visual,0.6752,probability,113.82,N/A,N/A,ok,
dfdc_test_001919,DFDC-DFDC_Fake,1,Xception,visual,0.5507,probability,92.83,N/A,N/A,ok,
dfdc_test_001920,DFDC-DFDC_Fake,1,Xception,visual,0.3144,probability,116.66,N/A,N/A,ok,
dfdc_test_001921,DFDC-DFDC_Fake,1,Xception,visual,0.3963,probability,93.63,N/A,N/A,ok,
dfdc_test_001922,DFDC-DFDC_Fake,1,Xception,visual,0.922,probability,102.8,N/A,N/A,ok,
dfdc_test_001923,DFDC-DFDC_Fake,1,Xception,visual,0.5723,probability,85.76,N/A,N/A,ok,
dfdc_test_001924,DFDC-DFDC_Fake,1,Xception,visual,0.6285,probability,91.48,N/A,N/A,ok,
dfdc_test_001925,DFDC-DFDC_Fake,1,Xception,visual,0.3457,probability,90.16,N/A,N/A,ok,
dfdc_test_001926,DFDC-DFDC_Fake,1,Xception,visual,0.9528,probability,110.21,N/A,N/A,ok,
dfdc_test_001927,DFDC-DFDC_Fake,1,Xception,visual,0.5163,probability,93.06,N/A,N/A,ok,
dfdc_test_001928,DFDC-DFDC_Fake,1,Xception,visual,0.6257,probability,97.51,N/A,N/A,ok,
dfdc_test_001929,DFDC-DFDC_Fake,1,Xception,visual,0.254,probability,95.8,N/A,N/A,ok,
dfdc_test_001930,DFDC-DFDC_Fake,1,Xception,visual,0.4394,probability,120.54,N/A,N/A,ok,
dfdc_test_001931,DFDC-DFDC_Fake,1,Xception,visual,0.4304,probability,99.23,N/A,N/A,ok,
dfdc_test_001932,DFDC-DFDC_Fake,1,Xception,visual,0.7679,probability,94.06,N/A,N/A,ok,
dfdc_test_001933,DFDC-DFDC_Fake,1,Xception,visual,0.5076,probability,108.18,N/A,N/A,ok,
dfdc_test_001934,DFDC-DFDC_Fake,1,Xception,visual,0.589,probability,91.41,N/A,N/A,ok,
dfdc_test_001935,DFDC-DFDC_Fake,1,Xception,visual,0.5533,probability,95.87,N/A,N/A,ok,
dfdc_test_001936,DFDC-DFDC_Fake,1,Xception,visual,0.2657,probability,103.57,N/A,N/A,ok,
dfdc_test_001937,DFDC-DFDC_Fake,1,Xception,visual,0.3366,probability,101.72,N/A,N/A,ok,
dfdc_test_001938,DFDC-DFDC_Fake,1,Xception,visual,0.6478,probability,115.31,N/A,N/A,ok,
dfdc_test_001939,DFDC-DFDC_Fake,1,Xception,visual,0.2411,probability,82.45,N/A,N/A,ok,
dfdc_test_001940,DFDC-DFDC_Fake,1,Xception,visual,0.4908,probability,86.3,N/A,N/A,ok,
dfdc_test_001941,DFDC-DFDC_Fake,1,Xception,visual,0.4681,probability,97.64,N/A,N/A,ok,
dfdc_test_001942,DFDC-DFDC_Fake,1,Xception,visual,0.3292,probability,89.85,N/A,N/A,ok,
dfdc_test_001943,DFDC-DFDC_Fake,1,Xception,visual,0.2752,probability,105.8,N/A,N/A,ok,
dfdc_test_001944,DFDC-DFDC_Fake,1,Xception,visual,0.5925,probability,94.7,N/A,N/A,ok,
dfdc_test_001945,DFDC-DFDC_Fake,1,Xception,visual,0.5607,probability,103.04,N/A,N/A,ok,
dfdc_test_001946,DFDC-DFDC_Fake,1,Xception,visual,0.6287,probability,111.46,N/A,N/A,ok,
dfdc_test_001947,DFDC-DFDC_Fake,1,Xception,visual,0.4701,probability,97.31,N/A,N/A,ok,
dfdc_test_001948,DFDC-DFDC_Fake,1,Xception,visual,0.3969,probability,97.16,N/A,N/A,ok,
dfdc_test_001949,DFDC-DFDC_Fake,1,Xception,visual,0.4133,probability,118.03,N/A,N/A,ok,
dfdc_test_001950,DFDC-DFDC_Fake,1,Xception,visual,0.4405,probability,91.23,N/A,N/A,ok,
dfdc_test_001951,DFDC-DFDC_Fake,1,Xception,visual,0.9746,probability,84.15,N/A,N/A,ok,
dfdc_test_001952,DFDC-DFDC_Fake,1,Xception,visual,0.4814,probability,89.89,N/A,N/A,ok,
dfdc_test_001953,DFDC-DFDC_Fake,1,Xception,visual,0.3065,probability,99.94,N/A,N/A,ok,
dfdc_test_001954,DFDC-DFDC_Fake,1,Xception,visual,0.3119,probability,97.49,N/A,N/A,ok,
dfdc_test_001955,DFDC-DFDC_Fake,1,Xception,visual,0.5091,probability,116.07,N/A,N/A,ok,
dfdc_test_001956,DFDC-DFDC_Fake,1,Xception,visual,0.6711,probability,113.28,N/A,N/A,ok,
dfdc_test_001957,DFDC-DFDC_Fake,1,Xception,visual,0.7866,probability,112.04,N/A,N/A,ok,
dfdc_test_001958,DFDC-DFDC_Fake,1,Xception,visual,0.4611,probability,110.61,N/A,N/A,ok,
dfdc_test_001959,DFDC-DFDC_Fake,1,Xception,visual,0.6049,probability,103.11,N/A,N/A,ok,
dfdc_test_001960,DFDC-DFDC_Fake,1,Xception,visual,0.4073,probability,80.66,N/A,N/A,ok,
dfdc_test_001961,DFDC-DFDC_Fake,1,Xception,visual,0.4876,probability,92.34,N/A,N/A,ok,
dfdc_test_001962,DFDC-DFDC_Fake,1,Xception,visual,0.4554,probability,118.89,N/A,N/A,ok,
dfdc_test_001963,DFDC-DFDC_Fake,1,Xception,visual,0.6699,probability,103.08,N/A,N/A,ok,
dfdc_test_001964,DFDC-DFDC_Fake,1,Xception,visual,0.6961,probability,112.55,N/A,N/A,ok,
dfdc_test_001965,DFDC-DFDC_Fake,1,Xception,visual,0.7641,probability,106.19,N/A,N/A,ok,
dfdc_test_001966,DFDC-DFDC_Fake,1,Xception,visual,0.6163,probability,101.02,N/A,N/A,ok,
dfdc_test_001967,DFDC-DFDC_Fake,1,Xception,visual,0.6824,probability,93.74,N/A,N/A,ok,
dfdc_test_001968,DFDC-DFDC_Fake,1,Xception,visual,0.1845,probability,119.24,N/A,N/A,ok,
dfdc_test_001969,DFDC-DFDC_Fake,1,Xception,visual,0.4139,probability,94.14,N/A,N/A,ok,
dfdc_test_001970,DFDC-DFDC_Fake,1,Xception,visual,0.5297,probability,100.83,N/A,N/A,ok,
dfdc_test_001971,DFDC-DFDC_Fake,1,Xception,visual,0.4014,probability,102.66,N/A,N/A,ok,
dfdc_test_001972,DFDC-DFDC_Fake,1,Xception,visual,0.693,probability,101.56,N/A,N/A,ok,
dfdc_test_001973,DFDC-DFDC_Fake,1,Xception,visual,0.9769,probability,104.92,N/A,N/A,ok,
dfdc_test_001974,DFDC-DFDC_Fake,1,Xception,visual,0.6672,probability,103.84,N/A,N/A,ok,
dfdc_test_001975,DFDC-DFDC_Fake,1,Xception,visual,0.5156,probability,107.76,N/A,N/A,ok,
dfdc_test_001976,DFDC-DFDC_Fake,1,Xception,visual,0.6096,probability,106.13,N/A,N/A,ok,
dfdc_test_001977,DFDC-DFDC_Fake,1,Xception,visual,0.8347,probability,107.87,N/A,N/A,ok,
dfdc_test_001978,DFDC-DFDC_Fake,1,Xception,visual,0.6979,probability,118.22,N/A,N/A,ok,
dfdc_test_001979,DFDC-DFDC_Fake,1,Xception,visual,0.4057,probability,111.63,N/A,N/A,ok,
dfdc_test_001980,DFDC-DFDC_Fake,1,Xception,visual,0.3586,probability,112.67,N/A,N/A,ok,
dfdc_test_001981,DFDC-DFDC_Fake,1,Xception,visual,0.5272,probability,122.17,N/A,N/A,ok,
dfdc_test_001982,DFDC-DFDC_Fake,1,Xception,visual,0.3876,probability,158.57,N/A,N/A,ok,
dfdc_test_001983,DFDC-DFDC_Fake,1,Xception,visual,0.4852,probability,126.52,N/A,N/A,ok,
dfdc_test_001984,DFDC-DFDC_Fake,1,Xception,visual,0.3523,probability,104.2,N/A,N/A,ok,
dfdc_test_001985,DFDC-DFDC_Fake,1,Xception,visual,0.4566,probability,117.09,N/A,N/A,ok,
dfdc_test_001986,DFDC-DFDC_Fake,1,Xception,visual,0.564,probability,136.67,N/A,N/A,ok,
dfdc_test_001987,DFDC-DFDC_Fake,1,Xception,visual,0.4445,probability,142.52,N/A,N/A,ok,
dfdc_test_001988,DFDC-DFDC_Fake,1,Xception,visual,0.9115,probability,100.21,N/A,N/A,ok,
dfdc_test_001989,DFDC-DFDC_Fake,1,Xception,visual,0.9724,probability,95.86,N/A,N/A,ok,
dfdc_test_001990,DFDC-DFDC_Fake,1,Xception,visual,0.5252,probability,99.16,N/A,N/A,ok,
dfdc_test_001991,DFDC-DFDC_Fake,1,Xception,visual,0.3279,probability,95.38,N/A,N/A,ok,
dfdc_test_001992,DFDC-DFDC_Fake,1,Xception,visual,0.6262,probability,103.89,N/A,N/A,ok,
dfdc_test_001993,DFDC-DFDC_Fake,1,Xception,visual,0.7767,probability,94.53,N/A,N/A,ok,
dfdc_test_001994,DFDC-DFDC_Fake,1,Xception,visual,0.7003,probability,98.0,N/A,N/A,ok,
dfdc_test_001995,DFDC-DFDC_Fake,1,Xception,visual,0.4728,probability,133.15,N/A,N/A,ok,
dfdc_test_001996,DFDC-DFDC_Fake,1,Xception,visual,0.6756,probability,116.77,N/A,N/A,ok,
dfdc_test_001997,DFDC-DFDC_Fake,1,Xception,visual,0.3324,probability,120.44,N/A,N/A,ok,
dfdc_test_001998,DFDC-DFDC_Fake,1,Xception,visual,0.3916,probability,104.77,N/A,N/A,ok,
dfdc_test_001999,DFDC-DFDC_Fake,1,Xception,visual,0.2162,probability,99.96,N/A,N/A,ok,
dfdc_test_002000,DFDC-DFDC_Fake,1,Xception,visual,0.6725,probability,98.91,N/A,N/A,ok,
dfdc_test_002001,DFDC-DFDC_Fake,1,Xception,visual,0.9419,probability,99.49,N/A,N/A,ok,
dfdc_test_002002,DFDC-DFDC_Fake,1,Xception,visual,0.5888,probability,95.15,N/A,N/A,ok,
dfdc_test_002003,DFDC-DFDC_Fake,1,Xception,visual,0.3849,probability,97.81,N/A,N/A,ok,
dfdc_test_002004,DFDC-DFDC_Fake,1,Xception,visual,0.2765,probability,110.99,N/A,N/A,ok,
dfdc_test_002005,DFDC-DFDC_Fake,1,Xception,visual,0.5018,probability,131.48,N/A,N/A,ok,
dfdc_test_002006,DFDC-DFDC_Fake,1,Xception,visual,0.8379,probability,115.39,N/A,N/A,ok,
dfdc_test_002007,DFDC-DFDC_Fake,1,Xception,visual,0.7396,probability,119.72,N/A,N/A,ok,
dfdc_test_002008,DFDC-DFDC_Fake,1,Xception,visual,0.4495,probability,93.26,N/A,N/A,ok,
dfdc_test_002009,DFDC-DFDC_Fake,1,Xception,visual,0.5581,probability,99.56,N/A,N/A,ok,
dfdc_test_002010,DFDC-DFDC_Fake,1,Xception,visual,0.6676,probability,120.71,N/A,N/A,ok,
dfdc_test_002011,DFDC-DFDC_Fake,1,Xception,visual,0.1352,probability,97.1,N/A,N/A,ok,
dfdc_test_002012,DFDC-DFDC_Fake,1,Xception,visual,0.7593,probability,101.96,N/A,N/A,ok,
dfdc_test_002013,DFDC-DFDC_Fake,1,Xception,visual,0.6123,probability,117.77,N/A,N/A,ok,
dfdc_test_002014,DFDC-DFDC_Fake,1,Xception,visual,0.1763,probability,130.25,N/A,N/A,ok,
dfdc_test_002015,DFDC-DFDC_Fake,1,Xception,visual,0.2357,probability,111.42,N/A,N/A,ok,
dfdc_test_002016,DFDC-DFDC_Fake,1,Xception,visual,0.54,probability,122.94,N/A,N/A,ok,
dfdc_test_002017,DFDC-DFDC_Fake,1,Xception,visual,0.8672,probability,104.52,N/A,N/A,ok,
dfdc_test_002018,DFDC-DFDC_Fake,1,Xception,visual,0.459,probability,126.35,N/A,N/A,ok,
dfdc_test_002019,DFDC-DFDC_Fake,1,Xception,visual,0.7318,probability,92.47,N/A,N/A,ok,
dfdc_test_002020,DFDC-DFDC_Fake,1,Xception,visual,0.7039,probability,95.0,N/A,N/A,ok,
dfdc_test_002021,DFDC-DFDC_Fake,1,Xception,visual,0.4712,probability,104.09,N/A,N/A,ok,
dfdc_test_002022,DFDC-DFDC_Fake,1,Xception,visual,0.6207,probability,111.71,N/A,N/A,ok,
dfdc_test_002023,DFDC-DFDC_Fake,1,Xception,visual,0.5679,probability,89.04,N/A,N/A,ok,
dfdc_test_002024,DFDC-DFDC_Fake,1,Xception,visual,0.5126,probability,96.42,N/A,N/A,ok,
dfdc_test_002025,DFDC-DFDC_Fake,1,Xception,visual,0.4367,probability,112.36,N/A,N/A,ok,
dfdc_test_002026,DFDC-DFDC_Fake,1,Xception,visual,0.68,probability,153.83,N/A,N/A,ok,
dfdc_test_002027,DFDC-DFDC_Fake,1,Xception,visual,0.8257,probability,99.04,N/A,N/A,ok,
dfdc_test_002028,DFDC-DFDC_Fake,1,Xception,visual,0.8304,probability,118.12,N/A,N/A,ok,
dfdc_test_002029,DFDC-DFDC_Fake,1,Xception,visual,0.9622,probability,122.81,N/A,N/A,ok,
dfdc_test_002030,DFDC-DFDC_Fake,1,Xception,visual,0.9509,probability,125.43,N/A,N/A,ok,
dfdc_test_002031,DFDC-DFDC_Fake,1,Xception,visual,0.5228,probability,91.99,N/A,N/A,ok,
dfdc_test_002032,DFDC-DFDC_Fake,1,Xception,visual,0.6995,probability,88.93,N/A,N/A,ok,
dfdc_test_002033,DFDC-DFDC_Fake,1,Xception,visual,0.77,probability,101.72,N/A,N/A,ok,
dfdc_test_002034,DFDC-DFDC_Fake,1,Xception,visual,0.6256,probability,103.75,N/A,N/A,ok,
dfdc_test_002035,DFDC-DFDC_Fake,1,Xception,visual,0.8126,probability,102.34,N/A,N/A,ok,
dfdc_test_002036,DFDC-DFDC_Fake,1,Xception,visual,0.6344,probability,109.4,N/A,N/A,ok,
dfdc_test_002037,DFDC-DFDC_Fake,1,Xception,visual,0.5942,probability,108.09,N/A,N/A,ok,
dfdc_test_002038,DFDC-DFDC_Fake,1,Xception,visual,0.1693,probability,113.45,N/A,N/A,ok,
dfdc_test_002039,DFDC-DFDC_Fake,1,Xception,visual,0.6329,probability,115.93,N/A,N/A,ok,
dfdc_test_002040,DFDC-DFDC_Fake,1,Xception,visual,0.5448,probability,104.79,N/A,N/A,ok,
dfdc_test_002041,DFDC-DFDC_Fake,1,Xception,visual,0.425,probability,97.26,N/A,N/A,ok,
dfdc_test_002042,DFDC-DFDC_Fake,1,Xception,visual,0.4055,probability,109.6,N/A,N/A,ok,
dfdc_test_002043,DFDC-DFDC_Fake,1,Xception,visual,0.7754,probability,126.71,N/A,N/A,ok,
dfdc_test_002044,DFDC-DFDC_Fake,1,Xception,visual,0.7421,probability,112.01,N/A,N/A,ok,
dfdc_test_002045,DFDC-DFDC_Fake,1,Xception,visual,0.5683,probability,136.01,N/A,N/A,ok,
dfdc_test_002046,DFDC-DFDC_Fake,1,Xception,visual,0.8889,probability,136.53,N/A,N/A,ok,
dfdc_test_002047,DFDC-DFDC_Fake,1,Xception,visual,0.9529,probability,156.49,N/A,N/A,ok,
dfdc_test_002048,DFDC-DFDC_Fake,1,Xception,visual,0.196,probability,190.56,N/A,N/A,ok,
dfdc_test_002049,DFDC-DFDC_Fake,1,Xception,visual,0.1829,probability,114.09,N/A,N/A,ok,
dfdc_test_002050,DFDC-DFDC_Fake,1,Xception,visual,0.956,probability,154.16,N/A,N/A,ok,
dfdc_test_002051,DFDC-DFDC_Fake,1,Xception,visual,0.5297,probability,153.26,N/A,N/A,ok,
dfdc_test_002052,DFDC-DFDC_Fake,1,Xception,visual,0.6751,probability,208.28,N/A,N/A,ok,
dfdc_test_002053,DFDC-DFDC_Fake,1,Xception,visual,0.5422,probability,176.13,N/A,N/A,ok,
dfdc_test_002054,DFDC-DFDC_Fake,1,Xception,visual,0.6009,probability,228.01,N/A,N/A,ok,
dfdc_test_002055,DFDC-DFDC_Fake,1,Xception,visual,0.5782,probability,176.86,N/A,N/A,ok,
dfdc_test_002056,DFDC-DFDC_Fake,1,Xception,visual,0.5789,probability,177.74,N/A,N/A,ok,
dfdc_test_002057,DFDC-DFDC_Fake,1,Xception,visual,0.9471,probability,138.22,N/A,N/A,ok,
dfdc_test_002058,DFDC-DFDC_Fake,1,Xception,visual,0.2022,probability,106.86,N/A,N/A,ok,
dfdc_test_002059,DFDC-DFDC_Fake,1,Xception,visual,0.5168,probability,104.74,N/A,N/A,ok,
dfdc_test_002060,DFDC-DFDC_Fake,1,Xception,visual,0.2346,probability,95.72,N/A,N/A,ok,
dfdc_test_002061,DFDC-DFDC_Fake,1,Xception,visual,0.8657,probability,107.43,N/A,N/A,ok,
dfdc_test_002062,DFDC-DFDC_Fake,1,Xception,visual,0.6554,probability,175.58,N/A,N/A,ok,
dfdc_test_002063,DFDC-DFDC_Fake,1,Xception,visual,0.4866,probability,114.9,N/A,N/A,ok,
dfdc_test_002064,DFDC-DFDC_Fake,1,Xception,visual,0.5058,probability,176.52,N/A,N/A,ok,
dfdc_test_002065,DFDC-DFDC_Fake,1,Xception,visual,0.9053,probability,180.84,N/A,N/A,ok,
dfdc_test_002066,DFDC-DFDC_Fake,1,Xception,visual,0.312,probability,106.59,N/A,N/A,ok,
dfdc_test_002067,DFDC-DFDC_Fake,1,Xception,visual,0.7146,probability,194.85,N/A,N/A,ok,
dfdc_test_002068,DFDC-DFDC_Fake,1,Xception,visual,0.1524,probability,133.37,N/A,N/A,ok,
dfdc_test_002069,DFDC-DFDC_Fake,1,Xception,visual,0.2044,probability,131.4,N/A,N/A,ok,
dfdc_test_002070,DFDC-DFDC_Fake,1,Xception,visual,0.2159,probability,171.59,N/A,N/A,ok,
dfdc_test_002071,DFDC-DFDC_Fake,1,Xception,visual,0.444,probability,142.98,N/A,N/A,ok,
dfdc_test_002072,DFDC-DFDC_Fake,1,Xception,visual,0.7092,probability,231.68,N/A,N/A,ok,
dfdc_test_002073,DFDC-DFDC_Fake,1,Xception,visual,0.4705,probability,142.56,N/A,N/A,ok,
dfdc_test_002074,DFDC-DFDC_Fake,1,Xception,visual,0.8378,probability,132.62,N/A,N/A,ok,
dfdc_test_002075,DFDC-DFDC_Fake,1,Xception,visual,0.4626,probability,121.85,N/A,N/A,ok,
dfdc_test_002076,DFDC-DFDC_Fake,1,Xception,visual,0.7626,probability,118.27,N/A,N/A,ok,
dfdc_test_002077,DFDC-DFDC_Fake,1,Xception,visual,0.712,probability,115.27,N/A,N/A,ok,
dfdc_test_002078,DFDC-DFDC_Fake,1,Xception,visual,0.2705,probability,106.55,N/A,N/A,ok,
dfdc_test_002079,DFDC-DFDC_Fake,1,Xception,visual,0.9645,probability,97.07,N/A,N/A,ok,
dfdc_test_002080,DFDC-DFDC_Fake,1,Xception,visual,0.8239,probability,99.51,N/A,N/A,ok,
dfdc_test_002081,DFDC-DFDC_Fake,1,Xception,visual,0.753,probability,82.54,N/A,N/A,ok,
dfdc_test_002082,DFDC-DFDC_Fake,1,Xception,visual,0.5815,probability,100.1,N/A,N/A,ok,
dfdc_test_002083,DFDC-DFDC_Fake,1,Xception,visual,0.7947,probability,93.73,N/A,N/A,ok,
dfdc_test_002084,DFDC-DFDC_Fake,1,Xception,visual,0.9848,probability,105.23,N/A,N/A,ok,
dfdc_test_002085,DFDC-DFDC_Fake,1,Xception,visual,0.789,probability,86.57,N/A,N/A,ok,
dfdc_test_002086,DFDC-DFDC_Fake,1,Xception,visual,0.5606,probability,89.15,N/A,N/A,ok,
dfdc_test_002087,DFDC-DFDC_Fake,1,Xception,visual,0.3459,probability,100.69,N/A,N/A,ok,
dfdc_test_002088,DFDC-DFDC_Fake,1,Xception,visual,0.4576,probability,93.46,N/A,N/A,ok,
dfdc_test_002089,DFDC-DFDC_Fake,1,Xception,visual,0.3731,probability,90.11,N/A,N/A,ok,
dfdc_test_002090,DFDC-DFDC_Fake,1,Xception,visual,0.4725,probability,95.43,N/A,N/A,ok,
dfdc_test_002091,DFDC-DFDC_Fake,1,Xception,visual,0.9095,probability,96.21,N/A,N/A,ok,
dfdc_test_002092,DFDC-DFDC_Fake,1,Xception,visual,0.2865,probability,93.61,N/A,N/A,ok,
dfdc_test_002093,DFDC-DFDC_Fake,1,Xception,visual,0.4535,probability,88.05,N/A,N/A,ok,
dfdc_test_002094,DFDC-DFDC_Fake,1,Xception,visual,0.4443,probability,90.15,N/A,N/A,ok,
dfdc_test_002095,DFDC-DFDC_Fake,1,Xception,visual,0.7307,probability,80.88,N/A,N/A,ok,
dfdc_test_002096,DFDC-DFDC_Fake,1,Xception,visual,0.5457,probability,79.65,N/A,N/A,ok,
dfdc_test_002097,DFDC-DFDC_Fake,1,Xception,visual,0.6152,probability,79.87,N/A,N/A,ok,
dfdc_test_002098,DFDC-DFDC_Fake,1,Xception,visual,0.7858,probability,92.24,N/A,N/A,ok,
dfdc_test_002099,DFDC-DFDC_Fake,1,Xception,visual,0.331,probability,93.69,N/A,N/A,ok,
dfdc_test_002100,DFDC-DFDC_Fake,1,Xception,visual,0.8513,probability,85.26,N/A,N/A,ok,
dfdc_test_002101,DFDC-DFDC_Fake,1,Xception,visual,0.3113,probability,95.53,N/A,N/A,ok,
dfdc_test_002102,DFDC-DFDC_Fake,1,Xception,visual,0.6199,probability,95.21,N/A,N/A,ok,
dfdc_test_002103,DFDC-DFDC_Fake,1,Xception,visual,0.8432,probability,96.64,N/A,N/A,ok,
dfdc_test_002104,DFDC-DFDC_Fake,1,Xception,visual,0.3599,probability,86.03,N/A,N/A,ok,
dfdc_test_002105,DFDC-DFDC_Fake,1,Xception,visual,0.7908,probability,92.97,N/A,N/A,ok,
dfdc_test_002106,DFDC-DFDC_Fake,1,Xception,visual,0.4919,probability,89.04,N/A,N/A,ok,
dfdc_test_002107,DFDC-DFDC_Fake,1,Xception,visual,0.7825,probability,94.58,N/A,N/A,ok,
dfdc_test_002108,DFDC-DFDC_Fake,1,Xception,visual,0.6883,probability,86.45,N/A,N/A,ok,
dfdc_test_002109,DFDC-DFDC_Fake,1,Xception,visual,0.4223,probability,86.39,N/A,N/A,ok,
dfdc_test_002110,DFDC-DFDC_Fake,1,Xception,visual,0.317,probability,115.57,N/A,N/A,ok,
dfdc_test_002111,DFDC-DFDC_Fake,1,Xception,visual,0.4654,probability,131.68,N/A,N/A,ok,
dfdc_test_002112,DFDC-DFDC_Fake,1,Xception,visual,0.6036,probability,142.59,N/A,N/A,ok,
dfdc_test_002113,DFDC-DFDC_Fake,1,Xception,visual,0.4919,probability,83.46,N/A,N/A,ok,
dfdc_test_002114,DFDC-DFDC_Fake,1,Xception,visual,0.5658,probability,105.36,N/A,N/A,ok,
dfdc_test_002115,DFDC-DFDC_Fake,1,Xception,visual,0.2761,probability,99.87,N/A,N/A,ok,
dfdc_test_002116,DFDC-DFDC_Fake,1,Xception,visual,0.7938,probability,104.71,N/A,N/A,ok,
dfdc_test_002117,DFDC-DFDC_Fake,1,Xception,visual,0.4242,probability,160.67,N/A,N/A,ok,
dfdc_test_002118,DFDC-DFDC_Fake,1,Xception,visual,0.8601,probability,102.25,N/A,N/A,ok,
dfdc_test_002119,DFDC-DFDC_Fake,1,Xception,visual,0.8685,probability,102.97,N/A,N/A,ok,
dfdc_test_002120,DFDC-DFDC_Fake,1,Xception,visual,0.9203,probability,97.2,N/A,N/A,ok,
dfdc_test_002121,DFDC-DFDC_Fake,1,Xception,visual,0.5154,probability,94.77,N/A,N/A,ok,
dfdc_test_002122,DFDC-DFDC_Fake,1,Xception,visual,0.435,probability,88.15,N/A,N/A,ok,
dfdc_test_002123,DFDC-DFDC_Fake,1,Xception,visual,0.4926,probability,87.64,N/A,N/A,ok,
dfdc_test_002124,DFDC-DFDC_Fake,1,Xception,visual,0.4959,probability,89.14,N/A,N/A,ok,
dfdc_test_002125,DFDC-DFDC_Fake,1,Xception,visual,0.3674,probability,83.1,N/A,N/A,ok,
dfdc_test_002126,DFDC-DFDC_Fake,1,Xception,visual,0.4937,probability,92.1,N/A,N/A,ok,
dfdc_test_002127,DFDC-DFDC_Fake,1,Xception,visual,0.683,probability,90.87,N/A,N/A,ok,
dfdc_test_002128,DFDC-DFDC_Fake,1,Xception,visual,0.878,probability,149.62,N/A,N/A,ok,
dfdc_test_002129,DFDC-DFDC_Fake,1,Xception,visual,0.4953,probability,165.81,N/A,N/A,ok,
dfdc_test_002130,DFDC-DFDC_Fake,1,Xception,visual,0.4945,probability,164.93,N/A,N/A,ok,
dfdc_test_002131,DFDC-DFDC_Fake,1,Xception,visual,0.696,probability,124.12,N/A,N/A,ok,
dfdc_test_002132,DFDC-DFDC_Fake,1,Xception,visual,0.9576,probability,107.61,N/A,N/A,ok,
dfdc_test_002133,DFDC-DFDC_Fake,1,Xception,visual,0.9413,probability,105.51,N/A,N/A,ok,
dfdc_test_002134,DFDC-DFDC_Fake,1,Xception,visual,0.4518,probability,85.41,N/A,N/A,ok,
dfdc_test_002135,DFDC-DFDC_Fake,1,Xception,visual,0.879,probability,92.06,N/A,N/A,ok,
dfdc_test_002136,DFDC-DFDC_Fake,1,Xception,visual,0.15,probability,121.67,N/A,N/A,ok,
dfdc_test_002137,DFDC-DFDC_Fake,1,Xception,visual,0.8655,probability,105.6,N/A,N/A,ok,
dfdc_test_002138,DFDC-DFDC_Fake,1,Xception,visual,0.8205,probability,109.22,N/A,N/A,ok,
dfdc_test_002139,DFDC-DFDC_Fake,1,Xception,visual,0.5375,probability,91.63,N/A,N/A,ok,
dfdc_test_002140,DFDC-DFDC_Fake,1,Xception,visual,0.3001,probability,107.46,N/A,N/A,ok,
dfdc_test_002141,DFDC-DFDC_Fake,1,Xception,visual,0.8251,probability,84.84,N/A,N/A,ok,
dfdc_test_002142,DFDC-DFDC_Fake,1,Xception,visual,0.4309,probability,105.07,N/A,N/A,ok,
dfdc_test_002143,DFDC-DFDC_Fake,1,Xception,visual,0.3612,probability,99.55,N/A,N/A,ok,
dfdc_test_002144,DFDC-DFDC_Fake,1,Xception,visual,0.4694,probability,146.08,N/A,N/A,ok,
dfdc_test_002145,DFDC-DFDC_Fake,1,Xception,visual,0.7006,probability,123.02,N/A,N/A,ok,
dfdc_test_002146,DFDC-DFDC_Fake,1,Xception,visual,0.4944,probability,118.4,N/A,N/A,ok,
dfdc_test_002147,DFDC-DFDC_Fake,1,Xception,visual,0.9505,probability,105.41,N/A,N/A,ok,
dfdc_test_002148,DFDC-DFDC_Fake,1,Xception,visual,0.663,probability,112.52,N/A,N/A,ok,
dfdc_test_002149,DFDC-DFDC_Fake,1,Xception,visual,0.4208,probability,102.42,N/A,N/A,ok,
dfdc_test_002150,DFDC-DFDC_Fake,1,Xception,visual,0.5083,probability,100.18,N/A,N/A,ok,
dfdc_test_002151,DFDC-DFDC_Fake,1,Xception,visual,0.93,probability,106.68,N/A,N/A,ok,
dfdc_test_002152,DFDC-DFDC_Fake,1,Xception,visual,0.5123,probability,93.24,N/A,N/A,ok,
dfdc_test_002153,DFDC-DFDC_Fake,1,Xception,visual,0.5592,probability,96.54,N/A,N/A,ok,
dfdc_test_002154,DFDC-DFDC_Fake,1,Xception,visual,0.4818,probability,95.0,N/A,N/A,ok,
dfdc_test_002155,DFDC-DFDC_Fake,1,Xception,visual,0.4556,probability,100.58,N/A,N/A,ok,
dfdc_test_002156,DFDC-DFDC_Fake,1,Xception,visual,0.6086,probability,101.69,N/A,N/A,ok,
dfdc_test_002157,DFDC-DFDC_Fake,1,Xception,visual,0.5009,probability,86.58,N/A,N/A,ok,
dfdc_test_002158,DFDC-DFDC_Fake,1,Xception,visual,0.4752,probability,84.95,N/A,N/A,ok,
dfdc_test_002159,DFDC-DFDC_Fake,1,Xception,visual,0.4676,probability,96.75,N/A,N/A,ok,
dfdc_test_002160,DFDC-DFDC_Fake,1,Xception,visual,0.6895,probability,90.37,N/A,N/A,ok,
dfdc_test_002161,DFDC-DFDC_Fake,1,Xception,visual,0.4329,probability,101.38,N/A,N/A,ok,
dfdc_test_002162,DFDC-DFDC_Fake,1,Xception,visual,0.8125,probability,88.35,N/A,N/A,ok,
dfdc_test_002163,DFDC-DFDC_Fake,1,Xception,visual,0.8709,probability,88.7,N/A,N/A,ok,
dfdc_test_002164,DFDC-DFDC_Fake,1,Xception,visual,0.5669,probability,85.54,N/A,N/A,ok,
dfdc_test_002165,DFDC-DFDC_Fake,1,Xception,visual,0.7471,probability,90.99,N/A,N/A,ok,
dfdc_test_002166,DFDC-DFDC_Fake,1,Xception,visual,0.657,probability,85.68,N/A,N/A,ok,
dfdc_test_002167,DFDC-DFDC_Fake,1,Xception,visual,0.5416,probability,94.15,N/A,N/A,ok,
dfdc_test_002168,DFDC-DFDC_Fake,1,Xception,visual,0.9005,probability,89.13,N/A,N/A,ok,
dfdc_test_002169,DFDC-DFDC_Fake,1,Xception,visual,0.7746,probability,102.62,N/A,N/A,ok,
dfdc_test_002170,DFDC-DFDC_Fake,1,Xception,visual,0.7623,probability,88.9,N/A,N/A,ok,
dfdc_test_002171,DFDC-DFDC_Fake,1,Xception,visual,0.7115,probability,98.66,N/A,N/A,ok,
dfdc_test_002172,DFDC-DFDC_Fake,1,Xception,visual,0.6441,probability,94.23,N/A,N/A,ok,
dfdc_test_002173,DFDC-DFDC_Fake,1,Xception,visual,0.9487,probability,86.18,N/A,N/A,ok,
dfdc_test_002174,DFDC-DFDC_Fake,1,Xception,visual,0.7892,probability,88.28,N/A,N/A,ok,
dfdc_test_002175,DFDC-DFDC_Fake,1,Xception,visual,0.4878,probability,86.54,N/A,N/A,ok,
dfdc_test_002176,DFDC-DFDC_Fake,1,Xception,visual,0.3322,probability,85.64,N/A,N/A,ok,
dfdc_test_002177,DFDC-DFDC_Fake,1,Xception,visual,0.1763,probability,90.23,N/A,N/A,ok,
dfdc_test_002178,DFDC-DFDC_Fake,1,Xception,visual,0.4796,probability,83.63,N/A,N/A,ok,
dfdc_test_002179,DFDC-DFDC_Fake,1,Xception,visual,0.1537,probability,84.65,N/A,N/A,ok,
dfdc_test_002180,DFDC-DFDC_Fake,1,Xception,visual,0.3555,probability,81.71,N/A,N/A,ok,
dfdc_test_002181,DFDC-DFDC_Fake,1,Xception,visual,0.9629,probability,80.4,N/A,N/A,ok,
dfdc_test_002182,DFDC-DFDC_Fake,1,Xception,visual,0.3685,probability,84.2,N/A,N/A,ok,
dfdc_test_002183,DFDC-DFDC_Fake,1,Xception,visual,0.4708,probability,80.23,N/A,N/A,ok,
dfdc_test_002184,DFDC-DFDC_Fake,1,Xception,visual,0.5023,probability,79.67,N/A,N/A,ok,
dfdc_test_002185,DFDC-DFDC_Fake,1,Xception,visual,0.4801,probability,80.07,N/A,N/A,ok,
dfdc_test_002186,DFDC-DFDC_Fake,1,Xception,visual,0.1963,probability,94.35,N/A,N/A,ok,
dfdc_test_002187,DFDC-DFDC_Fake,1,Xception,visual,0.9509,probability,82.49,N/A,N/A,ok,
dfdc_test_002188,DFDC-DFDC_Fake,1,Xception,visual,0.6443,probability,88.63,N/A,N/A,ok,
dfdc_test_002189,DFDC-DFDC_Fake,1,Xception,visual,0.3608,probability,75.52,N/A,N/A,ok,
dfdc_test_002190,DFDC-DFDC_Fake,1,Xception,visual,0.3499,probability,91.14,N/A,N/A,ok,
dfdc_test_002191,DFDC-DFDC_Fake,1,Xception,visual,0.6115,probability,103.29,N/A,N/A,ok,
dfdc_test_002192,DFDC-DFDC_Fake,1,Xception,visual,0.4696,probability,82.05,N/A,N/A,ok,
dfdc_test_002193,DFDC-DFDC_Fake,1,Xception,visual,0.705,probability,92.37,N/A,N/A,ok,
dfdc_test_002194,DFDC-DFDC_Fake,1,Xception,visual,0.8447,probability,101.11,N/A,N/A,ok,
dfdc_test_002195,DFDC-DFDC_Fake,1,Xception,visual,0.4525,probability,82.88,N/A,N/A,ok,
dfdc_test_002196,DFDC-DFDC_Fake,1,Xception,visual,0.671,probability,78.07,N/A,N/A,ok,
dfdc_test_002197,DFDC-DFDC_Fake,1,Xception,visual,0.9655,probability,85.78,N/A,N/A,ok,
dfdc_test_002198,DFDC-DFDC_Fake,1,Xception,visual,0.758,probability,90.76,N/A,N/A,ok,
dfdc_test_002199,DFDC-DFDC_Fake,1,Xception,visual,0.754,probability,111.06,N/A,N/A,ok,
dfdc_test_002200,DFDC-DFDC_Fake,1,Xception,visual,0.7517,probability,83.29,N/A,N/A,ok,
dfdc_test_002201,DFDC-DFDC_Fake,1,Xception,visual,0.4738,probability,113.0,N/A,N/A,ok,
dfdc_test_002202,DFDC-DFDC_Fake,1,Xception,visual,0.8213,probability,83.92,N/A,N/A,ok,
dfdc_test_002203,DFDC-DFDC_Fake,1,Xception,visual,0.267,probability,81.43,N/A,N/A,ok,
dfdc_test_002204,DFDC-DFDC_Fake,1,Xception,visual,0.3679,probability,81.67,N/A,N/A,ok,
dfdc_test_002205,DFDC-DFDC_Fake,1,Xception,visual,0.4054,probability,77.23,N/A,N/A,ok,
dfdc_test_002206,DFDC-DFDC_Fake,1,Xception,visual,0.9118,probability,80.34,N/A,N/A,ok,
dfdc_test_002207,DFDC-DFDC_Fake,1,Xception,visual,0.9033,probability,93.77,N/A,N/A,ok,
dfdc_test_002208,DFDC-DFDC_Fake,1,Xception,visual,0.2944,probability,77.65,N/A,N/A,ok,
dfdc_test_002209,DFDC-DFDC_Fake,1,Xception,visual,0.9454,probability,88.88,N/A,N/A,ok,
dfdc_test_002210,DFDC-DFDC_Fake,1,Xception,visual,0.7206,probability,93.05,N/A,N/A,ok,
dfdc_test_002211,DFDC-DFDC_Fake,1,Xception,visual,0.3317,probability,82.04,N/A,N/A,ok,
dfdc_test_002212,DFDC-DFDC_Fake,1,Xception,visual,0.4927,probability,97.38,N/A,N/A,ok,
dfdc_test_002213,DFDC-DFDC_Fake,1,Xception,visual,0.4374,probability,87.24,N/A,N/A,ok,
dfdc_test_002214,DFDC-DFDC_Fake,1,Xception,visual,0.8698,probability,98.76,N/A,N/A,ok,
dfdc_test_002215,DFDC-DFDC_Fake,1,Xception,visual,0.9073,probability,83.62,N/A,N/A,ok,
dfdc_test_002216,DFDC-DFDC_Fake,1,Xception,visual,0.7287,probability,94.23,N/A,N/A,ok,
dfdc_test_002217,DFDC-DFDC_Fake,1,Xception,visual,0.5046,probability,91.78,N/A,N/A,ok,
dfdc_test_002218,DFDC-DFDC_Fake,1,Xception,visual,0.3753,probability,83.17,N/A,N/A,ok,
dfdc_test_002219,DFDC-DFDC_Fake,1,Xception,visual,0.5904,probability,82.98,N/A,N/A,ok,
dfdc_test_002220,DFDC-DFDC_Fake,1,Xception,visual,0.7568,probability,76.89,N/A,N/A,ok,
dfdc_test_002221,DFDC-DFDC_Fake,1,Xception,visual,0.2975,probability,83.93,N/A,N/A,ok,
dfdc_test_002222,DFDC-DFDC_Fake,1,Xception,visual,0.8457,probability,78.23,N/A,N/A,ok,
dfdc_test_002223,DFDC-DFDC_Fake,1,Xception,visual,0.8032,probability,99.17,N/A,N/A,ok,
dfdc_test_002224,DFDC-DFDC_Fake,1,Xception,visual,0.7072,probability,93.75,N/A,N/A,ok,
dfdc_test_002225,DFDC-DFDC_Fake,1,Xception,visual,0.4633,probability,101.84,N/A,N/A,ok,
dfdc_test_002226,DFDC-DFDC_Fake,1,Xception,visual,0.4098,probability,87.54,N/A,N/A,ok,
dfdc_test_002227,DFDC-DFDC_Fake,1,Xception,visual,0.5007,probability,87.23,N/A,N/A,ok,
dfdc_test_002228,DFDC-DFDC_Fake,1,Xception,visual,0.9853,probability,92.26,N/A,N/A,ok,
dfdc_test_002229,DFDC-DFDC_Fake,1,Xception,visual,0.1322,probability,94.16,N/A,N/A,ok,
dfdc_test_002230,DFDC-DFDC_Fake,1,Xception,visual,0.343,probability,87.37,N/A,N/A,ok,
dfdc_test_002231,DFDC-DFDC_Fake,1,Xception,visual,0.6978,probability,105.97,N/A,N/A,ok,
dfdc_test_002232,DFDC-DFDC_Fake,1,Xception,visual,0.586,probability,81.99,N/A,N/A,ok,
dfdc_test_002233,DFDC-DFDC_Fake,1,Xception,visual,0.5377,probability,82.05,N/A,N/A,ok,
dfdc_test_002234,DFDC-DFDC_Fake,1,Xception,visual,0.3799,probability,91.63,N/A,N/A,ok,
dfdc_test_002235,DFDC-DFDC_Fake,1,Xception,visual,0.8934,probability,82.06,N/A,N/A,ok,
dfdc_test_002236,DFDC-DFDC_Fake,1,Xception,visual,0.8004,probability,94.38,N/A,N/A,ok,
dfdc_test_002237,DFDC-DFDC_Fake,1,Xception,visual,0.2355,probability,90.83,N/A,N/A,ok,
dfdc_test_002238,DFDC-DFDC_Fake,1,Xception,visual,0.3465,probability,100.98,N/A,N/A,ok,
dfdc_test_002239,DFDC-DFDC_Fake,1,Xception,visual,0.9463,probability,110.23,N/A,N/A,ok,
dfdc_test_002240,DFDC-DFDC_Fake,1,Xception,visual,0.2671,probability,93.45,N/A,N/A,ok,
dfdc_test_002241,DFDC-DFDC_Fake,1,Xception,visual,0.2055,probability,79.59,N/A,N/A,ok,
dfdc_test_002242,DFDC-DFDC_Fake,1,Xception,visual,0.7844,probability,107.12,N/A,N/A,ok,
dfdc_test_002243,DFDC-DFDC_Fake,1,Xception,visual,0.7023,probability,84.28,N/A,N/A,ok,
dfdc_test_002244,DFDC-DFDC_Fake,1,Xception,visual,0.7003,probability,86.97,N/A,N/A,ok,
dfdc_test_002245,DFDC-DFDC_Fake,1,Xception,visual,0.544,probability,95.9,N/A,N/A,ok,
dfdc_test_002246,DFDC-DFDC_Fake,1,Xception,visual,0.4254,probability,95.0,N/A,N/A,ok,
dfdc_test_002247,DFDC-DFDC_Fake,1,Xception,visual,0.8976,probability,101.24,N/A,N/A,ok,
dfdc_test_002248,DFDC-DFDC_Fake,1,Xception,visual,0.6656,probability,100.66,N/A,N/A,ok,
dfdc_test_002249,DFDC-DFDC_Fake,1,Xception,visual,0.5554,probability,96.24,N/A,N/A,ok,
dfdc_test_002250,DFDC-DFDC_Fake,1,Xception,visual,0.8359,probability,81.62,N/A,N/A,ok,
dfdc_test_002251,DFDC-DFDC_Fake,1,Xception,visual,0.3797,probability,86.32,N/A,N/A,ok,
dfdc_test_002252,DFDC-DFDC_Fake,1,Xception,visual,0.2964,probability,98.73,N/A,N/A,ok,
dfdc_test_002253,DFDC-DFDC_Fake,1,Xception,visual,0.4844,probability,96.03,N/A,N/A,ok,
dfdc_test_002254,DFDC-DFDC_Fake,1,Xception,visual,0.6729,probability,88.06,N/A,N/A,ok,
dfdc_test_002255,DFDC-DFDC_Fake,1,Xception,visual,0.6341,probability,78.39,N/A,N/A,ok,
dfdc_test_002256,DFDC-DFDC_Fake,1,Xception,visual,0.3079,probability,80.14,N/A,N/A,ok,
dfdc_test_002257,DFDC-DFDC_Fake,1,Xception,visual,0.3679,probability,83.1,N/A,N/A,ok,
dfdc_test_002258,DFDC-DFDC_Fake,1,Xception,visual,0.5867,probability,80.63,N/A,N/A,ok,
dfdc_test_002259,DFDC-DFDC_Fake,1,Xception,visual,0.4539,probability,105.14,N/A,N/A,ok,
dfdc_test_002260,DFDC-DFDC_Fake,1,Xception,visual,0.5649,probability,79.24,N/A,N/A,ok,
dfdc_test_002261,DFDC-DFDC_Fake,1,Xception,visual,0.4284,probability,93.69,N/A,N/A,ok,
dfdc_test_002262,DFDC-DFDC_Fake,1,Xception,visual,0.6338,probability,92.49,N/A,N/A,ok,
dfdc_test_002263,DFDC-DFDC_Fake,1,Xception,visual,0.1992,probability,89.7,N/A,N/A,ok,
dfdc_test_002264,DFDC-DFDC_Fake,1,Xception,visual,0.4599,probability,82.87,N/A,N/A,ok,
dfdc_test_002265,DFDC-DFDC_Fake,1,Xception,visual,0.7096,probability,84.57,N/A,N/A,ok,
dfdc_test_002266,DFDC-DFDC_Fake,1,Xception,visual,0.6755,probability,83.03,N/A,N/A,ok,
dfdc_test_002267,DFDC-DFDC_Fake,1,Xception,visual,0.9855,probability,84.55,N/A,N/A,ok,
dfdc_test_002268,DFDC-DFDC_Fake,1,Xception,visual,0.8603,probability,85.37,N/A,N/A,ok,
dfdc_test_002269,DFDC-DFDC_Fake,1,Xception,visual,0.5212,probability,98.51,N/A,N/A,ok,
dfdc_test_002270,DFDC-DFDC_Fake,1,Xception,visual,0.7896,probability,83.74,N/A,N/A,ok,
dfdc_test_002271,DFDC-DFDC_Fake,1,Xception,visual,0.619,probability,81.31,N/A,N/A,ok,
dfdc_test_002272,DFDC-DFDC_Fake,1,Xception,visual,0.3209,probability,89.83,N/A,N/A,ok,
dfdc_test_002273,DFDC-DFDC_Fake,1,Xception,visual,0.6293,probability,87.56,N/A,N/A,ok,
dfdc_test_002274,DFDC-DFDC_Fake,1,Xception,visual,0.4318,probability,98.19,N/A,N/A,ok,
dfdc_test_002275,DFDC-DFDC_Fake,1,Xception,visual,0.0401,probability,92.93,N/A,N/A,ok,
dfdc_test_002276,DFDC-DFDC_Fake,1,Xception,visual,0.5909,probability,91.73,N/A,N/A,ok,
dfdc_test_002277,DFDC-DFDC_Fake,1,Xception,visual,0.4486,probability,101.21,N/A,N/A,ok,
dfdc_test_002278,DFDC-DFDC_Fake,1,Xception,visual,0.7793,probability,94.29,N/A,N/A,ok,
dfdc_test_002279,DFDC-DFDC_Fake,1,Xception,visual,0.4431,probability,87.05,N/A,N/A,ok,
dfdc_test_002280,DFDC-DFDC_Fake,1,Xception,visual,0.6337,probability,84.91,N/A,N/A,ok,
dfdc_test_002281,DFDC-DFDC_Fake,1,Xception,visual,0.4344,probability,94.56,N/A,N/A,ok,
dfdc_test_002282,DFDC-DFDC_Fake,1,Xception,visual,0.3702,probability,92.78,N/A,N/A,ok,
dfdc_test_002283,DFDC-DFDC_Fake,1,Xception,visual,0.6381,probability,94.04,N/A,N/A,ok,
dfdc_test_002284,DFDC-DFDC_Fake,1,Xception,visual,0.5442,probability,88.86,N/A,N/A,ok,
dfdc_test_002285,DFDC-DFDC_Fake,1,Xception,visual,0.738,probability,88.74,N/A,N/A,ok,
dfdc_test_002286,DFDC-DFDC_Fake,1,Xception,visual,0.5106,probability,101.84,N/A,N/A,ok,
dfdc_test_002287,DFDC-DFDC_Fake,1,Xception,visual,0.9562,probability,121.73,N/A,N/A,ok,
dfdc_test_002288,DFDC-DFDC_Fake,1,Xception,visual,0.5132,probability,92.15,N/A,N/A,ok,
dfdc_test_002289,DFDC-DFDC_Fake,1,Xception,visual,0.5781,probability,100.15,N/A,N/A,ok,
dfdc_test_002290,DFDC-DFDC_Fake,1,Xception,visual,0.4773,probability,115.81,N/A,N/A,ok,
dfdc_test_002291,DFDC-DFDC_Fake,1,Xception,visual,0.5398,probability,95.44,N/A,N/A,ok,
dfdc_test_002292,DFDC-DFDC_Fake,1,Xception,visual,0.4914,probability,92.68,N/A,N/A,ok,
dfdc_test_002293,DFDC-DFDC_Fake,1,Xception,visual,0.2985,probability,126.18,N/A,N/A,ok,
dfdc_test_002294,DFDC-DFDC_Fake,1,Xception,visual,0.287,probability,105.68,N/A,N/A,ok,
dfdc_test_002295,DFDC-DFDC_Fake,1,Xception,visual,0.3804,probability,93.93,N/A,N/A,ok,
dfdc_test_002296,DFDC-DFDC_Fake,1,Xception,visual,0.8083,probability,88.22,N/A,N/A,ok,
dfdc_test_002297,DFDC-DFDC_Fake,1,Xception,visual,0.6935,probability,101.54,N/A,N/A,ok,
dfdc_test_002298,DFDC-DFDC_Fake,1,Xception,visual,0.6599,probability,94.82,N/A,N/A,ok,
dfdc_test_002299,DFDC-DFDC_Fake,1,Xception,visual,0.4893,probability,90.83,N/A,N/A,ok,
dfdc_test_002300,DFDC-DFDC_Fake,1,Xception,visual,0.5892,probability,97.55,N/A,N/A,ok,
dfdc_test_002301,DFDC-DFDC_Fake,1,Xception,visual,0.416,probability,101.82,N/A,N/A,ok,
dfdc_test_002302,DFDC-DFDC_Fake,1,Xception,visual,0.6346,probability,95.39,N/A,N/A,ok,
dfdc_test_002303,DFDC-DFDC_Fake,1,Xception,visual,0.0603,probability,94.31,N/A,N/A,ok,
dfdc_test_002304,DFDC-DFDC_Fake,1,Xception,visual,0.687,probability,93.55,N/A,N/A,ok,
dfdc_test_002305,DFDC-DFDC_Fake,1,Xception,visual,0.8596,probability,92.63,N/A,N/A,ok,
dfdc_test_002306,DFDC-DFDC_Fake,1,Xception,visual,0.5403,probability,94.78,N/A,N/A,ok,
dfdc_test_002307,DFDC-DFDC_Fake,1,Xception,visual,0.4129,probability,89.61,N/A,N/A,ok,
dfdc_test_002308,DFDC-DFDC_Fake,1,Xception,visual,0.5024,probability,88.82,N/A,N/A,ok,
dfdc_test_002309,DFDC-DFDC_Fake,1,Xception,visual,0.5538,probability,94.42,N/A,N/A,ok,
dfdc_test_002310,DFDC-DFDC_Fake,1,Xception,visual,0.4493,probability,94.16,N/A,N/A,ok,
dfdc_test_002311,DFDC-DFDC_Fake,1,Xception,visual,0.4969,probability,85.0,N/A,N/A,ok,
dfdc_test_002312,DFDC-DFDC_Fake,1,Xception,visual,0.6035,probability,85.73,N/A,N/A,ok,
dfdc_test_002313,DFDC-DFDC_Fake,1,Xception,visual,0.4922,probability,89.5,N/A,N/A,ok,
dfdc_test_002314,DFDC-DFDC_Fake,1,Xception,visual,0.5765,probability,97.64,N/A,N/A,ok,
dfdc_test_002315,DFDC-DFDC_Fake,1,Xception,visual,0.4969,probability,85.75,N/A,N/A,ok,
dfdc_test_002316,DFDC-DFDC_Fake,1,Xception,visual,0.611,probability,93.18,N/A,N/A,ok,
dfdc_test_002317,DFDC-DFDC_Fake,1,Xception,visual,0.4937,probability,102.03,N/A,N/A,ok,
dfdc_test_002318,DFDC-DFDC_Fake,1,Xception,visual,0.858,probability,99.75,N/A,N/A,ok,
dfdc_test_002319,DFDC-DFDC_Fake,1,Xception,visual,0.5073,probability,97.68,N/A,N/A,ok,
dfdc_test_002320,DFDC-DFDC_Fake,1,Xception,visual,0.7674,probability,93.53,N/A,N/A,ok,
dfdc_test_002321,DFDC-DFDC_Fake,1,Xception,visual,0.4319,probability,87.65,N/A,N/A,ok,
dfdc_test_002322,DFDC-DFDC_Fake,1,Xception,visual,0.9659,probability,99.42,N/A,N/A,ok,
dfdc_test_002323,DFDC-DFDC_Fake,1,Xception,visual,0.3973,probability,88.95,N/A,N/A,ok,
dfdc_test_002324,DFDC-DFDC_Fake,1,Xception,visual,0.884,probability,88.78,N/A,N/A,ok,
dfdc_test_002325,DFDC-DFDC_Fake,1,Xception,visual,0.2138,probability,93.22,N/A,N/A,ok,
dfdc_test_002326,DFDC-DFDC_Fake,1,Xception,visual,0.4767,probability,88.58,N/A,N/A,ok,
dfdc_test_002327,DFDC-DFDC_Fake,1,Xception,visual,0.5615,probability,90.68,N/A,N/A,ok,
dfdc_test_002328,DFDC-DFDC_Fake,1,Xception,visual,0.5333,probability,81.16,N/A,N/A,ok,
dfdc_test_002329,DFDC-DFDC_Fake,1,Xception,visual,0.5587,probability,80.32,N/A,N/A,ok,
dfdc_test_002330,DFDC-DFDC_Fake,1,Xception,visual,0.1001,probability,97.5,N/A,N/A,ok,
dfdc_test_002331,DFDC-DFDC_Fake,1,Xception,visual,0.8446,probability,87.45,N/A,N/A,ok,
dfdc_test_002332,DFDC-DFDC_Fake,1,Xception,visual,0.4398,probability,87.38,N/A,N/A,ok,
dfdc_test_002333,DFDC-DFDC_Fake,1,Xception,visual,0.6508,probability,91.7,N/A,N/A,ok,
dfdc_test_002334,DFDC-DFDC_Fake,1,Xception,visual,0.4692,probability,104.5,N/A,N/A,ok,
dfdc_test_002335,DFDC-DFDC_Fake,1,Xception,visual,0.5293,probability,84.77,N/A,N/A,ok,
dfdc_test_002336,DFDC-DFDC_Fake,1,Xception,visual,0.7516,probability,87.92,N/A,N/A,ok,
dfdc_test_002337,DFDC-DFDC_Fake,1,Xception,visual,0.4822,probability,92.07,N/A,N/A,ok,
dfdc_test_002338,DFDC-DFDC_Fake,1,Xception,visual,0.4733,probability,88.65,N/A,N/A,ok,
dfdc_test_002339,DFDC-DFDC_Fake,1,Xception,visual,0.9045,probability,95.65,N/A,N/A,ok,
dfdc_test_002340,DFDC-DFDC_Fake,1,Xception,visual,0.9168,probability,85.9,N/A,N/A,ok,
dfdc_test_002341,DFDC-DFDC_Fake,1,Xception,visual,0.5714,probability,81.05,N/A,N/A,ok,
dfdc_test_002342,DFDC-DFDC_Fake,1,Xception,visual,0.6499,probability,86.45,N/A,N/A,ok,
dfdc_test_002343,DFDC-DFDC_Fake,1,Xception,visual,0.8412,probability,83.53,N/A,N/A,ok,
dfdc_test_002344,DFDC-DFDC_Fake,1,Xception,visual,0.5011,probability,82.3,N/A,N/A,ok,
dfdc_test_002345,DFDC-DFDC_Fake,1,Xception,visual,0.4613,probability,82.65,N/A,N/A,ok,
dfdc_test_002346,DFDC-DFDC_Fake,1,Xception,visual,0.5739,probability,86.78,N/A,N/A,ok,
dfdc_test_002347,DFDC-DFDC_Fake,1,Xception,visual,0.6646,probability,85.27,N/A,N/A,ok,
dfdc_test_002348,DFDC-DFDC_Fake,1,Xception,visual,0.4792,probability,81.26,N/A,N/A,ok,
dfdc_test_002349,DFDC-DFDC_Fake,1,Xception,visual,0.5422,probability,81.51,N/A,N/A,ok,
dfdc_test_002350,DFDC-DFDC_Fake,1,Xception,visual,0.4735,probability,87.45,N/A,N/A,ok,
dfdc_test_002351,DFDC-DFDC_Fake,1,Xception,visual,0.9176,probability,84.6,N/A,N/A,ok,
dfdc_test_002352,DFDC-DFDC_Fake,1,Xception,visual,0.7242,probability,80.73,N/A,N/A,ok,
dfdc_test_002353,DFDC-DFDC_Fake,1,Xception,visual,0.5765,probability,83.7,N/A,N/A,ok,
dfdc_test_002354,DFDC-DFDC_Fake,1,Xception,visual,0.466,probability,89.36,N/A,N/A,ok,
dfdc_test_002355,DFDC-DFDC_Fake,1,Xception,visual,0.6401,probability,82.01,N/A,N/A,ok,
dfdc_test_002356,DFDC-DFDC_Fake,1,Xception,visual,0.5581,probability,79.64,N/A,N/A,ok,
dfdc_test_002357,DFDC-DFDC_Fake,1,Xception,visual,0.9457,probability,91.2,N/A,N/A,ok,
dfdc_test_002358,DFDC-DFDC_Fake,1,Xception,visual,0.3472,probability,77.75,N/A,N/A,ok,
dfdc_test_002359,DFDC-DFDC_Fake,1,Xception,visual,0.6768,probability,85.28,N/A,N/A,ok,
dfdc_test_002360,DFDC-DFDC_Fake,1,Xception,visual,0.2769,probability,86.17,N/A,N/A,ok,
dfdc_test_002361,DFDC-DFDC_Fake,1,Xception,visual,0.4573,probability,92.9,N/A,N/A,ok,
dfdc_test_002362,DFDC-DFDC_Fake,1,Xception,visual,0.4749,probability,80.36,N/A,N/A,ok,
dfdc_test_002363,DFDC-DFDC_Fake,1,Xception,visual,0.5665,probability,86.47,N/A,N/A,ok,
dfdc_test_002364,DFDC-DFDC_Fake,1,Xception,visual,0.6778,probability,88.96,N/A,N/A,ok,
dfdc_test_002365,DFDC-DFDC_Fake,1,Xception,visual,0.9823,probability,92.22,N/A,N/A,ok,
dfdc_test_002366,DFDC-DFDC_Fake,1,Xception,visual,0.7261,probability,89.42,N/A,N/A,ok,
dfdc_test_002367,DFDC-DFDC_Fake,1,Xception,visual,0.4377,probability,86.94,N/A,N/A,ok,
dfdc_test_002368,DFDC-DFDC_Fake,1,Xception,visual,0.6237,probability,84.47,N/A,N/A,ok,
dfdc_test_002369,DFDC-DFDC_Fake,1,Xception,visual,0.5647,probability,89.19,N/A,N/A,ok,
dfdc_test_002370,DFDC-DFDC_Fake,1,Xception,visual,0.6261,probability,101.41,N/A,N/A,ok,
dfdc_test_002371,DFDC-DFDC_Fake,1,Xception,visual,0.7111,probability,87.29,N/A,N/A,ok,
dfdc_test_002372,DFDC-DFDC_Fake,1,Xception,visual,0.564,probability,105.57,N/A,N/A,ok,
dfdc_test_002373,DFDC-DFDC_Fake,1,Xception,visual,0.5133,probability,93.97,N/A,N/A,ok,
dfdc_test_002374,DFDC-DFDC_Fake,1,Xception,visual,0.2979,probability,94.1,N/A,N/A,ok,
dfdc_test_002375,DFDC-DFDC_Fake,1,Xception,visual,0.288,probability,88.98,N/A,N/A,ok,
dfdc_test_002376,DFDC-DFDC_Fake,1,Xception,visual,0.2681,probability,99.1,N/A,N/A,ok,
dfdc_test_002377,DFDC-DFDC_Fake,1,Xception,visual,0.7133,probability,120.6,N/A,N/A,ok,
dfdc_test_002378,DFDC-DFDC_Fake,1,Xception,visual,0.3041,probability,98.36,N/A,N/A,ok,
dfdc_test_002379,DFDC-DFDC_Fake,1,Xception,visual,0.8127,probability,116.9,N/A,N/A,ok,
dfdc_test_002380,DFDC-DFDC_Fake,1,Xception,visual,0.3984,probability,99.66,N/A,N/A,ok,
dfdc_test_002381,DFDC-DFDC_Fake,1,Xception,visual,0.4461,probability,112.2,N/A,N/A,ok,
dfdc_test_002382,DFDC-DFDC_Fake,1,Xception,visual,0.7942,probability,90.94,N/A,N/A,ok,
dfdc_test_002383,DFDC-DFDC_Fake,1,Xception,visual,0.814,probability,90.01,N/A,N/A,ok,
dfdc_test_002384,DFDC-DFDC_Fake,1,Xception,visual,0.1025,probability,83.38,N/A,N/A,ok,
dfdc_test_002385,DFDC-DFDC_Fake,1,Xception,visual,0.6936,probability,89.03,N/A,N/A,ok,
dfdc_test_002386,DFDC-DFDC_Fake,1,Xception,visual,0.4815,probability,88.52,N/A,N/A,ok,
dfdc_test_002387,DFDC-DFDC_Fake,1,Xception,visual,0.4599,probability,83.46,N/A,N/A,ok,
dfdc_test_002388,DFDC-DFDC_Fake,1,Xception,visual,0.2084,probability,80.4,N/A,N/A,ok,
dfdc_test_002389,DFDC-DFDC_Real,0,Xception,visual,0.4568,probability,86.83,N/A,N/A,ok,
dfdc_test_002390,DFDC-DFDC_Real,0,Xception,visual,0.5458,probability,92.12,N/A,N/A,ok,
dfdc_test_002391,DFDC-DFDC_Real,0,Xception,visual,0.7728,probability,85.32,N/A,N/A,ok,
dfdc_test_002392,DFDC-DFDC_Real,0,Xception,visual,0.2108,probability,84.65,N/A,N/A,ok,
dfdc_test_002393,DFDC-DFDC_Real,0,Xception,visual,0.1958,probability,100.2,N/A,N/A,ok,
dfdc_test_002394,DFDC-DFDC_Real,0,Xception,visual,0.4649,probability,87.6,N/A,N/A,ok,
dfdc_test_002395,DFDC-DFDC_Real,0,Xception,visual,0.4689,probability,85.53,N/A,N/A,ok,
dfdc_test_002396,DFDC-DFDC_Real,0,Xception,visual,0.2673,probability,80.71,N/A,N/A,ok,
dfdc_test_002397,DFDC-DFDC_Real,0,Xception,visual,0.3627,probability,89.52,N/A,N/A,ok,
dfdc_test_002398,DFDC-DFDC_Real,0,Xception,visual,0.2331,probability,95.67,N/A,N/A,ok,
dfdc_test_002399,DFDC-DFDC_Real,0,Xception,visual,0.0327,probability,85.84,N/A,N/A,ok,
dfdc_test_002400,DFDC-DFDC_Real,0,Xception,visual,0.0776,probability,85.18,N/A,N/A,ok,
dfdc_test_002401,DFDC-DFDC_Real,0,Xception,visual,0.0403,probability,94.41,N/A,N/A,ok,
dfdc_test_002402,DFDC-DFDC_Real,0,Xception,visual,0.8153,probability,102.48,N/A,N/A,ok,
dfdc_test_002403,DFDC-DFDC_Real,0,Xception,visual,0.7903,probability,91.94,N/A,N/A,ok,
dfdc_test_002404,DFDC-DFDC_Real,0,Xception,visual,0.4194,probability,89.14,N/A,N/A,ok,
dfdc_test_002405,DFDC-DFDC_Real,0,Xception,visual,0.232,probability,103.25,N/A,N/A,ok,
dfdc_test_002406,DFDC-DFDC_Real,0,Xception,visual,0.3657,probability,95.0,N/A,N/A,ok,
dfdc_test_002407,DFDC-DFDC_Real,0,Xception,visual,0.4785,probability,83.66,N/A,N/A,ok,
dfdc_test_002408,DFDC-DFDC_Real,0,Xception,visual,0.7595,probability,99.41,N/A,N/A,ok,
dfdc_test_002409,DFDC-DFDC_Real,0,Xception,visual,0.3737,probability,101.67,N/A,N/A,ok,
dfdc_test_002410,DFDC-DFDC_Real,0,Xception,visual,0.2858,probability,80.82,N/A,N/A,ok,
dfdc_test_002411,DFDC-DFDC_Real,0,Xception,visual,0.5442,probability,80.99,N/A,N/A,ok,
dfdc_test_002412,DFDC-DFDC_Real,0,Xception,visual,0.1071,probability,106.34,N/A,N/A,ok,
dfdc_test_002413,DFDC-DFDC_Real,0,Xception,visual,0.3449,probability,105.67,N/A,N/A,ok,
dfdc_test_002414,DFDC-DFDC_Real,0,Xception,visual,0.0834,probability,89.17,N/A,N/A,ok,
dfdc_test_002415,DFDC-DFDC_Real,0,Xception,visual,0.3647,probability,108.08,N/A,N/A,ok,
dfdc_test_002416,DFDC-DFDC_Real,0,Xception,visual,0.2133,probability,105.33,N/A,N/A,ok,
dfdc_test_002417,DFDC-DFDC_Real,0,Xception,visual,0.0926,probability,90.55,N/A,N/A,ok,
dfdc_test_002418,DFDC-DFDC_Real,0,Xception,visual,0.5068,probability,85.71,N/A,N/A,ok,
dfdc_test_002419,DFDC-DFDC_Real,0,Xception,visual,0.6587,probability,95.08,N/A,N/A,ok,
dfdc_test_002420,DFDC-DFDC_Real,0,Xception,visual,0.4876,probability,97.75,N/A,N/A,ok,
dfdc_test_002421,DFDC-DFDC_Real,0,Xception,visual,0.263,probability,98.63,N/A,N/A,ok,
dfdc_test_002422,DFDC-DFDC_Real,0,Xception,visual,0.3844,probability,125.4,N/A,N/A,ok,
dfdc_test_002423,DFDC-DFDC_Real,0,Xception,visual,0.5846,probability,99.55,N/A,N/A,ok,
dfdc_test_002424,DFDC-DFDC_Real,0,Xception,visual,0.206,probability,101.99,N/A,N/A,ok,
dfdc_test_002425,DFDC-DFDC_Real,0,Xception,visual,0.3466,probability,101.42,N/A,N/A,ok,
dfdc_test_002426,DFDC-DFDC_Real,0,Xception,visual,0.3938,probability,109.41,N/A,N/A,ok,
dfdc_test_002427,DFDC-DFDC_Real,0,Xception,visual,0.3953,probability,106.35,N/A,N/A,ok,
dfdc_test_002428,DFDC-DFDC_Real,0,Xception,visual,0.3611,probability,132.79,N/A,N/A,ok,
dfdc_test_002429,DFDC-DFDC_Real,0,Xception,visual,0.4664,probability,134.57,N/A,N/A,ok,
dfdc_test_002430,DFDC-DFDC_Real,0,Xception,visual,0.0533,probability,133.88,N/A,N/A,ok,
dfdc_test_002431,DFDC-DFDC_Real,0,Xception,visual,0.2415,probability,92.31,N/A,N/A,ok,
dfdc_test_002432,DFDC-DFDC_Real,0,Xception,visual,0.6073,probability,125.48,N/A,N/A,ok,
dfdc_test_002433,DFDC-DFDC_Real,0,Xception,visual,0.5612,probability,115.94,N/A,N/A,ok,
dfdc_test_002434,DFDC-DFDC_Real,0,Xception,visual,0.4988,probability,85.39,N/A,N/A,ok,
dfdc_test_002435,DFDC-DFDC_Real,0,Xception,visual,0.4761,probability,88.67,N/A,N/A,ok,
dfdc_test_002436,DFDC-DFDC_Real,0,Xception,visual,0.2027,probability,113.94,N/A,N/A,ok,
dfdc_test_002437,DFDC-DFDC_Real,0,Xception,visual,0.5357,probability,153.22,N/A,N/A,ok,
dfdc_test_002438,DFDC-DFDC_Real,0,Xception,visual,0.3424,probability,144.17,N/A,N/A,ok,
dfdc_test_002439,DFDC-DFDC_Real,0,Xception,visual,0.3613,probability,137.03,N/A,N/A,ok,
dfdc_test_002440,DFDC-DFDC_Real,0,Xception,visual,0.3856,probability,146.84,N/A,N/A,ok,
dfdc_test_002441,DFDC-DFDC_Real,0,Xception,visual,0.4845,probability,111.74,N/A,N/A,ok,
dfdc_test_002442,DFDC-DFDC_Real,0,Xception,visual,0.4705,probability,103.53,N/A,N/A,ok,
dfdc_test_002443,DFDC-DFDC_Real,0,Xception,visual,0.2686,probability,118.45,N/A,N/A,ok,
dfdc_test_002444,DFDC-DFDC_Real,0,Xception,visual,0.1144,probability,102.37,N/A,N/A,ok,
dfdc_test_002445,DFDC-DFDC_Real,0,Xception,visual,0.5089,probability,89.44,N/A,N/A,ok,
dfdc_test_002446,DFDC-DFDC_Real,0,Xception,visual,0.1842,probability,98.81,N/A,N/A,ok,
dfdc_test_002447,DFDC-DFDC_Real,0,Xception,visual,0.5744,probability,108.29,N/A,N/A,ok,
dfdc_test_002448,DFDC-DFDC_Real,0,Xception,visual,0.4967,probability,98.7,N/A,N/A,ok,
dfdc_test_002449,DFDC-DFDC_Real,0,Xception,visual,0.8721,probability,101.63,N/A,N/A,ok,
dfdc_test_002450,DFDC-DFDC_Real,0,Xception,visual,0.3136,probability,92.28,N/A,N/A,ok,
dfdc_test_002451,DFDC-DFDC_Real,0,Xception,visual,0.1098,probability,105.56,N/A,N/A,ok,
dfdc_test_002452,DFDC-DFDC_Real,0,Xception,visual,0.3416,probability,105.39,N/A,N/A,ok,
dfdc_test_002453,DFDC-DFDC_Real,0,Xception,visual,0.1999,probability,109.67,N/A,N/A,ok,
dfdc_test_002454,DFDC-DFDC_Real,0,Xception,visual,0.4428,probability,123.78,N/A,N/A,ok,
dfdc_test_002455,DFDC-DFDC_Real,0,Xception,visual,0.2465,probability,85.45,N/A,N/A,ok,
dfdc_test_002456,DFDC-DFDC_Real,0,Xception,visual,0.6744,probability,119.91,N/A,N/A,ok,
dfdc_test_002457,DFDC-DFDC_Real,0,Xception,visual,0.4806,probability,183.21,N/A,N/A,ok,
dfdc_test_002458,DFDC-DFDC_Real,0,Xception,visual,0.048,probability,147.49,N/A,N/A,ok,
dfdc_test_002459,DFDC-DFDC_Real,0,Xception,visual,0.2313,probability,122.54,N/A,N/A,ok,
dfdc_test_002460,DFDC-DFDC_Real,0,Xception,visual,0.3694,probability,135.04,N/A,N/A,ok,
dfdc_test_002461,DFDC-DFDC_Real,0,Xception,visual,0.3012,probability,130.1,N/A,N/A,ok,
dfdc_test_002462,DFDC-DFDC_Real,0,Xception,visual,0.0937,probability,119.12,N/A,N/A,ok,
dfdc_test_002463,DFDC-DFDC_Real,0,Xception,visual,0.4379,probability,101.02,N/A,N/A,ok,
dfdc_test_002464,DFDC-DFDC_Real,0,Xception,visual,0.3703,probability,94.34,N/A,N/A,ok,
dfdc_test_002465,DFDC-DFDC_Real,0,Xception,visual,0.5779,probability,105.08,N/A,N/A,ok,
dfdc_test_002466,DFDC-DFDC_Real,0,Xception,visual,0.0887,probability,118.34,N/A,N/A,ok,
dfdc_test_002467,DFDC-DFDC_Real,0,Xception,visual,0.6833,probability,137.07,N/A,N/A,ok,
dfdc_test_002468,DFDC-DFDC_Real,0,Xception,visual,0.1132,probability,129.63,N/A,N/A,ok,
dfdc_test_002469,DFDC-DFDC_Real,0,Xception,visual,0.4921,probability,111.99,N/A,N/A,ok,
dfdc_test_002470,DFDC-DFDC_Real,0,Xception,visual,0.449,probability,135.29,N/A,N/A,ok,
dfdc_test_002471,DFDC-DFDC_Real,0,Xception,visual,0.1864,probability,112.7,N/A,N/A,ok,
dfdc_test_002472,DFDC-DFDC_Real,0,Xception,visual,0.535,probability,89.28,N/A,N/A,ok,
dfdc_test_002473,DFDC-DFDC_Real,0,Xception,visual,0.599,probability,94.48,N/A,N/A,ok,
dfdc_test_002474,DFDC-DFDC_Real,0,Xception,visual,0.2656,probability,127.89,N/A,N/A,ok,
dfdc_test_002475,DFDC-DFDC_Real,0,Xception,visual,0.7065,probability,114.75,N/A,N/A,ok,
dfdc_test_002476,DFDC-DFDC_Real,0,Xception,visual,0.0484,probability,111.52,N/A,N/A,ok,
dfdc_test_002477,DFDC-DFDC_Real,0,Xception,visual,0.3677,probability,110.3,N/A,N/A,ok,
dfdc_test_002478,DFDC-DFDC_Real,0,Xception,visual,0.1125,probability,102.1,N/A,N/A,ok,
dfdc_test_002479,DFDC-DFDC_Real,0,Xception,visual,0.3463,probability,123.8,N/A,N/A,ok,
dfdc_test_002480,DFDC-DFDC_Real,0,Xception,visual,0.1758,probability,121.37,N/A,N/A,ok,
dfdc_test_002481,DFDC-DFDC_Real,0,Xception,visual,0.6285,probability,103.33,N/A,N/A,ok,
dfdc_test_002482,DFDC-DFDC_Real,0,Xception,visual,0.1413,probability,132.49,N/A,N/A,ok,
dfdc_test_002483,DFDC-DFDC_Real,0,Xception,visual,0.5078,probability,101.62,N/A,N/A,ok,
dfdc_test_002484,DFDC-DFDC_Real,0,Xception,visual,0.3618,probability,123.79,N/A,N/A,ok,
dfdc_test_002485,DFDC-DFDC_Real,0,Xception,visual,0.3705,probability,98.8,N/A,N/A,ok,
dfdc_test_002486,DFDC-DFDC_Real,0,Xception,visual,0.0845,probability,138.56,N/A,N/A,ok,
dfdc_test_002487,DFDC-DFDC_Real,0,Xception,visual,0.6321,probability,101.88,N/A,N/A,ok,
dfdc_test_002488,DFDC-DFDC_Real,0,Xception,visual,0.6289,probability,122.33,N/A,N/A,ok,
dfdc_test_002489,DFDC-DFDC_Real,0,Xception,visual,0.7857,probability,107.47,N/A,N/A,ok,
dfdc_test_002490,DFDC-DFDC_Real,0,Xception,visual,0.6008,probability,94.03,N/A,N/A,ok,
dfdc_test_002491,DFDC-DFDC_Real,0,Xception,visual,0.2307,probability,100.1,N/A,N/A,ok,
dfdc_test_002492,DFDC-DFDC_Real,0,Xception,visual,0.0773,probability,120.45,N/A,N/A,ok,
dfdc_test_002493,DFDC-DFDC_Real,0,Xception,visual,0.4758,probability,103.88,N/A,N/A,ok,
dfdc_test_002494,DFDC-DFDC_Real,0,Xception,visual,0.1335,probability,93.02,N/A,N/A,ok,
dfdc_test_002495,DFDC-DFDC_Real,0,Xception,visual,0.2641,probability,107.63,N/A,N/A,ok,
dfdc_test_002496,DFDC-DFDC_Real,0,Xception,visual,0.2042,probability,94.15,N/A,N/A,ok,
dfdc_test_002497,DFDC-DFDC_Real,0,Xception,visual,0.3725,probability,101.46,N/A,N/A,ok,
dfdc_test_002498,DFDC-DFDC_Real,0,Xception,visual,0.2595,probability,92.94,N/A,N/A,ok,
dfdc_test_002499,DFDC-DFDC_Real,0,Xception,visual,0.388,probability,91.49,N/A,N/A,ok,
dfdc_test_002500,DFDC-DFDC_Real,0,Xception,visual,0.4924,probability,89.51,N/A,N/A,ok,
dfdc_test_002501,DFDC-DFDC_Real,0,Xception,visual,0.6963,probability,87.41,N/A,N/A,ok,
dfdc_test_002502,DFDC-DFDC_Real,0,Xception,visual,0.761,probability,114.99,N/A,N/A,ok,
dfdc_test_002503,DFDC-DFDC_Real,0,Xception,visual,0.5477,probability,95.3,N/A,N/A,ok,
dfdc_test_002504,DFDC-DFDC_Real,0,Xception,visual,0.4705,probability,87.21,N/A,N/A,ok,
dfdc_test_002505,DFDC-DFDC_Real,0,Xception,visual,0.4548,probability,88.72,N/A,N/A,ok,
dfdc_test_002506,DFDC-DFDC_Real,0,Xception,visual,0.0743,probability,83.86,N/A,N/A,ok,
dfdc_test_002507,DFDC-DFDC_Real,0,Xception,visual,0.6736,probability,95.18,N/A,N/A,ok,
dfdc_test_002508,DFDC-DFDC_Real,0,Xception,visual,0.5591,probability,92.0,N/A,N/A,ok,
dfdc_test_002509,DFDC-DFDC_Real,0,Xception,visual,0.1632,probability,85.73,N/A,N/A,ok,
dfdc_test_002510,DFDC-DFDC_Real,0,Xception,visual,0.1999,probability,102.41,N/A,N/A,ok,
dfdc_test_002511,DFDC-DFDC_Real,0,Xception,visual,0.3945,probability,82.99,N/A,N/A,ok,
dfdc_test_002512,DFDC-DFDC_Real,0,Xception,visual,0.0763,probability,97.57,N/A,N/A,ok,
dfdc_test_002513,DFDC-DFDC_Real,0,Xception,visual,0.0493,probability,79.28,N/A,N/A,ok,
dfdc_test_002514,DFDC-DFDC_Real,0,Xception,visual,0.1299,probability,93.76,N/A,N/A,ok,
dfdc_test_002515,DFDC-DFDC_Real,0,Xception,visual,0.4512,probability,98.72,N/A,N/A,ok,
dfdc_test_002516,DFDC-DFDC_Real,0,Xception,visual,0.4453,probability,86.56,N/A,N/A,ok,
dfdc_test_002517,DFDC-DFDC_Real,0,Xception,visual,0.205,probability,90.56,N/A,N/A,ok,
dfdc_test_002518,DFDC-DFDC_Real,0,Xception,visual,0.6608,probability,89.54,N/A,N/A,ok,
dfdc_test_002519,DFDC-DFDC_Real,0,Xception,visual,0.4928,probability,89.71,N/A,N/A,ok,
dfdc_test_002520,DFDC-DFDC_Real,0,Xception,visual,0.4618,probability,92.29,N/A,N/A,ok,
dfdc_test_002521,DFDC-DFDC_Real,0,Xception,visual,0.34,probability,82.24,N/A,N/A,ok,
dfdc_test_002522,DFDC-DFDC_Real,0,Xception,visual,0.2299,probability,83.18,N/A,N/A,ok,
dfdc_test_002523,DFDC-DFDC_Real,0,Xception,visual,0.4769,probability,98.38,N/A,N/A,ok,
dfdc_test_002524,DFDC-DFDC_Real,0,Xception,visual,0.6992,probability,86.23,N/A,N/A,ok,
dfdc_test_002525,DFDC-DFDC_Real,0,Xception,visual,0.7302,probability,88.32,N/A,N/A,ok,
dfdc_test_002526,DFDC-DFDC_Real,0,Xception,visual,0.2472,probability,93.75,N/A,N/A,ok,
dfdc_test_002527,DFDC-DFDC_Real,0,Xception,visual,0.6448,probability,106.2,N/A,N/A,ok,
dfdc_test_002528,DFDC-DFDC_Real,0,Xception,visual,0.2904,probability,98.67,N/A,N/A,ok,
dfdc_test_002529,DFDC-DFDC_Real,0,Xception,visual,0.5515,probability,93.02,N/A,N/A,ok,
dfdc_test_002530,DFDC-DFDC_Real,0,Xception,visual,0.4141,probability,119.03,N/A,N/A,ok,
dfdc_test_002531,DFDC-DFDC_Real,0,Xception,visual,0.488,probability,121.98,N/A,N/A,ok,
dfdc_test_002532,DFDC-DFDC_Real,0,Xception,visual,0.4734,probability,92.33,N/A,N/A,ok,
dfdc_test_002533,DFDC-DFDC_Real,0,Xception,visual,0.5854,probability,116.78,N/A,N/A,ok,
dfdc_test_002534,DFDC-DFDC_Real,0,Xception,visual,0.4707,probability,88.03,N/A,N/A,ok,
dfdc_test_002535,DFDC-DFDC_Real,0,Xception,visual,0.5001,probability,88.42,N/A,N/A,ok,
dfdc_test_002536,DFDC-DFDC_Real,0,Xception,visual,0.2856,probability,120.47,N/A,N/A,ok,
dfdc_test_002537,DFDC-DFDC_Real,0,Xception,visual,0.5045,probability,91.04,N/A,N/A,ok,
dfdc_test_002538,DFDC-DFDC_Real,0,Xception,visual,0.3099,probability,82.71,N/A,N/A,ok,
dfdc_test_002539,DFDC-DFDC_Real,0,Xception,visual,0.6768,probability,84.53,N/A,N/A,ok,
dfdc_test_002540,DFDC-DFDC_Real,0,Xception,visual,0.1775,probability,90.12,N/A,N/A,ok,
dfdc_test_002541,DFDC-DFDC_Real,0,Xception,visual,0.4776,probability,88.08,N/A,N/A,ok,
dfdc_test_002542,DFDC-DFDC_Real,0,Xception,visual,0.573,probability,81.07,N/A,N/A,ok,
dfdc_test_002543,DFDC-DFDC_Real,0,Xception,visual,0.4694,probability,90.87,N/A,N/A,ok,
dfdc_test_002544,DFDC-DFDC_Real,0,Xception,visual,0.2969,probability,85.6,N/A,N/A,ok,
dfdc_test_002545,DFDC-DFDC_Real,0,Xception,visual,0.4938,probability,84.95,N/A,N/A,ok,
dfdc_test_002546,DFDC-DFDC_Real,0,Xception,visual,0.5295,probability,85.47,N/A,N/A,ok,
dfdc_test_002547,DFDC-DFDC_Real,0,Xception,visual,0.8531,probability,103.4,N/A,N/A,ok,
dfdc_test_002548,DFDC-DFDC_Real,0,Xception,visual,0.4209,probability,96.21,N/A,N/A,ok,
dfdc_test_002549,DFDC-DFDC_Real,0,Xception,visual,0.4137,probability,95.23,N/A,N/A,ok,
dfdc_test_002550,DFDC-DFDC_Real,0,Xception,visual,0.2728,probability,109.98,N/A,N/A,ok,
dfdc_test_002551,DFDC-DFDC_Real,0,Xception,visual,0.2657,probability,104.77,N/A,N/A,ok,
dfdc_test_002552,DFDC-DFDC_Real,0,Xception,visual,0.1253,probability,85.29,N/A,N/A,ok,
dfdc_test_002553,DFDC-DFDC_Real,0,Xception,visual,0.2652,probability,89.63,N/A,N/A,ok,
dfdc_test_002554,DFDC-DFDC_Real,0,Xception,visual,0.5699,probability,101.89,N/A,N/A,ok,
dfdc_test_002555,DFDC-DFDC_Real,0,Xception,visual,0.331,probability,104.67,N/A,N/A,ok,
dfdc_test_002556,DFDC-DFDC_Real,0,Xception,visual,0.3687,probability,88.21,N/A,N/A,ok,
dfdc_test_002557,DFDC-DFDC_Real,0,Xception,visual,0.6652,probability,98.57,N/A,N/A,ok,
dfdc_test_002558,DFDC-DFDC_Real,0,Xception,visual,0.1214,probability,95.2,N/A,N/A,ok,
dfdc_test_002559,DFDC-DFDC_Real,0,Xception,visual,0.7979,probability,92.53,N/A,N/A,ok,
dfdc_test_002560,DFDC-DFDC_Real,0,Xception,visual,0.761,probability,105.02,N/A,N/A,ok,
dfdc_test_002561,DFDC-DFDC_Real,0,Xception,visual,0.3335,probability,97.7,N/A,N/A,ok,
dfdc_test_002562,DFDC-DFDC_Real,0,Xception,visual,0.2711,probability,88.23,N/A,N/A,ok,
dfdc_test_002563,DFDC-DFDC_Real,0,Xception,visual,0.0553,probability,87.09,N/A,N/A,ok,
dfdc_test_002564,DFDC-DFDC_Real,0,Xception,visual,0.6098,probability,93.44,N/A,N/A,ok,
dfdc_test_002565,DFDC-DFDC_Real,0,Xception,visual,0.4789,probability,94.17,N/A,N/A,ok,
dfdc_test_002566,DFDC-DFDC_Real,0,Xception,visual,0.3775,probability,89.7,N/A,N/A,ok,
dfdc_test_002567,DFDC-DFDC_Real,0,Xception,visual,0.4211,probability,91.72,N/A,N/A,ok,
dfdc_test_002568,DFDC-DFDC_Real,0,Xception,visual,0.2453,probability,98.73,N/A,N/A,ok,
dfdc_test_002569,DFDC-DFDC_Real,0,Xception,visual,0.4767,probability,93.77,N/A,N/A,ok,
dfdc_test_002570,DFDC-DFDC_Real,0,Xception,visual,0.5551,probability,101.35,N/A,N/A,ok,
dfdc_test_002571,DFDC-DFDC_Real,0,Xception,visual,0.2749,probability,83.79,N/A,N/A,ok,
dfdc_test_002572,DFDC-DFDC_Real,0,Xception,visual,0.2864,probability,94.65,N/A,N/A,ok,
dfdc_test_002573,DFDC-DFDC_Real,0,Xception,visual,0.5323,probability,88.33,N/A,N/A,ok,
dfdc_test_002574,DFDC-DFDC_Real,0,Xception,visual,0.453,probability,89.46,N/A,N/A,ok,
dfdc_test_002575,DFDC-DFDC_Real,0,Xception,visual,0.2486,probability,91.86,N/A,N/A,ok,
dfdc_test_002576,DFDC-DFDC_Real,0,Xception,visual,0.3453,probability,99.86,N/A,N/A,ok,
dfdc_test_002577,DFDC-DFDC_Real,0,Xception,visual,0.3622,probability,82.09,N/A,N/A,ok,
dfdc_test_002578,DFDC-DFDC_Real,0,Xception,visual,0.5127,probability,96.08,N/A,N/A,ok,
dfdc_test_002579,DFDC-DFDC_Real,0,Xception,visual,0.2938,probability,109.1,N/A,N/A,ok,
dfdc_test_002580,DFDC-DFDC_Real,0,Xception,visual,0.8937,probability,107.91,N/A,N/A,ok,
dfdc_test_002581,DFDC-DFDC_Real,0,Xception,visual,0.3747,probability,97.09,N/A,N/A,ok,
dfdc_test_002582,DFDC-DFDC_Real,0,Xception,visual,0.5095,probability,90.0,N/A,N/A,ok,
dfdc_test_002583,DFDC-DFDC_Real,0,Xception,visual,0.0793,probability,81.36,N/A,N/A,ok,
dfdc_test_002584,DFDC-DFDC_Real,0,Xception,visual,0.7458,probability,106.81,N/A,N/A,ok,
dfdc_test_002585,DFDC-DFDC_Real,0,Xception,visual,0.3263,probability,86.77,N/A,N/A,ok,
dfdc_test_002586,DFDC-DFDC_Real,0,Xception,visual,0.6734,probability,89.08,N/A,N/A,ok,
dfdc_test_002587,DFDC-DFDC_Real,0,Xception,visual,0.3049,probability,93.17,N/A,N/A,ok,
dfdc_test_002588,DFDC-DFDC_Real,0,Xception,visual,0.1701,probability,87.12,N/A,N/A,ok,
dfdc_test_002589,DFDC-DFDC_Real,0,Xception,visual,0.2474,probability,79.61,N/A,N/A,ok,
dfdc_test_002590,DFDC-DFDC_Real,0,Xception,visual,0.1745,probability,96.25,N/A,N/A,ok,
dfdc_test_002591,DFDC-DFDC_Real,0,Xception,visual,0.2047,probability,84.04,N/A,N/A,ok,
dfdc_test_002592,DFDC-DFDC_Real,0,Xception,visual,0.527,probability,82.12,N/A,N/A,ok,
dfdc_test_002593,DFDC-DFDC_Real,0,Xception,visual,0.3784,probability,94.09,N/A,N/A,ok,
dfdc_test_002594,DFDC-DFDC_Real,0,Xception,visual,0.575,probability,82.56,N/A,N/A,ok,
dfdc_test_002595,DFDC-DFDC_Real,0,Xception,visual,0.4314,probability,95.26,N/A,N/A,ok,
dfdc_test_002596,DFDC-DFDC_Real,0,Xception,visual,0.3084,probability,99.69,N/A,N/A,ok,
dfdc_test_002597,DFDC-DFDC_Real,0,Xception,visual,0.5828,probability,93.57,N/A,N/A,ok,
dfdc_test_002598,DFDC-DFDC_Real,0,Xception,visual,0.8209,probability,97.82,N/A,N/A,ok,
dfdc_test_002599,DFDC-DFDC_Real,0,Xception,visual,0.5083,probability,112.07,N/A,N/A,ok,
dfdc_test_002600,DFDC-DFDC_Real,0,Xception,visual,0.5522,probability,98.48,N/A,N/A,ok,
dfdc_test_002601,DFDC-DFDC_Real,0,Xception,visual,0.5764,probability,87.03,N/A,N/A,ok,
dfdc_test_002602,DFDC-DFDC_Real,0,Xception,visual,0.4262,probability,98.77,N/A,N/A,ok,
dfdc_test_002603,DFDC-DFDC_Real,0,Xception,visual,0.5473,probability,93.35,N/A,N/A,ok,
dfdc_test_002604,DFDC-DFDC_Real,0,Xception,visual,0.6104,probability,96.78,N/A,N/A,ok,
dfdc_test_002605,DFDC-DFDC_Real,0,Xception,visual,0.3122,probability,98.19,N/A,N/A,ok,
dfdc_test_002606,DFDC-DFDC_Real,0,Xception,visual,0.1191,probability,91.93,N/A,N/A,ok,
dfdc_test_002607,DFDC-DFDC_Real,0,Xception,visual,0.4997,probability,116.21,N/A,N/A,ok,
dfdc_test_002608,DFDC-DFDC_Real,0,Xception,visual,0.3047,probability,98.9,N/A,N/A,ok,
dfdc_test_002609,DFDC-DFDC_Real,0,Xception,visual,0.3408,probability,100.91,N/A,N/A,ok,
dfdc_test_002610,DFDC-DFDC_Real,0,Xception,visual,0.6801,probability,99.77,N/A,N/A,ok,
dfdc_test_002611,DFDC-DFDC_Real,0,Xception,visual,0.4976,probability,108.57,N/A,N/A,ok,
dfdc_test_002612,DFDC-DFDC_Real,0,Xception,visual,0.3273,probability,101.42,N/A,N/A,ok,
dfdc_test_002613,DFDC-DFDC_Real,0,Xception,visual,0.4004,probability,96.6,N/A,N/A,ok,
dfdc_test_002614,DFDC-DFDC_Real,0,Xception,visual,0.2086,probability,94.07,N/A,N/A,ok,
dfdc_test_002615,DFDC-DFDC_Real,0,Xception,visual,0.128,probability,92.05,N/A,N/A,ok,
dfdc_test_002616,DFDC-DFDC_Real,0,Xception,visual,0.3141,probability,112.45,N/A,N/A,ok,
dfdc_test_002617,DFDC-DFDC_Real,0,Xception,visual,0.7699,probability,100.94,N/A,N/A,ok,
dfdc_test_002618,DFDC-DFDC_Real,0,Xception,visual,0.7058,probability,90.88,N/A,N/A,ok,
dfdc_test_002619,DFDC-DFDC_Real,0,Xception,visual,0.0713,probability,91.13,N/A,N/A,ok,
dfdc_test_002620,DFDC-DFDC_Real,0,Xception,visual,0.0946,probability,98.94,N/A,N/A,ok,
dfdc_test_002621,DFDC-DFDC_Real,0,Xception,visual,0.4797,probability,90.29,N/A,N/A,ok,
dfdc_test_002622,DFDC-DFDC_Real,0,Xception,visual,0.3708,probability,90.21,N/A,N/A,ok,
dfdc_test_002623,DFDC-DFDC_Real,0,Xception,visual,0.5939,probability,93.2,N/A,N/A,ok,
dfdc_test_002624,DFDC-DFDC_Real,0,Xception,visual,0.4331,probability,87.27,N/A,N/A,ok,
dfdc_test_002625,DFDC-DFDC_Real,0,Xception,visual,0.2991,probability,90.76,N/A,N/A,ok,
dfdc_test_002626,DFDC-DFDC_Real,0,Xception,visual,0.0954,probability,87.68,N/A,N/A,ok,
dfdc_test_002627,DFDC-DFDC_Real,0,Xception,visual,0.3442,probability,87.75,N/A,N/A,ok,
dfdc_test_002628,DFDC-DFDC_Real,0,Xception,visual,0.7944,probability,96.37,N/A,N/A,ok,
dfdc_test_002629,DFDC-DFDC_Real,0,Xception,visual,0.3095,probability,98.5,N/A,N/A,ok,
dfdc_test_002630,DFDC-DFDC_Real,0,Xception,visual,0.4127,probability,88.4,N/A,N/A,ok,
dfdc_test_002631,DFDC-DFDC_Real,0,Xception,visual,0.3605,probability,98.52,N/A,N/A,ok,
dfdc_test_002632,DFDC-DFDC_Real,0,Xception,visual,0.136,probability,81.41,N/A,N/A,ok,
dfdc_test_002633,DFDC-DFDC_Real,0,Xception,visual,0.3674,probability,83.55,N/A,N/A,ok,
dfdc_test_002634,DFDC-DFDC_Real,0,Xception,visual,0.2155,probability,80.19,N/A,N/A,ok,
dfdc_test_002635,DFDC-DFDC_Real,0,Xception,visual,0.3515,probability,89.69,N/A,N/A,ok,
dfdc_test_002636,DFDC-DFDC_Real,0,Xception,visual,0.3116,probability,99.22,N/A,N/A,ok,
dfdc_test_002637,DFDC-DFDC_Real,0,Xception,visual,0.3751,probability,96.53,N/A,N/A,ok,
dfdc_test_002638,DFDC-DFDC_Real,0,Xception,visual,0.255,probability,88.7,N/A,N/A,ok,
dfdc_test_002639,DFDC-DFDC_Real,0,Xception,visual,0.1645,probability,103.64,N/A,N/A,ok,
dfdc_test_002640,DFDC-DFDC_Real,0,Xception,visual,0.5169,probability,96.48,N/A,N/A,ok,
dfdc_test_002641,DFDC-DFDC_Real,0,Xception,visual,0.5448,probability,91.34,N/A,N/A,ok,
dfdc_test_002642,DFDC-DFDC_Real,0,Xception,visual,0.474,probability,87.2,N/A,N/A,ok,
dfdc_test_002643,DFDC-DFDC_Real,0,Xception,visual,0.2624,probability,83.16,N/A,N/A,ok,
dfdc_test_002644,DFDC-DFDC_Real,0,Xception,visual,0.546,probability,79.62,N/A,N/A,ok,
dfdc_test_002645,DFDC-DFDC_Real,0,Xception,visual,0.4402,probability,101.28,N/A,N/A,ok,
dfdc_test_002646,DFDC-DFDC_Real,0,Xception,visual,0.0573,probability,81.51,N/A,N/A,ok,
dfdc_test_002647,DFDC-DFDC_Real,0,Xception,visual,0.3026,probability,85.69,N/A,N/A,ok,
dfdc_test_002648,DFDC-DFDC_Real,0,Xception,visual,0.4883,probability,85.82,N/A,N/A,ok,
dfdc_test_002649,DFDC-DFDC_Real,0,Xception,visual,0.3498,probability,91.15,N/A,N/A,ok,
dfdc_test_002650,DFDC-DFDC_Real,0,Xception,visual,0.3013,probability,88.03,N/A,N/A,ok,
dfdc_test_002651,DFDC-DFDC_Real,0,Xception,visual,0.5946,probability,82.32,N/A,N/A,ok,
dfdc_test_002652,DFDC-DFDC_Real,0,Xception,visual,0.57,probability,79.77,N/A,N/A,ok,
dfdc_test_002653,DFDC-DFDC_Real,0,Xception,visual,0.493,probability,88.48,N/A,N/A,ok,
dfdc_test_002654,DFDC-DFDC_Real,0,Xception,visual,0.4846,probability,81.82,N/A,N/A,ok,
dfdc_test_002655,DFDC-DFDC_Real,0,Xception,visual,0.1704,probability,77.52,N/A,N/A,ok,
dfdc_test_002656,DFDC-DFDC_Real,0,Xception,visual,0.24,probability,84.83,N/A,N/A,ok,
dfdc_test_002657,DFDC-DFDC_Real,0,Xception,visual,0.7153,probability,86.62,N/A,N/A,ok,
dfdc_test_002658,DFDC-DFDC_Real,0,Xception,visual,0.4053,probability,94.55,N/A,N/A,ok,
dfdc_test_002659,DFDC-DFDC_Real,0,Xception,visual,0.387,probability,100.71,N/A,N/A,ok,
dfdc_test_002660,DFDC-DFDC_Real,0,Xception,visual,0.8592,probability,97.45,N/A,N/A,ok,
dfdc_test_002661,DFDC-DFDC_Real,0,Xception,visual,0.4828,probability,82.6,N/A,N/A,ok,
dfdc_test_002662,DFDC-DFDC_Real,0,Xception,visual,0.1145,probability,83.04,N/A,N/A,ok,
dfdc_test_002663,DFDC-DFDC_Real,0,Xception,visual,0.2994,probability,79.83,N/A,N/A,ok,
dfdc_test_002664,DFDC-DFDC_Real,0,Xception,visual,0.0517,probability,76.87,N/A,N/A,ok,
dfdc_test_002665,DFDC-DFDC_Real,0,Xception,visual,0.4357,probability,94.23,N/A,N/A,ok,
dfdc_test_002666,DFDC-DFDC_Real,0,Xception,visual,0.4675,probability,82.3,N/A,N/A,ok,
dfdc_test_002667,DFDC-DFDC_Real,0,Xception,visual,0.2665,probability,80.51,N/A,N/A,ok,
dfdc_test_002668,DFDC-DFDC_Real,0,Xception,visual,0.2827,probability,86.75,N/A,N/A,ok,
dfdc_test_002669,DFDC-DFDC_Real,0,Xception,visual,0.3466,probability,85.77,N/A,N/A,ok,
dfdc_test_002670,DFDC-DFDC_Real,0,Xception,visual,0.1613,probability,103.03,N/A,N/A,ok,
dfdc_test_002671,DFDC-DFDC_Real,0,Xception,visual,0.1275,probability,95.02,N/A,N/A,ok,
dfdc_test_002672,DFDC-DFDC_Real,0,Xception,visual,0.6919,probability,77.56,N/A,N/A,ok,
dfdc_test_002673,DFDC-DFDC_Real,0,Xception,visual,0.6043,probability,97.56,N/A,N/A,ok,
dfdc_test_002674,DFDC-DFDC_Real,0,Xception,visual,0.7535,probability,92.31,N/A,N/A,ok,
dfdc_test_002675,DFDC-DFDC_Real,0,Xception,visual,0.258,probability,86.86,N/A,N/A,ok,
dfdc_test_002676,DFDC-DFDC_Real,0,Xception,visual,0.2343,probability,96.63,N/A,N/A,ok,
dfdc_test_002677,DFDC-DFDC_Real,0,Xception,visual,0.2157,probability,89.18,N/A,N/A,ok,
dfdc_test_002678,DFDC-DFDC_Real,0,Xception,visual,0.5336,probability,97.9,N/A,N/A,ok,
dfdc_test_002679,DFDC-DFDC_Real,0,Xception,visual,0.4959,probability,115.52,N/A,N/A,ok,
dfdc_test_002680,DFDC-DFDC_Real,0,Xception,visual,0.4972,probability,84.26,N/A,N/A,ok,
dfdc_test_002681,DFDC-DFDC_Real,0,Xception,visual,0.581,probability,115.19,N/A,N/A,ok,
dfdc_test_002682,DFDC-DFDC_Real,0,Xception,visual,0.0396,probability,95.93,N/A,N/A,ok,
dfdc_test_002683,DFDC-DFDC_Real,0,Xception,visual,0.5461,probability,99.47,N/A,N/A,ok,
dfdc_test_002684,DFDC-DFDC_Real,0,Xception,visual,0.8019,probability,93.27,N/A,N/A,ok,
dfdc_test_002685,DFDC-DFDC_Real,0,Xception,visual,0.4011,probability,86.03,N/A,N/A,ok,
dfdc_test_002686,DFDC-DFDC_Real,0,Xception,visual,0.0447,probability,88.5,N/A,N/A,ok,
dfdc_test_002687,DFDC-DFDC_Real,0,Xception,visual,0.5222,probability,113.24,N/A,N/A,ok,
dfdc_test_002688,DFDC-DFDC_Real,0,Xception,visual,0.4294,probability,104.06,N/A,N/A,ok,
dfdc_test_002689,DFDC-DFDC_Real,0,Xception,visual,0.378,probability,96.17,N/A,N/A,ok,
dfdc_test_002690,DFDC-DFDC_Real,0,Xception,visual,0.1855,probability,98.49,N/A,N/A,ok,
dfdc_test_002691,DFDC-DFDC_Real,0,Xception,visual,0.5215,probability,107.07,N/A,N/A,ok,
dfdc_test_002692,DFDC-DFDC_Real,0,Xception,visual,0.5872,probability,103.81,N/A,N/A,ok,
dfdc_test_002693,DFDC-DFDC_Real,0,Xception,visual,0.5733,probability,91.05,N/A,N/A,ok,
dfdc_test_002694,DFDC-DFDC_Real,0,Xception,visual,0.0261,probability,101.79,N/A,N/A,ok,
dfdc_test_002695,DFDC-DFDC_Real,0,Xception,visual,0.1432,probability,103.43,N/A,N/A,ok,
dfdc_test_002696,DFDC-DFDC_Real,0,Xception,visual,0.3506,probability,98.82,N/A,N/A,ok,
dfdc_test_002697,DFDC-DFDC_Real,0,Xception,visual,0.4984,probability,100.25,N/A,N/A,ok,
dfdc_test_002698,DFDC-DFDC_Real,0,Xception,visual,0.0563,probability,122.23,N/A,N/A,ok,
dfdc_test_002699,DFDC-DFDC_Real,0,Xception,visual,0.206,probability,82.9,N/A,N/A,ok,
dfdc_test_002700,DFDC-DFDC_Real,0,Xception,visual,0.2958,probability,93.47,N/A,N/A,ok,
dfdc_test_002701,DFDC-DFDC_Real,0,Xception,visual,0.7863,probability,97.48,N/A,N/A,ok,
dfdc_test_002702,DFDC-DFDC_Real,0,Xception,visual,0.4325,probability,88.56,N/A,N/A,ok,
dfdc_test_002703,DFDC-DFDC_Real,0,Xception,visual,0.2378,probability,103.53,N/A,N/A,ok,
dfdc_test_002704,DFDC-DFDC_Real,0,Xception,visual,0.4903,probability,79.69,N/A,N/A,ok,
dfdc_test_002705,DFDC-DFDC_Real,0,Xception,visual,0.5772,probability,83.21,N/A,N/A,ok,
dfdc_test_002706,DFDC-DFDC_Real,0,Xception,visual,0.3188,probability,87.5,N/A,N/A,ok,
dfdc_test_002707,DFDC-DFDC_Real,0,Xception,visual,0.7846,probability,92.03,N/A,N/A,ok,
dfdc_test_002708,DFDC-DFDC_Real,0,Xception,visual,0.4395,probability,129.73,N/A,N/A,ok,
dfdc_test_002709,DFDC-DFDC_Real,0,Xception,visual,0.3785,probability,108.72,N/A,N/A,ok,
dfdc_test_002710,DFDC-DFDC_Real,0,Xception,visual,0.5265,probability,109.21,N/A,N/A,ok,
dfdc_test_002711,DFDC-DFDC_Real,0,Xception,visual,0.2859,probability,99.98,N/A,N/A,ok,
dfdc_test_002712,DFDC-DFDC_Real,0,Xception,visual,0.6102,probability,89.38,N/A,N/A,ok,
dfdc_test_002713,DFDC-DFDC_Real,0,Xception,visual,0.6479,probability,91.59,N/A,N/A,ok,
dfdc_test_002714,DFDC-DFDC_Real,0,Xception,visual,0.3308,probability,93.26,N/A,N/A,ok,
dfdc_test_002715,DFDC-DFDC_Real,0,Xception,visual,0.7071,probability,96.23,N/A,N/A,ok,
dfdc_test_002716,DFDC-DFDC_Real,0,Xception,visual,0.1471,probability,104.83,N/A,N/A,ok,
dfdc_test_002717,DFDC-DFDC_Real,0,Xception,visual,0.1752,probability,122.54,N/A,N/A,ok,
dfdc_test_002718,DFDC-DFDC_Real,0,Xception,visual,0.4458,probability,95.82,N/A,N/A,ok,
dfdc_test_002719,DFDC-DFDC_Real,0,Xception,visual,0.6794,probability,95.87,N/A,N/A,ok,
dfdc_test_002720,DFDC-DFDC_Real,0,Xception,visual,0.2218,probability,101.34,N/A,N/A,ok,
dfdc_test_002721,DFDC-DFDC_Real,0,Xception,visual,0.2657,probability,110.09,N/A,N/A,ok,
dfdc_test_002722,DFDC-DFDC_Real,0,Xception,visual,0.0964,probability,102.96,N/A,N/A,ok,
dfdc_test_002723,DFDC-DFDC_Real,0,Xception,visual,0.5529,probability,85.39,N/A,N/A,ok,
dfdc_test_002724,DFDC-DFDC_Real,0,Xception,visual,0.8021,probability,93.17,N/A,N/A,ok,
dfdc_test_002725,DFDC-DFDC_Real,0,Xception,visual,0.1048,probability,110.94,N/A,N/A,ok,
dfdc_test_002726,DFDC-DFDC_Real,0,Xception,visual,0.6868,probability,120.53,N/A,N/A,ok,
dfdc_test_002727,DFDC-DFDC_Real,0,Xception,visual,0.4434,probability,123.35,N/A,N/A,ok,
dfdc_test_002728,DFDC-DFDC_Real,0,Xception,visual,0.2466,probability,88.28,N/A,N/A,ok,
dfdc_test_002729,DFDC-DFDC_Real,0,Xception,visual,0.1245,probability,119.48,N/A,N/A,ok,
dfdc_test_002730,DFDC-DFDC_Real,0,Xception,visual,0.2668,probability,111.98,N/A,N/A,ok,
dfdc_test_002731,DFDC-DFDC_Real,0,Xception,visual,0.1937,probability,111.7,N/A,N/A,ok,
dfdc_test_002732,DFDC-DFDC_Real,0,Xception,visual,0.3575,probability,112.62,N/A,N/A,ok,
dfdc_test_002733,DFDC-DFDC_Real,0,Xception,visual,0.6191,probability,123.53,N/A,N/A,ok,
dfdc_test_002734,DFDC-DFDC_Real,0,Xception,visual,0.3786,probability,101.12,N/A,N/A,ok,
dfdc_test_002735,DFDC-DFDC_Real,0,Xception,visual,0.6837,probability,95.49,N/A,N/A,ok,
dfdc_test_002736,DFDC-DFDC_Real,0,Xception,visual,0.4834,probability,125.68,N/A,N/A,ok,
dfdc_test_002737,DFDC-DFDC_Real,0,Xception,visual,0.0694,probability,96.53,N/A,N/A,ok,
dfdc_test_002738,DFDC-DFDC_Real,0,Xception,visual,0.5431,probability,106.42,N/A,N/A,ok,
dfdc_test_002739,DFDC-DFDC_Real,0,Xception,visual,0.5021,probability,120.31,N/A,N/A,ok,
dfdc_test_002740,DFDC-DFDC_Real,0,Xception,visual,0.0735,probability,113.01,N/A,N/A,ok,
dfdc_test_002741,DFDC-DFDC_Real,0,Xception,visual,0.486,probability,118.06,N/A,N/A,ok,
dfdc_test_002742,DFDC-DFDC_Real,0,Xception,visual,0.5612,probability,103.63,N/A,N/A,ok,
dfdc_test_002743,DFDC-DFDC_Real,0,Xception,visual,0.5567,probability,111.05,N/A,N/A,ok,
dfdc_test_002744,DFDC-DFDC_Real,0,Xception,visual,0.565,probability,91.16,N/A,N/A,ok,
dfdc_test_002745,DFDC-DFDC_Real,0,Xception,visual,0.2136,probability,115.04,N/A,N/A,ok,
dfdc_test_002746,DFDC-DFDC_Real,0,Xception,visual,0.4765,probability,108.67,N/A,N/A,ok,
dfdc_test_002747,DFDC-DFDC_Real,0,Xception,visual,0.3278,probability,106.08,N/A,N/A,ok,
dfdc_test_002748,DFDC-DFDC_Real,0,Xception,visual,0.6303,probability,102.98,N/A,N/A,ok,
dfdc_test_002749,DFDC-DFDC_Real,0,Xception,visual,0.6386,probability,107.32,N/A,N/A,ok,
dfdc_test_002750,DFDC-DFDC_Real,0,Xception,visual,0.6698,probability,97.24,N/A,N/A,ok,
dfdc_test_002751,DFDC-DFDC_Real,0,Xception,visual,0.4437,probability,101.23,N/A,N/A,ok,
dfdc_test_002752,DFDC-DFDC_Real,0,Xception,visual,0.4828,probability,101.11,N/A,N/A,ok,
dfdc_test_002753,DFDC-DFDC_Real,0,Xception,visual,0.4522,probability,84.75,N/A,N/A,ok,
dfdc_test_002754,DFDC-DFDC_Real,0,Xception,visual,0.4481,probability,104.4,N/A,N/A,ok,
dfdc_test_002755,DFDC-DFDC_Real,0,Xception,visual,0.0982,probability,107.78,N/A,N/A,ok,
dfdc_test_002756,DFDC-DFDC_Real,0,Xception,visual,0.5378,probability,91.05,N/A,N/A,ok,
dfdc_test_002757,DFDC-DFDC_Real,0,Xception,visual,0.0874,probability,119.78,N/A,N/A,ok,
dfdc_test_002758,DFDC-DFDC_Real,0,Xception,visual,0.7132,probability,101.2,N/A,N/A,ok,
dfdc_test_002759,DFDC-DFDC_Real,0,Xception,visual,0.515,probability,105.47,N/A,N/A,ok,
dfdc_test_002760,DFDC-DFDC_Real,0,Xception,visual,0.2099,probability,114.2,N/A,N/A,ok,
dfdc_test_002761,DFDC-DFDC_Real,0,Xception,visual,0.6206,probability,106.84,N/A,N/A,ok,
dfdc_test_002762,DFDC-DFDC_Real,0,Xception,visual,0.251,probability,100.03,N/A,N/A,ok,
dfdc_test_002763,DFDC-DFDC_Real,0,Xception,visual,0.622,probability,89.23,N/A,N/A,ok,
dfdc_test_002764,DFDC-DFDC_Real,0,Xception,visual,0.7001,probability,86.28,N/A,N/A,ok,
dfdc_test_002765,DFDC-DFDC_Real,0,Xception,visual,0.1539,probability,103.54,N/A,N/A,ok,
dfdc_test_002766,DFDC-DFDC_Real,0,Xception,visual,0.1744,probability,117.38,N/A,N/A,ok,
dfdc_test_002767,DFDC-DFDC_Real,0,Xception,visual,0.1213,probability,100.73,N/A,N/A,ok,
dfdc_test_002768,DFDC-DFDC_Real,0,Xception,visual,0.2795,probability,102.47,N/A,N/A,ok,
dfdc_test_002769,DFDC-DFDC_Real,0,Xception,visual,0.0366,probability,106.14,N/A,N/A,ok,
dfdc_test_002770,DFDC-DFDC_Real,0,Xception,visual,0.8874,probability,103.85,N/A,N/A,ok,
dfdc_test_002771,DFDC-DFDC_Real,0,Xception,visual,0.063,probability,111.39,N/A,N/A,ok,
dfdc_test_002772,DFDC-DFDC_Real,0,Xception,visual,0.1433,probability,94.41,N/A,N/A,ok,
dfdc_test_002773,DFDC-DFDC_Real,0,Xception,visual,0.4695,probability,94.05,N/A,N/A,ok,
dfdc_test_002774,DFDC-DFDC_Real,0,Xception,visual,0.4602,probability,95.42,N/A,N/A,ok,
dfdc_test_002775,DFDC-DFDC_Real,0,Xception,visual,0.1333,probability,112.86,N/A,N/A,ok,
dfdc_test_002776,DFDC-DFDC_Real,0,Xception,visual,0.2247,probability,89.85,N/A,N/A,ok,
dfdc_test_002777,DFDC-DFDC_Real,0,Xception,visual,0.577,probability,89.78,N/A,N/A,ok,
dfdc_test_002778,DFDC-DFDC_Real,0,Xception,visual,0.0916,probability,109.03,N/A,N/A,ok,
dfdc_test_002779,DFDC-DFDC_Real,0,Xception,visual,0.2629,probability,94.28,N/A,N/A,ok,
dfdc_test_002780,DFDC-DFDC_Real,0,Xception,visual,0.7493,probability,115.68,N/A,N/A,ok,
dfdc_test_002781,DFDC-DFDC_Real,0,Xception,visual,0.6521,probability,101.15,N/A,N/A,ok,
dfdc_test_002782,DFDC-DFDC_Real,0,Xception,visual,0.1221,probability,96.24,N/A,N/A,ok,
dfdc_test_002783,DFDC-DFDC_Real,0,Xception,visual,0.5212,probability,89.89,N/A,N/A,ok,
dfdc_test_002784,DFDC-DFDC_Real,0,Xception,visual,0.1777,probability,106.24,N/A,N/A,ok,
dfdc_test_002785,DFDC-DFDC_Real,0,Xception,visual,0.1547,probability,97.59,N/A,N/A,ok,
dfdc_test_002786,DFDC-DFDC_Real,0,Xception,visual,0.5187,probability,91.83,N/A,N/A,ok,
dfdc_test_002787,DFDC-DFDC_Real,0,Xception,visual,0.462,probability,112.4,N/A,N/A,ok,
dfdc_test_002788,DFDC-DFDC_Real,0,Xception,visual,0.4035,probability,90.05,N/A,N/A,ok,
dfdc_test_002789,DFDC-DFDC_Real,0,Xception,visual,0.2395,probability,125.22,N/A,N/A,ok,
dfdc_test_002790,DFDC-DFDC_Real,0,Xception,visual,0.2241,probability,102.09,N/A,N/A,ok,
dfdc_test_002791,DFDC-DFDC_Real,0,Xception,visual,0.354,probability,93.37,N/A,N/A,ok,
dfdc_test_002792,DFDC-DFDC_Real,0,Xception,visual,0.6442,probability,79.45,N/A,N/A,ok,
dfdc_test_002793,DFDC-DFDC_Real,0,Xception,visual,0.1664,probability,83.52,N/A,N/A,ok,
dfdc_test_002794,DFDC-DFDC_Real,0,Xception,visual,0.4327,probability,88.64,N/A,N/A,ok,
dfdc_test_002795,DFDC-DFDC_Real,0,Xception,visual,0.4578,probability,89.03,N/A,N/A,ok,
dfdc_test_002796,DFDC-DFDC_Real,0,Xception,visual,0.5084,probability,83.12,N/A,N/A,ok,
dfdc_test_002797,DFDC-DFDC_Real,0,Xception,visual,0.4909,probability,92.89,N/A,N/A,ok,
dfdc_test_002798,DFDC-DFDC_Real,0,Xception,visual,0.2907,probability,124.71,N/A,N/A,ok,
dfdc_test_002799,DFDC-DFDC_Real,0,Xception,visual,0.4774,probability,96.01,N/A,N/A,ok,
dfdc_test_002800,DFDC-DFDC_Real,0,Xception,visual,0.5236,probability,98.26,N/A,N/A,ok,
dfdc_test_002801,DFDC-DFDC_Real,0,Xception,visual,0.2452,probability,97.25,N/A,N/A,ok,
dfdc_test_002802,DFDC-DFDC_Real,0,Xception,visual,0.6695,probability,99.41,N/A,N/A,ok,
dfdc_test_002803,DFDC-DFDC_Real,0,Xception,visual,0.5124,probability,86.38,N/A,N/A,ok,
dfdc_test_002804,DFDC-DFDC_Real,0,Xception,visual,0.5808,probability,78.65,N/A,N/A,ok,
dfdc_test_002805,DFDC-DFDC_Real,0,Xception,visual,0.4217,probability,90.13,N/A,N/A,ok,
dfdc_test_002806,DFDC-DFDC_Real,0,Xception,visual,0.6188,probability,91.94,N/A,N/A,ok,
dfdc_test_002807,DFDC-DFDC_Real,0,Xception,visual,0.3769,probability,103.58,N/A,N/A,ok,
dfdc_test_002808,DFDC-DFDC_Real,0,Xception,visual,0.4235,probability,110.56,N/A,N/A,ok,
dfdc_test_002809,DFDC-DFDC_Real,0,Xception,visual,0.1483,probability,87.07,N/A,N/A,ok,
dfdc_test_002810,DFDC-DFDC_Real,0,Xception,visual,0.223,probability,86.94,N/A,N/A,ok,
dfdc_test_002811,DFDC-DFDC_Real,0,Xception,visual,0.3887,probability,84.52,N/A,N/A,ok,
dfdc_test_002812,DFDC-DFDC_Real,0,Xception,visual,0.3735,probability,89.92,N/A,N/A,ok,
dfdc_test_002813,DFDC-DFDC_Real,0,Xception,visual,0.4748,probability,85.32,N/A,N/A,ok,
dfdc_test_002814,DFDC-DFDC_Real,0,Xception,visual,0.3028,probability,91.54,N/A,N/A,ok,
dfdc_test_002815,DFDC-DFDC_Real,0,Xception,visual,0.5426,probability,98.53,N/A,N/A,ok,
dfdc_test_002816,DFDC-DFDC_Real,0,Xception,visual,0.1801,probability,83.26,N/A,N/A,ok,
dfdc_test_002817,DFDC-DFDC_Real,0,Xception,visual,0.6042,probability,98.93,N/A,N/A,ok,
dfdc_test_002818,DFDC-DFDC_Real,0,Xception,visual,0.5107,probability,97.94,N/A,N/A,ok,
dfdc_test_002819,DFDC-DFDC_Real,0,Xception,visual,0.0782,probability,101.95,N/A,N/A,ok,
dfdc_test_002820,DFDC-DFDC_Real,0,Xception,visual,0.0605,probability,102.43,N/A,N/A,ok,
dfdc_test_002821,DFDC-DFDC_Real,0,Xception,visual,0.4979,probability,90.88,N/A,N/A,ok,
dfdc_test_002822,DFDC-DFDC_Real,0,Xception,visual,0.6604,probability,92.27,N/A,N/A,ok,
dfdc_test_002823,DFDC-DFDC_Real,0,Xception,visual,0.4376,probability,82.75,N/A,N/A,ok,
dfdc_test_002824,DFDC-DFDC_Real,0,Xception,visual,0.5891,probability,100.59,N/A,N/A,ok,
dfdc_test_002825,DFDC-DFDC_Real,0,Xception,visual,0.282,probability,91.03,N/A,N/A,ok,
dfdc_test_002826,DFDC-DFDC_Real,0,Xception,visual,0.4588,probability,108.6,N/A,N/A,ok,
dfdc_test_002827,DFDC-DFDC_Real,0,Xception,visual,0.7354,probability,120.81,N/A,N/A,ok,
dfdc_test_002828,DFDC-DFDC_Real,0,Xception,visual,0.8133,probability,119.09,N/A,N/A,ok,
dfdc_test_002829,DFDC-DFDC_Real,0,Xception,visual,0.5225,probability,114.52,N/A,N/A,ok,
dfdc_test_002830,DFDC-DFDC_Real,0,Xception,visual,0.2897,probability,105.43,N/A,N/A,ok,
dfdc_test_002831,DFDC-DFDC_Real,0,Xception,visual,0.2769,probability,103.75,N/A,N/A,ok,
dfdc_test_002832,DFDC-DFDC_Real,0,Xception,visual,0.3908,probability,92.7,N/A,N/A,ok,
dfdc_test_002833,DFDC-DFDC_Real,0,Xception,visual,0.7731,probability,134.61,N/A,N/A,ok,
dfdc_test_002834,DFDC-DFDC_Real,0,Xception,visual,0.4774,probability,125.45,N/A,N/A,ok,
dfdc_test_002835,DFDC-DFDC_Real,0,Xception,visual,0.7819,probability,103.95,N/A,N/A,ok,
dfdc_test_002836,DFDC-DFDC_Real,0,Xception,visual,0.4,probability,146.48,N/A,N/A,ok,
dfdc_test_002837,DFDC-DFDC_Real,0,Xception,visual,0.3553,probability,118.99,N/A,N/A,ok,
dfdc_test_002838,DFDC-DFDC_Real,0,Xception,visual,0.463,probability,119.17,N/A,N/A,ok,
dfdc_test_002839,DFDC-DFDC_Real,0,Xception,visual,0.3768,probability,111.96,N/A,N/A,ok,
dfdc_test_002840,DFDC-DFDC_Real,0,Xception,visual,0.6822,probability,110.24,N/A,N/A,ok,
dfdc_test_002841,DFDC-DFDC_Real,0,Xception,visual,0.1798,probability,110.94,N/A,N/A,ok,
dfdc_test_002842,DFDC-DFDC_Real,0,Xception,visual,0.3057,probability,117.04,N/A,N/A,ok,
dfdc_test_002843,DFDC-DFDC_Real,0,Xception,visual,0.1706,probability,108.27,N/A,N/A,ok,
dfdc_test_002844,DFDC-DFDC_Real,0,Xception,visual,0.4227,probability,117.97,N/A,N/A,ok,
dfdc_test_002845,DFDC-DFDC_Real,0,Xception,visual,0.6423,probability,104.92,N/A,N/A,ok,
dfdc_test_002846,DFDC-DFDC_Real,0,Xception,visual,0.2139,probability,94.47,N/A,N/A,ok,
dfdc_test_002847,DFDC-DFDC_Real,0,Xception,visual,0.4758,probability,100.19,N/A,N/A,ok,
dfdc_test_002848,DFDC-DFDC_Real,0,Xception,visual,0.2331,probability,132.1,N/A,N/A,ok,
dfdc_test_002849,DFDC-DFDC_Real,0,Xception,visual,0.306,probability,105.38,N/A,N/A,ok,
dfdc_test_002850,DFDC-DFDC_Real,0,Xception,visual,0.3329,probability,99.88,N/A,N/A,ok,
dfdc_test_002851,DFDC-DFDC_Real,0,Xception,visual,0.5701,probability,106.83,N/A,N/A,ok,
dfdc_test_002852,DFDC-DFDC_Real,0,Xception,visual,0.6053,probability,86.95,N/A,N/A,ok,
dfdc_test_002853,DFDC-DFDC_Real,0,Xception,visual,0.3414,probability,101.59,N/A,N/A,ok,
dfdc_test_002854,DFDC-DFDC_Real,0,Xception,visual,0.3581,probability,105.4,N/A,N/A,ok,
dfdc_test_002855,DFDC-DFDC_Real,0,Xception,visual,0.0641,probability,96.13,N/A,N/A,ok,
dfdc_test_002856,DFDC-DFDC_Real,0,Xception,visual,0.3721,probability,105.12,N/A,N/A,ok,
dfdc_test_002857,DFDC-DFDC_Real,0,Xception,visual,0.3182,probability,120.59,N/A,N/A,ok,
dfdc_test_002858,DFDC-DFDC_Real,0,Xception,visual,0.4522,probability,112.03,N/A,N/A,ok,
dfdc_test_002859,DFDC-DFDC_Real,0,Xception,visual,0.556,probability,114.73,N/A,N/A,ok,
dfdc_test_002860,DFDC-DFDC_Real,0,Xception,visual,0.2774,probability,110.15,N/A,N/A,ok,
dfdc_test_002861,DFDC-DFDC_Real,0,Xception,visual,0.3036,probability,108.79,N/A,N/A,ok,
dfdc_test_002862,DFDC-DFDC_Real,0,Xception,visual,0.5714,probability,88.29,N/A,N/A,ok,
dfdc_test_002863,DFDC-DFDC_Real,0,Xception,visual,0.5751,probability,86.63,N/A,N/A,ok,
dfdc_test_002864,DFDC-DFDC_Real,0,Xception,visual,0.6942,probability,91.74,N/A,N/A,ok,
dfdc_test_002865,DFDC-DFDC_Real,0,Xception,visual,0.1828,probability,103.31,N/A,N/A,ok,
dfdc_test_002866,DFDC-DFDC_Real,0,Xception,visual,0.0504,probability,91.33,N/A,N/A,ok,
dfdc_test_002867,DFDC-DFDC_Real,0,Xception,visual,0.496,probability,108.42,N/A,N/A,ok,
dfdc_test_002868,DFDC-DFDC_Real,0,Xception,visual,0.6749,probability,111.07,N/A,N/A,ok,
dfdc_test_002869,DFDC-DFDC_Real,0,Xception,visual,0.8237,probability,108.2,N/A,N/A,ok,
dfdc_test_002870,DFDC-DFDC_Real,0,Xception,visual,0.7535,probability,83.59,N/A,N/A,ok,
dfdc_test_002871,DFDC-DFDC_Real,0,Xception,visual,0.277,probability,97.91,N/A,N/A,ok,
dfdc_test_002872,DFDC-DFDC_Real,0,Xception,visual,0.2626,probability,86.13,N/A,N/A,ok,
dfdc_test_002873,DFDC-DFDC_Real,0,Xception,visual,0.4538,probability,91.48,N/A,N/A,ok,
dfdc_test_002874,DFDC-DFDC_Real,0,Xception,visual,0.1589,probability,81.34,N/A,N/A,ok,
dfdc_test_002875,DFDC-DFDC_Real,0,Xception,visual,0.646,probability,84.14,N/A,N/A,ok,
dfdc_test_002876,DFDC-DFDC_Real,0,Xception,visual,0.5358,probability,104.84,N/A,N/A,ok,
dfdc_test_002877,DFDC-DFDC_Real,0,Xception,visual,0.1526,probability,104.5,N/A,N/A,ok,
dfdc_test_002878,DFDC-DFDC_Real,0,Xception,visual,0.1988,probability,110.67,N/A,N/A,ok,
dfdc_test_002879,DFDC-DFDC_Real,0,Xception,visual,0.2103,probability,115.4,N/A,N/A,ok,
dfdc_test_002880,DFDC-DFDC_Real,0,Xception,visual,0.5038,probability,102.07,N/A,N/A,ok,
dfdc_test_002881,DFDC-DFDC_Real,0,Xception,visual,0.3747,probability,111.76,N/A,N/A,ok,
dfdc_test_002882,DFDC-DFDC_Real,0,Xception,visual,0.1022,probability,112.92,N/A,N/A,ok,
dfdc_test_002883,DFDC-DFDC_Real,0,Xception,visual,0.7605,probability,109.02,N/A,N/A,ok,
dfdc_test_002884,DFDC-DFDC_Real,0,Xception,visual,0.6003,probability,90.0,N/A,N/A,ok,
dfdc_test_002885,DFDC-DFDC_Real,0,Xception,visual,0.8051,probability,137.83,N/A,N/A,ok,
dfdc_test_002886,DFDC-DFDC_Real,0,Xception,visual,0.6507,probability,131.39,N/A,N/A,ok,
dfdc_test_002887,DFDC-DFDC_Real,0,Xception,visual,0.0471,probability,132.4,N/A,N/A,ok,
dfdc_test_002888,DFDC-DFDC_Real,0,Xception,visual,0.5098,probability,142.78,N/A,N/A,ok,
dfdc_test_002889,DFDC-DFDC_Real,0,Xception,visual,0.0782,probability,124.81,N/A,N/A,ok,
dfdc_test_002890,DFDC-DFDC_Real,0,Xception,visual,0.3718,probability,133.61,N/A,N/A,ok,
dfdc_test_002891,DFDC-DFDC_Real,0,Xception,visual,0.3053,probability,129.81,N/A,N/A,ok,
dfdc_test_002892,DFDC-DFDC_Real,0,Xception,visual,0.755,probability,110.28,N/A,N/A,ok,
dfdc_test_002893,DFDC-DFDC_Real,0,Xception,visual,0.3462,probability,106.9,N/A,N/A,ok,
dfdc_test_002894,DFDC-DFDC_Real,0,Xception,visual,0.2662,probability,89.37,N/A,N/A,ok,
dfdc_test_002895,DFDC-DFDC_Real,0,Xception,visual,0.4017,probability,121.79,N/A,N/A,ok,
dfdc_test_002896,DFDC-DFDC_Real,0,Xception,visual,0.3146,probability,128.15,N/A,N/A,ok,
dfdc_test_002897,DFDC-DFDC_Real,0,Xception,visual,0.4611,probability,114.46,N/A,N/A,ok,
dfdc_test_002898,DFDC-DFDC_Real,0,Xception,visual,0.1082,probability,103.26,N/A,N/A,ok,
dfdc_test_002899,DFDC-DFDC_Real,0,Xception,visual,0.5831,probability,113.24,N/A,N/A,ok,
dfdc_test_002900,DFDC-DFDC_Real,0,Xception,visual,0.5194,probability,101.31,N/A,N/A,ok,
dfdc_test_002901,DFDC-DFDC_Real,0,Xception,visual,0.4797,probability,101.63,N/A,N/A,ok,
dfdc_test_002902,DFDC-DFDC_Real,0,Xception,visual,0.5246,probability,106.07,N/A,N/A,ok,
dfdc_test_002903,DFDC-DFDC_Real,0,Xception,visual,0.1049,probability,102.02,N/A,N/A,ok,
dfdc_test_002904,DFDC-DFDC_Real,0,Xception,visual,0.2515,probability,94.46,N/A,N/A,ok,
dfdc_test_002905,DFDC-DFDC_Real,0,Xception,visual,0.3549,probability,148.84,N/A,N/A,ok,
dfdc_test_002906,DFDC-DFDC_Real,0,Xception,visual,0.2858,probability,117.29,N/A,N/A,ok,
dfdc_test_002907,DFDC-DFDC_Real,0,Xception,visual,0.8168,probability,109.08,N/A,N/A,ok,
dfdc_test_002908,DFDC-DFDC_Real,0,Xception,visual,0.6214,probability,111.3,N/A,N/A,ok,
dfdc_test_002909,DFDC-DFDC_Real,0,Xception,visual,0.0504,probability,103.47,N/A,N/A,ok,
dfdc_test_002910,DFDC-DFDC_Real,0,Xception,visual,0.1148,probability,109.21,N/A,N/A,ok,
dfdc_test_002911,DFDC-DFDC_Real,0,Xception,visual,0.4481,probability,126.7,N/A,N/A,ok,
dfdc_test_002912,DFDC-DFDC_Real,0,Xception,visual,0.4617,probability,103.68,N/A,N/A,ok,
dfdc_test_002913,DFDC-DFDC_Real,0,Xception,visual,0.486,probability,91.06,N/A,N/A,ok,
dfdc_test_002914,DFDC-DFDC_Real,0,Xception,visual,0.2242,probability,101.04,N/A,N/A,ok,
dfdc_test_002915,DFDC-DFDC_Real,0,Xception,visual,0.0074,probability,121.25,N/A,N/A,ok,
dfdc_test_002916,DFDC-DFDC_Real,0,Xception,visual,0.3142,probability,112.49,N/A,N/A,ok,
dfdc_test_002917,DFDC-DFDC_Real,0,Xception,visual,0.7477,probability,115.59,N/A,N/A,ok,
dfdc_test_002918,DFDC-DFDC_Real,0,Xception,visual,0.4865,probability,142.28,N/A,N/A,ok,
dfdc_test_002919,DFDC-DFDC_Real,0,Xception,visual,0.4364,probability,127.44,N/A,N/A,ok,
dfdc_test_002920,DFDC-DFDC_Real,0,Xception,visual,0.4167,probability,133.8,N/A,N/A,ok,
dfdc_test_002921,DFDC-DFDC_Real,0,Xception,visual,0.3257,probability,107.53,N/A,N/A,ok,
dfdc_test_002922,DFDC-DFDC_Real,0,Xception,visual,0.4079,probability,135.88,N/A,N/A,ok,
dfdc_test_002923,DFDC-DFDC_Real,0,Xception,visual,0.477,probability,119.33,N/A,N/A,ok,
dfdc_test_002924,DFDC-DFDC_Real,0,Xception,visual,0.5643,probability,133.72,N/A,N/A,ok,
dfdc_test_002925,DFDC-DFDC_Real,0,Xception,visual,0.3477,probability,109.91,N/A,N/A,ok,
dfdc_test_002926,DFDC-DFDC_Real,0,Xception,visual,0.2073,probability,111.5,N/A,N/A,ok,
dfdc_test_002927,DFDC-DFDC_Real,0,Xception,visual,0.3714,probability,88.56,N/A,N/A,ok,
dfdc_test_002928,DFDC-DFDC_Real,0,Xception,visual,0.4701,probability,96.99,N/A,N/A,ok,
dfdc_test_002929,DFDC-DFDC_Real,0,Xception,visual,0.4228,probability,112.61,N/A,N/A,ok,
dfdc_test_002930,DFDC-DFDC_Real,0,Xception,visual,0.4968,probability,126.08,N/A,N/A,ok,
dfdc_test_002931,DFDC-DFDC_Real,0,Xception,visual,0.3317,probability,95.03,N/A,N/A,ok,
dfdc_test_002932,DFDC-DFDC_Real,0,Xception,visual,0.1015,probability,97.2,N/A,N/A,ok,
dfdc_test_002933,DFDC-DFDC_Real,0,Xception,visual,0.1012,probability,98.0,N/A,N/A,ok,
dfdc_test_002934,DFDC-DFDC_Real,0,Xception,visual,0.2705,probability,119.32,N/A,N/A,ok,
dfdc_test_002935,DFDC-DFDC_Real,0,Xception,visual,0.3079,probability,91.84,N/A,N/A,ok,
dfdc_test_002936,DFDC-DFDC_Real,0,Xception,visual,0.3332,probability,88.04,N/A,N/A,ok,
dfdc_test_002937,DFDC-DFDC_Real,0,Xception,visual,0.77,probability,101.39,N/A,N/A,ok,
dfdc_test_002938,DFDC-DFDC_Real,0,Xception,visual,0.5974,probability,99.22,N/A,N/A,ok,
dfdc_test_002939,DFDC-DFDC_Real,0,Xception,visual,0.1301,probability,91.48,N/A,N/A,ok,
dfdc_test_002940,DFDC-DFDC_Real,0,Xception,visual,0.6026,probability,121.15,N/A,N/A,ok,
dfdc_test_002941,DFDC-DFDC_Real,0,Xception,visual,0.5279,probability,87.55,N/A,N/A,ok,
dfdc_test_002942,DFDC-DFDC_Real,0,Xception,visual,0.8995,probability,108.6,N/A,N/A,ok,
dfdc_test_002943,DFDC-DFDC_Real,0,Xception,visual,0.4539,probability,81.79,N/A,N/A,ok,
dfdc_test_002944,DFDC-DFDC_Real,0,Xception,visual,0.4805,probability,86.93,N/A,N/A,ok,
dfdc_test_002945,DFDC-DFDC_Real,0,Xception,visual,0.4035,probability,88.29,N/A,N/A,ok,
dfdc_test_002946,DFDC-DFDC_Real,0,Xception,visual,0.8967,probability,86.83,N/A,N/A,ok,
dfdc_test_002947,DFDC-DFDC_Real,0,Xception,visual,0.1164,probability,97.17,N/A,N/A,ok,
dfdc_test_002948,DFDC-DFDC_Real,0,Xception,visual,0.112,probability,90.38,N/A,N/A,ok,
dfdc_test_002949,DFDC-DFDC_Real,0,Xception,visual,0.2622,probability,90.27,N/A,N/A,ok,
dfdc_test_002950,DFDC-DFDC_Real,0,Xception,visual,0.7152,probability,103.15,N/A,N/A,ok,
dfdc_test_002951,DFDC-DFDC_Real,0,Xception,visual,0.312,probability,88.64,N/A,N/A,ok,
dfdc_test_002952,DFDC-DFDC_Real,0,Xception,visual,0.3266,probability,92.91,N/A,N/A,ok,
dfdc_test_002953,DFDC-DFDC_Real,0,Xception,visual,0.5432,probability,79.74,N/A,N/A,ok,
dfdc_test_002954,DFDC-DFDC_Real,0,Xception,visual,0.3621,probability,98.75,N/A,N/A,ok,
dfdc_test_002955,DFDC-DFDC_Real,0,Xception,visual,0.3504,probability,107.66,N/A,N/A,ok,
dfdc_test_002956,DFDC-DFDC_Real,0,Xception,visual,0.376,probability,90.66,N/A,N/A,ok,
dfdc_test_002957,DFDC-DFDC_Real,0,Xception,visual,0.5544,probability,92.57,N/A,N/A,ok,
dfdc_test_002958,DFDC-DFDC_Real,0,Xception,visual,0.1718,probability,117.28,N/A,N/A,ok,
dfdc_test_002959,DFDC-DFDC_Real,0,Xception,visual,0.2141,probability,90.2,N/A,N/A,ok,
dfdc_test_002960,DFDC-DFDC_Real,0,Xception,visual,0.4926,probability,108.68,N/A,N/A,ok,
dfdc_test_002961,DFDC-DFDC_Real,0,Xception,visual,0.4087,probability,96.86,N/A,N/A,ok,
dfdc_test_002962,DFDC-DFDC_Real,0,Xception,visual,0.5027,probability,111.39,N/A,N/A,ok,
dfdc_test_002963,DFDC-DFDC_Real,0,Xception,visual,0.5751,probability,85.01,N/A,N/A,ok,
dfdc_test_002964,DFDC-DFDC_Real,0,Xception,visual,0.3926,probability,100.94,N/A,N/A,ok,
dfdc_test_002965,DFDC-DFDC_Real,0,Xception,visual,0.2175,probability,96.76,N/A,N/A,ok,
dfdc_test_002966,DFDC-DFDC_Real,0,Xception,visual,0.271,probability,84.72,N/A,N/A,ok,
dfdc_test_002967,DFDC-DFDC_Real,0,Xception,visual,0.0623,probability,105.12,N/A,N/A,ok,
dfdc_test_002968,DFDC-DFDC_Real,0,Xception,visual,0.1934,probability,98.71,N/A,N/A,ok,
dfdc_test_002969,DFDC-DFDC_Real,0,Xception,visual,0.4786,probability,104.33,N/A,N/A,ok,
dfdc_test_002970,DFDC-DFDC_Real,0,Xception,visual,0.4771,probability,100.8,N/A,N/A,ok,
dfdc_test_002971,DFDC-DFDC_Real,0,Xception,visual,0.2569,probability,85.16,N/A,N/A,ok,
dfdc_test_002972,DFDC-DFDC_Real,0,Xception,visual,0.4701,probability,102.85,N/A,N/A,ok,
dfdc_test_002973,DFDC-DFDC_Real,0,Xception,visual,0.0683,probability,89.47,N/A,N/A,ok,
dfdc_test_002974,DFDC-DFDC_Real,0,Xception,visual,0.6205,probability,83.5,N/A,N/A,ok,
dfdc_test_002975,DFDC-DFDC_Real,0,Xception,visual,0.0666,probability,95.96,N/A,N/A,ok,
dfdc_test_002976,DFDC-DFDC_Real,0,Xception,visual,0.6984,probability,114.99,N/A,N/A,ok,
dfdc_test_002977,DFDC-DFDC_Real,0,Xception,visual,0.2633,probability,89.16,N/A,N/A,ok,
dfdc_test_002978,DFDC-DFDC_Real,0,Xception,visual,0.4402,probability,104.38,N/A,N/A,ok,
dfdc_test_002979,DFDC-DFDC_Real,0,Xception,visual,0.5142,probability,86.87,N/A,N/A,ok,
dfdc_test_002980,DFDC-DFDC_Real,0,Xception,visual,0.2462,probability,97.18,N/A,N/A,ok,
dfdc_test_002981,DFDC-DFDC_Real,0,Xception,visual,0.6577,probability,93.82,N/A,N/A,ok,
dfdc_test_002982,DFDC-DFDC_Real,0,Xception,visual,0.3636,probability,91.53,N/A,N/A,ok,
dfdc_test_002983,DFDC-DFDC_Real,0,Xception,visual,0.0625,probability,95.81,N/A,N/A,ok,
dfdc_test_002984,DFDC-DFDC_Real,0,Xception,visual,0.4772,probability,107.45,N/A,N/A,ok,
dfdc_test_002985,DFDC-DFDC_Real,0,Xception,visual,0.2417,probability,87.39,N/A,N/A,ok,
dfdc_test_002986,DFDC-DFDC_Real,0,Xception,visual,0.5307,probability,112.19,N/A,N/A,ok,
dfdc_test_002987,DFDC-DFDC_Real,0,Xception,visual,0.6049,probability,101.66,N/A,N/A,ok,
dfdc_test_002988,DFDC-DFDC_Real,0,Xception,visual,0.7559,probability,120.61,N/A,N/A,ok,
dfdc_test_002989,DFDC-DFDC_Real,0,Xception,visual,0.4907,probability,99.87,N/A,N/A,ok,
dfdc_test_002990,DFDC-DFDC_Real,0,Xception,visual,0.0758,probability,89.98,N/A,N/A,ok,
dfdc_test_002991,DFDC-DFDC_Real,0,Xception,visual,0.4899,probability,89.43,N/A,N/A,ok,
dfdc_test_002992,DFDC-DFDC_Real,0,Xception,visual,0.6707,probability,110.46,N/A,N/A,ok,
dfdc_test_002993,DFDC-DFDC_Real,0,Xception,visual,0.3826,probability,114.86,N/A,N/A,ok,
dfdc_test_002994,DFDC-DFDC_Real,0,Xception,visual,0.2543,probability,125.25,N/A,N/A,ok,
dfdc_test_002995,DFDC-DFDC_Real,0,Xception,visual,0.3162,probability,99.96,N/A,N/A,ok,
dfdc_test_002996,DFDC-DFDC_Real,0,Xception,visual,0.4727,probability,131.31,N/A,N/A,ok,
dfdc_test_002997,DFDC-DFDC_Real,0,Xception,visual,0.2416,probability,119.83,N/A,N/A,ok,
dfdc_test_002998,DFDC-DFDC_Real,0,Xception,visual,0.7506,probability,96.8,N/A,N/A,ok,
dfdc_test_002999,DFDC-DFDC_Real,0,Xception,visual,0.5123,probability,108.94,N/A,N/A,ok,
dfdc_test_003000,DFDC-DFDC_Real,0,Xception,visual,0.6151,probability,130.02,N/A,N/A,ok,
dfdc_test_003001,DFDC-DFDC_Real,0,Xception,visual,0.1087,probability,133.11,N/A,N/A,ok,
dfdc_test_003002,DFDC-DFDC_Real,0,Xception,visual,0.6266,probability,113.32,N/A,N/A,ok,
dfdc_test_003003,DFDC-DFDC_Real,0,Xception,visual,0.4495,probability,112.07,N/A,N/A,ok,
dfdc_test_003004,DFDC-DFDC_Real,0,Xception,visual,0.6272,probability,130.51,N/A,N/A,ok,
dfdc_test_003005,DFDC-DFDC_Real,0,Xception,visual,0.2412,probability,114.84,N/A,N/A,ok,
dfdc_test_003006,DFDC-DFDC_Real,0,Xception,visual,0.3534,probability,101.52,N/A,N/A,ok,
dfdc_test_003007,DFDC-DFDC_Real,0,Xception,visual,0.1002,probability,109.85,N/A,N/A,ok,
dfdc_test_003008,DFDC-DFDC_Real,0,Xception,visual,0.1674,probability,144.12,N/A,N/A,ok,
dfdc_test_003009,DFDC-DFDC_Real,0,Xception,visual,0.3689,probability,98.73,N/A,N/A,ok,
dfdc_test_003010,DFDC-DFDC_Real,0,Xception,visual,0.2087,probability,119.3,N/A,N/A,ok,
dfdc_test_003011,DFDC-DFDC_Real,0,Xception,visual,0.4266,probability,118.78,N/A,N/A,ok,
dfdc_test_003012,DFDC-DFDC_Real,0,Xception,visual,0.5642,probability,110.89,N/A,N/A,ok,
dfdc_test_003013,DFDC-DFDC_Real,0,Xception,visual,0.626,probability,95.7,N/A,N/A,ok,
dfdc_test_003014,DFDC-DFDC_Real,0,Xception,visual,0.2618,probability,113.08,N/A,N/A,ok,
dfdc_test_003015,DFDC-DFDC_Real,0,Xception,visual,0.3913,probability,107.36,N/A,N/A,ok,
dfdc_test_003016,DFDC-DFDC_Real,0,Xception,visual,0.4161,probability,106.98,N/A,N/A,ok,
dfdc_test_003017,DFDC-DFDC_Real,0,Xception,visual,0.2959,probability,124.09,N/A,N/A,ok,
dfdc_test_003018,DFDC-DFDC_Real,0,Xception,visual,0.2687,probability,124.26,N/A,N/A,ok,
dfdc_test_003019,DFDC-DFDC_Real,0,Xception,visual,0.3562,probability,105.81,N/A,N/A,ok,
dfdc_test_003020,DFDC-DFDC_Real,0,Xception,visual,0.4833,probability,130.93,N/A,N/A,ok,
dfdc_test_003021,DFDC-DFDC_Real,0,Xception,visual,0.2408,probability,101.45,N/A,N/A,ok,
dfdc_test_003022,DFDC-DFDC_Real,0,Xception,visual,0.1367,probability,108.15,N/A,N/A,ok,
dfdc_test_003023,DFDC-DFDC_Real,0,Xception,visual,0.4967,probability,107.01,N/A,N/A,ok,
dfdc_test_003024,DFDC-DFDC_Real,0,Xception,visual,0.5205,probability,114.37,N/A,N/A,ok,
dfdc_test_003025,DFDC-DFDC_Real,0,Xception,visual,0.2729,probability,115.41,N/A,N/A,ok,
dfdc_test_003026,DFDC-DFDC_Real,0,Xception,visual,0.2997,probability,118.2,N/A,N/A,ok,
dfdc_test_003027,DFDC-DFDC_Real,0,Xception,visual,0.1113,probability,108.39,N/A,N/A,ok,
dfdc_test_003028,DFDC-DFDC_Real,0,Xception,visual,0.202,probability,116.28,N/A,N/A,ok,
dfdc_test_003029,DFDC-DFDC_Real,0,Xception,visual,0.1094,probability,120.14,N/A,N/A,ok,
dfdc_test_003030,DFDC-DFDC_Real,0,Xception,visual,0.5253,probability,91.56,N/A,N/A,ok,
dfdc_test_003031,DFDC-DFDC_Real,0,Xception,visual,0.9674,probability,102.37,N/A,N/A,ok,
dfdc_test_003032,DFDC-DFDC_Real,0,Xception,visual,0.2658,probability,98.27,N/A,N/A,ok,
dfdc_test_003033,DFDC-DFDC_Real,0,Xception,visual,0.5299,probability,101.13,N/A,N/A,ok,
dfdc_test_003034,DFDC-DFDC_Real,0,Xception,visual,0.5641,probability,101.59,N/A,N/A,ok,
dfdc_test_003035,DFDC-DFDC_Real,0,Xception,visual,0.5777,probability,109.26,N/A,N/A,ok,
dfdc_test_003036,DFDC-DFDC_Real,0,Xception,visual,0.3133,probability,107.52,N/A,N/A,ok,
dfdc_test_003037,DFDC-DFDC_Real,0,Xception,visual,0.1171,probability,94.6,N/A,N/A,ok,
dfdc_test_003038,DFDC-DFDC_Real,0,Xception,visual,0.4298,probability,90.12,N/A,N/A,ok,
dfdc_test_003039,DFDC-DFDC_Real,0,Xception,visual,0.2731,probability,111.48,N/A,N/A,ok,
dfdc_test_003040,DFDC-DFDC_Real,0,Xception,visual,0.3808,probability,104.86,N/A,N/A,ok,
dfdc_test_003041,DFDC-DFDC_Real,0,Xception,visual,0.2301,probability,119.66,N/A,N/A,ok,
dfdc_test_003042,DFDC-DFDC_Real,0,Xception,visual,0.3931,probability,100.13,N/A,N/A,ok,
dfdc_test_003043,DFDC-DFDC_Real,0,Xception,visual,0.4859,probability,95.49,N/A,N/A,ok,
dfdc_test_003044,DFDC-DFDC_Real,0,Xception,visual,0.4602,probability,107.83,N/A,N/A,ok,
dfdc_test_003045,DFDC-DFDC_Real,0,Xception,visual,0.265,probability,94.13,N/A,N/A,ok,
dfdc_test_003046,DFDC-DFDC_Real,0,Xception,visual,0.0543,probability,111.58,N/A,N/A,ok,
dfdc_test_003047,DFDC-DFDC_Real,0,Xception,visual,0.1597,probability,98.96,N/A,N/A,ok,
dfdc_test_003048,DFDC-DFDC_Real,0,Xception,visual,0.0586,probability,120.65,N/A,N/A,ok,
dfdc_test_003049,DFDC-DFDC_Real,0,Xception,visual,0.7826,probability,92.18,N/A,N/A,ok,
dfdc_test_003050,DFDC-DFDC_Real,0,Xception,visual,0.7897,probability,111.46,N/A,N/A,ok,
dfdc_test_003051,DFDC-DFDC_Real,0,Xception,visual,0.4448,probability,109.07,N/A,N/A,ok,
dfdc_test_003052,DFDC-DFDC_Real,0,Xception,visual,0.6235,probability,107.34,N/A,N/A,ok,
dfdc_test_003053,DFDC-DFDC_Real,0,Xception,visual,0.439,probability,96.29,N/A,N/A,ok,
dfdc_test_003054,DFDC-DFDC_Real,0,Xception,visual,0.4149,probability,90.56,N/A,N/A,ok,
dfdc_test_003055,DFDC-DFDC_Real,0,Xception,visual,0.343,probability,98.4,N/A,N/A,ok,
dfdc_test_003056,DFDC-DFDC_Real,0,Xception,visual,0.6024,probability,120.78,N/A,N/A,ok,
dfdc_test_003057,DFDC-DFDC_Real,0,Xception,visual,0.353,probability,109.76,N/A,N/A,ok,
dfdc_test_003058,DFDC-DFDC_Real,0,Xception,visual,0.1347,probability,91.75,N/A,N/A,ok,
dfdc_test_003059,DFDC-DFDC_Real,0,Xception,visual,0.6234,probability,96.63,N/A,N/A,ok,
dfdc_test_003060,DFDC-DFDC_Real,0,Xception,visual,0.3721,probability,95.81,N/A,N/A,ok,
dfdc_test_003061,DFDC-DFDC_Real,0,Xception,visual,0.6578,probability,87.72,N/A,N/A,ok,
dfdc_test_003062,DFDC-DFDC_Real,0,Xception,visual,0.2895,probability,96.24,N/A,N/A,ok,
dfdc_test_003063,DFDC-DFDC_Real,0,Xception,visual,0.1321,probability,90.73,N/A,N/A,ok,
dfdc_test_003064,DFDC-DFDC_Real,0,Xception,visual,0.2176,probability,106.95,N/A,N/A,ok,
dfdc_test_003065,DFDC-DFDC_Real,0,Xception,visual,0.1503,probability,107.82,N/A,N/A,ok,
dfdc_test_003066,DFDC-DFDC_Real,0,Xception,visual,0.151,probability,87.33,N/A,N/A,ok,
dfdc_test_003067,DFDC-DFDC_Real,0,Xception,visual,0.4874,probability,93.14,N/A,N/A,ok,
dfdc_test_003068,DFDC-DFDC_Real,0,Xception,visual,0.9643,probability,114.21,N/A,N/A,ok,
dfdc_test_003069,DFDC-DFDC_Real,0,Xception,visual,0.0774,probability,106.99,N/A,N/A,ok,
dfdc_test_003070,DFDC-DFDC_Real,0,Xception,visual,0.4398,probability,101.2,N/A,N/A,ok,
dfdc_test_003071,DFDC-DFDC_Real,0,Xception,visual,0.383,probability,87.39,N/A,N/A,ok,
dfdc_test_003072,DFDC-DFDC_Real,0,Xception,visual,0.5884,probability,106.83,N/A,N/A,ok,
dfdc_test_003073,DFDC-DFDC_Real,0,Xception,visual,0.1817,probability,101.8,N/A,N/A,ok,
dfdc_test_003074,DFDC-DFDC_Real,0,Xception,visual,0.7468,probability,116.15,N/A,N/A,ok,
dfdc_test_003075,DFDC-DFDC_Real,0,Xception,visual,0.3996,probability,88.43,N/A,N/A,ok,
dfdc_test_003076,DFDC-DFDC_Real,0,Xception,visual,0.5896,probability,106.59,N/A,N/A,ok,
dfdc_test_003077,DFDC-DFDC_Real,0,Xception,visual,0.159,probability,117.21,N/A,N/A,ok,
dfdc_test_003078,DFDC-DFDC_Real,0,Xception,visual,0.7364,probability,120.7,N/A,N/A,ok,
dfdc_test_003079,DFDC-DFDC_Real,0,Xception,visual,0.4698,probability,92.92,N/A,N/A,ok,
dfdc_test_003080,DFDC-DFDC_Real,0,Xception,visual,0.5781,probability,116.69,N/A,N/A,ok,
dfdc_test_003081,DFDC-DFDC_Real,0,Xception,visual,0.4632,probability,126.61,N/A,N/A,ok,
dfdc_test_003082,DFDC-DFDC_Real,0,Xception,visual,0.4905,probability,135.94,N/A,N/A,ok,
dfdc_test_003083,DFDC-DFDC_Real,0,Xception,visual,0.4849,probability,117.77,N/A,N/A,ok,
dfdc_test_003084,DFDC-DFDC_Real,0,Xception,visual,0.6312,probability,114.84,N/A,N/A,ok,
dfdc_test_003085,DFDC-DFDC_Real,0,Xception,visual,0.4103,probability,137.61,N/A,N/A,ok,
dfdc_test_003086,DFDC-DFDC_Real,0,Xception,visual,0.5091,probability,149.28,N/A,N/A,ok,
dfdc_test_003087,DFDC-DFDC_Real,0,Xception,visual,0.2512,probability,145.96,N/A,N/A,ok,
dfdc_test_003088,DFDC-DFDC_Real,0,Xception,visual,0.1126,probability,131.6,N/A,N/A,ok,
dfdc_test_003089,DFDC-DFDC_Real,0,Xception,visual,0.0743,probability,140.12,N/A,N/A,ok,
dfdc_test_003090,DFDC-DFDC_Real,0,Xception,visual,0.4937,probability,142.56,N/A,N/A,ok,
dfdc_test_003091,DFDC-DFDC_Real,0,Xception,visual,0.4432,probability,118.46,N/A,N/A,ok,
dfdc_test_003092,DFDC-DFDC_Real,0,Xception,visual,0.4185,probability,173.81,N/A,N/A,ok,
dfdc_test_003093,DFDC-DFDC_Real,0,Xception,visual,0.6227,probability,216.69,N/A,N/A,ok,
dfdc_test_003094,DFDC-DFDC_Real,0,Xception,visual,0.0438,probability,187.04,N/A,N/A,ok,
dfdc_test_003095,DFDC-DFDC_Real,0,Xception,visual,0.3561,probability,156.11,N/A,N/A,ok,
dfdc_test_003096,DFDC-DFDC_Real,0,Xception,visual,0.1329,probability,156.89,N/A,N/A,ok,
dfdc_test_003097,DFDC-DFDC_Real,0,Xception,visual,0.0868,probability,118.25,N/A,N/A,ok,
dfdc_test_003098,DFDC-DFDC_Real,0,Xception,visual,0.3523,probability,105.77,N/A,N/A,ok,
dfdc_test_003099,DFDC-DFDC_Real,0,Xception,visual,0.2792,probability,108.91,N/A,N/A,ok,
dfdc_test_003100,DFDC-DFDC_Real,0,Xception,visual,0.2863,probability,102.43,N/A,N/A,ok,
dfdc_test_003101,DFDC-DFDC_Real,0,Xception,visual,0.3786,probability,107.08,N/A,N/A,ok,
dfdc_test_003102,DFDC-DFDC_Real,0,Xception,visual,0.2152,probability,117.19,N/A,N/A,ok,
dfdc_test_003103,DFDC-DFDC_Real,0,Xception,visual,0.3922,probability,105.15,N/A,N/A,ok,
dfdc_test_003104,DFDC-DFDC_Real,0,Xception,visual,0.269,probability,118.23,N/A,N/A,ok,
dfdc_test_003105,DFDC-DFDC_Real,0,Xception,visual,0.0594,probability,111.26,N/A,N/A,ok,
dfdc_test_003106,DFDC-DFDC_Real,0,Xception,visual,0.7222,probability,94.65,N/A,N/A,ok,
dfdc_test_003107,DFDC-DFDC_Real,0,Xception,visual,0.1251,probability,113.56,N/A,N/A,ok,
dfdc_test_003108,DFDC-DFDC_Real,0,Xception,visual,0.5672,probability,112.61,N/A,N/A,ok,
dfdc_test_003109,DFDC-DFDC_Real,0,Xception,visual,0.5012,probability,105.36,N/A,N/A,ok,
dfdc_test_003110,DFDC-DFDC_Real,0,Xception,visual,0.44,probability,100.19,N/A,N/A,ok,
dfdc_test_003111,DFDC-DFDC_Real,0,Xception,visual,0.1104,probability,84.44,N/A,N/A,ok,
dfdc_test_003112,DFDC-DFDC_Real,0,Xception,visual,0.2961,probability,106.28,N/A,N/A,ok,
dfdc_test_003113,DFDC-DFDC_Real,0,Xception,visual,0.1542,probability,102.33,N/A,N/A,ok,
dfdc_test_003114,DFDC-DFDC_Real,0,Xception,visual,0.7523,probability,85.88,N/A,N/A,ok,
dfdc_test_003115,DFDC-DFDC_Real,0,Xception,visual,0.4733,probability,95.14,N/A,N/A,ok,
dfdc_test_003116,DFDC-DFDC_Real,0,Xception,visual,0.4781,probability,91.95,N/A,N/A,ok,
dfdc_test_003117,DFDC-DFDC_Real,0,Xception,visual,0.2842,probability,132.08,N/A,N/A,ok,
dfdc_test_003118,DFDC-DFDC_Real,0,Xception,visual,0.0918,probability,107.67,N/A,N/A,ok,
dfdc_test_003119,DFDC-DFDC_Real,0,Xception,visual,0.7631,probability,99.88,N/A,N/A,ok,
dfdc_test_003120,DFDC-DFDC_Real,0,Xception,visual,0.1976,probability,116.53,N/A,N/A,ok,
dfdc_test_003121,DFDC-DFDC_Real,0,Xception,visual,0.6256,probability,99.86,N/A,N/A,ok,
dfdc_test_003122,DFDC-DFDC_Real,0,Xception,visual,0.258,probability,88.02,N/A,N/A,ok,
dfdc_test_003123,DFDC-DFDC_Real,0,Xception,visual,0.4531,probability,117.08,N/A,N/A,ok,
dfdc_test_003124,DFDC-DFDC_Real,0,Xception,visual,0.3699,probability,116.49,N/A,N/A,ok,
dfdc_test_003125,DFDC-DFDC_Real,0,Xception,visual,0.4859,probability,114.1,N/A,N/A,ok,
dfdc_test_003126,DFDC-DFDC_Real,0,Xception,visual,0.264,probability,92.73,N/A,N/A,ok,
dfdc_test_003127,DFDC-DFDC_Real,0,Xception,visual,0.1334,probability,92.43,N/A,N/A,ok,
dfdc_test_003128,DFDC-DFDC_Real,0,Xception,visual,0.5345,probability,124.68,N/A,N/A,ok,
dfdc_test_003129,DFDC-DFDC_Real,0,Xception,visual,0.117,probability,130.82,N/A,N/A,ok,
dfdc_test_003130,DFDC-DFDC_Real,0,Xception,visual,0.4281,probability,101.84,N/A,N/A,ok,
dfdc_test_003131,DFDC-DFDC_Real,0,Xception,visual,0.0882,probability,120.52,N/A,N/A,ok,
dfdc_test_003132,DFDC-DFDC_Real,0,Xception,visual,0.4728,probability,95.7,N/A,N/A,ok,
dfdc_test_003133,DFDC-DFDC_Real,0,Xception,visual,0.4434,probability,99.5,N/A,N/A,ok,
dfdc_test_003134,DFDC-DFDC_Real,0,Xception,visual,0.3112,probability,107.92,N/A,N/A,ok,
dfdc_test_003135,DFDC-DFDC_Real,0,Xception,visual,0.4809,probability,132.98,N/A,N/A,ok,
dfdc_test_003136,DFDC-DFDC_Real,0,Xception,visual,0.3479,probability,149.18,N/A,N/A,ok,
dfdc_test_003137,DFDC-DFDC_Real,0,Xception,visual,0.49,probability,143.21,N/A,N/A,ok,
dfdc_test_003138,DFDC-DFDC_Real,0,Xception,visual,0.5766,probability,155.32,N/A,N/A,ok,
dfdc_test_003139,DFDC-DFDC_Real,0,Xception,visual,0.537,probability,120.21,N/A,N/A,ok,
dfdc_test_003140,DFDC-DFDC_Real,0,Xception,visual,0.5887,probability,152.84,N/A,N/A,ok,
dfdc_test_003141,DFDC-DFDC_Real,0,Xception,visual,0.2773,probability,111.05,N/A,N/A,ok,
dfdc_test_003142,DFDC-DFDC_Real,0,Xception,visual,0.4489,probability,103.68,N/A,N/A,ok,
dfdc_test_003143,DFDC-DFDC_Real,0,Xception,visual,0.3192,probability,136.93,N/A,N/A,ok,
dfdc_test_003144,DFDC-DFDC_Real,0,Xception,visual,0.5091,probability,126.32,N/A,N/A,ok,
dfdc_test_003145,DFDC-DFDC_Real,0,Xception,visual,0.3259,probability,125.07,N/A,N/A,ok,
dfdc_test_003146,DFDC-DFDC_Real,0,Xception,visual,0.6305,probability,99.12,N/A,N/A,ok,
dfdc_test_003147,DFDC-DFDC_Real,0,Xception,visual,0.3522,probability,135.66,N/A,N/A,ok,
dfdc_test_003148,DFDC-DFDC_Real,0,Xception,visual,0.3339,probability,92.28,N/A,N/A,ok,
dfdc_test_003149,DFDC-DFDC_Real,0,Xception,visual,0.5018,probability,93.66,N/A,N/A,ok,
dfdc_test_003150,DFDC-DFDC_Real,0,Xception,visual,0.4815,probability,100.27,N/A,N/A,ok,
dfdc_test_003151,DFDC-DFDC_Real,0,Xception,visual,0.2929,probability,85.94,N/A,N/A,ok,
dfdc_test_003152,DFDC-DFDC_Real,0,Xception,visual,0.5339,probability,95.11,N/A,N/A,ok,
dfdc_test_003153,DFDC-DFDC_Real,0,Xception,visual,0.56,probability,99.94,N/A,N/A,ok,
dfdc_test_003154,DFDC-DFDC_Real,0,Xception,visual,0.1194,probability,135.79,N/A,N/A,ok,
dfdc_test_003155,DFDC-DFDC_Real,0,Xception,visual,0.4341,probability,99.83,N/A,N/A,ok,
dfdc_test_003156,DFDC-DFDC_Real,0,Xception,visual,0.5512,probability,96.33,N/A,N/A,ok,
dfdc_test_003157,DFDC-DFDC_Real,0,Xception,visual,0.3278,probability,110.85,N/A,N/A,ok,
dfdc_test_003158,DFDC-DFDC_Real,0,Xception,visual,0.5593,probability,105.45,N/A,N/A,ok,
dfdc_test_003159,DFDC-DFDC_Real,0,Xception,visual,0.6326,probability,116.55,N/A,N/A,ok,
dfdc_test_003160,DFDC-DFDC_Real,0,Xception,visual,0.4961,probability,94.65,N/A,N/A,ok,
dfdc_test_003161,DFDC-DFDC_Real,0,Xception,visual,0.5521,probability,86.86,N/A,N/A,ok,
dfdc_test_003162,DFDC-DFDC_Real,0,Xception,visual,0.4594,probability,98.01,N/A,N/A,ok,
dfdc_test_003163,DFDC-DFDC_Real,0,Xception,visual,0.4646,probability,89.57,N/A,N/A,ok,
dfdc_test_003164,DFDC-DFDC_Real,0,Xception,visual,0.5994,probability,85.58,N/A,N/A,ok,
dfdc_test_003165,DFDC-DFDC_Real,0,Xception,visual,0.6864,probability,93.79,N/A,N/A,ok,
dfdc_test_003166,DFDC-DFDC_Real,0,Xception,visual,0.0643,probability,105.22,N/A,N/A,ok,
dfdc_test_003167,DFDC-DFDC_Real,0,Xception,visual,0.6692,probability,90.26,N/A,N/A,ok,
dfdc_test_003168,DFDC-DFDC_Real,0,Xception,visual,0.1013,probability,90.65,N/A,N/A,ok,
dfdc_test_003169,DFDC-DFDC_Real,0,Xception,visual,0.1748,probability,96.98,N/A,N/A,ok,
dfdc_test_003170,DFDC-DFDC_Real,0,Xception,visual,0.6431,probability,90.56,N/A,N/A,ok,
dfdc_test_003171,DFDC-DFDC_Real,0,Xception,visual,0.2502,probability,88.04,N/A,N/A,ok,
dfdc_test_003172,DFDC-DFDC_Real,0,Xception,visual,0.4342,probability,88.63,N/A,N/A,ok,
dfdc_test_003173,DFDC-DFDC_Real,0,Xception,visual,0.0956,probability,90.22,N/A,N/A,ok,
dfdc_test_003174,DFDC-DFDC_Real,0,Xception,visual,0.4569,probability,127.69,N/A,N/A,ok,
dfdc_test_003175,DFDC-DFDC_Real,0,Xception,visual,0.3633,probability,100.09,N/A,N/A,ok,
dfdc_test_003176,DFDC-DFDC_Real,0,Xception,visual,0.4591,probability,108.09,N/A,N/A,ok,
dfdc_test_003177,DFDC-DFDC_Real,0,Xception,visual,0.2377,probability,97.23,N/A,N/A,ok,
dfdc_test_003178,DFDC-DFDC_Real,0,Xception,visual,0.0614,probability,117.11,N/A,N/A,ok,
dfdc_test_003179,DFDC-DFDC_Real,0,Xception,visual,0.7924,probability,98.68,N/A,N/A,ok,
dfdc_test_003180,DFDC-DFDC_Real,0,Xception,visual,0.4323,probability,92.94,N/A,N/A,ok,
dfdc_test_003181,DFDC-DFDC_Real,0,Xception,visual,0.3193,probability,89.93,N/A,N/A,ok,
dfdc_test_003182,DFDC-DFDC_Real,0,Xception,visual,0.6191,probability,88.72,N/A,N/A,ok,
dfdc_test_003183,DFDC-DFDC_Real,0,Xception,visual,0.1279,probability,93.11,N/A,N/A,ok,
dfdc_test_003184,DFDC-DFDC_Real,0,Xception,visual,0.1837,probability,101.79,N/A,N/A,ok,
dfdc_test_003185,DFDC-DFDC_Real,0,Xception,visual,0.4871,probability,89.55,N/A,N/A,ok,
dfdc_test_003186,DFDC-DFDC_Real,0,Xception,visual,0.682,probability,88.87,N/A,N/A,ok,
dfdc_test_003187,DFDC-DFDC_Real,0,Xception,visual,0.3888,probability,85.4,N/A,N/A,ok,
dfdc_test_003188,DFDC-DFDC_Real,0,Xception,visual,0.2956,probability,90.97,N/A,N/A,ok,
dfdc_test_003189,DFDC-DFDC_Real,0,Xception,visual,0.344,probability,93.29,N/A,N/A,ok,
dfdc_test_003190,DFDC-DFDC_Real,0,Xception,visual,0.2928,probability,90.93,N/A,N/A,ok,
dfdc_test_003191,DFDC-DFDC_Real,0,Xception,visual,0.3818,probability,82.01,N/A,N/A,ok,
dfdc_test_003192,DFDC-DFDC_Real,0,Xception,visual,0.1453,probability,90.14,N/A,N/A,ok,
dfdc_test_003193,DFDC-DFDC_Real,0,Xception,visual,0.6149,probability,79.9,N/A,N/A,ok,
dfdc_test_003194,DFDC-DFDC_Real,0,Xception,visual,0.3624,probability,80.01,N/A,N/A,ok,
dfdc_test_003195,DFDC-DFDC_Real,0,Xception,visual,0.7086,probability,83.7,N/A,N/A,ok,
dfdc_test_003196,DFDC-DFDC_Real,0,Xception,visual,0.8279,probability,91.01,N/A,N/A,ok,
dfdc_test_003197,DFDC-DFDC_Real,0,Xception,visual,0.2809,probability,99.3,N/A,N/A,ok,
dfdc_test_003198,DFDC-DFDC_Real,0,Xception,visual,0.1832,probability,84.34,N/A,N/A,ok,
dfdc_test_003199,DFDC-DFDC_Real,0,Xception,visual,0.6808,probability,104.12,N/A,N/A,ok,
dfdc_test_003200,DFDC-DFDC_Real,0,Xception,visual,0.193,probability,97.95,N/A,N/A,ok,
dfdc_test_003201,DFDC-DFDC_Real,0,Xception,visual,0.283,probability,105.05,N/A,N/A,ok,
dfdc_test_003202,DFDC-DFDC_Real,0,Xception,visual,0.1954,probability,97.28,N/A,N/A,ok,
dfdc_test_003203,DFDC-DFDC_Real,0,Xception,visual,0.0779,probability,89.14,N/A,N/A,ok,
dfdc_test_003204,DFDC-DFDC_Real,0,Xception,visual,0.2432,probability,86.27,N/A,N/A,ok,
dfdc_test_003205,DFDC-DFDC_Real,0,Xception,visual,0.2187,probability,86.87,N/A,N/A,ok,
dfdc_test_003206,DFDC-DFDC_Real,0,Xception,visual,0.5021,probability,93.53,N/A,N/A,ok,
dfdc_test_003207,DFDC-DFDC_Real,0,Xception,visual,0.5357,probability,84.14,N/A,N/A,ok,
dfdc_test_003208,DFDC-DFDC_Real,0,Xception,visual,0.4123,probability,86.92,N/A,N/A,ok,
dfdc_test_003209,DFDC-DFDC_Real,0,Xception,visual,0.1491,probability,83.07,N/A,N/A,ok,
dfdc_test_003210,DFDC-DFDC_Real,0,Xception,visual,0.1676,probability,82.74,N/A,N/A,ok,
dfdc_test_003211,DFDC-DFDC_Real,0,Xception,visual,0.4187,probability,78.04,N/A,N/A,ok,
dfdc_test_003212,DFDC-DFDC_Real,0,Xception,visual,0.2521,probability,82.29,N/A,N/A,ok,
dfdc_test_003213,DFDC-DFDC_Real,0,Xception,visual,0.348,probability,102.13,N/A,N/A,ok,
dfdc_test_003214,DFDC-DFDC_Real,0,Xception,visual,0.1072,probability,100.08,N/A,N/A,ok,
dfdc_test_003215,DFDC-DFDC_Real,0,Xception,visual,0.4551,probability,93.72,N/A,N/A,ok,
dfdc_test_003216,DFDC-DFDC_Real,0,Xception,visual,0.4945,probability,94.6,N/A,N/A,ok,
dfdc_test_003217,DFDC-DFDC_Real,0,Xception,visual,0.2271,probability,97.53,N/A,N/A,ok,
dfdc_test_003218,DFDC-DFDC_Real,0,Xception,visual,0.3205,probability,83.95,N/A,N/A,ok,
dfdc_test_003219,DFDC-DFDC_Real,0,Xception,visual,0.3298,probability,81.01,N/A,N/A,ok,
dfdc_test_003220,DFDC-DFDC_Real,0,Xception,visual,0.1375,probability,89.75,N/A,N/A,ok,
dfdc_test_003221,DFDC-DFDC_Real,0,Xception,visual,0.3975,probability,76.44,N/A,N/A,ok,
dfdc_test_003222,DFDC-DFDC_Real,0,Xception,visual,0.7262,probability,76.71,N/A,N/A,ok,
dfdc_test_003223,DFDC-DFDC_Real,0,Xception,visual,0.4606,probability,80.97,N/A,N/A,ok,
dfdc_test_003224,DFDC-DFDC_Real,0,Xception,visual,0.0195,probability,78.07,N/A,N/A,ok,
dfdc_test_003225,DFDC-DFDC_Real,0,Xception,visual,0.3865,probability,85.77,N/A,N/A,ok,
dfdc_test_003226,DFDC-DFDC_Real,0,Xception,visual,0.6057,probability,98.43,N/A,N/A,ok,
dfdc_test_003227,DFDC-DFDC_Real,0,Xception,visual,0.6871,probability,113.73,N/A,N/A,ok,
dfdc_test_003228,DFDC-DFDC_Real,0,Xception,visual,0.5811,probability,95.5,N/A,N/A,ok,
dfdc_test_003229,DFDC-DFDC_Real,0,Xception,visual,0.7918,probability,113.39,N/A,N/A,ok,
dfdc_test_003230,DFDC-DFDC_Real,0,Xception,visual,0.5605,probability,92.7,N/A,N/A,ok,
dfdc_test_003231,DFDC-DFDC_Real,0,Xception,visual,0.4445,probability,88.39,N/A,N/A,ok,
dfdc_test_003232,DFDC-DFDC_Real,0,Xception,visual,0.5572,probability,96.61,N/A,N/A,ok,
dfdc_test_003233,DFDC-DFDC_Real,0,Xception,visual,0.4898,probability,85.36,N/A,N/A,ok,
dfdc_test_003234,DFDC-DFDC_Real,0,Xception,visual,0.3707,probability,100.7,N/A,N/A,ok,
dfdc_test_003235,DFDC-DFDC_Real,0,Xception,visual,0.3231,probability,103.72,N/A,N/A,ok,
dfdc_test_003236,DFDC-DFDC_Real,0,Xception,visual,0.5573,probability,103.15,N/A,N/A,ok,
dfdc_test_003237,DFDC-DFDC_Real,0,Xception,visual,0.752,probability,102.57,N/A,N/A,ok,
dfdc_test_003238,DFDC-DFDC_Real,0,Xception,visual,0.1416,probability,102.23,N/A,N/A,ok,
dfdc_test_003239,DFDC-DFDC_Real,0,Xception,visual,0.3068,probability,121.02,N/A,N/A,ok,
dfdc_test_003240,DFDC-DFDC_Real,0,Xception,visual,0.7246,probability,128.56,N/A,N/A,ok,
dfdc_test_003241,DFDC-DFDC_Real,0,Xception,visual,0.0599,probability,102.34,N/A,N/A,ok,
dfdc_test_003242,DFDC-DFDC_Real,0,Xception,visual,0.3355,probability,94.07,N/A,N/A,ok,
dfdc_test_003243,DFDC-DFDC_Real,0,Xception,visual,0.5387,probability,93.11,N/A,N/A,ok,
dfdc_test_003244,DFDC-DFDC_Real,0,Xception,visual,0.2252,probability,94.85,N/A,N/A,ok,
dfdc_test_003245,DFDC-DFDC_Real,0,Xception,visual,0.2559,probability,116.72,N/A,N/A,ok,
dfdc_test_003246,DFDC-DFDC_Real,0,Xception,visual,0.9146,probability,95.71,N/A,N/A,ok,
dfdc_test_003247,DFDC-DFDC_Real,0,Xception,visual,0.4488,probability,113.59,N/A,N/A,ok,
dfdc_test_003248,DFDC-DFDC_Real,0,Xception,visual,0.2682,probability,119.44,N/A,N/A,ok,
dfdc_test_003249,DFDC-DFDC_Real,0,Xception,visual,0.1642,probability,99.16,N/A,N/A,ok,
dfdc_test_003250,DFDC-DFDC_Real,0,Xception,visual,0.7873,probability,102.33,N/A,N/A,ok,
dfdc_test_003251,DFDC-DFDC_Real,0,Xception,visual,0.3474,probability,99.68,N/A,N/A,ok,
dfdc_test_003252,DFDC-DFDC_Real,0,Xception,visual,0.0837,probability,108.75,N/A,N/A,ok,
dfdc_test_003253,DFDC-DFDC_Real,0,Xception,visual,0.3206,probability,100.86,N/A,N/A,ok,
dfdc_test_003254,DFDC-DFDC_Real,0,Xception,visual,0.5942,probability,102.84,N/A,N/A,ok,
dfdc_test_003255,DFDC-DFDC_Real,0,Xception,visual,0.0935,probability,124.11,N/A,N/A,ok,
dfdc_test_003256,DFDC-DFDC_Real,0,Xception,visual,0.4969,probability,138.73,N/A,N/A,ok,
dfdc_test_003257,DFDC-DFDC_Real,0,Xception,visual,0.1848,probability,106.89,N/A,N/A,ok,
dfdc_test_003258,DFDC-DFDC_Real,0,Xception,visual,0.3787,probability,104.23,N/A,N/A,ok,
dfdc_test_003259,DFDC-DFDC_Real,0,Xception,visual,0.0602,probability,107.73,N/A,N/A,ok,
dfdc_test_003260,DFDC-DFDC_Real,0,Xception,visual,0.5519,probability,107.22,N/A,N/A,ok,
dfdc_test_003261,DFDC-DFDC_Real,0,Xception,visual,0.2607,probability,105.71,N/A,N/A,ok,
dfdc_test_003262,DFDC-DFDC_Real,0,Xception,visual,0.1094,probability,112.13,N/A,N/A,ok,
dfdc_test_003263,DFDC-DFDC_Real,0,Xception,visual,0.5226,probability,104.78,N/A,N/A,ok,
dfdc_test_003264,DFDC-DFDC_Real,0,Xception,visual,0.4057,probability,103.27,N/A,N/A,ok,
dfdc_test_003265,DFDC-DFDC_Real,0,Xception,visual,0.0199,probability,105.47,N/A,N/A,ok,
dfdc_test_003266,DFDC-DFDC_Real,0,Xception,visual,0.5473,probability,102.44,N/A,N/A,ok,
dfdc_test_003267,DFDC-DFDC_Real,0,Xception,visual,0.5243,probability,106.55,N/A,N/A,ok,
dfdc_test_003268,DFDC-DFDC_Real,0,Xception,visual,0.4976,probability,99.49,N/A,N/A,ok,
dfdc_test_003269,DFDC-DFDC_Real,0,Xception,visual,0.175,probability,105.33,N/A,N/A,ok,
dfdc_test_003270,DFDC-DFDC_Real,0,Xception,visual,0.1651,probability,126.92,N/A,N/A,ok,
dfdc_test_003271,DFDC-DFDC_Real,0,Xception,visual,0.0195,probability,98.61,N/A,N/A,ok,
dfdc_test_003272,DFDC-DFDC_Real,0,Xception,visual,0.562,probability,93.65,N/A,N/A,ok,
dfdc_test_003273,DFDC-DFDC_Real,0,Xception,visual,0.4469,probability,103.45,N/A,N/A,ok,
dfdc_test_003274,DFDC-DFDC_Real,0,Xception,visual,0.7143,probability,109.79,N/A,N/A,ok,
dfdc_test_003275,DFDC-DFDC_Real,0,Xception,visual,0.4913,probability,102.27,N/A,N/A,ok,
dfdc_test_003276,DFDC-DFDC_Real,0,Xception,visual,0.289,probability,103.43,N/A,N/A,ok,
dfdc_test_003277,DFDC-DFDC_Real,0,Xception,visual,0.5456,probability,101.32,N/A,N/A,ok,
dfdc_test_003278,DFDC-DFDC_Real,0,Xception,visual,0.6202,probability,100.52,N/A,N/A,ok,
dfdc_test_003279,DFDC-DFDC_Real,0,Xception,visual,0.4754,probability,99.28,N/A,N/A,ok,
dfdc_test_003280,DFDC-DFDC_Real,0,Xception,visual,0.0532,probability,101.16,N/A,N/A,ok,
dfdc_test_003281,DFDC-DFDC_Real,0,Xception,visual,0.2298,probability,92.95,N/A,N/A,ok,
dfdc_test_003282,DFDC-DFDC_Real,0,Xception,visual,0.4674,probability,111.64,N/A,N/A,ok,
dfdc_test_003283,DFDC-DFDC_Real,0,Xception,visual,0.3802,probability,96.2,N/A,N/A,ok,
dfdc_test_003284,DFDC-DFDC_Real,0,Xception,visual,0.3201,probability,103.72,N/A,N/A,ok,
dfdc_test_003285,DFDC-DFDC_Real,0,Xception,visual,0.3584,probability,98.65,N/A,N/A,ok,
dfdc_test_003286,DFDC-DFDC_Real,0,Xception,visual,0.5197,probability,102.0,N/A,N/A,ok,
dfdc_test_003287,DFDC-DFDC_Real,0,Xception,visual,0.2507,probability,106.66,N/A,N/A,ok,
dfdc_test_003288,DFDC-DFDC_Real,0,Xception,visual,0.5422,probability,100.33,N/A,N/A,ok,
dfdc_test_003289,DFDC-DFDC_Real,0,Xception,visual,0.112,probability,102.22,N/A,N/A,ok,
dfdc_test_003290,DFDC-DFDC_Real,0,Xception,visual,0.072,probability,110.63,N/A,N/A,ok,
dfdc_test_003291,DFDC-DFDC_Real,0,Xception,visual,0.4636,probability,105.4,N/A,N/A,ok,
dfdc_test_003292,DFDC-DFDC_Real,0,Xception,visual,0.0961,probability,101.14,N/A,N/A,ok,
dfdc_test_003293,DFDC-DFDC_Real,0,Xception,visual,0.1966,probability,109.09,N/A,N/A,ok,
dfdc_test_003294,DFDC-DFDC_Real,0,Xception,visual,0.2393,probability,95.11,N/A,N/A,ok,
dfdc_test_003295,DFDC-DFDC_Real,0,Xception,visual,0.4825,probability,99.33,N/A,N/A,ok,
dfdc_test_003296,DFDC-DFDC_Real,0,Xception,visual,0.4826,probability,106.07,N/A,N/A,ok,
dfdc_test_003297,DFDC-DFDC_Real,0,Xception,visual,0.5227,probability,113.45,N/A,N/A,ok,
dfdc_test_003298,DFDC-DFDC_Real,0,Xception,visual,0.4707,probability,103.53,N/A,N/A,ok,
dfdc_test_003299,DFDC-DFDC_Real,0,Xception,visual,0.0674,probability,100.9,N/A,N/A,ok,
dfdc_test_003300,DFDC-DFDC_Real,0,Xception,visual,0.4124,probability,103.36,N/A,N/A,ok,
dfdc_test_003301,DFDC-DFDC_Real,0,Xception,visual,0.1929,probability,97.18,N/A,N/A,ok,
dfdc_test_003302,DFDC-DFDC_Real,0,Xception,visual,0.4828,probability,96.31,N/A,N/A,ok,
dfdc_test_003303,DFDC-DFDC_Real,0,Xception,visual,0.5226,probability,99.29,N/A,N/A,ok,
dfdc_test_003304,DFDC-DFDC_Real,0,Xception,visual,0.3795,probability,99.87,N/A,N/A,ok,
dfdc_test_003305,DFDC-DFDC_Real,0,Xception,visual,0.4571,probability,95.6,N/A,N/A,ok,
dfdc_test_003306,DFDC-DFDC_Real,0,Xception,visual,0.3857,probability,97.62,N/A,N/A,ok,
dfdc_test_003307,DFDC-DFDC_Real,0,Xception,visual,0.8026,probability,113.25,N/A,N/A,ok,
dfdc_test_003308,DFDC-DFDC_Real,0,Xception,visual,0.1822,probability,98.5,N/A,N/A,ok,
dfdc_test_003309,DFDC-DFDC_Real,0,Xception,visual,0.2513,probability,103.97,N/A,N/A,ok,
dfdc_test_003310,DFDC-DFDC_Real,0,Xception,visual,0.2798,probability,100.66,N/A,N/A,ok,
dfdc_test_003311,DFDC-DFDC_Real,0,Xception,visual,0.1989,probability,95.91,N/A,N/A,ok,
dfdc_test_003312,DFDC-DFDC_Real,0,Xception,visual,0.0406,probability,107.49,N/A,N/A,ok,
dfdc_test_003313,DFDC-DFDC_Real,0,Xception,visual,0.7262,probability,97.67,N/A,N/A,ok,
dfdc_test_003314,DFDC-DFDC_Real,0,Xception,visual,0.737,probability,94.38,N/A,N/A,ok,
dfdc_test_003315,DFDC-DFDC_Real,0,Xception,visual,0.2911,probability,99.0,N/A,N/A,ok,
dfdc_test_003316,DFDC-DFDC_Real,0,Xception,visual,0.4494,probability,97.96,N/A,N/A,ok,
dfdc_test_003317,DFDC-DFDC_Real,0,Xception,visual,0.4099,probability,92.12,N/A,N/A,ok,
dfdc_test_003318,DFDC-DFDC_Real,0,Xception,visual,0.2136,probability,101.87,N/A,N/A,ok,
dfdc_test_003319,DFDC-DFDC_Real,0,Xception,visual,0.5491,probability,96.22,N/A,N/A,ok,
dfdc_test_003320,DFDC-DFDC_Real,0,Xception,visual,0.6452,probability,94.92,N/A,N/A,ok,
dfdc_test_003321,DFDC-DFDC_Real,0,Xception,visual,0.4665,probability,92.95,N/A,N/A,ok,
dfdc_test_003322,DFDC-DFDC_Real,0,Xception,visual,0.2365,probability,91.27,N/A,N/A,ok,
dfdc_test_003323,DFDC-DFDC_Real,0,Xception,visual,0.0558,probability,100.05,N/A,N/A,ok,
dfdc_test_003324,DFDC-DFDC_Real,0,Xception,visual,0.0196,probability,96.42,N/A,N/A,ok,
dfdc_test_003325,DFDC-DFDC_Real,0,Xception,visual,0.4163,probability,91.54,N/A,N/A,ok,
dfdc_test_003326,DFDC-DFDC_Real,0,Xception,visual,0.4049,probability,106.04,N/A,N/A,ok,
dfdc_test_003327,DFDC-DFDC_Real,0,Xception,visual,0.3186,probability,105.59,N/A,N/A,ok,
dfdc_test_003328,DFDC-DFDC_Real,0,Xception,visual,0.5846,probability,111.3,N/A,N/A,ok,
dfdc_test_003329,DFDC-DFDC_Real,0,Xception,visual,0.3122,probability,88.89,N/A,N/A,ok,
dfdc_test_003330,DFDC-DFDC_Real,0,Xception,visual,0.4903,probability,95.26,N/A,N/A,ok,
dfdc_test_003331,DFDC-DFDC_Real,0,Xception,visual,0.4362,probability,93.14,N/A,N/A,ok,
dfdc_test_003332,DFDC-DFDC_Real,0,Xception,visual,0.4102,probability,88.28,N/A,N/A,ok,
dfdc_test_003333,DFDC-DFDC_Real,0,Xception,visual,0.4931,probability,93.99,N/A,N/A,ok,
dfdc_test_003334,DFDC-DFDC_Real,0,Xception,visual,0.186,probability,94.91,N/A,N/A,ok,
dfdc_test_003335,DFDC-DFDC_Real,0,Xception,visual,0.7859,probability,108.14,N/A,N/A,ok,
dfdc_test_003336,DFDC-DFDC_Real,0,Xception,visual,0.3967,probability,92.69,N/A,N/A,ok,
dfdc_test_003337,DFDC-DFDC_Real,0,Xception,visual,0.5758,probability,100.18,N/A,N/A,ok,
dfdc_test_003338,DFDC-DFDC_Real,0,Xception,visual,0.1726,probability,112.39,N/A,N/A,ok,
dfdc_test_003339,DFDC-DFDC_Real,0,Xception,visual,0.3323,probability,114.41,N/A,N/A,ok,
dfdc_test_003340,DFDC-DFDC_Real,0,Xception,visual,0.1955,probability,107.0,N/A,N/A,ok,
dfdc_test_003341,DFDC-DFDC_Real,0,Xception,visual,0.8134,probability,107.22,N/A,N/A,ok,
dfdc_test_003342,DFDC-DFDC_Real,0,Xception,visual,0.7828,probability,100.17,N/A,N/A,ok,
dfdc_test_003343,DFDC-DFDC_Real,0,Xception,visual,0.5197,probability,93.49,N/A,N/A,ok,
dfdc_test_003344,DFDC-DFDC_Real,0,Xception,visual,0.4154,probability,94.44,N/A,N/A,ok,
dfdc_test_003345,DFDC-DFDC_Real,0,Xception,visual,0.2504,probability,97.94,N/A,N/A,ok,
dfdc_test_003346,DFDC-DFDC_Real,0,Xception,visual,0.6371,probability,107.36,N/A,N/A,ok,
dfdc_test_003347,DFDC-DFDC_Real,0,Xception,visual,0.2562,probability,104.72,N/A,N/A,ok,
dfdc_test_003348,DFDC-DFDC_Real,0,Xception,visual,0.283,probability,99.84,N/A,N/A,ok,
dfdc_test_003349,DFDC-DFDC_Real,0,Xception,visual,0.4497,probability,103.32,N/A,N/A,ok,
dfdc_test_003350,DFDC-DFDC_Real,0,Xception,visual,0.352,probability,95.18,N/A,N/A,ok,
dfdc_test_003351,DFDC-DFDC_Real,0,Xception,visual,0.6434,probability,93.39,N/A,N/A,ok,
dfdc_test_003352,DFDC-DFDC_Real,0,Xception,visual,0.172,probability,106.98,N/A,N/A,ok,
dfdc_test_003353,DFDC-DFDC_Real,0,Xception,visual,0.3202,probability,101.02,N/A,N/A,ok,
dfdc_test_003354,DFDC-DFDC_Real,0,Xception,visual,0.6906,probability,99.3,N/A,N/A,ok,
dfdc_test_003355,DFDC-DFDC_Real,0,Xception,visual,0.5065,probability,106.12,N/A,N/A,ok,
dfdc_test_003356,DFDC-DFDC_Real,0,Xception,visual,0.2548,probability,97.53,N/A,N/A,ok,
dfdc_test_003357,DFDC-DFDC_Real,0,Xception,visual,0.5702,probability,115.53,N/A,N/A,ok,
dfdc_test_003358,DFDC-DFDC_Real,0,Xception,visual,0.3881,probability,98.5,N/A,N/A,ok,
dfdc_test_003359,DFDC-DFDC_Real,0,Xception,visual,0.0933,probability,100.76,N/A,N/A,ok,
dfdc_test_003360,DFDC-DFDC_Real,0,Xception,visual,0.2972,probability,111.97,N/A,N/A,ok,
dfdc_test_003361,DFDC-DFDC_Real,0,Xception,visual,0.4285,probability,104.19,N/A,N/A,ok,
dfdc_test_003362,DFDC-DFDC_Real,0,Xception,visual,0.3407,probability,93.19,N/A,N/A,ok,
dfdc_test_003363,DFDC-DFDC_Real,0,Xception,visual,0.6335,probability,91.78,N/A,N/A,ok,
dfdc_test_003364,DFDC-DFDC_Real,0,Xception,visual,0.3763,probability,101.0,N/A,N/A,ok,
dfdc_test_003365,DFDC-DFDC_Real,0,Xception,visual,0.6365,probability,97.03,N/A,N/A,ok,
dfdc_test_003366,DFDC-DFDC_Real,0,Xception,visual,0.2841,probability,90.5,N/A,N/A,ok,
dfdc_test_003367,DFDC-DFDC_Real,0,Xception,visual,0.4964,probability,101.86,N/A,N/A,ok,
dfdc_test_003368,DFDC-DFDC_Real,0,Xception,visual,0.2359,probability,90.05,N/A,N/A,ok,
dfdc_test_003369,DFDC-DFDC_Real,0,Xception,visual,0.4576,probability,101.99,N/A,N/A,ok,
dfdc_test_003370,DFDC-DFDC_Real,0,Xception,visual,0.4976,probability,97.54,N/A,N/A,ok,
dfdc_test_003371,DFDC-DFDC_Real,0,Xception,visual,0.3945,probability,97.42,N/A,N/A,ok,
dfdc_test_003372,DFDC-DFDC_Real,0,Xception,visual,0.5748,probability,97.03,N/A,N/A,ok,
dfdc_test_003373,DFDC-DFDC_Real,0,Xception,visual,0.7049,probability,99.38,N/A,N/A,ok,
dfdc_test_003374,DFDC-DFDC_Real,0,Xception,visual,0.6362,probability,94.48,N/A,N/A,ok,
dfdc_test_003375,DFDC-DFDC_Real,0,Xception,visual,0.5359,probability,103.29,N/A,N/A,ok,
dfdc_test_003376,DFDC-DFDC_Real,0,Xception,visual,0.2581,probability,104.75,N/A,N/A,ok,
dfdc_test_003377,DFDC-DFDC_Real,0,Xception,visual,0.6029,probability,95.45,N/A,N/A,ok,
dfdc_test_003378,DFDC-DFDC_Real,0,Xception,visual,0.1205,probability,94.78,N/A,N/A,ok,
dfdc_test_003379,DFDC-DFDC_Real,0,Xception,visual,0.6305,probability,93.82,N/A,N/A,ok,
dfdc_test_003380,DFDC-DFDC_Real,0,Xception,visual,0.5548,probability,96.96,N/A,N/A,ok,
dfdc_test_003381,DFDC-DFDC_Real,0,Xception,visual,0.5575,probability,105.69,N/A,N/A,ok,
dfdc_test_003382,DFDC-DFDC_Real,0,Xception,visual,0.4736,probability,107.25,N/A,N/A,ok,
dfdc_test_003383,DFDC-DFDC_Real,0,Xception,visual,0.6616,probability,89.4,N/A,N/A,ok,
dfdc_test_003384,DFDC-DFDC_Real,0,Xception,visual,0.5881,probability,85.31,N/A,N/A,ok,
dfdc_test_003385,DFDC-DFDC_Real,0,Xception,visual,0.2101,probability,86.59,N/A,N/A,ok,
dfdc_test_003386,DFDC-DFDC_Real,0,Xception,visual,0.5622,probability,97.17,N/A,N/A,ok,
dfdc_test_003387,DFDC-DFDC_Real,0,Xception,visual,0.6338,probability,85.08,N/A,N/A,ok,
dfdc_test_003388,DFDC-DFDC_Real,0,Xception,visual,0.2918,probability,88.99,N/A,N/A,ok,
dfdc_test_003389,DFDC-DFDC_Real,0,Xception,visual,0.3183,probability,113.41,N/A,N/A,ok,
dfdc_test_003390,DFDC-DFDC_Real,0,Xception,visual,0.2651,probability,113.12,N/A,N/A,ok,
dfdc_test_003391,DFDC-DFDC_Real,0,Xception,visual,0.0772,probability,82.11,N/A,N/A,ok,
dfdc_test_003392,DFDC-DFDC_Real,0,Xception,visual,0.3248,probability,89.35,N/A,N/A,ok,
dfdc_test_003393,DFDC-DFDC_Real,0,Xception,visual,0.649,probability,81.21,N/A,N/A,ok,
dfdc_test_003394,DFDC-DFDC_Real,0,Xception,visual,0.5113,probability,87.31,N/A,N/A,ok,
dfdc_test_003395,DFDC-DFDC_Real,0,Xception,visual,0.2017,probability,102.32,N/A,N/A,ok,
dfdc_test_003396,DFDC-DFDC_Real,0,Xception,visual,0.3945,probability,104.84,N/A,N/A,ok,
dfdc_test_003397,DFDC-DFDC_Real,0,Xception,visual,0.5635,probability,105.52,N/A,N/A,ok,
dfdc_test_003398,DFDC-DFDC_Real,0,Xception,visual,0.4433,probability,87.3,N/A,N/A,ok,
dfdc_test_003399,DFDC-DFDC_Real,0,Xception,visual,0.4869,probability,92.2,N/A,N/A,ok,
dfdc_test_003400,DFDC-DFDC_Real,0,Xception,visual,0.4921,probability,102.44,N/A,N/A,ok,
dfdc_test_003401,DFDC-DFDC_Real,0,Xception,visual,0.5578,probability,92.02,N/A,N/A,ok,
dfdc_test_003402,DFDC-DFDC_Real,0,Xception,visual,0.433,probability,106.04,N/A,N/A,ok,
dfdc_test_003403,DFDC-DFDC_Real,0,Xception,visual,0.0445,probability,139.45,N/A,N/A,ok,
dfdc_test_003404,DFDC-DFDC_Real,0,Xception,visual,0.2636,probability,100.74,N/A,N/A,ok,
dfdc_test_003405,DFDC-DFDC_Real,0,Xception,visual,0.4413,probability,116.68,N/A,N/A,ok,
dfdc_test_003406,DFDC-DFDC_Real,0,Xception,visual,0.602,probability,104.6,N/A,N/A,ok,
dfdc_test_003407,DFDC-DFDC_Real,0,Xception,visual,0.3985,probability,110.94,N/A,N/A,ok,
dfdc_test_003408,DFDC-DFDC_Real,0,Xception,visual,0.3716,probability,104.02,N/A,N/A,ok,
dfdc_test_003409,DFDC-DFDC_Real,0,Xception,visual,0.2012,probability,100.82,N/A,N/A,ok,
dfdc_test_003410,DFDC-DFDC_Real,0,Xception,visual,0.2818,probability,99.78,N/A,N/A,ok,
dfdc_test_003411,DFDC-DFDC_Real,0,Xception,visual,0.3015,probability,98.97,N/A,N/A,ok,
dfdc_test_003412,DFDC-DFDC_Real,0,Xception,visual,0.1398,probability,105.73,N/A,N/A,ok,
dfdc_test_003413,DFDC-DFDC_Real,0,Xception,visual,0.4516,probability,111.57,N/A,N/A,ok,
dfdc_test_003414,DFDC-DFDC_Real,0,Xception,visual,0.2381,probability,121.01,N/A,N/A,ok,
dfdc_test_003415,DFDC-DFDC_Real,0,Xception,visual,0.1046,probability,119.13,N/A,N/A,ok,
dfdc_test_003416,DFDC-DFDC_Real,0,Xception,visual,0.6911,probability,108.46,N/A,N/A,ok,
dfdc_test_003417,DFDC-DFDC_Real,0,Xception,visual,0.7092,probability,106.03,N/A,N/A,ok,
dfdc_test_003418,DFDC-DFDC_Real,0,Xception,visual,0.5308,probability,103.72,N/A,N/A,ok,
dfdc_test_003419,DFDC-DFDC_Real,0,Xception,visual,0.5062,probability,116.2,N/A,N/A,ok,
dfdc_test_003420,DFDC-DFDC_Real,0,Xception,visual,0.314,probability,106.79,N/A,N/A,ok,
dfdc_test_003421,DFDC-DFDC_Real,0,Xception,visual,0.2104,probability,106.79,N/A,N/A,ok,
dfdc_test_003422,DFDC-DFDC_Real,0,Xception,visual,0.5168,probability,102.79,N/A,N/A,ok,
dfdc_test_003423,DFDC-DFDC_Real,0,Xception,visual,0.7026,probability,99.04,N/A,N/A,ok,
dfdc_test_003424,DFDC-DFDC_Real,0,Xception,visual,0.6052,probability,102.03,N/A,N/A,ok,
dfdc_test_003425,DFDC-DFDC_Real,0,Xception,visual,0.4537,probability,103.22,N/A,N/A,ok,
dfdc_test_003426,DFDC-DFDC_Real,0,Xception,visual,0.1399,probability,101.6,N/A,N/A,ok,
dfdc_test_003427,DFDC-DFDC_Real,0,Xception,visual,0.1074,probability,105.86,N/A,N/A,ok,
dfdc_test_003428,DFDC-DFDC_Real,0,Xception,visual,0.1664,probability,99.41,N/A,N/A,ok,
dfdc_test_003429,DFDC-DFDC_Real,0,Xception,visual,0.18,probability,95.66,N/A,N/A,ok,
dfdc_test_003430,DFDC-DFDC_Real,0,Xception,visual,0.366,probability,102.67,N/A,N/A,ok,
dfdc_test_003431,DFDC-DFDC_Real,0,Xception,visual,0.4902,probability,94.86,N/A,N/A,ok,
dfdc_test_003432,DFDC-DFDC_Real,0,Xception,visual,0.2879,probability,97.43,N/A,N/A,ok,
dfdc_test_003433,DFDC-DFDC_Real,0,Xception,visual,0.5082,probability,88.22,N/A,N/A,ok,
dfdc_test_003434,DFDC-DFDC_Real,0,Xception,visual,0.6212,probability,87.04,N/A,N/A,ok,
dfdc_test_003435,DFDC-DFDC_Real,0,Xception,visual,0.3418,probability,88.0,N/A,N/A,ok,
dfdc_test_003436,DFDC-DFDC_Real,0,Xception,visual,0.49,probability,86.77,N/A,N/A,ok,
dfdc_test_003437,DFDC-DFDC_Real,0,Xception,visual,0.4425,probability,87.82,N/A,N/A,ok,
dfdc_test_003438,DFDC-DFDC_Real,0,Xception,visual,0.1734,probability,97.35,N/A,N/A,ok,
dfdc_test_003439,DFDC-DFDC_Real,0,Xception,visual,0.4283,probability,82.56,N/A,N/A,ok,
dfdc_test_003440,DFDC-DFDC_Real,0,Xception,visual,0.3693,probability,82.9,N/A,N/A,ok,
dfdc_test_003441,DFDC-DFDC_Real,0,Xception,visual,0.2998,probability,79.7,N/A,N/A,ok,
dfdc_test_003442,DFDC-DFDC_Real,0,Xception,visual,0.0956,probability,93.62,N/A,N/A,ok,
dfdc_test_003443,DFDC-DFDC_Real,0,Xception,visual,0.4544,probability,87.53,N/A,N/A,ok,
dfdc_test_003444,DFDC-DFDC_Real,0,Xception,visual,0.5207,probability,79.17,N/A,N/A,ok,
dfdc_test_003445,DFDC-DFDC_Real,0,Xception,visual,0.2065,probability,81.28,N/A,N/A,ok,
dfdc_test_003446,DFDC-DFDC_Real,0,Xception,visual,0.1092,probability,99.18,N/A,N/A,ok,
dfdc_test_003447,DFDC-DFDC_Real,0,Xception,visual,0.5332,probability,90.57,N/A,N/A,ok,
dfdc_test_003448,DFDC-DFDC_Real,0,Xception,visual,0.5156,probability,106.49,N/A,N/A,ok,
dfdc_test_003449,DFDC-DFDC_Real,0,Xception,visual,0.8773,probability,81.17,N/A,N/A,ok,
dfdc_test_003450,DFDC-DFDC_Real,0,Xception,visual,0.3397,probability,90.98,N/A,N/A,ok,
dfdc_test_003451,DFDC-DFDC_Real,0,Xception,visual,0.0473,probability,83.48,N/A,N/A,ok,
dfdc_test_003452,DFDC-DFDC_Real,0,Xception,visual,0.3319,probability,78.13,N/A,N/A,ok,
dfdc_test_003453,DFDC-DFDC_Real,0,Xception,visual,0.4866,probability,83.22,N/A,N/A,ok,
dfdc_test_003454,DFDC-DFDC_Real,0,Xception,visual,0.1625,probability,94.52,N/A,N/A,ok,
dfdc_test_003455,DFDC-DFDC_Real,0,Xception,visual,0.5589,probability,84.22,N/A,N/A,ok,
dfdc_test_003456,DFDC-DFDC_Real,0,Xception,visual,0.476,probability,94.85,N/A,N/A,ok,
dfdc_test_003457,DFDC-DFDC_Real,0,Xception,visual,0.678,probability,109.92,N/A,N/A,ok,
dfdc_test_003458,DFDC-DFDC_Real,0,Xception,visual,0.7916,probability,91.49,N/A,N/A,ok,
dfdc_test_003459,DFDC-DFDC_Real,0,Xception,visual,0.3722,probability,97.26,N/A,N/A,ok,
dfdc_test_003460,DFDC-DFDC_Real,0,Xception,visual,0.2744,probability,92.0,N/A,N/A,ok,
dfdc_test_003461,DFDC-DFDC_Real,0,Xception,visual,0.0201,probability,80.87,N/A,N/A,ok,
dfdc_test_003462,DFDC-DFDC_Real,0,Xception,visual,0.5537,probability,98.88,N/A,N/A,ok,
dfdc_test_003463,DFDC-DFDC_Real,0,Xception,visual,0.2235,probability,83.6,N/A,N/A,ok,
dfdc_test_003464,DFDC-DFDC_Real,0,Xception,visual,0.2619,probability,116.2,N/A,N/A,ok,
dfdc_test_003465,DFDC-DFDC_Real,0,Xception,visual,0.2431,probability,102.88,N/A,N/A,ok,
dfdc_test_003466,DFDC-DFDC_Real,0,Xception,visual,0.3353,probability,95.68,N/A,N/A,ok,
dfdc_test_003467,DFDC-DFDC_Real,0,Xception,visual,0.5229,probability,108.5,N/A,N/A,ok,
dfdc_test_003468,DFDC-DFDC_Real,0,Xception,visual,0.3304,probability,108.78,N/A,N/A,ok,
dfdc_test_003469,DFDC-DFDC_Real,0,Xception,visual,0.5279,probability,100.42,N/A,N/A,ok,
dfdc_test_003470,DFDC-DFDC_Real,0,Xception,visual,0.1132,probability,104.47,N/A,N/A,ok,
dfdc_test_003471,DFDC-DFDC_Real,0,Xception,visual,0.0706,probability,116.85,N/A,N/A,ok,
dfdc_test_003472,DFDC-DFDC_Real,0,Xception,visual,0.3553,probability,98.82,N/A,N/A,ok,
dfdc_test_003473,DFDC-DFDC_Real,0,Xception,visual,0.1265,probability,92.15,N/A,N/A,ok,
dfdc_test_003474,DFDC-DFDC_Real,0,Xception,visual,0.3119,probability,95.15,N/A,N/A,ok,
dfdc_test_003475,DFDC-DFDC_Real,0,Xception,visual,0.5159,probability,97.94,N/A,N/A,ok,
dfdc_test_003476,DFDC-DFDC_Real,0,Xception,visual,0.2423,probability,96.43,N/A,N/A,ok,
dfdc_test_003477,DFDC-DFDC_Real,0,Xception,visual,0.2797,probability,100.03,N/A,N/A,ok,
dfdc_test_003478,DFDC-DFDC_Real,0,Xception,visual,0.4241,probability,89.23,N/A,N/A,ok,
dfdc_test_003479,DFDC-DFDC_Real,0,Xception,visual,0.496,probability,87.81,N/A,N/A,ok,
dfdc_test_003480,DFDC-DFDC_Real,0,Xception,visual,0.5161,probability,98.87,N/A,N/A,ok,
dfdc_test_003481,DFDC-DFDC_Real,0,Xception,visual,0.4498,probability,87.39,N/A,N/A,ok,
dfdc_test_003482,DFDC-DFDC_Real,0,Xception,visual,0.1813,probability,91.21,N/A,N/A,ok,
dfdc_test_003483,DFDC-DFDC_Real,0,Xception,visual,0.3526,probability,96.43,N/A,N/A,ok,
dfdc_test_003484,DFDC-DFDC_Real,0,Xception,visual,0.6529,probability,89.0,N/A,N/A,ok,
dfdc_test_003485,DFDC-DFDC_Real,0,Xception,visual,0.0909,probability,90.56,N/A,N/A,ok,
dfdc_test_003486,DFDC-DFDC_Real,0,Xception,visual,0.7276,probability,95.52,N/A,N/A,ok,
dfdc_test_003487,DFDC-DFDC_Real,0,Xception,visual,0.0483,probability,100.51,N/A,N/A,ok,
dfdc_test_003488,DFDC-DFDC_Real,0,Xception,visual,0.5584,probability,103.0,N/A,N/A,ok,
dfdc_test_003489,DFDC-DFDC_Real,0,Xception,visual,0.436,probability,91.78,N/A,N/A,ok,
dfdc_test_003490,DFDC-DFDC_Real,0,Xception,visual,0.2595,probability,104.56,N/A,N/A,ok,
dfdc_test_003491,DFDC-DFDC_Real,0,Xception,visual,0.8157,probability,96.05,N/A,N/A,ok,
dfdc_test_003492,DFDC-DFDC_Real,0,Xception,visual,0.6519,probability,85.93,N/A,N/A,ok,
dfdc_test_003493,DFDC-DFDC_Real,0,Xception,visual,0.2168,probability,103.82,N/A,N/A,ok,
dfdc_test_003494,DFDC-DFDC_Real,0,Xception,visual,0.0634,probability,110.75,N/A,N/A,ok,
dfdc_test_003495,DFDC-DFDC_Real,0,Xception,visual,0.1876,probability,90.66,N/A,N/A,ok,
dfdc_test_003496,DFDC-DFDC_Real,0,Xception,visual,0.3021,probability,94.86,N/A,N/A,ok,
dfdc_test_003497,DFDC-DFDC_Real,0,Xception,visual,0.2948,probability,88.39,N/A,N/A,ok,
dfdc_test_003498,DFDC-DFDC_Real,0,Xception,visual,0.6224,probability,94.19,N/A,N/A,ok,
dfdc_test_003499,DFDC-DFDC_Real,0,Xception,visual,0.6325,probability,94.16,N/A,N/A,ok,
dfdc_test_003500,DFDC-DFDC_Real,0,Xception,visual,0.3824,probability,85.04,N/A,N/A,ok,
dfdc_test_003501,DFDC-DFDC_Real,0,Xception,visual,0.157,probability,88.3,N/A,N/A,ok,
dfdc_test_003502,DFDC-DFDC_Real,0,Xception,visual,0.4872,probability,97.34,N/A,N/A,ok,
dfdc_test_003503,DFDC-DFDC_Real,0,Xception,visual,0.1267,probability,91.22,N/A,N/A,ok,
dfdc_test_003504,DFDC-DFDC_Real,0,Xception,visual,0.5339,probability,86.66,N/A,N/A,ok,
dfdc_test_003505,DFDC-DFDC_Real,0,Xception,visual,0.3335,probability,89.43,N/A,N/A,ok,
dfdc_test_003506,DFDC-DFDC_Real,0,Xception,visual,0.2605,probability,104.39,N/A,N/A,ok,
dfdc_test_003507,DFDC-DFDC_Real,0,Xception,visual,0.3715,probability,83.69,N/A,N/A,ok,
dfdc_test_003508,DFDC-DFDC_Real,0,Xception,visual,0.4234,probability,102.85,N/A,N/A,ok,
dfdc_test_003509,DFDC-DFDC_Real,0,Xception,visual,0.2152,probability,111.94,N/A,N/A,ok,
dfdc_test_003510,DFDC-DFDC_Real,0,Xception,visual,0.1834,probability,90.23,N/A,N/A,ok,
dfdc_test_003511,DFDC-DFDC_Real,0,Xception,visual,0.9085,probability,96.06,N/A,N/A,ok,
dfdc_test_003512,DFDC-DFDC_Real,0,Xception,visual,0.1951,probability,81.21,N/A,N/A,ok,
dfdc_test_003513,DFDC-DFDC_Real,0,Xception,visual,0.193,probability,89.38,N/A,N/A,ok,
dfdc_test_003514,DFDC-DFDC_Real,0,Xception,visual,0.7153,probability,96.41,N/A,N/A,ok,
dfdc_test_003515,DFDC-DFDC_Real,0,Xception,visual,0.1812,probability,88.52,N/A,N/A,ok,
dfdc_test_003516,DFDC-DFDC_Real,0,Xception,visual,0.342,probability,95.41,N/A,N/A,ok,
dfdc_test_003517,DFDC-DFDC_Real,0,Xception,visual,0.7684,probability,82.0,N/A,N/A,ok,
dfdc_test_003518,DFDC-DFDC_Real,0,Xception,visual,0.4565,probability,102.92,N/A,N/A,ok,
dfdc_test_003519,DFDC-DFDC_Real,0,Xception,visual,0.561,probability,94.53,N/A,N/A,ok,
dfdc_test_003520,DFDC-DFDC_Real,0,Xception,visual,0.574,probability,84.62,N/A,N/A,ok,
dfdc_test_003521,DFDC-DFDC_Real,0,Xception,visual,0.7166,probability,78.37,N/A,N/A,ok,
dfdc_test_003522,DFDC-DFDC_Real,0,Xception,visual,0.1057,probability,101.89,N/A,N/A,ok,
dfdc_test_003523,DFDC-DFDC_Real,0,Xception,visual,0.1305,probability,85.21,N/A,N/A,ok,
dfdc_test_003524,DFDC-DFDC_Real,0,Xception,visual,0.2228,probability,88.43,N/A,N/A,ok,
dfdc_test_003525,DFDC-DFDC_Real,0,Xception,visual,0.257,probability,99.76,N/A,N/A,ok,
dfdc_test_003526,DFDC-DFDC_Real,0,Xception,visual,0.0914,probability,87.77,N/A,N/A,ok,
dfdc_test_003527,DFDC-DFDC_Real,0,Xception,visual,0.3061,probability,120.69,N/A,N/A,ok,
dfdc_test_003528,DFDC-DFDC_Real,0,Xception,visual,0.4981,probability,100.76,N/A,N/A,ok,
dfdc_test_003529,DFDC-DFDC_Real,0,Xception,visual,0.6687,probability,106.81,N/A,N/A,ok,
dfdc_test_003530,DFDC-DFDC_Real,0,Xception,visual,0.4696,probability,99.21,N/A,N/A,ok,
dfdc_test_003531,DFDC-DFDC_Real,0,Xception,visual,0.4348,probability,95.98,N/A,N/A,ok,
dfdc_test_003532,DFDC-DFDC_Real,0,Xception,visual,0.3055,probability,106.12,N/A,N/A,ok,
dfdc_test_003533,DFDC-DFDC_Real,0,Xception,visual,0.2963,probability,86.97,N/A,N/A,ok,
dfdc_test_003534,DFDC-DFDC_Real,0,Xception,visual,0.1641,probability,92.75,N/A,N/A,ok,
dfdc_test_003535,DFDC-DFDC_Real,0,Xception,visual,0.4562,probability,105.8,N/A,N/A,ok,
dfdc_test_003536,DFDC-DFDC_Real,0,Xception,visual,0.4356,probability,109.51,N/A,N/A,ok,
dfdc_test_003537,DFDC-DFDC_Real,0,Xception,visual,0.473,probability,113.1,N/A,N/A,ok,
dfdc_test_003538,DFDC-DFDC_Real,0,Xception,visual,0.4827,probability,90.95,N/A,N/A,ok,
dfdc_test_003539,DFDC-DFDC_Real,0,Xception,visual,0.4917,probability,82.23,N/A,N/A,ok,
dfdc_test_003540,DFDC-DFDC_Real,0,Xception,visual,0.0369,probability,88.88,N/A,N/A,ok,
dfdc_test_003541,DFDC-DFDC_Real,0,Xception,visual,0.3578,probability,81.32,N/A,N/A,ok,
dfdc_test_003542,DFDC-DFDC_Real,0,Xception,visual,0.4592,probability,96.34,N/A,N/A,ok,
dfdc_test_003543,DFDC-DFDC_Real,0,Xception,visual,0.5664,probability,99.02,N/A,N/A,ok,
dfdc_test_003544,DFDC-DFDC_Real,0,Xception,visual,0.7114,probability,91.91,N/A,N/A,ok,
dfdc_test_003545,DFDC-DFDC_Real,0,Xception,visual,0.5053,probability,98.62,N/A,N/A,ok,
dfdc_test_003546,DFDC-DFDC_Real,0,Xception,visual,0.2651,probability,96.42,N/A,N/A,ok,
dfdc_test_003547,DFDC-DFDC_Real,0,Xception,visual,0.223,probability,105.12,N/A,N/A,ok,
dfdc_test_003548,DFDC-DFDC_Real,0,Xception,visual,0.4438,probability,86.3,N/A,N/A,ok,
dfdc_test_003549,DFDC-DFDC_Real,0,Xception,visual,0.4585,probability,89.36,N/A,N/A,ok,
dfdc_test_003550,DFDC-DFDC_Real,0,Xception,visual,0.0714,probability,87.84,N/A,N/A,ok,
dfdc_test_003551,DFDC-DFDC_Real,0,Xception,visual,0.8009,probability,167.82,N/A,N/A,ok,
dfdc_test_003552,DFDC-DFDC_Real,0,Xception,visual,0.5124,probability,89.26,N/A,N/A,ok,
dfdc_test_003553,DFDC-DFDC_Real,0,Xception,visual,0.1268,probability,102.87,N/A,N/A,ok,
dfdc_test_003554,DFDC-DFDC_Real,0,Xception,visual,0.1558,probability,84.68,N/A,N/A,ok,
dfdc_test_003555,DFDC-DFDC_Real,0,Xception,visual,0.326,probability,81.41,N/A,N/A,ok,
dfdc_test_003556,DFDC-DFDC_Real,0,Xception,visual,0.2214,probability,102.47,N/A,N/A,ok,
dfdc_test_003557,DFDC-DFDC_Real,0,Xception,visual,0.3975,probability,120.94,N/A,N/A,ok,
dfdc_test_003558,DFDC-DFDC_Real,0,Xception,visual,0.1927,probability,116.3,N/A,N/A,ok,
dfdc_test_003559,DFDC-DFDC_Real,0,Xception,visual,0.5045,probability,105.39,N/A,N/A,ok,
dfdc_test_003560,DFDC-DFDC_Real,0,Xception,visual,0.1184,probability,95.13,N/A,N/A,ok,
dfdc_test_003561,DFDC-DFDC_Real,0,Xception,visual,0.5376,probability,82.27,N/A,N/A,ok,
dfdc_test_003562,DFDC-DFDC_Real,0,Xception,visual,0.5383,probability,80.6,N/A,N/A,ok,
dfdc_test_003563,DFDC-DFDC_Real,0,Xception,visual,0.282,probability,80.5,N/A,N/A,ok,
dfdc_test_003564,DFDC-DFDC_Real,0,Xception,visual,0.3646,probability,82.95,N/A,N/A,ok,
dfdc_test_003565,DFDC-DFDC_Real,0,Xception,visual,0.3399,probability,91.63,N/A,N/A,ok,
dfdc_test_003566,DFDC-DFDC_Real,0,Xception,visual,0.4592,probability,86.23,N/A,N/A,ok,
dfdc_test_003567,DFDC-DFDC_Real,0,Xception,visual,0.6645,probability,87.59,N/A,N/A,ok,
dfdc_test_003568,DFDC-DFDC_Real,0,Xception,visual,0.7956,probability,83.49,N/A,N/A,ok,
dfdc_test_003569,DFDC-DFDC_Real,0,Xception,visual,0.5821,probability,88.36,N/A,N/A,ok,
dfdc_test_003570,DFDC-DFDC_Real,0,Xception,visual,0.4545,probability,84.41,N/A,N/A,ok,
dfdc_test_003571,DFDC-DFDC_Real,0,Xception,visual,0.2422,probability,82.03,N/A,N/A,ok,
dfdc_test_003572,DFDC-DFDC_Real,0,Xception,visual,0.434,probability,76.66,N/A,N/A,ok,
dfdc_test_003573,DFDC-DFDC_Real,0,Xception,visual,0.4855,probability,83.58,N/A,N/A,ok,
dfdc_test_003574,DFDC-DFDC_Real,0,Xception,visual,0.3297,probability,91.95,N/A,N/A,ok,
dfdc_test_003575,DFDC-DFDC_Real,0,Xception,visual,0.5607,probability,89.45,N/A,N/A,ok,
dfdc_test_003576,DFDC-DFDC_Real,0,Xception,visual,0.7694,probability,99.86,N/A,N/A,ok,
dfdc_test_003577,DFDC-DFDC_Real,0,Xception,visual,0.1702,probability,81.55,N/A,N/A,ok,
dfdc_test_003578,DFDC-DFDC_Real,0,Xception,visual,0.548,probability,80.24,N/A,N/A,ok,
dfdc_test_003579,DFDC-DFDC_Real,0,Xception,visual,0.4519,probability,117.3,N/A,N/A,ok,
dfdc_test_003580,DFDC-DFDC_Real,0,Xception,visual,0.2189,probability,87.35,N/A,N/A,ok,
dfdc_test_003581,DFDC-DFDC_Real,0,Xception,visual,0.5317,probability,86.26,N/A,N/A,ok,
dfdc_test_003582,DFDC-DFDC_Real,0,Xception,visual,0.7785,probability,82.93,N/A,N/A,ok,
dfdc_test_003583,DFDC-DFDC_Real,0,Xception,visual,0.1294,probability,90.55,N/A,N/A,ok,
dfdc_test_003584,DFDC-DFDC_Real,0,Xception,visual,0.2306,probability,88.88,N/A,N/A,ok,
dfdc_test_003585,DFDC-DFDC_Real,0,Xception,visual,0.1966,probability,95.56,N/A,N/A,ok,
dfdc_test_003586,DFDC-DFDC_Real,0,Xception,visual,0.7595,probability,85.56,N/A,N/A,ok,
dfdc_test_003587,DFDC-DFDC_Real,0,Xception,visual,0.0835,probability,97.75,N/A,N/A,ok,
dfdc_test_003588,DFDC-DFDC_Real,0,Xception,visual,0.5301,probability,101.16,N/A,N/A,ok,
dfdc_test_003589,DFDC-DFDC_Real,0,Xception,visual,0.3566,probability,111.08,N/A,N/A,ok,
dfdc_test_003590,DFDC-DFDC_Real,0,Xception,visual,0.7959,probability,89.13,N/A,N/A,ok,
dfdc_test_003591,DFDC-DFDC_Real,0,Xception,visual,0.2887,probability,105.01,N/A,N/A,ok,
dfdc_test_003592,DFDC-DFDC_Real,0,Xception,visual,0.6922,probability,82.94,N/A,N/A,ok,
dfdc_test_003593,DFDC-DFDC_Real,0,Xception,visual,0.4372,probability,92.07,N/A,N/A,ok,
dfdc_test_003594,DFDC-DFDC_Real,0,Xception,visual,0.3219,probability,87.2,N/A,N/A,ok,
dfdc_test_003595,DFDC-DFDC_Real,0,Xception,visual,0.2285,probability,105.89,N/A,N/A,ok,
dfdc_test_003596,DFDC-DFDC_Real,0,Xception,visual,0.6315,probability,86.51,N/A,N/A,ok,
dfdc_test_003597,DFDC-DFDC_Real,0,Xception,visual,0.1651,probability,97.62,N/A,N/A,ok,
dfdc_test_003598,DFDC-DFDC_Real,0,Xception,visual,0.5375,probability,96.01,N/A,N/A,ok,
dfdc_test_003599,DFDC-DFDC_Real,0,Xception,visual,0.3524,probability,118.42,N/A,N/A,ok,
dfdc_test_003600,DFDC-DFDC_Real,0,Xception,visual,0.4172,probability,98.37,N/A,N/A,ok,
dfdc_test_003601,DFDC-DFDC_Real,0,Xception,visual,0.0729,probability,89.16,N/A,N/A,ok,
dfdc_test_003602,DFDC-DFDC_Real,0,Xception,visual,0.6974,probability,101.13,N/A,N/A,ok,
dfdc_test_003603,DFDC-DFDC_Real,0,Xception,visual,0.4305,probability,105.87,N/A,N/A,ok,
dfdc_test_003604,DFDC-DFDC_Real,0,Xception,visual,0.3904,probability,94.0,N/A,N/A,ok,
dfdc_test_003605,DFDC-DFDC_Real,0,Xception,visual,0.5018,probability,92.67,N/A,N/A,ok,
dfdc_test_003606,DFDC-DFDC_Real,0,Xception,visual,0.2703,probability,123.56,N/A,N/A,ok,
dfdc_test_003607,DFDC-DFDC_Real,0,Xception,visual,0.103,probability,106.43,N/A,N/A,ok,
dfdc_test_003608,DFDC-DFDC_Real,0,Xception,visual,0.3656,probability,102.62,N/A,N/A,ok,
dfdc_test_003609,DFDC-DFDC_Real,0,Xception,visual,0.5616,probability,112.45,N/A,N/A,ok,
dfdc_test_003610,DFDC-DFDC_Real,0,Xception,visual,0.5962,probability,106.72,N/A,N/A,ok,
dfdc_test_003611,DFDC-DFDC_Real,0,Xception,visual,0.1201,probability,88.28,N/A,N/A,ok,
dfdc_test_003612,DFDC-DFDC_Real,0,Xception,visual,0.4436,probability,86.83,N/A,N/A,ok,
dfdc_test_003613,DFDC-DFDC_Real,0,Xception,visual,0.188,probability,101.76,N/A,N/A,ok,
dfdc_test_003614,DFDC-DFDC_Real,0,Xception,visual,0.5628,probability,95.97,N/A,N/A,ok,
dfdc_test_003615,DFDC-DFDC_Real,0,Xception,visual,0.6167,probability,105.26,N/A,N/A,ok,
dfdc_test_003616,DFDC-DFDC_Real,0,Xception,visual,0.3116,probability,120.29,N/A,N/A,ok,
dfdc_test_003617,DFDC-DFDC_Real,0,Xception,visual,0.3694,probability,98.51,N/A,N/A,ok,
dfdc_test_003618,DFDC-DFDC_Real,0,Xception,visual,0.7893,probability,98.93,N/A,N/A,ok,
dfdc_test_003619,DFDC-DFDC_Real,0,Xception,visual,0.4638,probability,117.52,N/A,N/A,ok,
dfdc_test_003620,DFDC-DFDC_Real,0,Xception,visual,0.414,probability,106.55,N/A,N/A,ok,
dfdc_test_003621,DFDC-DFDC_Real,0,Xception,visual,0.5194,probability,92.37,N/A,N/A,ok,
dfdc_test_003622,DFDC-DFDC_Real,0,Xception,visual,0.4875,probability,95.0,N/A,N/A,ok,
dfdc_test_003623,DFDC-DFDC_Real,0,Xception,visual,0.2733,probability,123.3,N/A,N/A,ok,
dfdc_test_003624,DFDC-DFDC_Real,0,Xception,visual,0.4593,probability,108.27,N/A,N/A,ok,
dfdc_test_003625,DFDC-DFDC_Real,0,Xception,visual,0.4878,probability,80.04,N/A,N/A,ok,
dfdc_test_003626,DFDC-DFDC_Real,0,Xception,visual,0.6151,probability,116.17,N/A,N/A,ok,
dfdc_test_003627,DFDC-DFDC_Real,0,Xception,visual,0.5832,probability,105.34,N/A,N/A,ok,
dfdc_test_003628,DFDC-DFDC_Real,0,Xception,visual,0.23,probability,90.29,N/A,N/A,ok,
dfdc_test_003629,DFDC-DFDC_Real,0,Xception,visual,0.1387,probability,103.02,N/A,N/A,ok,
dfdc_test_003630,DFDC-DFDC_Real,0,Xception,visual,0.2428,probability,126.16,N/A,N/A,ok,
dfdc_test_003631,DFDC-DFDC_Real,0,Xception,visual,0.4078,probability,89.32,N/A,N/A,ok,
dfdc_test_003632,DFDC-DFDC_Real,0,Xception,visual,0.1926,probability,117.36,N/A,N/A,ok,
dfdc_test_003633,DFDC-DFDC_Real,0,Xception,visual,0.4767,probability,169.72,N/A,N/A,ok,
dfdc_test_003634,DFDC-DFDC_Real,0,Xception,visual,0.3452,probability,93.34,N/A,N/A,ok,
dfdc_test_003635,DFDC-DFDC_Real,0,Xception,visual,0.1967,probability,104.22,N/A,N/A,ok,
dfdc_test_003636,DFDC-DFDC_Real,0,Xception,visual,0.5201,probability,96.11,N/A,N/A,ok,
dfdc_test_003637,DFDC-DFDC_Real,0,Xception,visual,0.5787,probability,120.09,N/A,N/A,ok,
dfdc_test_003638,DFDC-DFDC_Real,0,Xception,visual,0.5052,probability,123.42,N/A,N/A,ok,
dfdc_test_003639,DFDC-DFDC_Real,0,Xception,visual,0.56,probability,125.03,N/A,N/A,ok,
dfdc_test_003640,DFDC-DFDC_Real,0,Xception,visual,0.1217,probability,111.7,N/A,N/A,ok,
dfdc_test_003641,DFDC-DFDC_Real,0,Xception,visual,0.4338,probability,98.02,N/A,N/A,ok,
dfdc_test_003642,DFDC-DFDC_Real,0,Xception,visual,0.1117,probability,113.07,N/A,N/A,ok,
dfdc_test_003643,DFDC-DFDC_Real,0,Xception,visual,0.0683,probability,103.88,N/A,N/A,ok,
dfdc_test_003644,DFDC-DFDC_Real,0,Xception,visual,0.4641,probability,118.11,N/A,N/A,ok,
dfdc_test_003645,DFDC-DFDC_Real,0,Xception,visual,0.1147,probability,100.39,N/A,N/A,ok,
dfdc_test_003646,DFDC-DFDC_Real,0,Xception,visual,0.2611,probability,115.84,N/A,N/A,ok,
dfdc_test_003647,DFDC-DFDC_Real,0,Xception,visual,0.6805,probability,110.19,N/A,N/A,ok,
dfdc_test_003648,DFDC-DFDC_Real,0,Xception,visual,0.3016,probability,90.3,N/A,N/A,ok,
dfdc_test_003649,DFDC-DFDC_Real,0,Xception,visual,0.4834,probability,103.58,N/A,N/A,ok,
dfdc_test_003650,DFDC-DFDC_Real,0,Xception,visual,0.2249,probability,96.48,N/A,N/A,ok,
dfdc_test_003651,DFDC-DFDC_Real,0,Xception,visual,0.5846,probability,84.47,N/A,N/A,ok,
dfdc_test_003652,DFDC-DFDC_Real,0,Xception,visual,0.4822,probability,83.74,N/A,N/A,ok,
dfdc_test_003653,DFDC-DFDC_Real,0,Xception,visual,0.1922,probability,90.61,N/A,N/A,ok,
dfdc_test_003654,DFDC-DFDC_Real,0,Xception,visual,0.5281,probability,81.14,N/A,N/A,ok,
dfdc_test_003655,DFDC-DFDC_Real,0,Xception,visual,0.1268,probability,100.98,N/A,N/A,ok,
dfdc_test_003656,DFDC-DFDC_Real,0,Xception,visual,0.6968,probability,103.69,N/A,N/A,ok,
dfdc_test_003657,DFDC-DFDC_Real,0,Xception,visual,0.5803,probability,80.13,N/A,N/A,ok,
dfdc_test_003658,DFDC-DFDC_Real,0,Xception,visual,0.6549,probability,87.55,N/A,N/A,ok,
dfdc_test_003659,DFDC-DFDC_Real,0,Xception,visual,0.2785,probability,87.06,N/A,N/A,ok,
dfdc_test_003660,DFDC-DFDC_Real,0,Xception,visual,0.4414,probability,87.84,N/A,N/A,ok,
dfdc_test_003661,DFDC-DFDC_Real,0,Xception,visual,0.2183,probability,87.96,N/A,N/A,ok,
dfdc_test_003662,DFDC-DFDC_Real,0,Xception,visual,0.5604,probability,88.9,N/A,N/A,ok,
dfdc_test_003663,DFDC-DFDC_Real,0,Xception,visual,0.1782,probability,83.96,N/A,N/A,ok,
dfdc_test_003664,DFDC-DFDC_Real,0,Xception,visual,0.8371,probability,100.87,N/A,N/A,ok,
dfdc_test_003665,DFDC-DFDC_Real,0,Xception,visual,0.3903,probability,82.22,N/A,N/A,ok,
dfdc_test_003666,DFDC-DFDC_Real,0,Xception,visual,0.299,probability,105.27,N/A,N/A,ok,
dfdc_test_003667,DFDC-DFDC_Real,0,Xception,visual,0.1895,probability,85.93,N/A,N/A,ok,
dfdc_test_003668,DFDC-DFDC_Real,0,Xception,visual,0.1409,probability,84.1,N/A,N/A,ok,
dfdc_test_003669,DFDC-DFDC_Real,0,Xception,visual,0.4287,probability,78.34,N/A,N/A,ok,
dfdc_test_003670,DFDC-DFDC_Real,0,Xception,visual,0.5534,probability,90.4,N/A,N/A,ok,
dfdc_test_003671,DFDC-DFDC_Real,0,Xception,visual,0.2381,probability,79.19,N/A,N/A,ok,
dfdc_test_003672,DFDC-DFDC_Real,0,Xception,visual,0.5329,probability,116.7,N/A,N/A,ok,
dfdc_test_003673,DFDC-DFDC_Real,0,Xception,visual,0.5041,probability,106.91,N/A,N/A,ok,
dfdc_test_003674,DFDC-DFDC_Real,0,Xception,visual,0.3293,probability,80.74,N/A,N/A,ok,
dfdc_test_003675,DFDC-DFDC_Real,0,Xception,visual,0.5114,probability,86.27,N/A,N/A,ok,
dfdc_test_003676,DFDC-DFDC_Real,0,Xception,visual,0.6989,probability,91.15,N/A,N/A,ok,
dfdc_test_003677,DFDC-DFDC_Real,0,Xception,visual,0.1856,probability,102.8,N/A,N/A,ok,
dfdc_test_003678,DFDC-DFDC_Real,0,Xception,visual,0.3484,probability,100.97,N/A,N/A,ok,
dfdc_test_003679,DFDC-DFDC_Real,0,Xception,visual,0.5535,probability,105.8,N/A,N/A,ok,
dfdc_test_003680,DFDC-DFDC_Real,0,Xception,visual,0.3687,probability,91.27,N/A,N/A,ok,
dfdc_test_003681,DFDC-DFDC_Real,0,Xception,visual,0.4754,probability,133.57,N/A,N/A,ok,
dfdc_test_003682,DFDC-DFDC_Real,0,Xception,visual,0.4213,probability,106.61,N/A,N/A,ok,
dfdc_test_003683,DFDC-DFDC_Real,0,Xception,visual,0.3885,probability,85.3,N/A,N/A,ok,
dfdc_test_003684,DFDC-DFDC_Real,0,Xception,visual,0.1748,probability,93.7,N/A,N/A,ok,
dfdc_test_003685,DFDC-DFDC_Real,0,Xception,visual,0.5529,probability,84.08,N/A,N/A,ok,
dfdc_test_003686,DFDC-DFDC_Real,0,Xception,visual,0.5859,probability,100.97,N/A,N/A,ok,
dfdc_test_003687,DFDC-DFDC_Real,0,Xception,visual,0.4872,probability,94.15,N/A,N/A,ok,
dfdc_test_003688,DFDC-DFDC_Real,0,Xception,visual,0.4716,probability,94.97,N/A,N/A,ok,
dfdc_test_003689,DFDC-DFDC_Real,0,Xception,visual,0.0514,probability,96.74,N/A,N/A,ok,
dfdc_test_003690,DFDC-DFDC_Real,0,Xception,visual,0.1215,probability,104.67,N/A,N/A,ok,
dfdc_test_003691,DFDC-DFDC_Real,0,Xception,visual,0.2304,probability,104.27,N/A,N/A,ok,
dfdc_test_003692,DFDC-DFDC_Real,0,Xception,visual,0.2081,probability,91.14,N/A,N/A,ok,
dfdc_test_003693,DFDC-DFDC_Real,0,Xception,visual,0.5683,probability,86.69,N/A,N/A,ok,
dfdc_test_003694,DFDC-DFDC_Real,0,Xception,visual,0.4712,probability,89.24,N/A,N/A,ok,
dfdc_test_003695,DFDC-DFDC_Real,0,Xception,visual,0.0763,probability,90.92,N/A,N/A,ok,
dfdc_test_003696,DFDC-DFDC_Real,0,Xception,visual,0.4881,probability,105.94,N/A,N/A,ok,
dfdc_test_003697,DFDC-DFDC_Real,0,Xception,visual,0.3732,probability,84.69,N/A,N/A,ok,
dfdc_test_003698,DFDC-DFDC_Real,0,Xception,visual,0.1361,probability,90.67,N/A,N/A,ok,
dfdc_test_003699,DFDC-DFDC_Real,0,Xception,visual,0.2593,probability,97.36,N/A,N/A,ok,
dfdc_test_003700,DFDC-DFDC_Real,0,Xception,visual,0.2337,probability,93.48,N/A,N/A,ok,
dfdc_test_003701,DFDC-DFDC_Real,0,Xception,visual,0.1543,probability,107.04,N/A,N/A,ok,
dfdc_test_003702,DFDC-DFDC_Real,0,Xception,visual,0.5412,probability,102.55,N/A,N/A,ok,
dfdc_test_003703,DFDC-DFDC_Real,0,Xception,visual,0.4923,probability,95.11,N/A,N/A,ok,
dfdc_test_003704,DFDC-DFDC_Real,0,Xception,visual,0.4343,probability,82.29,N/A,N/A,ok,
dfdc_test_003705,DFDC-DFDC_Real,0,Xception,visual,0.5024,probability,88.86,N/A,N/A,ok,
dfdc_test_003706,DFDC-DFDC_Real,0,Xception,visual,0.2538,probability,107.04,N/A,N/A,ok,
dfdc_test_003707,DFDC-DFDC_Real,0,Xception,visual,0.099,probability,105.9,N/A,N/A,ok,
dfdc_test_003708,DFDC-DFDC_Real,0,Xception,visual,0.0873,probability,109.23,N/A,N/A,ok,
dfdc_test_003709,DFDC-DFDC_Real,0,Xception,visual,0.879,probability,97.9,N/A,N/A,ok,
dfdc_test_003710,DFDC-DFDC_Real,0,Xception,visual,0.5178,probability,88.56,N/A,N/A,ok,
dfdc_test_003711,DFDC-DFDC_Real,0,Xception,visual,0.377,probability,94.39,N/A,N/A,ok,
dfdc_test_003712,DFDC-DFDC_Real,0,Xception,visual,0.2749,probability,88.98,N/A,N/A,ok,
dfdc_test_003713,DFDC-DFDC_Real,0,Xception,visual,0.0491,probability,85.5,N/A,N/A,ok,
dfdc_test_003714,DFDC-DFDC_Real,0,Xception,visual,0.5712,probability,95.65,N/A,N/A,ok,
dfdc_test_003715,DFDC-DFDC_Real,0,Xception,visual,0.4651,probability,101.36,N/A,N/A,ok,
dfdc_test_003716,DFDC-DFDC_Real,0,Xception,visual,0.4706,probability,86.16,N/A,N/A,ok,
dfdc_test_003717,DFDC-DFDC_Real,0,Xception,visual,0.6372,probability,116.31,N/A,N/A,ok,
dfdc_test_003718,DFDC-DFDC_Real,0,Xception,visual,0.1036,probability,100.02,N/A,N/A,ok,
dfdc_test_003719,DFDC-DFDC_Real,0,Xception,visual,0.4578,probability,89.6,N/A,N/A,ok,
dfdc_test_003720,DFDC-DFDC_Real,0,Xception,visual,0.5832,probability,99.49,N/A,N/A,ok,
dfdc_test_003721,DFDC-DFDC_Real,0,Xception,visual,0.2113,probability,95.54,N/A,N/A,ok,
dfdc_test_003722,DFDC-DFDC_Real,0,Xception,visual,0.3143,probability,113.34,N/A,N/A,ok,
dfdc_test_003723,DFDC-DFDC_Real,0,Xception,visual,0.4717,probability,94.58,N/A,N/A,ok,
dfdc_test_003724,DFDC-DFDC_Real,0,Xception,visual,0.6884,probability,114.61,N/A,N/A,ok,
dfdc_test_003725,DFDC-DFDC_Real,0,Xception,visual,0.5875,probability,95.12,N/A,N/A,ok,
dfdc_test_003726,DFDC-DFDC_Real,0,Xception,visual,0.1345,probability,91.77,N/A,N/A,ok,
dfdc_test_003727,DFDC-DFDC_Real,0,Xception,visual,0.4935,probability,117.27,N/A,N/A,ok,
dfdc_test_003728,DFDC-DFDC_Real,0,Xception,visual,0.6483,probability,86.21,N/A,N/A,ok,
dfdc_test_003729,DFDC-DFDC_Real,0,Xception,visual,0.1802,probability,83.99,N/A,N/A,ok,
dfdc_test_003730,DFDC-DFDC_Real,0,Xception,visual,0.1572,probability,87.75,N/A,N/A,ok,
dfdc_test_003731,DFDC-DFDC_Real,0,Xception,visual,0.132,probability,84.68,N/A,N/A,ok,
dfdc_test_003732,DFDC-DFDC_Real,0,Xception,visual,0.2756,probability,86.24,N/A,N/A,ok,
dfdc_test_003733,DFDC-DFDC_Real,0,Xception,visual,0.5074,probability,80.32,N/A,N/A,ok,
dfdc_test_003734,DFDC-DFDC_Real,0,Xception,visual,0.509,probability,102.8,N/A,N/A,ok,
dfdc_test_003735,DFDC-DFDC_Real,0,Xception,visual,0.4286,probability,93.55,N/A,N/A,ok,
dfdc_test_003736,DFDC-DFDC_Real,0,Xception,visual,0.2936,probability,95.54,N/A,N/A,ok,
dfdc_test_003737,DFDC-DFDC_Real,0,Xception,visual,0.2485,probability,82.55,N/A,N/A,ok,
dfdc_test_003738,DFDC-DFDC_Real,0,Xception,visual,0.1452,probability,107.22,N/A,N/A,ok,
dfdc_test_003739,DFDC-DFDC_Real,0,Xception,visual,0.3511,probability,86.32,N/A,N/A,ok,
dfdc_test_003740,DFDC-DFDC_Real,0,Xception,visual,0.4196,probability,85.61,N/A,N/A,ok,
dfdc_test_003741,DFDC-DFDC_Real,0,Xception,visual,0.1604,probability,93.03,N/A,N/A,ok,
dfdc_test_003742,DFDC-DFDC_Real,0,Xception,visual,0.1551,probability,77.17,N/A,N/A,ok,
dfdc_test_003743,DFDC-DFDC_Real,0,Xception,visual,0.1304,probability,85.95,N/A,N/A,ok,
dfdc_test_003744,DFDC-DFDC_Real,0,Xception,visual,0.405,probability,121.52,N/A,N/A,ok,
dfdc_test_003745,DFDC-DFDC_Real,0,Xception,visual,0.1937,probability,97.38,N/A,N/A,ok,
dfdc_test_003746,DFDC-DFDC_Real,0,Xception,visual,0.6525,probability,84.14,N/A,N/A,ok,
dfdc_test_003747,DFDC-DFDC_Real,0,Xception,visual,0.431,probability,80.28,N/A,N/A,ok,
dfdc_test_003748,DFDC-DFDC_Real,0,Xception,visual,0.6093,probability,82.24,N/A,N/A,ok,
dfdc_test_003749,DFDC-DFDC_Real,0,Xception,visual,0.6995,probability,86.41,N/A,N/A,ok,
dfdc_test_003750,DFDC-DFDC_Real,0,Xception,visual,0.3458,probability,114.14,N/A,N/A,ok,
dfdc_test_003751,DFDC-DFDC_Real,0,Xception,visual,0.2674,probability,77.52,N/A,N/A,ok,
dfdc_test_003752,DFDC-DFDC_Real,0,Xception,visual,0.8353,probability,82.91,N/A,N/A,ok,
dfdc_test_003753,DFDC-DFDC_Real,0,Xception,visual,0.5177,probability,80.23,N/A,N/A,ok,
dfdc_test_003754,DFDC-DFDC_Real,0,Xception,visual,0.5787,probability,77.73,N/A,N/A,ok,
dfdc_test_003755,DFDC-DFDC_Real,0,Xception,visual,0.0849,probability,105.79,N/A,N/A,ok,
dfdc_test_003756,DFDC-DFDC_Real,0,Xception,visual,0.2681,probability,105.07,N/A,N/A,ok,
dfdc_test_003757,DFDC-DFDC_Real,0,Xception,visual,0.0406,probability,81.79,N/A,N/A,ok,
dfdc_test_003758,DFDC-DFDC_Real,0,Xception,visual,0.4552,probability,89.52,N/A,N/A,ok,
dfdc_test_003759,DFDC-DFDC_Real,0,Xception,visual,0.6664,probability,110.03,N/A,N/A,ok,
dfdc_test_003760,DFDC-DFDC_Real,0,Xception,visual,0.4005,probability,89.82,N/A,N/A,ok,
dfdc_test_003761,DFDC-DFDC_Real,0,Xception,visual,0.225,probability,99.3,N/A,N/A,ok,
dfdc_test_003762,DFDC-DFDC_Real,0,Xception,visual,0.6416,probability,76.86,N/A,N/A,ok,
dfdc_test_003763,DFDC-DFDC_Real,0,Xception,visual,0.1418,probability,82.4,N/A,N/A,ok,
dfdc_test_003764,DFDC-DFDC_Real,0,Xception,visual,0.4371,probability,83.04,N/A,N/A,ok,
dfdc_test_003765,DFDC-DFDC_Real,0,Xception,visual,0.4856,probability,93.17,N/A,N/A,ok,
dfdc_test_003766,DFDC-DFDC_Real,0,Xception,visual,0.5571,probability,79.32,N/A,N/A,ok,
dfdc_test_003767,DFDC-DFDC_Real,0,Xception,visual,0.4746,probability,75.44,N/A,N/A,ok,
dfdc_test_003768,DFDC-DFDC_Real,0,Xception,visual,0.5761,probability,80.61,N/A,N/A,ok,
dfdc_test_003769,DFDC-DFDC_Real,0,Xception,visual,0.1659,probability,123.92,N/A,N/A,ok,
dfdc_test_003770,DFDC-DFDC_Real,0,Xception,visual,0.237,probability,103.1,N/A,N/A,ok,
dfdc_test_003771,DFDC-DFDC_Real,0,Xception,visual,0.4159,probability,92.91,N/A,N/A,ok,
dfdc_test_003772,DFDC-DFDC_Real,0,Xception,visual,0.6589,probability,79.93,N/A,N/A,ok,
dfdc_test_003773,DFDC-DFDC_Real,0,Xception,visual,0.5714,probability,81.39,N/A,N/A,ok,
dfdc_test_003774,DFDC-DFDC_Real,0,Xception,visual,0.1921,probability,85.23,N/A,N/A,ok,
dfdc_test_003775,DFDC-DFDC_Real,0,Xception,visual,0.2661,probability,101.31,N/A,N/A,ok,
dfdc_test_003776,DFDC-DFDC_Real,0,Xception,visual,0.2363,probability,85.78,N/A,N/A,ok,
dfdc_test_003777,DFDC-DFDC_Real,0,Xception,visual,0.4347,probability,85.98,N/A,N/A,ok,
dfdc_test_003778,DFDC-DFDC_Real,0,Xception,visual,0.4425,probability,89.17,N/A,N/A,ok,
dfdc_test_003779,DFDC-DFDC_Real,0,Xception,visual,0.1765,probability,84.25,N/A,N/A,ok,
dfdc_test_003780,DFDC-DFDC_Real,0,Xception,visual,0.4911,probability,92.31,N/A,N/A,ok,
dfdc_test_003781,DFDC-DFDC_Real,0,Xception,visual,0.3646,probability,82.87,N/A,N/A,ok,
dfdc_test_003782,DFDC-DFDC_Real,0,Xception,visual,0.2793,probability,84.16,N/A,N/A,ok,
dfdc_test_003783,DFDC-DFDC_Real,0,Xception,visual,0.8688,probability,79.52,N/A,N/A,ok,
dfdc_test_003784,DFDC-DFDC_Real,0,Xception,visual,0.4165,probability,80.35,N/A,N/A,ok,
dfdc_test_003785,DFDC-DFDC_Real,0,Xception,visual,0.3999,probability,86.87,N/A,N/A,ok,
dfdc_test_003786,DFDC-DFDC_Real,0,Xception,visual,0.4956,probability,104.08,N/A,N/A,ok,
dfdc_test_003787,DFDC-DFDC_Real,0,Xception,visual,0.3198,probability,87.34,N/A,N/A,ok,
dfdc_test_003788,DFDC-DFDC_Real,0,Xception,visual,0.4729,probability,87.54,N/A,N/A,ok,
dfdc_test_003789,DFDC-DFDC_Real,0,Xception,visual,0.4806,probability,88.46,N/A,N/A,ok,
dfdc_test_003790,DFDC-DFDC_Real,0,Xception,visual,0.4176,probability,79.66,N/A,N/A,ok,
dfdc_test_003791,DFDC-DFDC_Real,0,Xception,visual,0.2552,probability,87.35,N/A,N/A,ok,
dfdc_test_003792,DFDC-DFDC_Real,0,Xception,visual,0.5705,probability,80.44,N/A,N/A,ok,
dfdc_test_003793,DFDC-DFDC_Real,0,Xception,visual,0.3268,probability,80.48,N/A,N/A,ok,
dfdc_test_003794,DFDC-DFDC_Real,0,Xception,visual,0.3469,probability,78.5,N/A,N/A,ok,
dfdc_test_003795,DFDC-DFDC_Real,0,Xception,visual,0.4725,probability,82.34,N/A,N/A,ok,
dfdc_test_003796,DFDC-DFDC_Real,0,Xception,visual,0.4723,probability,99.92,N/A,N/A,ok,
dfdc_test_003797,DFDC-DFDC_Real,0,Xception,visual,0.2435,probability,86.32,N/A,N/A,ok,
dfdc_test_003798,DFDC-DFDC_Real,0,Xception,visual,0.2096,probability,83.45,N/A,N/A,ok,
dfdc_test_003799,DFDC-DFDC_Real,0,Xception,visual,0.4118,probability,106.83,N/A,N/A,ok,
dfdc_test_003800,DFDC-DFDC_Real,0,Xception,visual,0.4906,probability,100.95,N/A,N/A,ok,
dfdc_test_003801,DFDC-DFDC_Real,0,Xception,visual,0.4352,probability,79.19,N/A,N/A,ok,
dfdc_test_003802,DFDC-DFDC_Real,0,Xception,visual,0.3896,probability,94.47,N/A,N/A,ok,
dfdc_test_003803,DFDC-DFDC_Real,0,Xception,visual,0.4074,probability,106.31,N/A,N/A,ok,
dfdc_test_003804,DFDC-DFDC_Real,0,Xception,visual,0.5408,probability,92.57,N/A,N/A,ok,
dfdc_test_003805,DFDC-DFDC_Real,0,Xception,visual,0.4401,probability,92.85,N/A,N/A,ok,
dfdc_test_003806,DFDC-DFDC_Real,0,Xception,visual,0.1428,probability,83.95,N/A,N/A,ok,
dfdc_test_003807,DFDC-DFDC_Real,0,Xception,visual,0.3755,probability,114.32,N/A,N/A,ok,
dfdc_test_003808,DFDC-DFDC_Real,0,Xception,visual,0.4898,probability,87.73,N/A,N/A,ok,
dfdc_test_003809,DFDC-DFDC_Real,0,Xception,visual,0.2207,probability,101.4,N/A,N/A,ok,
dfdc_test_003810,DFDC-DFDC_Real,0,Xception,visual,0.4778,probability,97.75,N/A,N/A,ok,
dfdc_test_003811,DFDC-DFDC_Real,0,Xception,visual,0.3158,probability,84.18,N/A,N/A,ok,
dfdc_test_003812,DFDC-DFDC_Real,0,Xception,visual,0.3257,probability,92.44,N/A,N/A,ok,
dfdc_test_003813,DFDC-DFDC_Real,0,Xception,visual,0.6715,probability,94.32,N/A,N/A,ok,
dfdc_test_003814,DFDC-DFDC_Real,0,Xception,visual,0.4639,probability,96.95,N/A,N/A,ok,
dfdc_test_003815,DFDC-DFDC_Real,0,Xception,visual,0.1787,probability,84.34,N/A,N/A,ok,
dfdc_test_003816,DFDC-DFDC_Real,0,Xception,visual,0.3153,probability,90.19,N/A,N/A,ok,
dfdc_test_003817,DFDC-DFDC_Real,0,Xception,visual,0.3394,probability,88.36,N/A,N/A,ok,
dfdc_test_003818,DFDC-DFDC_Real,0,Xception,visual,0.397,probability,97.75,N/A,N/A,ok,
dfdc_test_003819,DFDC-DFDC_Real,0,Xception,visual,0.6101,probability,98.34,N/A,N/A,ok,
dfdc_test_003820,DFDC-DFDC_Real,0,Xception,visual,0.9479,probability,88.73,N/A,N/A,ok,
dfdc_test_003821,DFDC-DFDC_Real,0,Xception,visual,0.7581,probability,87.76,N/A,N/A,ok,
dfdc_test_003822,DFDC-DFDC_Real,0,Xception,visual,0.0472,probability,95.37,N/A,N/A,ok,
dfdc_test_003823,DFDC-DFDC_Real,0,Xception,visual,0.3746,probability,84.47,N/A,N/A,ok,
dfdc_test_003824,DFDC-DFDC_Real,0,Xception,visual,0.6249,probability,86.36,N/A,N/A,ok,
dfdc_test_003825,DFDC-DFDC_Real,0,Xception,visual,0.1583,probability,87.05,N/A,N/A,ok,
dfdc_test_003826,DFDC-DFDC_Real,0,Xception,visual,0.5268,probability,105.82,N/A,N/A,ok,
dfdc_test_003827,DFDC-DFDC_Real,0,Xception,visual,0.3352,probability,95.02,N/A,N/A,ok,
dfdc_test_003828,DFDC-DFDC_Real,0,Xception,visual,0.3836,probability,85.04,N/A,N/A,ok,
dfdc_test_003829,DFDC-DFDC_Real,0,Xception,visual,0.5601,probability,102.56,N/A,N/A,ok,
dfdc_test_003830,DFDC-DFDC_Real,0,Xception,visual,0.4247,probability,109.16,N/A,N/A,ok,
dfdc_test_003831,DFDC-DFDC_Real,0,Xception,visual,0.3782,probability,87.74,N/A,N/A,ok,
dfdc_test_003832,DFDC-DFDC_Real,0,Xception,visual,0.488,probability,94.55,N/A,N/A,ok,
dfdc_test_003833,DFDC-DFDC_Real,0,Xception,visual,0.6524,probability,88.8,N/A,N/A,ok,
dfdc_test_003834,DFDC-DFDC_Real,0,Xception,visual,0.4776,probability,94.01,N/A,N/A,ok,
dfdc_test_003835,DFDC-DFDC_Real,0,Xception,visual,0.3414,probability,83.33,N/A,N/A,ok,
dfdc_test_003836,DFDC-DFDC_Real,0,Xception,visual,0.5166,probability,111.43,N/A,N/A,ok,
dfdc_test_003837,DFDC-DFDC_Real,0,Xception,visual,0.4927,probability,126.81,N/A,N/A,ok,
dfdc_test_003838,DFDC-DFDC_Real,0,Xception,visual,0.7394,probability,101.49,N/A,N/A,ok,
dfdc_test_003839,DFDC-DFDC_Real,0,Xception,visual,0.2274,probability,79.76,N/A,N/A,ok,
dfdc_test_003840,DFDC-DFDC_Real,0,Xception,visual,0.205,probability,98.23,N/A,N/A,ok,
dfdc_test_003841,DFDC-DFDC_Real,0,Xception,visual,0.5182,probability,89.62,N/A,N/A,ok,
dfdc_test_003842,DFDC-DFDC_Real,0,Xception,visual,0.2569,probability,97.34,N/A,N/A,ok,
dfdc_test_003843,DFDC-DFDC_Real,0,Xception,visual,0.4107,probability,88.56,N/A,N/A,ok,
dfdc_test_003844,DFDC-DFDC_Real,0,Xception,visual,0.4989,probability,94.27,N/A,N/A,ok,
dfdc_test_003845,DFDC-DFDC_Real,0,Xception,visual,0.8124,probability,92.94,N/A,N/A,ok,
dfdc_test_003846,DFDC-DFDC_Real,0,Xception,visual,0.4952,probability,117.99,N/A,N/A,ok,
dfdc_test_003847,DFDC-DFDC_Real,0,Xception,visual,0.4523,probability,113.72,N/A,N/A,ok,
dfdc_test_003848,DFDC-DFDC_Real,0,Xception,visual,0.1704,probability,97.28,N/A,N/A,ok,
dfdc_test_003849,DFDC-DFDC_Real,0,Xception,visual,0.5089,probability,95.38,N/A,N/A,ok,
dfdc_test_003850,DFDC-DFDC_Real,0,Xception,visual,0.4075,probability,100.59,N/A,N/A,ok,
dfdc_test_003851,DFDC-DFDC_Real,0,Xception,visual,0.143,probability,86.59,N/A,N/A,ok,
dfdc_test_003852,DFDC-DFDC_Real,0,Xception,visual,0.6592,probability,83.83,N/A,N/A,ok,
dfdc_test_003853,DFDC-DFDC_Real,0,Xception,visual,0.8285,probability,86.07,N/A,N/A,ok,
dfdc_test_003854,DFDC-DFDC_Real,0,Xception,visual,0.4305,probability,82.15,N/A,N/A,ok,
dfdc_test_003855,DFDC-DFDC_Real,0,Xception,visual,0.5575,probability,93.71,N/A,N/A,ok,
dfdc_test_003856,DFDC-DFDC_Real,0,Xception,visual,0.1715,probability,82.59,N/A,N/A,ok,
dfdc_test_003857,DFDC-DFDC_Real,0,Xception,visual,0.2107,probability,95.77,N/A,N/A,ok,
dfdc_test_003858,DFDC-DFDC_Real,0,Xception,visual,0.3413,probability,87.3,N/A,N/A,ok,
dfdc_test_003859,DFDC-DFDC_Real,0,Xception,visual,0.2705,probability,88.38,N/A,N/A,ok,
dfdc_test_003860,DFDC-DFDC_Real,0,Xception,visual,0.0815,probability,85.68,N/A,N/A,ok,
dfdc_test_003861,DFDC-DFDC_Real,0,Xception,visual,0.6119,probability,99.18,N/A,N/A,ok,
dfdc_test_003862,DFDC-DFDC_Real,0,Xception,visual,0.1958,probability,95.09,N/A,N/A,ok,
dfdc_test_003863,DFDC-DFDC_Real,0,Xception,visual,0.5676,probability,88.79,N/A,N/A,ok,
dfdc_test_003864,DFDC-DFDC_Real,0,Xception,visual,0.4208,probability,92.53,N/A,N/A,ok,
dfdc_test_003865,DFDC-DFDC_Real,0,Xception,visual,0.5885,probability,111.57,N/A,N/A,ok,
dfdc_test_003866,DFDC-DFDC_Real,0,Xception,visual,0.7863,probability,103.28,N/A,N/A,ok,
dfdc_test_003867,DFDC-DFDC_Real,0,Xception,visual,0.6497,probability,98.55,N/A,N/A,ok,
dfdc_test_003868,DFDC-DFDC_Real,0,Xception,visual,0.5171,probability,108.38,N/A,N/A,ok,
dfdc_test_003869,DFDC-DFDC_Real,0,Xception,visual,0.2234,probability,115.01,N/A,N/A,ok,
dfdc_test_003870,DFDC-DFDC_Real,0,Xception,visual,0.2654,probability,86.89,N/A,N/A,ok,
dfdc_test_003871,DFDC-DFDC_Real,0,Xception,visual,0.3061,probability,75.9,N/A,N/A,ok,
dfdc_test_003872,DFDC-DFDC_Real,0,Xception,visual,0.2813,probability,79.16,N/A,N/A,ok,
dfdc_test_003873,DFDC-DFDC_Real,0,Xception,visual,0.2442,probability,88.28,N/A,N/A,ok,
dfdc_test_003874,DFDC-DFDC_Real,0,Xception,visual,0.6642,probability,81.4,N/A,N/A,ok,
dfdc_test_003875,DFDC-DFDC_Real,0,Xception,visual,0.4945,probability,98.87,N/A,N/A,ok,
dfdc_test_003876,DFDC-DFDC_Real,0,Xception,visual,0.3277,probability,82.13,N/A,N/A,ok,
dfdc_test_003877,DFDC-DFDC_Real,0,Xception,visual,0.2196,probability,89.07,N/A,N/A,ok,
dfdc_test_003878,DFDC-DFDC_Real,0,Xception,visual,0.2727,probability,95.85,N/A,N/A,ok,
dfdc_test_003879,DFDC-DFDC_Real,0,Xception,visual,0.0873,probability,84.34,N/A,N/A,ok,
dfdc_test_003880,DFDC-DFDC_Real,0,Xception,visual,0.3295,probability,104.61,N/A,N/A,ok,
dfdc_test_003881,DFDC-DFDC_Real,0,Xception,visual,0.0986,probability,87.92,N/A,N/A,ok,
dfdc_test_003882,DFDC-DFDC_Real,0,Xception,visual,0.4679,probability,79.95,N/A,N/A,ok,
dfdc_test_003883,DFDC-DFDC_Real,0,Xception,visual,0.0588,probability,96.14,N/A,N/A,ok,
dfdc_test_003884,DFDC-DFDC_Real,0,Xception,visual,0.2634,probability,83.7,N/A,N/A,ok,
dfdc_test_003885,DFDC-DFDC_Real,0,Xception,visual,0.1415,probability,91.09,N/A,N/A,ok,
dfdc_test_003886,DFDC-DFDC_Real,0,Xception,visual,0.475,probability,94.38,N/A,N/A,ok,
dfdc_test_003887,DFDC-DFDC_Real,0,Xception,visual,0.5591,probability,82.07,N/A,N/A,ok,
dfdc_test_003888,DFDC-DFDC_Real,0,Xception,visual,0.4738,probability,91.71,N/A,N/A,ok,
dfdc_test_003889,DFDC-DFDC_Real,0,Xception,visual,0.4795,probability,102.81,N/A,N/A,ok,
dfdc_test_003890,DFDC-DFDC_Real,0,Xception,visual,0.4341,probability,118.63,N/A,N/A,ok,
dfdc_test_003891,DFDC-DFDC_Real,0,Xception,visual,0.3923,probability,81.92,N/A,N/A,ok,
dfdc_test_003892,DFDC-DFDC_Real,0,Xception,visual,0.4112,probability,102.38,N/A,N/A,ok,
dfdc_test_003893,DFDC-DFDC_Real,0,Xception,visual,0.5585,probability,98.66,N/A,N/A,ok,
dfdc_test_003894,DFDC-DFDC_Real,0,Xception,visual,0.2225,probability,114.66,N/A,N/A,ok,
dfdc_test_003895,DFDC-DFDC_Real,0,Xception,visual,0.4152,probability,99.97,N/A,N/A,ok,
dfdc_test_003896,DFDC-DFDC_Real,0,Xception,visual,0.5226,probability,91.61,N/A,N/A,ok,
dfdc_test_003897,DFDC-DFDC_Real,0,Xception,visual,0.4935,probability,103.76,N/A,N/A,ok,
dfdc_test_003898,DFDC-DFDC_Real,0,Xception,visual,0.3735,probability,100.82,N/A,N/A,ok,
dfdc_test_003899,DFDC-DFDC_Real,0,Xception,visual,0.2028,probability,89.15,N/A,N/A,ok,
dfdc_test_003900,DFDC-DFDC_Real,0,Xception,visual,0.4472,probability,97.8,N/A,N/A,ok,
dfdc_test_003901,DFDC-DFDC_Real,0,Xception,visual,0.4074,probability,122.44,N/A,N/A,ok,
dfdc_test_003902,DFDC-DFDC_Real,0,Xception,visual,0.2865,probability,99.89,N/A,N/A,ok,
dfdc_test_003903,DFDC-DFDC_Real,0,Xception,visual,0.9268,probability,117.23,N/A,N/A,ok,
dfdc_test_003904,DFDC-DFDC_Real,0,Xception,visual,0.2115,probability,122.55,N/A,N/A,ok,
dfdc_test_003905,DFDC-DFDC_Real,0,Xception,visual,0.3181,probability,117.43,N/A,N/A,ok,
dfdc_test_003906,DFDC-DFDC_Real,0,Xception,visual,0.5775,probability,106.1,N/A,N/A,ok,
dfdc_test_003907,DFDC-DFDC_Real,0,Xception,visual,0.7119,probability,102.14,N/A,N/A,ok,
dfdc_test_003908,DFDC-DFDC_Real,0,Xception,visual,0.5338,probability,95.82,N/A,N/A,ok,
dfdc_test_003909,DFDC-DFDC_Real,0,Xception,visual,0.4771,probability,92.95,N/A,N/A,ok,
dfdc_test_003910,DFDC-DFDC_Real,0,Xception,visual,0.398,probability,102.0,N/A,N/A,ok,
dfdc_test_003911,DFDC-DFDC_Real,0,Xception,visual,0.383,probability,94.42,N/A,N/A,ok,
dfdc_test_003912,DFDC-DFDC_Real,0,Xception,visual,0.3213,probability,95.97,N/A,N/A,ok,
dfdc_test_003913,DFDC-DFDC_Real,0,Xception,visual,0.5789,probability,92.25,N/A,N/A,ok,
dfdc_test_003914,DFDC-DFDC_Real,0,Xception,visual,0.4109,probability,111.63,N/A,N/A,ok,
dfdc_test_003915,DFDC-DFDC_Real,0,Xception,visual,0.2893,probability,112.64,N/A,N/A,ok,
dfdc_test_003916,DFDC-DFDC_Real,0,Xception,visual,0.259,probability,97.13,N/A,N/A,ok,
dfdc_test_003917,DFDC-DFDC_Real,0,Xception,visual,0.6972,probability,88.86,N/A,N/A,ok,
dfdc_test_003918,DFDC-DFDC_Real,0,Xception,visual,0.1328,probability,85.98,N/A,N/A,ok,
dfdc_test_003919,DFDC-DFDC_Real,0,Xception,visual,0.411,probability,83.96,N/A,N/A,ok,
dfdc_test_003920,DFDC-DFDC_Real,0,Xception,visual,0.2462,probability,90.5,N/A,N/A,ok,
dfdc_test_003921,DFDC-DFDC_Real,0,Xception,visual,0.3871,probability,88.27,N/A,N/A,ok,
dfdc_test_003922,DFDC-DFDC_Real,0,Xception,visual,0.215,probability,84.04,N/A,N/A,ok,
dfdc_test_003923,DFDC-DFDC_Real,0,Xception,visual,0.6769,probability,93.26,N/A,N/A,ok,
dfdc_test_003924,DFDC-DFDC_Real,0,Xception,visual,0.464,probability,122.78,N/A,N/A,ok,
dfdc_test_003925,DFDC-DFDC_Real,0,Xception,visual,0.4465,probability,138.18,N/A,N/A,ok,
dfdc_test_003926,DFDC-DFDC_Real,0,Xception,visual,0.2425,probability,94.29,N/A,N/A,ok,
dfdc_test_003927,DFDC-DFDC_Real,0,Xception,visual,0.118,probability,88.57,N/A,N/A,ok,
dfdc_test_003928,DFDC-DFDC_Real,0,Xception,visual,0.4314,probability,105.26,N/A,N/A,ok,
dfdc_test_003929,DFDC-DFDC_Real,0,Xception,visual,0.5633,probability,99.36,N/A,N/A,ok,
dfdc_test_003930,DFDC-DFDC_Real,0,Xception,visual,0.2644,probability,87.03,N/A,N/A,ok,
dfdc_test_003931,DFDC-DFDC_Real,0,Xception,visual,0.5628,probability,105.51,N/A,N/A,ok,
dfdc_test_003932,DFDC-DFDC_Real,0,Xception,visual,0.7256,probability,109.23,N/A,N/A,ok,
dfdc_test_003933,DFDC-DFDC_Real,0,Xception,visual,0.0944,probability,111.92,N/A,N/A,ok,
dfdc_test_003934,DFDC-DFDC_Real,0,Xception,visual,0.4684,probability,133.67,N/A,N/A,ok,
dfdc_test_003935,DFDC-DFDC_Real,0,Xception,visual,0.3432,probability,90.89,N/A,N/A,ok,
dfdc_test_003936,DFDC-DFDC_Real,0,Xception,visual,0.3974,probability,85.95,N/A,N/A,ok,
dfdc_test_003937,DFDC-DFDC_Real,0,Xception,visual,0.4623,probability,100.56,N/A,N/A,ok,
dfdc_test_003938,DFDC-DFDC_Real,0,Xception,visual,0.792,probability,98.28,N/A,N/A,ok,
dfdc_test_003939,DFDC-DFDC_Real,0,Xception,visual,0.3692,probability,88.46,N/A,N/A,ok,
dfdc_test_003940,DFDC-DFDC_Real,0,Xception,visual,0.2521,probability,100.0,N/A,N/A,ok,
dfdc_test_003941,DFDC-DFDC_Real,0,Xception,visual,0.5076,probability,132.12,N/A,N/A,ok,
dfdc_test_003942,DFDC-DFDC_Real,0,Xception,visual,0.771,probability,112.86,N/A,N/A,ok,
dfdc_test_003943,DFDC-DFDC_Real,0,Xception,visual,0.0632,probability,121.05,N/A,N/A,ok,
dfdc_test_003944,DFDC-DFDC_Real,0,Xception,visual,0.4279,probability,115.51,N/A,N/A,ok,
dfdc_test_003945,DFDC-DFDC_Real,0,Xception,visual,0.3028,probability,102.0,N/A,N/A,ok,
dfdc_test_003946,DFDC-DFDC_Real,0,Xception,visual,0.3986,probability,96.12,N/A,N/A,ok,
dfdc_test_003947,DFDC-DFDC_Real,0,Xception,visual,0.2796,probability,99.11,N/A,N/A,ok,
dfdc_test_003948,DFDC-DFDC_Real,0,Xception,visual,0.0562,probability,96.63,N/A,N/A,ok,
dfdc_test_003949,DFDC-DFDC_Real,0,Xception,visual,0.1858,probability,127.8,N/A,N/A,ok,
dfdc_test_003950,DFDC-DFDC_Real,0,Xception,visual,0.6236,probability,110.25,N/A,N/A,ok,
dfdc_test_003951,DFDC-DFDC_Real,0,Xception,visual,0.2188,probability,119.33,N/A,N/A,ok,
dfdc_test_003952,DFDC-DFDC_Real,0,Xception,visual,0.5308,probability,114.29,N/A,N/A,ok,
dfdc_test_003953,DFDC-DFDC_Real,0,Xception,visual,0.5219,probability,134.18,N/A,N/A,ok,
dfdc_test_003954,DFDC-DFDC_Real,0,Xception,visual,0.4843,probability,113.73,N/A,N/A,ok,
dfdc_test_003955,DFDC-DFDC_Real,0,Xception,visual,0.6056,probability,117.87,N/A,N/A,ok,
dfdc_test_003956,DFDC-DFDC_Real,0,Xception,visual,0.3177,probability,101.61,N/A,N/A,ok,
dfdc_test_003957,DFDC-DFDC_Real,0,Xception,visual,0.0406,probability,115.49,N/A,N/A,ok,
dfdc_test_003958,DFDC-DFDC_Real,0,Xception,visual,0.2984,probability,92.17,N/A,N/A,ok,
dfdc_test_003959,DFDC-DFDC_Real,0,Xception,visual,0.743,probability,94.31,N/A,N/A,ok,
dfdc_test_003960,DFDC-DFDC_Real,0,Xception,visual,0.3822,probability,90.38,N/A,N/A,ok,
dfdc_test_003961,DFDC-DFDC_Real,0,Xception,visual,0.5376,probability,107.58,N/A,N/A,ok,
dfdc_test_003962,DFDC-DFDC_Real,0,Xception,visual,0.1406,probability,93.18,N/A,N/A,ok,
dfdc_test_003963,DFDC-DFDC_Real,0,Xception,visual,0.1764,probability,84.39,N/A,N/A,ok,
dfdc_test_003964,DFDC-DFDC_Real,0,Xception,visual,0.2923,probability,92.38,N/A,N/A,ok,
dfdc_test_003965,DFDC-DFDC_Real,0,Xception,visual,0.2559,probability,88.98,N/A,N/A,ok,
dfdc_test_003966,DFDC-DFDC_Real,0,Xception,visual,0.3823,probability,108.61,N/A,N/A,ok,
dfdc_test_003967,DFDC-DFDC_Real,0,Xception,visual,0.0526,probability,108.87,N/A,N/A,ok,
dfdc_test_003968,DFDC-DFDC_Real,0,Xception,visual,0.6489,probability,122.89,N/A,N/A,ok,
dfdc_test_003969,DFDC-DFDC_Real,0,Xception,visual,0.212,probability,117.81,N/A,N/A,ok,
dfdc_test_003970,DFDC-DFDC_Real,0,Xception,visual,0.4396,probability,95.36,N/A,N/A,ok,
dfdc_test_003971,DFDC-DFDC_Real,0,Xception,visual,0.527,probability,97.86,N/A,N/A,ok,
dfdc_test_003972,DFDC-DFDC_Real,0,Xception,visual,0.2137,probability,115.77,N/A,N/A,ok,
dfdc_test_003973,DFDC-DFDC_Real,0,Xception,visual,0.617,probability,95.2,N/A,N/A,ok,
dfdc_test_003974,DFDC-DFDC_Real,0,Xception,visual,0.1732,probability,100.4,N/A,N/A,ok,
dfdc_test_003975,DFDC-DFDC_Real,0,Xception,visual,0.4241,probability,92.79,N/A,N/A,ok,
dfdc_test_003976,DFDC-DFDC_Real,0,Xception,visual,0.5339,probability,87.66,N/A,N/A,ok,
dfdc_test_003977,DFDC-DFDC_Real,0,Xception,visual,0.5585,probability,96.33,N/A,N/A,ok,
dfdc_test_003978,DFDC-DFDC_Real,0,Xception,visual,0.2104,probability,104.45,N/A,N/A,ok,
dfdc_test_003979,DFDC-DFDC_Real,0,Xception,visual,0.4068,probability,91.29,N/A,N/A,ok,
dfdc_test_003980,DFDC-DFDC_Real,0,Xception,visual,0.496,probability,96.56,N/A,N/A,ok,
dfdc_test_003981,DFDC-DFDC_Real,0,Xception,visual,0.523,probability,98.85,N/A,N/A,ok,
dfdc_test_003982,DFDC-DFDC_Real,0,Xception,visual,0.2981,probability,115.68,N/A,N/A,ok,
dfdc_test_003983,DFDC-DFDC_Real,0,Xception,visual,0.6029,probability,85.03,N/A,N/A,ok,
dfdc_test_003984,DFDC-DFDC_Real,0,Xception,visual,0.6158,probability,87.26,N/A,N/A,ok,
dfdc_test_003985,DFDC-DFDC_Real,0,Xception,visual,0.3387,probability,100.51,N/A,N/A,ok,
dfdc_test_003986,DFDC-DFDC_Real,0,Xception,visual,0.4775,probability,120.42,N/A,N/A,ok,
dfdc_test_003987,DFDC-DFDC_Real,0,Xception,visual,0.4442,probability,89.48,N/A,N/A,ok,
dfdc_test_003988,DFDC-DFDC_Real,0,Xception,visual,0.2413,probability,108.88,N/A,N/A,ok,
dfdc_test_003989,DFDC-DFDC_Real,0,Xception,visual,0.4448,probability,116.92,N/A,N/A,ok,
dfdc_test_003990,DFDC-DFDC_Real,0,Xception,visual,0.7319,probability,99.28,N/A,N/A,ok,
dfdc_test_003991,DFDC-DFDC_Real,0,Xception,visual,0.5582,probability,88.08,N/A,N/A,ok,
dfdc_test_003992,DFDC-DFDC_Real,0,Xception,visual,0.3754,probability,95.45,N/A,N/A,ok,
dfdc_test_003993,DFDC-DFDC_Real,0,Xception,visual,0.4589,probability,91.53,N/A,N/A,ok,
dfdc_test_003994,DFDC-DFDC_Real,0,Xception,visual,0.1043,probability,89.8,N/A,N/A,ok,
dfdc_test_003995,DFDC-DFDC_Real,0,Xception,visual,0.5104,probability,92.9,N/A,N/A,ok,
dfdc_test_003996,DFDC-DFDC_Real,0,Xception,visual,0.2926,probability,102.62,N/A,N/A,ok,
dfdc_test_003997,DFDC-DFDC_Real,0,Xception,visual,0.5261,probability,87.97,N/A,N/A,ok,
dfdc_test_003998,DFDC-DFDC_Real,0,Xception,visual,0.4769,probability,126.55,N/A,N/A,ok,
dfdc_test_003999,DFDC-DFDC_Real,0,Xception,visual,0.4703,probability,89.29,N/A,N/A,ok,
dfdc_test_004000,DFDC-DFDC_Real,0,Xception,visual,0.6827,probability,96.66,N/A,N/A,ok,
dfdc_test_004001,DFDC-DFDC_Real,0,Xception,visual,0.6568,probability,97.08,N/A,N/A,ok,
dfdc_test_004002,DFDC-DFDC_Real,0,Xception,visual,0.4592,probability,99.54,N/A,N/A,ok,
dfdc_test_004003,DFDC-DFDC_Real,0,Xception,visual,0.4011,probability,91.28,N/A,N/A,ok,
dfdc_test_004004,DFDC-DFDC_Real,0,Xception,visual,0.2269,probability,91.13,N/A,N/A,ok,
dfdc_test_004005,DFDC-DFDC_Real,0,Xception,visual,0.6597,probability,107.59,N/A,N/A,ok,
dfdc_test_004006,DFDC-DFDC_Real,0,Xception,visual,0.2615,probability,117.0,N/A,N/A,ok,
dfdc_test_004007,DFDC-DFDC_Real,0,Xception,visual,0.3126,probability,105.65,N/A,N/A,ok,
dfdc_test_004008,DFDC-DFDC_Real,0,Xception,visual,0.6188,probability,80.24,N/A,N/A,ok,
dfdc_test_004009,DFDC-DFDC_Real,0,Xception,visual,0.4558,probability,121.54,N/A,N/A,ok,
dfdc_test_004010,DFDC-DFDC_Real,0,Xception,visual,0.2288,probability,98.75,N/A,N/A,ok,
dfdc_test_004011,DFDC-DFDC_Real,0,Xception,visual,0.2396,probability,103.74,N/A,N/A,ok,
dfdc_test_004012,DFDC-DFDC_Real,0,Xception,visual,0.1906,probability,94.58,N/A,N/A,ok,
dfdc_test_004013,DFDC-DFDC_Real,0,Xception,visual,0.3886,probability,128.4,N/A,N/A,ok,
dfdc_test_004014,DFDC-DFDC_Real,0,Xception,visual,0.4704,probability,159.09,N/A,N/A,ok,
dfdc_test_004015,DFDC-DFDC_Real,0,Xception,visual,0.1942,probability,152.11,N/A,N/A,ok,
dfdc_test_004016,DFDC-DFDC_Real,0,Xception,visual,0.1282,probability,134.93,N/A,N/A,ok,
dfdc_test_004017,DFDC-DFDC_Real,0,Xception,visual,0.2552,probability,86.95,N/A,N/A,ok,
dfdc_test_004018,DFDC-DFDC_Real,0,Xception,visual,0.7096,probability,95.16,N/A,N/A,ok,
dfdc_test_004019,DFDC-DFDC_Real,0,Xception,visual,0.3125,probability,110.16,N/A,N/A,ok,
dfdc_test_004020,DFDC-DFDC_Real,0,Xception,visual,0.5381,probability,117.61,N/A,N/A,ok,
dfdc_test_004021,DFDC-DFDC_Real,0,Xception,visual,0.089,probability,115.65,N/A,N/A,ok,
dfdc_test_004022,DFDC-DFDC_Real,0,Xception,visual,0.0344,probability,87.74,N/A,N/A,ok,
dfdc_test_004023,DFDC-DFDC_Real,0,Xception,visual,0.5107,probability,101.67,N/A,N/A,ok,
dfdc_test_004024,DFDC-DFDC_Real,0,Xception,visual,0.4855,probability,91.79,N/A,N/A,ok,
dfdc_test_004025,DFDC-DFDC_Real,0,Xception,visual,0.1191,probability,102.25,N/A,N/A,ok,
dfdc_test_004026,DFDC-DFDC_Real,0,Xception,visual,0.2044,probability,109.55,N/A,N/A,ok,
dfdc_test_004027,DFDC-DFDC_Real,0,Xception,visual,0.1636,probability,87.3,N/A,N/A,ok,
dfdc_test_004028,DFDC-DFDC_Real,0,Xception,visual,0.5559,probability,87.07,N/A,N/A,ok,
dfdc_test_004029,DFDC-DFDC_Real,0,Xception,visual,0.5005,probability,101.06,N/A,N/A,ok,
dfdc_test_004030,DFDC-DFDC_Real,0,Xception,visual,0.4558,probability,92.63,N/A,N/A,ok,
dfdc_test_004031,DFDC-DFDC_Real,0,Xception,visual,0.8057,probability,87.95,N/A,N/A,ok,
dfdc_test_004032,DFDC-DFDC_Real,0,Xception,visual,0.3117,probability,84.05,N/A,N/A,ok,
dfdc_test_004033,DFDC-DFDC_Real,0,Xception,visual,0.4073,probability,99.39,N/A,N/A,ok,
dfdc_test_004034,DFDC-DFDC_Real,0,Xception,visual,0.1316,probability,84.97,N/A,N/A,ok,
dfdc_test_004035,DFDC-DFDC_Real,0,Xception,visual,0.4583,probability,114.04,N/A,N/A,ok,
dfdc_test_004036,DFDC-DFDC_Real,0,Xception,visual,0.1726,probability,88.46,N/A,N/A,ok,
dfdc_test_004037,DFDC-DFDC_Real,0,Xception,visual,0.4736,probability,107.81,N/A,N/A,ok,
dfdc_test_004038,DFDC-DFDC_Real,0,Xception,visual,0.4614,probability,96.08,N/A,N/A,ok,
dfdc_test_004039,DFDC-DFDC_Real,0,Xception,visual,0.3208,probability,83.98,N/A,N/A,ok,
dfdc_test_004040,DFDC-DFDC_Real,0,Xception,visual,0.6776,probability,95.12,N/A,N/A,ok,
dfdc_test_004041,DFDC-DFDC_Real,0,Xception,visual,0.5193,probability,88.1,N/A,N/A,ok,
dfdc_test_004042,DFDC-DFDC_Real,0,Xception,visual,0.4024,probability,86.51,N/A,N/A,ok,
dfdc_test_004043,DFDC-DFDC_Real,0,Xception,visual,0.3234,probability,93.9,N/A,N/A,ok,
dfdc_test_004044,DFDC-DFDC_Real,0,Xception,visual,0.4581,probability,88.58,N/A,N/A,ok,
dfdc_test_004045,DFDC-DFDC_Real,0,Xception,visual,0.2687,probability,97.62,N/A,N/A,ok,
dfdc_test_004046,DFDC-DFDC_Real,0,Xception,visual,0.2951,probability,96.83,N/A,N/A,ok,
dfdc_test_004047,DFDC-DFDC_Real,0,Xception,visual,0.5791,probability,98.9,N/A,N/A,ok,
dfdc_test_004048,DFDC-DFDC_Real,0,Xception,visual,0.6532,probability,93.08,N/A,N/A,ok,
dfdc_test_004049,DFDC-DFDC_Real,0,Xception,visual,0.7422,probability,94.49,N/A,N/A,ok,
dfdc_test_004050,DFDC-DFDC_Real,0,Xception,visual,0.2905,probability,111.26,N/A,N/A,ok,
dfdc_test_004051,DFDC-DFDC_Real,0,Xception,visual,0.2351,probability,103.62,N/A,N/A,ok,
dfdc_test_004052,DFDC-DFDC_Real,0,Xception,visual,0.3533,probability,95.57,N/A,N/A,ok,
dfdc_test_004053,DFDC-DFDC_Real,0,Xception,visual,0.1141,probability,96.61,N/A,N/A,ok,
dfdc_test_004054,DFDC-DFDC_Real,0,Xception,visual,0.0713,probability,98.01,N/A,N/A,ok,
dfdc_test_004055,DFDC-DFDC_Real,0,Xception,visual,0.552,probability,95.45,N/A,N/A,ok,
dfdc_test_004056,DFDC-DFDC_Real,0,Xception,visual,0.569,probability,93.59,N/A,N/A,ok,
dfdc_test_004057,DFDC-DFDC_Real,0,Xception,visual,0.2678,probability,87.95,N/A,N/A,ok,
dfdc_test_004058,DFDC-DFDC_Real,0,Xception,visual,0.3584,probability,85.43,N/A,N/A,ok,
dfdc_test_004059,DFDC-DFDC_Real,0,Xception,visual,0.2634,probability,89.33,N/A,N/A,ok,
dfdc_test_004060,DFDC-DFDC_Real,0,Xception,visual,0.7392,probability,101.27,N/A,N/A,ok,
dfdc_test_004061,DFDC-DFDC_Real,0,Xception,visual,0.5127,probability,83.06,N/A,N/A,ok,
dfdc_test_004062,DFDC-DFDC_Real,0,Xception,visual,0.9531,probability,108.17,N/A,N/A,ok,
dfdc_test_004063,DFDC-DFDC_Real,0,Xception,visual,0.4055,probability,80.08,N/A,N/A,ok,
dfdc_test_004064,DFDC-DFDC_Real,0,Xception,visual,0.2507,probability,86.31,N/A,N/A,ok,
dfdc_test_004065,DFDC-DFDC_Real,0,Xception,visual,0.5784,probability,88.71,N/A,N/A,ok,
dfdc_test_004066,DFDC-DFDC_Real,0,Xception,visual,0.0202,probability,88.2,N/A,N/A,ok,
dfdc_test_004067,DFDC-DFDC_Real,0,Xception,visual,0.1098,probability,105.25,N/A,N/A,ok,
dfdc_test_004068,DFDC-DFDC_Real,0,Xception,visual,0.5957,probability,107.11,N/A,N/A,ok,
dfdc_test_004069,DFDC-DFDC_Real,0,Xception,visual,0.5919,probability,97.06,N/A,N/A,ok,
dfdc_test_004070,DFDC-DFDC_Real,0,Xception,visual,0.1864,probability,96.13,N/A,N/A,ok,
dfdc_test_004071,DFDC-DFDC_Real,0,Xception,visual,0.4221,probability,87.31,N/A,N/A,ok,
dfdc_test_004072,DFDC-DFDC_Real,0,Xception,visual,0.1278,probability,82.88,N/A,N/A,ok,
dfdc_test_004073,DFDC-DFDC_Real,0,Xception,visual,0.4375,probability,99.29,N/A,N/A,ok,
dfdc_test_004074,DFDC-DFDC_Real,0,Xception,visual,0.2921,probability,95.95,N/A,N/A,ok,
dfdc_test_004075,DFDC-DFDC_Real,0,Xception,visual,0.4692,probability,102.7,N/A,N/A,ok,
dfdc_test_004076,DFDC-DFDC_Real,0,Xception,visual,0.7394,probability,92.48,N/A,N/A,ok,
dfdc_test_004077,DFDC-DFDC_Real,0,Xception,visual,0.9137,probability,115.7,N/A,N/A,ok,
dfdc_test_004078,DFDC-DFDC_Real,0,Xception,visual,0.6208,probability,94.2,N/A,N/A,ok,
dfdc_test_004079,DFDC-DFDC_Real,0,Xception,visual,0.3469,probability,96.03,N/A,N/A,ok,
dfdc_test_004080,DFDC-DFDC_Real,0,Xception,visual,0.4957,probability,96.76,N/A,N/A,ok,
dfdc_test_004081,DFDC-DFDC_Real,0,Xception,visual,0.4992,probability,87.82,N/A,N/A,ok,
dfdc_test_004082,DFDC-DFDC_Real,0,Xception,visual,0.2184,probability,93.14,N/A,N/A,ok,
dfdc_test_004083,DFDC-DFDC_Real,0,Xception,visual,0.5041,probability,88.64,N/A,N/A,ok,
dfdc_test_004084,DFDC-DFDC_Real,0,Xception,visual,0.2273,probability,110.98,N/A,N/A,ok,
dfdc_test_004085,DFDC-DFDC_Real,0,Xception,visual,0.1967,probability,99.34,N/A,N/A,ok,
dfdc_test_004086,DFDC-DFDC_Real,0,Xception,visual,0.4323,probability,98.67,N/A,N/A,ok,
dfdc_test_004087,DFDC-DFDC_Real,0,Xception,visual,0.0441,probability,104.12,N/A,N/A,ok,
dfdc_test_004088,DFDC-DFDC_Real,0,Xception,visual,0.1445,probability,101.69,N/A,N/A,ok,
dfdc_test_004089,DFDC-DFDC_Real,0,Xception,visual,0.6633,probability,93.59,N/A,N/A,ok,
dfdc_test_004090,DFDC-DFDC_Real,0,Xception,visual,0.2202,probability,103.37,N/A,N/A,ok,
dfdc_test_004091,DFDC-DFDC_Real,0,Xception,visual,0.6762,probability,99.06,N/A,N/A,ok,
dfdc_test_004092,DFDC-DFDC_Real,0,Xception,visual,0.4058,probability,94.81,N/A,N/A,ok,
dfdc_test_004093,DFDC-DFDC_Real,0,Xception,visual,0.4887,probability,91.37,N/A,N/A,ok,
dfdc_test_004094,DFDC-DFDC_Real,0,Xception,visual,0.2887,probability,95.58,N/A,N/A,ok,
dfdc_test_004095,DFDC-DFDC_Real,0,Xception,visual,0.5691,probability,104.15,N/A,N/A,ok,
dfdc_test_004096,DFDC-DFDC_Real,0,Xception,visual,0.2719,probability,99.39,N/A,N/A,ok,
dfdc_test_004097,DFDC-DFDC_Real,0,Xception,visual,0.4415,probability,95.23,N/A,N/A,ok,
dfdc_test_004098,DFDC-DFDC_Real,0,Xception,visual,0.4265,probability,101.78,N/A,N/A,ok,
dfdc_test_004099,DFDC-DFDC_Real,0,Xception,visual,0.4912,probability,98.27,N/A,N/A,ok,
dfdc_test_004100,DFDC-DFDC_Real,0,Xception,visual,0.7528,probability,94.03,N/A,N/A,ok,
dfdc_test_004101,DFDC-DFDC_Real,0,Xception,visual,0.4489,probability,88.04,N/A,N/A,ok,
dfdc_test_004102,DFDC-DFDC_Real,0,Xception,visual,0.4916,probability,97.37,N/A,N/A,ok,
dfdc_test_004103,DFDC-DFDC_Real,0,Xception,visual,0.2466,probability,98.92,N/A,N/A,ok,
dfdc_test_004104,DFDC-DFDC_Real,0,Xception,visual,0.3496,probability,96.9,N/A,N/A,ok,
dfdc_test_004105,DFDC-DFDC_Real,0,Xception,visual,0.7389,probability,108.85,N/A,N/A,ok,
dfdc_test_004106,DFDC-DFDC_Real,0,Xception,visual,0.5758,probability,107.53,N/A,N/A,ok,
dfdc_test_004107,DFDC-DFDC_Real,0,Xception,visual,0.7894,probability,102.53,N/A,N/A,ok,
dfdc_test_004108,DFDC-DFDC_Real,0,Xception,visual,0.6076,probability,114.13,N/A,N/A,ok,
dfdc_test_004109,DFDC-DFDC_Real,0,Xception,visual,0.1743,probability,110.76,N/A,N/A,ok,
dfdc_test_004110,DFDC-DFDC_Real,0,Xception,visual,0.3901,probability,109.4,N/A,N/A,ok,
dfdc_test_004111,DFDC-DFDC_Real,0,Xception,visual,0.4522,probability,109.94,N/A,N/A,ok,
dfdc_test_004112,DFDC-DFDC_Real,0,Xception,visual,0.1815,probability,103.83,N/A,N/A,ok,
dfdc_test_004113,DFDC-DFDC_Real,0,Xception,visual,0.4494,probability,99.54,N/A,N/A,ok,
dfdc_test_004114,DFDC-DFDC_Real,0,Xception,visual,0.223,probability,100.13,N/A,N/A,ok,
dfdc_test_004115,DFDC-DFDC_Real,0,Xception,visual,0.095,probability,98.05,N/A,N/A,ok,
dfdc_test_004116,DFDC-DFDC_Real,0,Xception,visual,0.1058,probability,109.92,N/A,N/A,ok,
dfdc_test_004117,DFDC-DFDC_Real,0,Xception,visual,0.0851,probability,100.71,N/A,N/A,ok,
dfdc_test_004118,DFDC-DFDC_Real,0,Xception,visual,0.6032,probability,101.62,N/A,N/A,ok,
dfdc_test_004119,DFDC-DFDC_Real,0,Xception,visual,0.3971,probability,100.15,N/A,N/A,ok,
dfdc_test_004120,DFDC-DFDC_Real,0,Xception,visual,0.5192,probability,101.42,N/A,N/A,ok,
dfdc_test_004121,DFDC-DFDC_Real,0,Xception,visual,0.493,probability,110.04,N/A,N/A,ok,
dfdc_test_004122,DFDC-DFDC_Real,0,Xception,visual,0.7274,probability,95.31,N/A,N/A,ok,
dfdc_test_004123,DFDC-DFDC_Real,0,Xception,visual,0.1329,probability,96.59,N/A,N/A,ok,
dfdc_test_004124,DFDC-DFDC_Real,0,Xception,visual,0.0517,probability,97.65,N/A,N/A,ok,
dfdc_test_004125,DFDC-DFDC_Real,0,Xception,visual,0.7467,probability,111.65,N/A,N/A,ok,
dfdc_test_004126,DFDC-DFDC_Real,0,Xception,visual,0.2373,probability,98.77,N/A,N/A,ok,
dfdc_test_004127,DFDC-DFDC_Real,0,Xception,visual,0.5313,probability,108.41,N/A,N/A,ok,
dfdc_test_004128,DFDC-DFDC_Real,0,Xception,visual,0.4158,probability,98.96,N/A,N/A,ok,
dfdc_test_004129,DFDC-DFDC_Real,0,Xception,visual,0.1028,probability,105.64,N/A,N/A,ok,
dfdc_test_004130,DFDC-DFDC_Real,0,Xception,visual,0.3827,probability,101.29,N/A,N/A,ok,
dfdc_test_004131,DFDC-DFDC_Real,0,Xception,visual,0.4958,probability,97.05,N/A,N/A,ok,
dfdc_test_004132,DFDC-DFDC_Real,0,Xception,visual,0.2841,probability,89.01,N/A,N/A,ok,
dfdc_test_004133,DFDC-DFDC_Real,0,Xception,visual,0.5598,probability,96.5,N/A,N/A,ok,
dfdc_test_004134,DFDC-DFDC_Real,0,Xception,visual,0.398,probability,88.35,N/A,N/A,ok,
dfdc_test_004135,DFDC-DFDC_Real,0,Xception,visual,0.4563,probability,91.22,N/A,N/A,ok,
dfdc_test_004136,DFDC-DFDC_Real,0,Xception,visual,0.4466,probability,93.58,N/A,N/A,ok,
dfdc_test_004137,DFDC-DFDC_Real,0,Xception,visual,0.6445,probability,92.39,N/A,N/A,ok,
dfdc_test_004138,DFDC-DFDC_Real,0,Xception,visual,0.4934,probability,90.89,N/A,N/A,ok,
dfdc_test_004139,DFDC-DFDC_Real,0,Xception,visual,0.5819,probability,101.18,N/A,N/A,ok,
dfdc_test_004140,DFDC-DFDC_Real,0,Xception,visual,0.8176,probability,91.39,N/A,N/A,ok,
dfdc_test_004141,DFDC-DFDC_Real,0,Xception,visual,0.3467,probability,84.59,N/A,N/A,ok,
dfdc_test_004142,DFDC-DFDC_Real,0,Xception,visual,0.5423,probability,89.61,N/A,N/A,ok,
dfdc_test_004143,DFDC-DFDC_Real,0,Xception,visual,0.304,probability,96.6,N/A,N/A,ok,
dfdc_test_004144,DFDC-DFDC_Real,0,Xception,visual,0.7286,probability,83.91,N/A,N/A,ok,
dfdc_test_004145,DFDC-DFDC_Real,0,Xception,visual,0.5102,probability,100.6,N/A,N/A,ok,
dfdc_test_004146,DFDC-DFDC_Real,0,Xception,visual,0.3257,probability,100.59,N/A,N/A,ok,
dfdc_test_004147,DFDC-DFDC_Real,0,Xception,visual,0.7667,probability,80.24,N/A,N/A,ok,
dfdc_test_004148,DFDC-DFDC_Real,0,Xception,visual,0.6681,probability,86.21,N/A,N/A,ok,
dfdc_test_004149,DFDC-DFDC_Real,0,Xception,visual,0.2727,probability,86.51,N/A,N/A,ok,
dfdc_test_004150,DFDC-DFDC_Real,0,Xception,visual,0.4733,probability,86.07,N/A,N/A,ok,
dfdc_test_004151,DFDC-DFDC_Real,0,Xception,visual,0.3784,probability,82.49,N/A,N/A,ok,
dfdc_test_004152,DFDC-DFDC_Real,0,Xception,visual,0.6312,probability,99.32,N/A,N/A,ok,
dfdc_test_004153,DFDC-DFDC_Real,0,Xception,visual,0.8062,probability,89.98,N/A,N/A,ok,
dfdc_test_004154,DFDC-DFDC_Real,0,Xception,visual,0.0691,probability,93.37,N/A,N/A,ok,
dfdc_test_004155,DFDC-DFDC_Real,0,Xception,visual,0.2663,probability,89.94,N/A,N/A,ok,
dfdc_test_004156,DFDC-DFDC_Real,0,Xception,visual,0.3202,probability,117.25,N/A,N/A,ok,
dfdc_test_004157,DFDC-DFDC_Real,0,Xception,visual,0.1941,probability,97.43,N/A,N/A,ok,
dfdc_test_004158,DFDC-DFDC_Real,0,Xception,visual,0.4825,probability,101.9,N/A,N/A,ok,
dfdc_test_004159,DFDC-DFDC_Real,0,Xception,visual,0.4366,probability,95.7,N/A,N/A,ok,
dfdc_test_004160,DFDC-DFDC_Real,0,Xception,visual,0.3883,probability,84.95,N/A,N/A,ok,
dfdc_test_004161,DFDC-DFDC_Real,0,Xception,visual,0.6159,probability,107.63,N/A,N/A,ok,
dfdc_test_004162,DFDC-DFDC_Real,0,Xception,visual,0.0923,probability,99.24,N/A,N/A,ok,
dfdc_test_004163,DFDC-DFDC_Real,0,Xception,visual,0.2962,probability,98.36,N/A,N/A,ok,
dfdc_test_004164,DFDC-DFDC_Real,0,Xception,visual,0.6564,probability,104.26,N/A,N/A,ok,
dfdc_test_004165,DFDC-DFDC_Real,0,Xception,visual,0.4593,probability,109.97,N/A,N/A,ok,
dfdc_test_004166,DFDC-DFDC_Real,0,Xception,visual,0.446,probability,95.97,N/A,N/A,ok,
dfdc_test_004167,DFDC-DFDC_Real,0,Xception,visual,0.068,probability,99.92,N/A,N/A,ok,
dfdc_test_004168,DFDC-DFDC_Real,0,Xception,visual,0.1703,probability,85.39,N/A,N/A,ok,
dfdc_test_004169,DFDC-DFDC_Real,0,Xception,visual,0.0745,probability,105.34,N/A,N/A,ok,
dfdc_test_004170,DFDC-DFDC_Real,0,Xception,visual,0.1569,probability,113.99,N/A,N/A,ok,
dfdc_test_004171,DFDC-DFDC_Real,0,Xception,visual,0.6536,probability,106.97,N/A,N/A,ok,
dfdc_test_004172,DFDC-DFDC_Real,0,Xception,visual,0.2648,probability,89.33,N/A,N/A,ok,
dfdc_test_004173,DFDC-DFDC_Real,0,Xception,visual,0.5142,probability,101.82,N/A,N/A,ok,
dfdc_test_004174,DFDC-DFDC_Real,0,Xception,visual,0.1482,probability,94.27,N/A,N/A,ok,
dfdc_test_004175,DFDC-DFDC_Real,0,Xception,visual,0.3278,probability,102.97,N/A,N/A,ok,
dfdc_test_004176,DFDC-DFDC_Real,0,Xception,visual,0.0841,probability,113.36,N/A,N/A,ok,
dfdc_test_004177,DFDC-DFDC_Real,0,Xception,visual,0.1911,probability,99.97,N/A,N/A,ok,
dfdc_test_004178,DFDC-DFDC_Real,0,Xception,visual,0.2734,probability,99.35,N/A,N/A,ok,
dfdc_test_004179,DFDC-DFDC_Real,0,Xception,visual,0.3285,probability,112.04,N/A,N/A,ok,
dfdc_test_004180,DFDC-DFDC_Real,0,Xception,visual,0.3497,probability,109.45,N/A,N/A,ok,
dfdc_test_004181,DFDC-DFDC_Real,0,Xception,visual,0.6382,probability,90.72,N/A,N/A,ok,
dfdc_test_004182,DFDC-DFDC_Real,0,Xception,visual,0.6861,probability,100.32,N/A,N/A,ok,
dfdc_test_004183,DFDC-DFDC_Real,0,Xception,visual,0.3324,probability,92.44,N/A,N/A,ok,
dfdc_test_004184,DFDC-DFDC_Real,0,Xception,visual,0.1801,probability,92.05,N/A,N/A,ok,
dfdc_test_004185,DFDC-DFDC_Real,0,Xception,visual,0.5002,probability,88.46,N/A,N/A,ok,
dfdc_test_004186,DFDC-DFDC_Real,0,Xception,visual,0.7397,probability,82.45,N/A,N/A,ok,
dfdc_test_004187,DFDC-DFDC_Real,0,Xception,visual,0.2793,probability,137.33,N/A,N/A,ok,
dfdc_test_004188,DFDC-DFDC_Real,0,Xception,visual,0.5794,probability,87.94,N/A,N/A,ok,
dfdc_test_004189,DFDC-DFDC_Real,0,Xception,visual,0.37,probability,102.03,N/A,N/A,ok,
dfdc_test_004190,DFDC-DFDC_Real,0,Xception,visual,0.5101,probability,110.86,N/A,N/A,ok,
dfdc_test_004191,DFDC-DFDC_Real,0,Xception,visual,0.1177,probability,125.22,N/A,N/A,ok,
dfdc_test_004192,DFDC-DFDC_Real,0,Xception,visual,0.6645,probability,84.9,N/A,N/A,ok,
dfdc_test_004193,DFDC-DFDC_Real,0,Xception,visual,0.6068,probability,83.81,N/A,N/A,ok,
dfdc_test_004194,DFDC-DFDC_Real,0,Xception,visual,0.5722,probability,90.05,N/A,N/A,ok,
dfdc_test_004195,DFDC-DFDC_Real,0,Xception,visual,0.1943,probability,118.83,N/A,N/A,ok,
dfdc_test_004196,DFDC-DFDC_Real,0,Xception,visual,0.6462,probability,103.83,N/A,N/A,ok,
dfdc_test_004197,DFDC-DFDC_Real,0,Xception,visual,0.5282,probability,104.84,N/A,N/A,ok,
dfdc_test_004198,DFDC-DFDC_Real,0,Xception,visual,0.1697,probability,99.51,N/A,N/A,ok,
dfdc_test_004199,DFDC-DFDC_Real,0,Xception,visual,0.4909,probability,99.92,N/A,N/A,ok,
dfdc_test_004200,DFDC-DFDC_Real,0,Xception,visual,0.6111,probability,117.65,N/A,N/A,ok,
dfdc_test_004201,DFDC-DFDC_Real,0,Xception,visual,0.1367,probability,92.64,N/A,N/A,ok,
dfdc_test_004202,DFDC-DFDC_Real,0,Xception,visual,0.6073,probability,113.86,N/A,N/A,ok,
dfdc_test_004203,DFDC-DFDC_Real,0,Xception,visual,0.3583,probability,180.27,N/A,N/A,ok,
dfdc_test_004204,DFDC-DFDC_Real,0,Xception,visual,0.4409,probability,137.16,N/A,N/A,ok,
dfdc_test_004205,DFDC-DFDC_Real,0,Xception,visual,0.0977,probability,122.65,N/A,N/A,ok,
dfdc_test_004206,DFDC-DFDC_Real,0,Xception,visual,0.179,probability,129.12,N/A,N/A,ok,
dfdc_test_004207,DFDC-DFDC_Real,0,Xception,visual,0.8034,probability,110.66,N/A,N/A,ok,
dfdc_test_004208,DFDC-DFDC_Real,0,Xception,visual,0.1734,probability,135.88,N/A,N/A,ok,
dfdc_test_004209,DFDC-DFDC_Real,0,Xception,visual,0.6337,probability,108.17,N/A,N/A,ok,
dfdc_test_004210,DFDC-DFDC_Real,0,Xception,visual,0.1007,probability,123.36,N/A,N/A,ok,
dfdc_test_004211,DFDC-DFDC_Real,0,Xception,visual,0.9008,probability,110.35,N/A,N/A,ok,
dfdc_test_004212,DFDC-DFDC_Real,0,Xception,visual,0.263,probability,116.76,N/A,N/A,ok,
dfdc_test_004213,DFDC-DFDC_Real,0,Xception,visual,0.492,probability,93.26,N/A,N/A,ok,
dfdc_test_004214,DFDC-DFDC_Real,0,Xception,visual,0.251,probability,93.15,N/A,N/A,ok,
dfdc_test_004215,DFDC-DFDC_Real,0,Xception,visual,0.2909,probability,122.44,N/A,N/A,ok,
dfdc_test_004216,DFDC-DFDC_Real,0,Xception,visual,0.3487,probability,135.34,N/A,N/A,ok,
dfdc_test_004217,DFDC-DFDC_Real,0,Xception,visual,0.3226,probability,128.12,N/A,N/A,ok,
dfdc_test_004218,DFDC-DFDC_Real,0,Xception,visual,0.254,probability,160.75,N/A,N/A,ok,
dfdc_test_004219,DFDC-DFDC_Real,0,Xception,visual,0.4182,probability,116.17,N/A,N/A,ok,
dfdc_test_004220,DFDC-DFDC_Real,0,Xception,visual,0.494,probability,118.77,N/A,N/A,ok,
dfdc_test_004221,DFDC-DFDC_Real,0,Xception,visual,0.5495,probability,106.16,N/A,N/A,ok,
dfdc_test_004222,DFDC-DFDC_Real,0,Xception,visual,0.6409,probability,86.62,N/A,N/A,ok,
dfdc_test_004223,DFDC-DFDC_Real,0,Xception,visual,0.0472,probability,137.99,N/A,N/A,ok,
dfdc_test_004224,DFDC-DFDC_Real,0,Xception,visual,0.4046,probability,90.87,N/A,N/A,ok,
dfdc_test_004225,DFDC-DFDC_Real,0,Xception,visual,0.45,probability,112.74,N/A,N/A,ok,
dfdc_test_004226,DFDC-DFDC_Real,0,Xception,visual,0.2676,probability,88.34,N/A,N/A,ok,
dfdc_test_004227,DFDC-DFDC_Real,0,Xception,visual,0.1499,probability,130.54,N/A,N/A,ok,
dfdc_test_004228,DFDC-DFDC_Real,0,Xception,visual,0.9225,probability,112.86,N/A,N/A,ok,
dfdc_test_004229,DFDC-DFDC_Real,0,Xception,visual,0.739,probability,110.37,N/A,N/A,ok,
dfdc_test_004230,DFDC-DFDC_Real,0,Xception,visual,0.5447,probability,111.33,N/A,N/A,ok,
dfdc_test_004231,DFDC-DFDC_Real,0,Xception,visual,0.299,probability,104.84,N/A,N/A,ok,
dfdc_test_004232,DFDC-DFDC_Real,0,Xception,visual,0.2119,probability,112.61,N/A,N/A,ok,
dfdc_test_004233,DFDC-DFDC_Real,0,Xception,visual,0.3707,probability,150.45,N/A,N/A,ok,
dfdc_test_004234,DFDC-DFDC_Real,0,Xception,visual,0.7764,probability,147.75,N/A,N/A,ok,
dfdc_test_004235,DFDC-DFDC_Real,0,Xception,visual,0.4499,probability,143.07,N/A,N/A,ok,
dfdc_test_004236,DFDC-DFDC_Real,0,Xception,visual,0.6275,probability,125.19,N/A,N/A,ok,
dfdc_test_004237,DFDC-DFDC_Real,0,Xception,visual,0.3893,probability,119.38,N/A,N/A,ok,
dfdc_test_004238,DFDC-DFDC_Real,0,Xception,visual,0.2388,probability,113.48,N/A,N/A,ok,
dfdc_test_004239,DFDC-DFDC_Real,0,Xception,visual,0.3657,probability,112.41,N/A,N/A,ok,
dfdc_test_004240,DFDC-DFDC_Real,0,Xception,visual,0.0705,probability,114.92,N/A,N/A,ok,
dfdc_test_004241,DFDC-DFDC_Real,0,Xception,visual,0.0431,probability,142.32,N/A,N/A,ok,
dfdc_test_004242,DFDC-DFDC_Real,0,Xception,visual,0.129,probability,121.66,N/A,N/A,ok,
dfdc_test_004243,DFDC-DFDC_Real,0,Xception,visual,0.2444,probability,117.78,N/A,N/A,ok,
dfdc_test_004244,DFDC-DFDC_Real,0,Xception,visual,0.4322,probability,124.4,N/A,N/A,ok,
dfdc_test_004245,DFDC-DFDC_Real,0,Xception,visual,0.2983,probability,113.3,N/A,N/A,ok,
dfdc_test_004246,DFDC-DFDC_Real,0,Xception,visual,0.2969,probability,116.87,N/A,N/A,ok,
dfdc_test_004247,DFDC-DFDC_Real,0,Xception,visual,0.0476,probability,116.98,N/A,N/A,ok,
dfdc_test_004248,DFDC-DFDC_Real,0,Xception,visual,0.3733,probability,132.65,N/A,N/A,ok,
dfdc_test_004249,DFDC-DFDC_Real,0,Xception,visual,0.3383,probability,145.33,N/A,N/A,ok,
dfdc_test_004250,DFDC-DFDC_Real,0,Xception,visual,0.4862,probability,158.67,N/A,N/A,ok,
dfdc_test_004251,DFDC-DFDC_Real,0,Xception,visual,0.4758,probability,119.2,N/A,N/A,ok,
dfdc_test_004252,DFDC-DFDC_Real,0,Xception,visual,0.3109,probability,95.31,N/A,N/A,ok,
dfdc_test_004253,DFDC-DFDC_Real,0,Xception,visual,0.2729,probability,97.04,N/A,N/A,ok,
dfdc_test_004254,DFDC-DFDC_Real,0,Xception,visual,0.3767,probability,92.89,N/A,N/A,ok,
dfdc_test_004255,DFDC-DFDC_Real,0,Xception,visual,0.1126,probability,103.99,N/A,N/A,ok,
dfdc_test_004256,DFDC-DFDC_Real,0,Xception,visual,0.5028,probability,101.17,N/A,N/A,ok,
dfdc_test_004257,DFDC-DFDC_Real,0,Xception,visual,0.8291,probability,137.84,N/A,N/A,ok,
dfdc_test_004258,DFDC-DFDC_Real,0,Xception,visual,0.2969,probability,113.01,N/A,N/A,ok,
dfdc_test_004259,DFDC-DFDC_Real,0,Xception,visual,0.0888,probability,114.99,N/A,N/A,ok,
dfdc_test_004260,DFDC-DFDC_Real,0,Xception,visual,0.5081,probability,125.55,N/A,N/A,ok,
dfdc_test_004261,DFDC-DFDC_Real,0,Xception,visual,0.3158,probability,122.87,N/A,N/A,ok,
dfdc_test_004262,DFDC-DFDC_Real,0,Xception,visual,0.3849,probability,135.01,N/A,N/A,ok,
dfdc_test_004263,DFDC-DFDC_Real,0,Xception,visual,0.9021,probability,97.37,N/A,N/A,ok,
dfdc_test_004264,DFDC-DFDC_Real,0,Xception,visual,0.4628,probability,109.13,N/A,N/A,ok,
dfdc_test_004265,DFDC-DFDC_Real,0,Xception,visual,0.4235,probability,111.12,N/A,N/A,ok,
dfdc_test_004266,DFDC-DFDC_Real,0,Xception,visual,0.5426,probability,115.12,N/A,N/A,ok,
dfdc_test_004267,DFDC-DFDC_Real,0,Xception,visual,0.7861,probability,93.39,N/A,N/A,ok,
dfdc_test_004268,DFDC-DFDC_Real,0,Xception,visual,0.0398,probability,85.88,N/A,N/A,ok,
dfdc_test_004269,DFDC-DFDC_Real,0,Xception,visual,0.8953,probability,124.36,N/A,N/A,ok,
dfdc_test_004270,DFDC-DFDC_Real,0,Xception,visual,0.5778,probability,114.09,N/A,N/A,ok,
dfdc_test_004271,DFDC-DFDC_Real,0,Xception,visual,0.2492,probability,94.94,N/A,N/A,ok,
dfdc_test_004272,DFDC-DFDC_Real,0,Xception,visual,0.5499,probability,97.19,N/A,N/A,ok,
dfdc_test_004273,DFDC-DFDC_Real,0,Xception,visual,0.4026,probability,86.73,N/A,N/A,ok,
dfdc_test_004274,DFDC-DFDC_Real,0,Xception,visual,0.2495,probability,102.46,N/A,N/A,ok,
dfdc_test_004275,DFDC-DFDC_Real,0,Xception,visual,0.3709,probability,116.67,N/A,N/A,ok,
dfdc_test_004276,DFDC-DFDC_Real,0,Xception,visual,0.4591,probability,128.31,N/A,N/A,ok,
dfdc_test_004277,DFDC-DFDC_Real,0,Xception,visual,0.5008,probability,124.78,N/A,N/A,ok,
dfdc_test_004278,DFDC-DFDC_Real,0,Xception,visual,0.1576,probability,121.25,N/A,N/A,ok,
dfdc_test_004279,DFDC-DFDC_Real,0,Xception,visual,0.0746,probability,95.43,N/A,N/A,ok,
dfdc_test_004280,DFDC-DFDC_Real,0,Xception,visual,0.2922,probability,116.76,N/A,N/A,ok,
dfdc_test_004281,DFDC-DFDC_Real,0,Xception,visual,0.702,probability,124.18,N/A,N/A,ok,
dfdc_test_004282,DFDC-DFDC_Real,0,Xception,visual,0.3175,probability,85.74,N/A,N/A,ok,
dfdc_test_004283,DFDC-DFDC_Real,0,Xception,visual,0.715,probability,86.13,N/A,N/A,ok,
dfdc_test_004284,DFDC-DFDC_Real,0,Xception,visual,0.5332,probability,119.3,N/A,N/A,ok,
dfdc_test_004285,DFDC-DFDC_Real,0,Xception,visual,0.2899,probability,88.91,N/A,N/A,ok,
dfdc_test_004286,DFDC-DFDC_Real,0,Xception,visual,0.7136,probability,118.89,N/A,N/A,ok,
dfdc_test_004287,DFDC-DFDC_Real,0,Xception,visual,0.2616,probability,103.11,N/A,N/A,ok,
dfdc_test_004288,DFDC-DFDC_Real,0,Xception,visual,0.5288,probability,83.48,N/A,N/A,ok,
dfdc_test_004289,DFDC-DFDC_Real,0,Xception,visual,0.5357,probability,107.05,N/A,N/A,ok,
dfdc_test_004290,DFDC-DFDC_Real,0,Xception,visual,0.6857,probability,125.37,N/A,N/A,ok,
dfdc_test_004291,DFDC-DFDC_Real,0,Xception,visual,0.2167,probability,124.43,N/A,N/A,ok,
dfdc_test_004292,DFDC-DFDC_Real,0,Xception,visual,0.8545,probability,119.25,N/A,N/A,ok,
dfdc_test_004293,DFDC-DFDC_Real,0,Xception,visual,0.5357,probability,98.28,N/A,N/A,ok,
dfdc_test_004294,DFDC-DFDC_Real,0,Xception,visual,0.5254,probability,107.64,N/A,N/A,ok,
dfdc_test_004295,DFDC-DFDC_Real,0,Xception,visual,0.0826,probability,127.44,N/A,N/A,ok,
dfdc_test_004296,DFDC-DFDC_Real,0,Xception,visual,0.5335,probability,111.97,N/A,N/A,ok,
dfdc_test_004297,DFDC-DFDC_Real,0,Xception,visual,0.5632,probability,117.62,N/A,N/A,ok,
dfdc_test_004298,DFDC-DFDC_Real,0,Xception,visual,0.1137,probability,140.74,N/A,N/A,ok,
dfdc_test_004299,DFDC-DFDC_Real,0,Xception,visual,0.4486,probability,150.02,N/A,N/A,ok,
dfdc_test_004300,DFDC-DFDC_Real,0,Xception,visual,0.7588,probability,142.85,N/A,N/A,ok,
dfdc_test_004301,DFDC-DFDC_Real,0,Xception,visual,0.4298,probability,155.13,N/A,N/A,ok,
dfdc_test_004302,DFDC-DFDC_Real,0,Xception,visual,0.1933,probability,127.2,N/A,N/A,ok,
dfdc_test_004303,DFDC-DFDC_Real,0,Xception,visual,0.2315,probability,130.98,N/A,N/A,ok,
dfdc_test_004304,DFDC-DFDC_Real,0,Xception,visual,0.4956,probability,162.29,N/A,N/A,ok,
dfdc_test_004305,DFDC-DFDC_Real,0,Xception,visual,0.485,probability,129.37,N/A,N/A,ok,
dfdc_test_004306,DFDC-DFDC_Real,0,Xception,visual,0.4047,probability,125.51,N/A,N/A,ok,
dfdc_test_004307,DFDC-DFDC_Real,0,Xception,visual,0.5191,probability,167.96,N/A,N/A,ok,
dfdc_test_004308,DFDC-DFDC_Real,0,Xception,visual,0.2259,probability,147.15,N/A,N/A,ok,
dfdc_test_004309,DFDC-DFDC_Real,0,Xception,visual,0.4788,probability,105.74,N/A,N/A,ok,
dfdc_test_004310,DFDC-DFDC_Real,0,Xception,visual,0.6124,probability,138.61,N/A,N/A,ok,
dfdc_test_004311,DFDC-DFDC_Real,0,Xception,visual,0.1703,probability,127.36,N/A,N/A,ok,
dfdc_test_004312,DFDC-DFDC_Real,0,Xception,visual,0.249,probability,110.31,N/A,N/A,ok,
dfdc_test_004313,DFDC-DFDC_Real,0,Xception,visual,0.5467,probability,137.3,N/A,N/A,ok,
dfdc_test_004314,DFDC-DFDC_Real,0,Xception,visual,0.0788,probability,103.35,N/A,N/A,ok,
dfdc_test_004315,DFDC-DFDC_Real,0,Xception,visual,0.1703,probability,106.51,N/A,N/A,ok,
dfdc_test_004316,DFDC-DFDC_Real,0,Xception,visual,0.4069,probability,135.68,N/A,N/A,ok,
dfdc_test_004317,DFDC-DFDC_Real,0,Xception,visual,0.6204,probability,116.45,N/A,N/A,ok,
dfdc_test_004318,DFDC-DFDC_Real,0,Xception,visual,0.2508,probability,135.48,N/A,N/A,ok,
dfdc_test_004319,DFDC-DFDC_Real,0,Xception,visual,0.1098,probability,158.02,N/A,N/A,ok,
dfdc_test_004320,DFDC-DFDC_Real,0,Xception,visual,0.4881,probability,149.55,N/A,N/A,ok,
dfdc_test_004321,DFDC-DFDC_Real,0,Xception,visual,0.26,probability,99.15,N/A,N/A,ok,
dfdc_test_004322,DFDC-DFDC_Real,0,Xception,visual,0.3644,probability,103.31,N/A,N/A,ok,
dfdc_test_004323,DFDC-DFDC_Real,0,Xception,visual,0.4067,probability,89.85,N/A,N/A,ok,
dfdc_test_004324,DFDC-DFDC_Real,0,Xception,visual,0.4694,probability,113.69,N/A,N/A,ok,
dfdc_test_004325,DFDC-DFDC_Real,0,Xception,visual,0.6737,probability,119.1,N/A,N/A,ok,
dfdc_test_004326,DFDC-DFDC_Real,0,Xception,visual,0.1609,probability,102.68,N/A,N/A,ok,
dfdc_test_004327,DFDC-DFDC_Real,0,Xception,visual,0.4685,probability,92.3,N/A,N/A,ok,
dfdc_test_004328,DFDC-DFDC_Real,0,Xception,visual,0.4106,probability,88.1,N/A,N/A,ok,
dfdc_test_004329,DFDC-DFDC_Real,0,Xception,visual,0.5172,probability,83.66,N/A,N/A,ok,
dfdc_test_004330,DFDC-DFDC_Real,0,Xception,visual,0.1981,probability,111.14,N/A,N/A,ok,
dfdc_test_004331,DFDC-DFDC_Real,0,Xception,visual,0.2399,probability,86.82,N/A,N/A,ok,
dfdc_test_004332,DFDC-DFDC_Real,0,Xception,visual,0.3952,probability,93.62,N/A,N/A,ok,
dfdc_test_004333,DFDC-DFDC_Real,0,Xception,visual,0.2858,probability,103.95,N/A,N/A,ok,
dfdc_test_004334,DFDC-DFDC_Real,0,Xception,visual,0.5384,probability,141.78,N/A,N/A,ok,
dfdc_test_004335,DFDC-DFDC_Real,0,Xception,visual,0.3153,probability,98.79,N/A,N/A,ok,
dfdc_test_004336,DFDC-DFDC_Real,0,Xception,visual,0.2762,probability,115.18,N/A,N/A,ok,
dfdc_test_004337,DFDC-DFDC_Real,0,Xception,visual,0.4116,probability,133.73,N/A,N/A,ok,
dfdc_test_004338,DFDC-DFDC_Real,0,Xception,visual,0.231,probability,107.15,N/A,N/A,ok,
dfdc_test_004339,DFDC-DFDC_Real,0,Xception,visual,0.5324,probability,129.85,N/A,N/A,ok,
dfdc_test_004340,DFDC-DFDC_Real,0,Xception,visual,0.1207,probability,144.5,N/A,N/A,ok,
dfdc_test_004341,DFDC-DFDC_Real,0,Xception,visual,0.4912,probability,121.92,N/A,N/A,ok,
dfdc_test_004342,DFDC-DFDC_Real,0,Xception,visual,0.4584,probability,111.97,N/A,N/A,ok,
dfdc_test_004343,DFDC-DFDC_Real,0,Xception,visual,0.4818,probability,95.04,N/A,N/A,ok,
dfdc_test_004344,DFDC-DFDC_Real,0,Xception,visual,0.6291,probability,120.11,N/A,N/A,ok,
dfdc_test_004345,DFDC-DFDC_Real,0,Xception,visual,0.4835,probability,100.55,N/A,N/A,ok,
dfdc_test_004346,DFDC-DFDC_Real,0,Xception,visual,0.3287,probability,97.42,N/A,N/A,ok,
dfdc_test_004347,DFDC-DFDC_Real,0,Xception,visual,0.3351,probability,98.72,N/A,N/A,ok,
dfdc_test_004348,DFDC-DFDC_Real,0,Xception,visual,0.3398,probability,112.77,N/A,N/A,ok,
dfdc_test_004349,DFDC-DFDC_Real,0,Xception,visual,0.4798,probability,92.29,N/A,N/A,ok,
dfdc_test_004350,DFDC-DFDC_Real,0,Xception,visual,0.4343,probability,86.14,N/A,N/A,ok,
dfdc_test_004351,DFDC-DFDC_Real,0,Xception,visual,0.0365,probability,80.46,N/A,N/A,ok,
dfdc_test_004352,DFDC-DFDC_Real,0,Xception,visual,0.5401,probability,79.37,N/A,N/A,ok,
dfdc_test_004353,DFDC-DFDC_Real,0,Xception,visual,0.3329,probability,82.65,N/A,N/A,ok,
dfdc_test_004354,DFDC-DFDC_Real,0,Xception,visual,0.2124,probability,99.39,N/A,N/A,ok,
dfdc_test_004355,DFDC-DFDC_Real,0,Xception,visual,0.5635,probability,85.87,N/A,N/A,ok,
dfdc_test_004356,DFDC-DFDC_Real,0,Xception,visual,0.6131,probability,96.6,N/A,N/A,ok,
dfdc_test_004357,DFDC-DFDC_Real,0,Xception,visual,0.7818,probability,100.56,N/A,N/A,ok,
dfdc_test_004358,DFDC-DFDC_Real,0,Xception,visual,0.2267,probability,100.13,N/A,N/A,ok,
dfdc_test_004359,DFDC-DFDC_Real,0,Xception,visual,0.6696,probability,103.64,N/A,N/A,ok,
dfdc_test_004360,DFDC-DFDC_Real,0,Xception,visual,0.1037,probability,103.13,N/A,N/A,ok,
dfdc_test_004361,DFDC-DFDC_Real,0,Xception,visual,0.547,probability,95.06,N/A,N/A,ok,
dfdc_test_004362,DFDC-DFDC_Real,0,Xception,visual,0.479,probability,88.95,N/A,N/A,ok,
dfdc_test_004363,DFDC-DFDC_Real,0,Xception,visual,0.501,probability,88.44,N/A,N/A,ok,
dfdc_test_004364,DFDC-DFDC_Real,0,Xception,visual,0.3914,probability,94.28,N/A,N/A,ok,
dfdc_test_004365,DFDC-DFDC_Real,0,Xception,visual,0.0657,probability,102.22,N/A,N/A,ok,
dfdc_test_004366,DFDC-DFDC_Real,0,Xception,visual,0.5355,probability,100.78,N/A,N/A,ok,
dfdc_test_004367,DFDC-DFDC_Real,0,Xception,visual,0.6231,probability,104.16,N/A,N/A,ok,
dfdc_test_004368,DFDC-DFDC_Real,0,Xception,visual,0.1573,probability,99.24,N/A,N/A,ok,
dfdc_test_004369,DFDC-DFDC_Real,0,Xception,visual,0.2415,probability,96.18,N/A,N/A,ok,
dfdc_test_004370,DFDC-DFDC_Real,0,Xception,visual,0.4583,probability,122.14,N/A,N/A,ok,
dfdc_test_004371,DFDC-DFDC_Real,0,Xception,visual,0.3904,probability,104.32,N/A,N/A,ok,
dfdc_test_004372,DFDC-DFDC_Real,0,Xception,visual,0.3112,probability,99.56,N/A,N/A,ok,
dfdc_test_004373,DFDC-DFDC_Real,0,Xception,visual,0.7782,probability,94.78,N/A,N/A,ok,
dfdc_test_004374,DFDC-DFDC_Real,0,Xception,visual,0.1044,probability,90.84,N/A,N/A,ok,
dfdc_test_004375,DFDC-DFDC_Real,0,Xception,visual,0.0697,probability,87.85,N/A,N/A,ok,
dfdc_test_004376,DFDC-DFDC_Real,0,Xception,visual,0.5386,probability,84.77,N/A,N/A,ok,
dfdc_test_004377,DFDC-DFDC_Real,0,Xception,visual,0.5518,probability,108.59,N/A,N/A,ok,
dfdc_test_004378,DFDC-DFDC_Real,0,Xception,visual,0.3232,probability,108.51,N/A,N/A,ok,
dfdc_test_004379,DFDC-DFDC_Real,0,Xception,visual,0.1955,probability,121.32,N/A,N/A,ok,
dfdc_test_004380,DFDC-DFDC_Real,0,Xception,visual,0.0775,probability,130.62,N/A,N/A,ok,
dfdc_test_004381,DFDC-DFDC_Real,0,Xception,visual,0.5493,probability,116.37,N/A,N/A,ok,
dfdc_test_004382,DFDC-DFDC_Real,0,Xception,visual,0.3084,probability,87.77,N/A,N/A,ok,
dfdc_test_004383,DFDC-DFDC_Real,0,Xception,visual,0.7822,probability,101.7,N/A,N/A,ok,
dfdc_test_004384,DFDC-DFDC_Real,0,Xception,visual,0.7541,probability,98.71,N/A,N/A,ok,
dfdc_test_004385,DFDC-DFDC_Real,0,Xception,visual,0.0268,probability,109.07,N/A,N/A,ok,
dfdc_test_004386,DFDC-DFDC_Real,0,Xception,visual,0.2656,probability,104.19,N/A,N/A,ok,
dfdc_test_004387,DFDC-DFDC_Real,0,Xception,visual,0.4763,probability,110.36,N/A,N/A,ok,
dfdc_test_004388,DFDC-DFDC_Real,0,Xception,visual,0.4158,probability,101.48,N/A,N/A,ok,
dfdc_test_004389,DFDC-DFDC_Real,0,Xception,visual,0.6146,probability,110.37,N/A,N/A,ok,
dfdc_test_004390,DFDC-DFDC_Real,0,Xception,visual,0.492,probability,124.66,N/A,N/A,ok,
dfdc_test_004391,DFDC-DFDC_Real,0,Xception,visual,0.6117,probability,106.52,N/A,N/A,ok,
dfdc_test_004392,DFDC-DFDC_Real,0,Xception,visual,0.5584,probability,109.59,N/A,N/A,ok,
dfdc_test_004393,DFDC-DFDC_Real,0,Xception,visual,0.0801,probability,102.27,N/A,N/A,ok,
dfdc_test_004394,DFDC-DFDC_Real,0,Xception,visual,0.3979,probability,91.46,N/A,N/A,ok,
dfdc_test_004395,DFDC-DFDC_Real,0,Xception,visual,0.3087,probability,98.58,N/A,N/A,ok,
dfdc_test_004396,DFDC-DFDC_Real,0,Xception,visual,0.7122,probability,102.52,N/A,N/A,ok,
dfdc_test_004397,DFDC-DFDC_Real,0,Xception,visual,0.2638,probability,105.17,N/A,N/A,ok,
dfdc_test_004398,DFDC-DFDC_Real,0,Xception,visual,0.4627,probability,104.38,N/A,N/A,ok,
dfdc_test_004399,DFDC-DFDC_Real,0,Xception,visual,0.3457,probability,106.39,N/A,N/A,ok,
dfdc_test_004400,DFDC-DFDC_Real,0,Xception,visual,0.4293,probability,86.05,N/A,N/A,ok,
dfdc_test_004401,DFDC-DFDC_Real,0,Xception,visual,0.186,probability,114.02,N/A,N/A,ok,
dfdc_test_004402,DFDC-DFDC_Real,0,Xception,visual,0.4419,probability,89.17,N/A,N/A,ok,
dfdc_test_004403,DFDC-DFDC_Real,0,Xception,visual,0.0615,probability,96.5,N/A,N/A,ok,
dfdc_test_004404,DFDC-DFDC_Real,0,Xception,visual,0.7084,probability,87.85,N/A,N/A,ok,
dfdc_test_004405,DFDC-DFDC_Real,0,Xception,visual,0.4071,probability,113.23,N/A,N/A,ok,
dfdc_test_004406,DFDC-DFDC_Real,0,Xception,visual,0.7774,probability,120.37,N/A,N/A,ok,
dfdc_test_004407,DFDC-DFDC_Real,0,Xception,visual,0.4124,probability,90.84,N/A,N/A,ok,
dfdc_test_004408,DFDC-DFDC_Real,0,Xception,visual,0.476,probability,123.9,N/A,N/A,ok,
dfdc_test_004409,DFDC-DFDC_Real,0,Xception,visual,0.2742,probability,106.17,N/A,N/A,ok,
dfdc_test_004410,DFDC-DFDC_Real,0,Xception,visual,0.1017,probability,86.25,N/A,N/A,ok,
dfdc_test_004411,DFDC-DFDC_Real,0,Xception,visual,0.5958,probability,95.54,N/A,N/A,ok,
dfdc_test_004412,DFDC-DFDC_Real,0,Xception,visual,0.4735,probability,112.95,N/A,N/A,ok,
dfdc_test_004413,DFDC-DFDC_Real,0,Xception,visual,0.303,probability,97.05,N/A,N/A,ok,
dfdc_test_004414,DFDC-DFDC_Real,0,Xception,visual,0.2822,probability,97.46,N/A,N/A,ok,
dfdc_test_004415,DFDC-DFDC_Real,0,Xception,visual,0.4534,probability,121.44,N/A,N/A,ok,
dfdc_test_004416,DFDC-DFDC_Real,0,Xception,visual,0.7221,probability,109.23,N/A,N/A,ok,
dfdc_test_004417,DFDC-DFDC_Real,0,Xception,visual,0.3682,probability,119.79,N/A,N/A,ok,
dfdc_test_004418,DFDC-DFDC_Real,0,Xception,visual,0.5409,probability,115.82,N/A,N/A,ok,
dfdc_test_004419,DFDC-DFDC_Real,0,Xception,visual,0.5642,probability,111.84,N/A,N/A,ok,
dfdc_test_004420,DFDC-DFDC_Real,0,Xception,visual,0.6666,probability,104.1,N/A,N/A,ok,
dfdc_test_004421,DFDC-DFDC_Real,0,Xception,visual,0.0568,probability,107.96,N/A,N/A,ok,
dfdc_test_004422,DFDC-DFDC_Real,0,Xception,visual,0.3677,probability,80.5,N/A,N/A,ok,
dfdc_test_004423,DFDC-DFDC_Real,0,Xception,visual,0.2505,probability,96.54,N/A,N/A,ok,
dfdc_test_004424,DFDC-DFDC_Real,0,Xception,visual,0.602,probability,105.86,N/A,N/A,ok,
dfdc_test_004425,DFDC-DFDC_Real,0,Xception,visual,0.5795,probability,102.35,N/A,N/A,ok,
dfdc_test_004426,DFDC-DFDC_Real,0,Xception,visual,0.4779,probability,84.52,N/A,N/A,ok,
dfdc_test_004427,DFDC-DFDC_Real,0,Xception,visual,0.5474,probability,107.38,N/A,N/A,ok,
dfdc_test_004428,DFDC-DFDC_Real,0,Xception,visual,0.3426,probability,119.35,N/A,N/A,ok,
dfdc_test_004429,DFDC-DFDC_Real,0,Xception,visual,0.1827,probability,109.59,N/A,N/A,ok,
dfdc_test_004430,DFDC-DFDC_Real,0,Xception,visual,0.1766,probability,109.28,N/A,N/A,ok,
dfdc_test_004431,DFDC-DFDC_Real,0,Xception,visual,0.408,probability,89.23,N/A,N/A,ok,
dfdc_test_004432,DFDC-DFDC_Real,0,Xception,visual,0.4599,probability,83.14,N/A,N/A,ok,
dfdc_test_004433,DFDC-DFDC_Real,0,Xception,visual,0.4371,probability,82.6,N/A,N/A,ok,
dfdc_test_004434,DFDC-DFDC_Real,0,Xception,visual,0.4924,probability,99.55,N/A,N/A,ok,
dfdc_test_004435,DFDC-DFDC_Real,0,Xception,visual,0.5098,probability,88.44,N/A,N/A,ok,
dfdc_test_004436,DFDC-DFDC_Real,0,Xception,visual,0.0814,probability,100.03,N/A,N/A,ok,
dfdc_test_004437,DFDC-DFDC_Real,0,Xception,visual,0.7072,probability,99.54,N/A,N/A,ok,
dfdc_test_004438,DFDC-DFDC_Real,0,Xception,visual,0.7709,probability,117.45,N/A,N/A,ok,
dfdc_test_004439,DFDC-DFDC_Real,0,Xception,visual,0.4088,probability,110.17,N/A,N/A,ok,
dfdc_test_004440,DFDC-DFDC_Real,0,Xception,visual,0.3479,probability,119.75,N/A,N/A,ok,
dfdc_test_004441,DFDC-DFDC_Real,0,Xception,visual,0.7688,probability,109.76,N/A,N/A,ok,
dfdc_test_004442,DFDC-DFDC_Real,0,Xception,visual,0.402,probability,154.91,N/A,N/A,ok,
dfdc_test_004443,DFDC-DFDC_Real,0,Xception,visual,0.5741,probability,125.6,N/A,N/A,ok,
dfdc_test_004444,DFDC-DFDC_Real,0,Xception,visual,0.484,probability,128.54,N/A,N/A,ok,
dfdc_test_004445,DFDC-DFDC_Real,0,Xception,visual,0.1884,probability,132.88,N/A,N/A,ok,
dfdc_test_004446,DFDC-DFDC_Real,0,Xception,visual,0.4232,probability,126.89,N/A,N/A,ok,
dfdc_test_004447,DFDC-DFDC_Real,0,Xception,visual,0.2918,probability,128.61,N/A,N/A,ok,
dfdc_test_004448,DFDC-DFDC_Real,0,Xception,visual,0.4641,probability,129.22,N/A,N/A,ok,
dfdc_test_004449,DFDC-DFDC_Real,0,Xception,visual,0.142,probability,135.82,N/A,N/A,ok,
dfdc_test_004450,DFDC-DFDC_Real,0,Xception,visual,0.248,probability,114.64,N/A,N/A,ok,
dfdc_test_004451,DFDC-DFDC_Real,0,Xception,visual,0.4136,probability,147.78,N/A,N/A,ok,
dfdc_test_004452,DFDC-DFDC_Real,0,Xception,visual,0.5545,probability,114.43,N/A,N/A,ok,
dfdc_test_004453,DFDC-DFDC_Real,0,Xception,visual,0.4932,probability,141.95,N/A,N/A,ok,
dfdc_test_004454,DFDC-DFDC_Real,0,Xception,visual,0.4241,probability,119.89,N/A,N/A,ok,
dfdc_test_004455,DFDC-DFDC_Real,0,Xception,visual,0.4358,probability,199.16,N/A,N/A,ok,
dfdc_test_004456,DFDC-DFDC_Real,0,Xception,visual,0.4138,probability,183.69,N/A,N/A,ok,
dfdc_test_004457,DFDC-DFDC_Real,0,Xception,visual,0.1546,probability,147.59,N/A,N/A,ok,
dfdc_test_004458,DFDC-DFDC_Real,0,Xception,visual,0.1692,probability,153.27,N/A,N/A,ok,
dfdc_test_004459,DFDC-DFDC_Real,0,Xception,visual,0.5889,probability,170.13,N/A,N/A,ok,
dfdc_test_004460,DFDC-DFDC_Real,0,Xception,visual,0.147,probability,160.29,N/A,N/A,ok,
dfdc_test_004461,DFDC-DFDC_Real,0,Xception,visual,0.4575,probability,179.69,N/A,N/A,ok,
dfdc_test_004462,DFDC-DFDC_Real,0,Xception,visual,0.3026,probability,155.25,N/A,N/A,ok,
dfdc_test_004463,DFDC-DFDC_Real,0,Xception,visual,0.6309,probability,180.77,N/A,N/A,ok,
dfdc_test_004464,DFDC-DFDC_Real,0,Xception,visual,0.1226,probability,169.31,N/A,N/A,ok,
dfdc_test_004465,DFDC-DFDC_Real,0,Xception,visual,0.2485,probability,165.0,N/A,N/A,ok,
dfdc_test_004466,DFDC-DFDC_Real,0,Xception,visual,0.2906,probability,146.29,N/A,N/A,ok,
dfdc_test_004467,DFDC-DFDC_Real,0,Xception,visual,0.3182,probability,124.74,N/A,N/A,ok,
dfdc_test_004468,DFDC-DFDC_Real,0,Xception,visual,0.1352,probability,136.68,N/A,N/A,ok,
dfdc_test_004469,DFDC-DFDC_Real,0,Xception,visual,0.6624,probability,141.59,N/A,N/A,ok,
dfdc_test_004470,DFDC-DFDC_Real,0,Xception,visual,0.8655,probability,158.47,N/A,N/A,ok,
dfdc_test_004471,DFDC-DFDC_Real,0,Xception,visual,0.3175,probability,120.03,N/A,N/A,ok,
dfdc_test_004472,DFDC-DFDC_Real,0,Xception,visual,0.5651,probability,129.45,N/A,N/A,ok,
dfdc_test_004473,DFDC-DFDC_Real,0,Xception,visual,0.301,probability,133.68,N/A,N/A,ok,
dfdc_test_004474,DFDC-DFDC_Real,0,Xception,visual,0.2514,probability,112.49,N/A,N/A,ok,
dfdc_test_004475,DFDC-DFDC_Real,0,Xception,visual,0.5439,probability,95.65,N/A,N/A,ok,
dfdc_test_004476,DFDC-DFDC_Real,0,Xception,visual,0.3952,probability,96.26,N/A,N/A,ok,
dfdc_test_004477,DFDC-DFDC_Real,0,Xception,visual,0.4573,probability,119.64,N/A,N/A,ok,
dfdc_test_004478,DFDC-DFDC_Real,0,Xception,visual,0.5961,probability,125.6,N/A,N/A,ok,
dfdc_test_004479,DFDC-DFDC_Real,0,Xception,visual,0.4724,probability,121.04,N/A,N/A,ok,
dfdc_test_004480,DFDC-DFDC_Real,0,Xception,visual,0.2417,probability,124.67,N/A,N/A,ok,
dfdc_test_004481,DFDC-DFDC_Real,0,Xception,visual,0.6723,probability,121.06,N/A,N/A,ok,
dfdc_test_004482,DFDC-DFDC_Real,0,Xception,visual,0.3366,probability,129.26,N/A,N/A,ok,
dfdc_test_004483,DFDC-DFDC_Real,0,Xception,visual,0.2467,probability,98.32,N/A,N/A,ok,
dfdc_test_004484,DFDC-DFDC_Real,0,Xception,visual,0.4008,probability,113.04,N/A,N/A,ok,
dfdc_test_004485,DFDC-DFDC_Real,0,Xception,visual,0.5229,probability,136.57,N/A,N/A,ok,
dfdc_test_004486,DFDC-DFDC_Real,0,Xception,visual,0.3508,probability,134.13,N/A,N/A,ok,
dfdc_test_004487,DFDC-DFDC_Real,0,Xception,visual,0.3842,probability,122.57,N/A,N/A,ok,
dfdc_test_004488,DFDC-DFDC_Real,0,Xception,visual,0.3186,probability,92.41,N/A,N/A,ok,
dfdc_test_004489,DFDC-DFDC_Real,0,Xception,visual,0.4717,probability,139.13,N/A,N/A,ok,
dfdc_test_004490,DFDC-DFDC_Real,0,Xception,visual,0.3381,probability,116.83,N/A,N/A,ok,
dfdc_test_004491,DFDC-DFDC_Real,0,Xception,visual,0.6943,probability,113.76,N/A,N/A,ok,
dfdc_test_004492,DFDC-DFDC_Real,0,Xception,visual,0.6517,probability,95.77,N/A,N/A,ok,
dfdc_test_004493,DFDC-DFDC_Real,0,Xception,visual,0.2546,probability,121.84,N/A,N/A,ok,
dfdc_test_004494,DFDC-DFDC_Real,0,Xception,visual,0.2001,probability,124.1,N/A,N/A,ok,
dfdc_test_004495,DFDC-DFDC_Real,0,Xception,visual,0.1483,probability,100.68,N/A,N/A,ok,
dfdc_test_004496,DFDC-DFDC_Real,0,Xception,visual,0.7092,probability,112.5,N/A,N/A,ok,
dfdc_test_004497,DFDC-DFDC_Real,0,Xception,visual,0.3521,probability,105.3,N/A,N/A,ok,
dfdc_test_004498,DFDC-DFDC_Real,0,Xception,visual,0.4912,probability,157.43,N/A,N/A,ok,
dfdc_test_004499,DFDC-DFDC_Real,0,Xception,visual,0.7215,probability,127.11,N/A,N/A,ok,
dfdc_test_004500,DFDC-DFDC_Real,0,Xception,visual,0.4646,probability,134.32,N/A,N/A,ok,
dfdc_test_004501,DFDC-DFDC_Real,0,Xception,visual,0.7819,probability,119.57,N/A,N/A,ok,
dfdc_test_004502,DFDC-DFDC_Real,0,Xception,visual,0.6622,probability,126.46,N/A,N/A,ok,
dfdc_test_004503,DFDC-DFDC_Real,0,Xception,visual,0.5547,probability,115.16,N/A,N/A,ok,
dfdc_test_004504,DFDC-DFDC_Real,0,Xception,visual,0.8895,probability,138.73,N/A,N/A,ok,
dfdc_test_004505,DFDC-DFDC_Real,0,Xception,visual,0.4564,probability,106.47,N/A,N/A,ok,
dfdc_test_004506,DFDC-DFDC_Real,0,Xception,visual,0.8145,probability,93.43,N/A,N/A,ok,
dfdc_test_004507,DFDC-DFDC_Real,0,Xception,visual,0.3454,probability,119.92,N/A,N/A,ok,
dfdc_test_004508,DFDC-DFDC_Real,0,Xception,visual,0.3212,probability,113.25,N/A,N/A,ok,
dfdc_test_004509,DFDC-DFDC_Real,0,Xception,visual,0.7877,probability,119.07,N/A,N/A,ok,
dfdc_test_004510,DFDC-DFDC_Real,0,Xception,visual,0.5292,probability,116.83,N/A,N/A,ok,
dfdc_test_004511,DFDC-DFDC_Real,0,Xception,visual,0.0169,probability,90.95,N/A,N/A,ok,
dfdc_test_004512,DFDC-DFDC_Real,0,Xception,visual,0.4524,probability,102.27,N/A,N/A,ok,
dfdc_test_004513,DFDC-DFDC_Real,0,Xception,visual,0.4234,probability,91.09,N/A,N/A,ok,
dfdc_test_004514,DFDC-DFDC_Real,0,Xception,visual,0.5034,probability,83.17,N/A,N/A,ok,
dfdc_test_004515,DFDC-DFDC_Real,0,Xception,visual,0.4326,probability,100.76,N/A,N/A,ok,
dfdc_test_004516,DFDC-DFDC_Real,0,Xception,visual,0.5629,probability,101.1,N/A,N/A,ok,
dfdc_test_004517,DFDC-DFDC_Real,0,Xception,visual,0.765,probability,89.39,N/A,N/A,ok,
dfdc_test_004518,DFDC-DFDC_Real,0,Xception,visual,0.4873,probability,111.72,N/A,N/A,ok,
dfdc_test_004519,DFDC-DFDC_Real,0,Xception,visual,0.3324,probability,112.75,N/A,N/A,ok,
dfdc_test_004520,DFDC-DFDC_Real,0,Xception,visual,0.5602,probability,103.29,N/A,N/A,ok,
dfdc_test_004521,DFDC-DFDC_Real,0,Xception,visual,0.3264,probability,97.54,N/A,N/A,ok,
dfdc_test_004522,DFDC-DFDC_Real,0,Xception,visual,0.2236,probability,87.07,N/A,N/A,ok,
dfdc_test_004523,DFDC-DFDC_Real,0,Xception,visual,0.2336,probability,83.3,N/A,N/A,ok,
dfdc_test_004524,DFDC-DFDC_Real,0,Xception,visual,0.1023,probability,83.62,N/A,N/A,ok,
dfdc_test_004525,DFDC-DFDC_Real,0,Xception,visual,0.6097,probability,98.17,N/A,N/A,ok,
dfdc_test_004526,DFDC-DFDC_Real,0,Xception,visual,0.2809,probability,103.01,N/A,N/A,ok,
dfdc_test_004527,DFDC-DFDC_Real,0,Xception,visual,0.4691,probability,95.61,N/A,N/A,ok,
dfdc_test_004528,DFDC-DFDC_Real,0,Xception,visual,0.4799,probability,78.36,N/A,N/A,ok,
dfdc_test_004529,DFDC-DFDC_Real,0,Xception,visual,0.1498,probability,85.49,N/A,N/A,ok,
dfdc_test_004530,DFDC-DFDC_Real,0,Xception,visual,0.6458,probability,83.49,N/A,N/A,ok,
dfdc_test_004531,DFDC-DFDC_Real,0,Xception,visual,0.5684,probability,81.43,N/A,N/A,ok,
dfdc_test_004532,DFDC-DFDC_Real,0,Xception,visual,0.0952,probability,101.69,N/A,N/A,ok,
dfdc_test_004533,DFDC-DFDC_Real,0,Xception,visual,0.6978,probability,111.43,N/A,N/A,ok,
dfdc_test_004534,DFDC-DFDC_Real,0,Xception,visual,0.1763,probability,117.49,N/A,N/A,ok,
dfdc_test_004535,DFDC-DFDC_Real,0,Xception,visual,0.2573,probability,118.43,N/A,N/A,ok,
dfdc_test_004536,DFDC-DFDC_Real,0,Xception,visual,0.3448,probability,124.25,N/A,N/A,ok,
dfdc_test_004537,DFDC-DFDC_Real,0,Xception,visual,0.3574,probability,127.06,N/A,N/A,ok,
dfdc_test_004538,DFDC-DFDC_Real,0,Xception,visual,0.4463,probability,94.7,N/A,N/A,ok,
dfdc_test_004539,DFDC-DFDC_Real,0,Xception,visual,0.0807,probability,85.31,N/A,N/A,ok,
dfdc_test_004540,DFDC-DFDC_Real,0,Xception,visual,0.2485,probability,148.84,N/A,N/A,ok,
dfdc_test_004541,DFDC-DFDC_Real,0,Xception,visual,0.5092,probability,143.82,N/A,N/A,ok,
dfdc_test_004542,DFDC-DFDC_Real,0,Xception,visual,0.7004,probability,129.98,N/A,N/A,ok,
dfdc_test_004543,DFDC-DFDC_Real,0,Xception,visual,0.7837,probability,128.57,N/A,N/A,ok,
dfdc_test_004544,DFDC-DFDC_Real,0,Xception,visual,0.6017,probability,116.72,N/A,N/A,ok,
dfdc_test_004545,DFDC-DFDC_Real,0,Xception,visual,0.4775,probability,135.21,N/A,N/A,ok,
dfdc_test_004546,DFDC-DFDC_Real,0,Xception,visual,0.2978,probability,102.25,N/A,N/A,ok,
dfdc_test_004547,DFDC-DFDC_Real,0,Xception,visual,0.5198,probability,138.25,N/A,N/A,ok,
dfdc_test_004548,DFDC-DFDC_Real,0,Xception,visual,0.3454,probability,106.34,N/A,N/A,ok,
dfdc_test_004549,DFDC-DFDC_Real,0,Xception,visual,0.4319,probability,87.63,N/A,N/A,ok,
dfdc_test_004550,DFDC-DFDC_Real,0,Xception,visual,0.4572,probability,103.27,N/A,N/A,ok,
dfdc_test_004551,DFDC-DFDC_Real,0,Xception,visual,0.3469,probability,84.57,N/A,N/A,ok,
dfdc_test_004552,DFDC-DFDC_Real,0,Xception,visual,0.3966,probability,95.09,N/A,N/A,ok,
dfdc_test_004553,DFDC-DFDC_Real,0,Xception,visual,0.059,probability,277.7,N/A,N/A,ok,
dfdc_test_004554,DFDC-DFDC_Real,0,Xception,visual,0.4357,probability,171.08,N/A,N/A,ok,
dfdc_test_004555,DFDC-DFDC_Real,0,Xception,visual,0.3199,probability,149.63,N/A,N/A,ok,
dfdc_test_004556,DFDC-DFDC_Real,0,Xception,visual,0.3227,probability,97.25,N/A,N/A,ok,
dfdc_test_004557,DFDC-DFDC_Real,0,Xception,visual,0.4973,probability,112.43,N/A,N/A,ok,
dfdc_test_004558,DFDC-DFDC_Real,0,Xception,visual,0.9355,probability,136.3,N/A,N/A,ok,
dfdc_test_004559,DFDC-DFDC_Real,0,Xception,visual,0.4754,probability,104.73,N/A,N/A,ok,
dfdc_test_004560,DFDC-DFDC_Real,0,Xception,visual,0.7679,probability,95.97,N/A,N/A,ok,
dfdc_test_004561,DFDC-DFDC_Real,0,Xception,visual,0.1745,probability,98.56,N/A,N/A,ok,
dfdc_test_004562,DFDC-DFDC_Real,0,Xception,visual,0.4894,probability,90.48,N/A,N/A,ok,
dfdc_test_004563,DFDC-DFDC_Real,0,Xception,visual,0.2042,probability,102.55,N/A,N/A,ok,
dfdc_test_004564,DFDC-DFDC_Real,0,Xception,visual,0.1983,probability,121.37,N/A,N/A,ok,
dfdc_test_004565,DFDC-DFDC_Real,0,Xception,visual,0.5117,probability,120.73,N/A,N/A,ok,
dfdc_test_004566,DFDC-DFDC_Real,0,Xception,visual,0.1075,probability,97.32,N/A,N/A,ok,
dfdc_test_004567,DFDC-DFDC_Real,0,Xception,visual,0.6215,probability,108.36,N/A,N/A,ok,
dfdc_test_004568,DFDC-DFDC_Real,0,Xception,visual,0.4151,probability,123.82,N/A,N/A,ok,
dfdc_test_004569,DFDC-DFDC_Real,0,Xception,visual,0.3174,probability,87.13,N/A,N/A,ok,
dfdc_test_004570,DFDC-DFDC_Real,0,Xception,visual,0.5156,probability,103.6,N/A,N/A,ok,
dfdc_test_004571,DFDC-DFDC_Real,0,Xception,visual,0.3403,probability,102.08,N/A,N/A,ok,
dfdc_test_004572,DFDC-DFDC_Real,0,Xception,visual,0.5804,probability,102.47,N/A,N/A,ok,
dfdc_test_004573,DFDC-DFDC_Real,0,Xception,visual,0.5166,probability,100.63,N/A,N/A,ok,
dfdc_test_004574,DFDC-DFDC_Real,0,Xception,visual,0.0589,probability,102.64,N/A,N/A,ok,
dfdc_test_004575,DFDC-DFDC_Real,0,Xception,visual,0.2405,probability,91.89,N/A,N/A,ok,
dfdc_test_004576,DFDC-DFDC_Real,0,Xception,visual,0.471,probability,99.03,N/A,N/A,ok,
dfdc_test_004577,DFDC-DFDC_Real,0,Xception,visual,0.4455,probability,94.0,N/A,N/A,ok,
dfdc_test_004578,DFDC-DFDC_Real,0,Xception,visual,0.4925,probability,102.31,N/A,N/A,ok,
dfdc_test_004579,DFDC-DFDC_Real,0,Xception,visual,0.5659,probability,83.38,N/A,N/A,ok,
dfdc_test_004580,DFDC-DFDC_Real,0,Xception,visual,0.5507,probability,102.68,N/A,N/A,ok,
dfdc_test_004581,DFDC-DFDC_Real,0,Xception,visual,0.3899,probability,163.63,N/A,N/A,ok,
dfdc_test_004582,DFDC-DFDC_Real,0,Xception,visual,0.1949,probability,92.45,N/A,N/A,ok,
dfdc_test_004583,DFDC-DFDC_Real,0,Xception,visual,0.5234,probability,86.61,N/A,N/A,ok,
dfdc_test_004584,DFDC-DFDC_Real,0,Xception,visual,0.6317,probability,90.91,N/A,N/A,ok,
dfdc_test_004585,DFDC-DFDC_Real,0,Xception,visual,0.0864,probability,85.24,N/A,N/A,ok,
dfdc_test_004586,DFDC-DFDC_Real,0,Xception,visual,0.3759,probability,100.4,N/A,N/A,ok,
dfdc_test_004587,DFDC-DFDC_Real,0,Xception,visual,0.2426,probability,94.39,N/A,N/A,ok,
dfdc_test_004588,DFDC-DFDC_Real,0,Xception,visual,0.4613,probability,79.08,N/A,N/A,ok,
dfdc_test_004589,DFDC-DFDC_Real,0,Xception,visual,0.3583,probability,79.92,N/A,N/A,ok,
dfdc_test_004590,DFDC-DFDC_Real,0,Xception,visual,0.0484,probability,88.54,N/A,N/A,ok,
dfdc_test_004591,DFDC-DFDC_Real,0,Xception,visual,0.4574,probability,108.83,N/A,N/A,ok,
dfdc_test_004592,DFDC-DFDC_Real,0,Xception,visual,0.5738,probability,84.07,N/A,N/A,ok,
dfdc_test_004593,DFDC-DFDC_Real,0,Xception,visual,0.448,probability,88.51,N/A,N/A,ok,
dfdc_test_004594,DFDC-DFDC_Real,0,Xception,visual,0.3567,probability,91.49,N/A,N/A,ok,
dfdc_test_004595,DFDC-DFDC_Real,0,Xception,visual,0.406,probability,86.3,N/A,N/A,ok,
dfdc_test_004596,DFDC-DFDC_Real,0,Xception,visual,0.3199,probability,95.12,N/A,N/A,ok,
dfdc_test_004597,DFDC-DFDC_Real,0,Xception,visual,0.0567,probability,93.85,N/A,N/A,ok,
dfdc_test_004598,DFDC-DFDC_Real,0,Xception,visual,0.7482,probability,90.82,N/A,N/A,ok,
dfdc_test_004599,DFDC-DFDC_Real,0,Xception,visual,0.0184,probability,92.67,N/A,N/A,ok,
dfdc_test_004600,DFDC-DFDC_Real,0,Xception,visual,0.28,probability,119.56,N/A,N/A,ok,
dfdc_test_004601,DFDC-DFDC_Real,0,Xception,visual,0.4368,probability,107.7,N/A,N/A,ok,
dfdc_test_004602,DFDC-DFDC_Real,0,Xception,visual,0.6843,probability,93.8,N/A,N/A,ok,
dfdc_test_004603,DFDC-DFDC_Real,0,Xception,visual,0.186,probability,98.54,N/A,N/A,ok,
dfdc_test_004604,DFDC-DFDC_Real,0,Xception,visual,0.652,probability,106.63,N/A,N/A,ok,
dfdc_test_004605,DFDC-DFDC_Real,0,Xception,visual,0.4524,probability,94.31,N/A,N/A,ok,
dfdc_test_004606,DFDC-DFDC_Real,0,Xception,visual,0.2978,probability,107.42,N/A,N/A,ok,
dfdc_test_004607,DFDC-DFDC_Real,0,Xception,visual,0.6501,probability,91.73,N/A,N/A,ok,
dfdc_test_004608,DFDC-DFDC_Real,0,Xception,visual,0.7124,probability,110.53,N/A,N/A,ok,
dfdc_test_004609,DFDC-DFDC_Real,0,Xception,visual,0.2676,probability,98.44,N/A,N/A,ok,
dfdc_test_004610,DFDC-DFDC_Real,0,Xception,visual,0.5035,probability,81.45,N/A,N/A,ok,
dfdc_test_004611,DFDC-DFDC_Real,0,Xception,visual,0.3977,probability,105.2,N/A,N/A,ok,
dfdc_test_004612,DFDC-DFDC_Real,0,Xception,visual,0.2533,probability,91.19,N/A,N/A,ok,
dfdc_test_004613,DFDC-DFDC_Real,0,Xception,visual,0.0301,probability,116.27,N/A,N/A,ok,
dfdc_test_004614,DFDC-DFDC_Real,0,Xception,visual,0.5025,probability,110.63,N/A,N/A,ok,
dfdc_test_004615,DFDC-DFDC_Real,0,Xception,visual,0.4849,probability,98.62,N/A,N/A,ok,
dfdc_test_004616,DFDC-DFDC_Real,0,Xception,visual,0.2912,probability,96.11,N/A,N/A,ok,
dfdc_test_004617,DFDC-DFDC_Real,0,Xception,visual,0.2937,probability,107.21,N/A,N/A,ok,
dfdc_test_004618,DFDC-DFDC_Real,0,Xception,visual,0.6247,probability,105.32,N/A,N/A,ok,
dfdc_test_004619,DFDC-DFDC_Real,0,Xception,visual,0.2049,probability,99.08,N/A,N/A,ok,
dfdc_test_004620,DFDC-DFDC_Real,0,Xception,visual,0.2261,probability,106.11,N/A,N/A,ok,
dfdc_test_004621,DFDC-DFDC_Real,0,Xception,visual,0.4674,probability,91.76,N/A,N/A,ok,
dfdc_test_004622,DFDC-DFDC_Real,0,Xception,visual,0.5316,probability,117.62,N/A,N/A,ok,
dfdc_test_004623,DFDC-DFDC_Real,0,Xception,visual,0.212,probability,93.38,N/A,N/A,ok,
dfdc_test_004624,DFDC-DFDC_Real,0,Xception,visual,0.1053,probability,113.0,N/A,N/A,ok,
dfdc_test_004625,DFDC-DFDC_Real,0,Xception,visual,0.3987,probability,99.47,N/A,N/A,ok,
dfdc_test_004626,DFDC-DFDC_Real,0,Xception,visual,0.3242,probability,106.57,N/A,N/A,ok,
dfdc_test_004627,DFDC-DFDC_Real,0,Xception,visual,0.477,probability,105.31,N/A,N/A,ok,
dfdc_test_004628,DFDC-DFDC_Real,0,Xception,visual,0.4437,probability,120.53,N/A,N/A,ok,
dfdc_test_004629,DFDC-DFDC_Real,0,Xception,visual,0.5166,probability,103.87,N/A,N/A,ok,
dfdc_test_004630,DFDC-DFDC_Real,0,Xception,visual,0.4515,probability,95.77,N/A,N/A,ok,
dfdc_test_004631,DFDC-DFDC_Real,0,Xception,visual,0.4763,probability,101.22,N/A,N/A,ok,
dfdc_test_004632,DFDC-DFDC_Real,0,Xception,visual,0.4559,probability,118.07,N/A,N/A,ok,
dfdc_test_004633,DFDC-DFDC_Real,0,Xception,visual,0.3485,probability,100.18,N/A,N/A,ok,
dfdc_test_004634,DFDC-DFDC_Real,0,Xception,visual,0.694,probability,105.99,N/A,N/A,ok,
dfdc_test_004635,DFDC-DFDC_Real,0,Xception,visual,0.646,probability,100.51,N/A,N/A,ok,
dfdc_test_004636,DFDC-DFDC_Real,0,Xception,visual,0.5607,probability,114.94,N/A,N/A,ok,
dfdc_test_004637,DFDC-DFDC_Real,0,Xception,visual,0.4929,probability,94.9,N/A,N/A,ok,
dfdc_test_004638,DFDC-DFDC_Real,0,Xception,visual,0.0613,probability,110.03,N/A,N/A,ok,
dfdc_test_004639,DFDC-DFDC_Real,0,Xception,visual,0.128,probability,106.23,N/A,N/A,ok,
dfdc_test_004640,DFDC-DFDC_Real,0,Xception,visual,0.1368,probability,105.77,N/A,N/A,ok,
dfdc_test_004641,DFDC-DFDC_Real,0,Xception,visual,0.3709,probability,103.6,N/A,N/A,ok,
dfdc_test_004642,DFDC-DFDC_Real,0,Xception,visual,0.419,probability,101.09,N/A,N/A,ok,
dfdc_test_004643,DFDC-DFDC_Real,0,Xception,visual,0.1692,probability,108.66,N/A,N/A,ok,
dfdc_test_004644,DFDC-DFDC_Real,0,Xception,visual,0.3463,probability,109.9,N/A,N/A,ok,
dfdc_test_004645,DFDC-DFDC_Real,0,Xception,visual,0.1216,probability,98.9,N/A,N/A,ok,
dfdc_test_004646,DFDC-DFDC_Real,0,Xception,visual,0.3257,probability,99.51,N/A,N/A,ok,
dfdc_test_004647,DFDC-DFDC_Real,0,Xception,visual,0.1085,probability,94.88,N/A,N/A,ok,
dfdc_test_004648,DFDC-DFDC_Real,0,Xception,visual,0.3177,probability,116.17,N/A,N/A,ok,
dfdc_test_004649,DFDC-DFDC_Real,0,Xception,visual,0.4948,probability,90.59,N/A,N/A,ok,
dfdc_test_004650,DFDC-DFDC_Real,0,Xception,visual,0.172,probability,105.67,N/A,N/A,ok,
dfdc_test_004651,DFDC-DFDC_Real,0,Xception,visual,0.7361,probability,107.16,N/A,N/A,ok,
dfdc_test_004652,DFDC-DFDC_Real,0,Xception,visual,0.6851,probability,101.13,N/A,N/A,ok,
dfdc_test_004653,DFDC-DFDC_Real,0,Xception,visual,0.38,probability,94.77,N/A,N/A,ok,
dfdc_test_004654,DFDC-DFDC_Real,0,Xception,visual,0.1868,probability,98.01,N/A,N/A,ok,
dfdc_test_004655,DFDC-DFDC_Real,0,Xception,visual,0.0497,probability,110.97,N/A,N/A,ok,
dfdc_test_004656,DFDC-DFDC_Real,0,Xception,visual,0.2256,probability,104.04,N/A,N/A,ok,
dfdc_test_004657,DFDC-DFDC_Real,0,Xception,visual,0.7709,probability,87.34,N/A,N/A,ok,
dfdc_test_004658,DFDC-DFDC_Real,0,Xception,visual,0.5832,probability,87.29,N/A,N/A,ok,
dfdc_test_004659,DFDC-DFDC_Real,0,Xception,visual,0.4951,probability,83.32,N/A,N/A,ok,
dfdc_test_004660,DFDC-DFDC_Real,0,Xception,visual,0.4811,probability,83.57,N/A,N/A,ok,
dfdc_test_004661,DFDC-DFDC_Real,0,Xception,visual,0.4606,probability,94.1,N/A,N/A,ok,
dfdc_test_004662,DFDC-DFDC_Real,0,Xception,visual,0.6418,probability,84.27,N/A,N/A,ok,
dfdc_test_004663,DFDC-DFDC_Real,0,Xception,visual,0.2222,probability,85.89,N/A,N/A,ok,
dfdc_test_004664,DFDC-DFDC_Real,0,Xception,visual,0.7367,probability,84.8,N/A,N/A,ok,
dfdc_test_004665,DFDC-DFDC_Real,0,Xception,visual,0.216,probability,84.42,N/A,N/A,ok,
dfdc_test_004666,DFDC-DFDC_Real,0,Xception,visual,0.0874,probability,95.75,N/A,N/A,ok,
dfdc_test_004667,DFDC-DFDC_Real,0,Xception,visual,0.3222,probability,77.15,N/A,N/A,ok,
dfdc_test_004668,DFDC-DFDC_Real,0,Xception,visual,0.6213,probability,96.79,N/A,N/A,ok,
dfdc_test_004669,DFDC-DFDC_Real,0,Xception,visual,0.4346,probability,91.96,N/A,N/A,ok,
dfdc_test_004670,DFDC-DFDC_Real,0,Xception,visual,0.5064,probability,86.07,N/A,N/A,ok,
dfdc_test_004671,DFDC-DFDC_Real,0,Xception,visual,0.6625,probability,87.1,N/A,N/A,ok,
dfdc_test_004672,DFDC-DFDC_Real,0,Xception,visual,0.2265,probability,104.59,N/A,N/A,ok,
dfdc_test_004673,DFDC-DFDC_Real,0,Xception,visual,0.5397,probability,79.12,N/A,N/A,ok,
dfdc_test_004674,DFDC-DFDC_Real,0,Xception,visual,0.4939,probability,97.69,N/A,N/A,ok,
dfdc_test_004675,DFDC-DFDC_Real,0,Xception,visual,0.2066,probability,85.55,N/A,N/A,ok,
dfdc_test_004676,DFDC-DFDC_Real,0,Xception,visual,0.3498,probability,103.99,N/A,N/A,ok,
dfdc_test_004677,DFDC-DFDC_Real,0,Xception,visual,0.5691,probability,80.72,N/A,N/A,ok,
dfdc_test_004678,DFDC-DFDC_Real,0,Xception,visual,0.4403,probability,81.5,N/A,N/A,ok,
dfdc_test_004679,DFDC-DFDC_Real,0,Xception,visual,0.0473,probability,82.86,N/A,N/A,ok,
dfdc_test_004680,DFDC-DFDC_Real,0,Xception,visual,0.2766,probability,88.21,N/A,N/A,ok,
dfdc_test_004681,DFDC-DFDC_Real,0,Xception,visual,0.2615,probability,87.37,N/A,N/A,ok,
dfdc_test_004682,DFDC-DFDC_Real,0,Xception,visual,0.184,probability,76.79,N/A,N/A,ok,
dfdc_test_004683,DFDC-DFDC_Real,0,Xception,visual,0.433,probability,97.08,N/A,N/A,ok,
dfdc_test_004684,DFDC-DFDC_Real,0,Xception,visual,0.4137,probability,79.01,N/A,N/A,ok,
dfdc_test_004685,DFDC-DFDC_Real,0,Xception,visual,0.3656,probability,78.68,N/A,N/A,ok,
dfdc_test_004686,DFDC-DFDC_Real,0,Xception,visual,0.7572,probability,105.85,N/A,N/A,ok,
dfdc_test_004687,DFDC-DFDC_Real,0,Xception,visual,0.2845,probability,81.2,N/A,N/A,ok,
dfdc_test_004688,DFDC-DFDC_Real,0,Xception,visual,0.3163,probability,107.0,N/A,N/A,ok,
dfdc_test_004689,DFDC-DFDC_Real,0,Xception,visual,0.7262,probability,82.55,N/A,N/A,ok,
dfdc_test_004690,DFDC-DFDC_Real,0,Xception,visual,0.2702,probability,82.44,N/A,N/A,ok,
dfdc_test_004691,DFDC-DFDC_Real,0,Xception,visual,0.5474,probability,103.09,N/A,N/A,ok,
dfdc_test_004692,DFDC-DFDC_Real,0,Xception,visual,0.5861,probability,83.06,N/A,N/A,ok,
dfdc_test_004693,DFDC-DFDC_Real,0,Xception,visual,0.2216,probability,87.61,N/A,N/A,ok,
dfdc_test_004694,DFDC-DFDC_Real,0,Xception,visual,0.1307,probability,99.54,N/A,N/A,ok,
dfdc_test_004695,DFDC-DFDC_Real,0,Xception,visual,0.1749,probability,104.41,N/A,N/A,ok,
dfdc_test_004696,DFDC-DFDC_Real,0,Xception,visual,0.5517,probability,111.17,N/A,N/A,ok,
dfdc_test_004697,DFDC-DFDC_Real,0,Xception,visual,0.417,probability,109.62,N/A,N/A,ok,
dfdc_test_004698,DFDC-DFDC_Real,0,Xception,visual,0.1512,probability,89.54,N/A,N/A,ok,
dfdc_test_004699,DFDC-DFDC_Real,0,Xception,visual,0.3043,probability,104.55,N/A,N/A,ok,
dfdc_test_004700,DFDC-DFDC_Real,0,Xception,visual,0.1781,probability,126.18,N/A,N/A,ok,
dfdc_test_004701,DFDC-DFDC_Real,0,Xception,visual,0.5863,probability,139.94,N/A,N/A,ok,
dfdc_test_004702,DFDC-DFDC_Real,0,Xception,visual,0.4964,probability,129.62,N/A,N/A,ok,
dfdc_test_004703,DFDC-DFDC_Real,0,Xception,visual,0.3571,probability,89.04,N/A,N/A,ok,
