sample_id,dataset,label,detector_name,modality,fake_score,score_type,inference_time_ms,window_start_sec,window_end_sec,status,error_message
dfdc_test_000000,DFDC-DFDC_Fake,1,UCF,visual,0.5092,probability,3642.09,N/A,N/A,ok,
dfdc_test_000001,DFDC-DFDC_Fake,1,UCF,visual,0.5859,probability,168.03,N/A,N/A,ok,
dfdc_test_000002,DFDC-DFDC_Fake,1,UCF,visual,0.4619,probability,161.7,N/A,N/A,ok,
dfdc_test_000003,DFDC-DFDC_Fake,1,UCF,visual,0.9781,probability,170.0,N/A,N/A,ok,
dfdc_test_000004,DFDC-DFDC_Fake,1,UCF,visual,0.8857,probability,166.54,N/A,N/A,ok,
dfdc_test_000005,DFDC-DFDC_Fake,1,UCF,visual,0.2077,probability,171.88,N/A,N/A,ok,
dfdc_test_000006,DFDC-DFDC_Fake,1,UCF,visual,0.4544,probability,203.78,N/A,N/A,ok,
dfdc_test_000007,DFDC-DFDC_Fake,1,UCF,visual,0.6816,probability,195.53,N/A,N/A,ok,
dfdc_test_000008,DFDC-DFDC_Fake,1,UCF,visual,0.9205,probability,163.93,N/A,N/A,ok,
dfdc_test_000009,DFDC-DFDC_Fake,1,UCF,visual,0.5929,probability,175.61,N/A,N/A,ok,
dfdc_test_000010,DFDC-DFDC_Fake,1,UCF,visual,0.9683,probability,164.75,N/A,N/A,ok,
dfdc_test_000011,DFDC-DFDC_Fake,1,UCF,visual,0.9579,probability,187.13,N/A,N/A,ok,
dfdc_test_000012,DFDC-DFDC_Fake,1,UCF,visual,0.9936,probability,158.6,N/A,N/A,ok,
dfdc_test_000013,DFDC-DFDC_Fake,1,UCF,visual,0.7797,probability,149.43,N/A,N/A,ok,
dfdc_test_000014,DFDC-DFDC_Fake,1,UCF,visual,0.6626,probability,170.28,N/A,N/A,ok,
dfdc_test_000015,DFDC-DFDC_Fake,1,UCF,visual,0.8829,probability,169.31,N/A,N/A,ok,
dfdc_test_000016,DFDC-DFDC_Fake,1,UCF,visual,0.3004,probability,185.69,N/A,N/A,ok,
dfdc_test_000017,DFDC-DFDC_Fake,1,UCF,visual,0.3596,probability,160.16,N/A,N/A,ok,
dfdc_test_000018,DFDC-DFDC_Fake,1,UCF,visual,0.5592,probability,175.36,N/A,N/A,ok,
dfdc_test_000019,DFDC-DFDC_Fake,1,UCF,visual,0.9968,probability,210.51,N/A,N/A,ok,
dfdc_test_000020,DFDC-DFDC_Fake,1,UCF,visual,0.2102,probability,177.67,N/A,N/A,ok,
dfdc_test_000021,DFDC-DFDC_Fake,1,UCF,visual,0.9645,probability,199.32,N/A,N/A,ok,
dfdc_test_000022,DFDC-DFDC_Fake,1,UCF,visual,0.473,probability,192.35,N/A,N/A,ok,
dfdc_test_000023,DFDC-DFDC_Fake,1,UCF,visual,0.9685,probability,178.16,N/A,N/A,ok,
dfdc_test_000024,DFDC-DFDC_Fake,1,UCF,visual,0.3923,probability,183.23,N/A,N/A,ok,
dfdc_test_000025,DFDC-DFDC_Fake,1,UCF,visual,0.6886,probability,184.15,N/A,N/A,ok,
dfdc_test_000026,DFDC-DFDC_Fake,1,UCF,visual,0.3612,probability,180.97,N/A,N/A,ok,
dfdc_test_000027,DFDC-DFDC_Fake,1,UCF,visual,0.4889,probability,164.1,N/A,N/A,ok,
dfdc_test_000028,DFDC-DFDC_Fake,1,UCF,visual,0.9507,probability,183.88,N/A,N/A,ok,
dfdc_test_000029,DFDC-DFDC_Fake,1,UCF,visual,0.6941,probability,190.9,N/A,N/A,ok,
dfdc_test_000030,DFDC-DFDC_Fake,1,UCF,visual,0.6215,probability,187.88,N/A,N/A,ok,
dfdc_test_000031,DFDC-DFDC_Fake,1,UCF,visual,0.5539,probability,169.43,N/A,N/A,ok,
dfdc_test_000032,DFDC-DFDC_Fake,1,UCF,visual,0.9884,probability,175.98,N/A,N/A,ok,
dfdc_test_000033,DFDC-DFDC_Fake,1,UCF,visual,0.9686,probability,178.76,N/A,N/A,ok,
dfdc_test_000034,DFDC-DFDC_Fake,1,UCF,visual,0.1845,probability,161.91,N/A,N/A,ok,
dfdc_test_000035,DFDC-DFDC_Fake,1,UCF,visual,0.1334,probability,195.39,N/A,N/A,ok,
dfdc_test_000036,DFDC-DFDC_Fake,1,UCF,visual,0.4563,probability,212.71,N/A,N/A,ok,
dfdc_test_000037,DFDC-DFDC_Fake,1,UCF,visual,0.7528,probability,197.96,N/A,N/A,ok,
dfdc_test_000038,DFDC-DFDC_Fake,1,UCF,visual,0.8574,probability,188.8,N/A,N/A,ok,
dfdc_test_000039,DFDC-DFDC_Fake,1,UCF,visual,0.9531,probability,191.52,N/A,N/A,ok,
dfdc_test_000040,DFDC-DFDC_Fake,1,UCF,visual,0.8121,probability,188.66,N/A,N/A,ok,
dfdc_test_000041,DFDC-DFDC_Fake,1,UCF,visual,0.7164,probability,173.26,N/A,N/A,ok,
dfdc_test_000042,DFDC-DFDC_Fake,1,UCF,visual,0.024,probability,188.06,N/A,N/A,ok,
dfdc_test_000043,DFDC-DFDC_Fake,1,UCF,visual,0.3327,probability,179.89,N/A,N/A,ok,
dfdc_test_000044,DFDC-DFDC_Fake,1,UCF,visual,0.2471,probability,179.13,N/A,N/A,ok,
dfdc_test_000045,DFDC-DFDC_Fake,1,UCF,visual,0.5631,probability,183.83,N/A,N/A,ok,
dfdc_test_000046,DFDC-DFDC_Fake,1,UCF,visual,0.9951,probability,198.26,N/A,N/A,ok,
dfdc_test_000047,DFDC-DFDC_Fake,1,UCF,visual,0.5217,probability,201.72,N/A,N/A,ok,
dfdc_test_000048,DFDC-DFDC_Fake,1,UCF,visual,0.4977,probability,195.75,N/A,N/A,ok,
dfdc_test_000049,DFDC-DFDC_Fake,1,UCF,visual,0.7857,probability,183.29,N/A,N/A,ok,
dfdc_test_000050,DFDC-DFDC_Fake,1,UCF,visual,0.3373,probability,198.59,N/A,N/A,ok,
dfdc_test_000051,DFDC-DFDC_Fake,1,UCF,visual,0.2949,probability,188.1,N/A,N/A,ok,
dfdc_test_000052,DFDC-DFDC_Fake,1,UCF,visual,0.2677,probability,170.22,N/A,N/A,ok,
dfdc_test_000053,DFDC-DFDC_Fake,1,UCF,visual,0.6558,probability,158.83,N/A,N/A,ok,
dfdc_test_000054,DFDC-DFDC_Fake,1,UCF,visual,0.0866,probability,171.16,N/A,N/A,ok,
dfdc_test_000055,DFDC-DFDC_Fake,1,UCF,visual,0.9726,probability,179.4,N/A,N/A,ok,
dfdc_test_000056,DFDC-DFDC_Fake,1,UCF,visual,0.207,probability,191.08,N/A,N/A,ok,
dfdc_test_000057,DFDC-DFDC_Fake,1,UCF,visual,0.9895,probability,158.4,N/A,N/A,ok,
dfdc_test_000058,DFDC-DFDC_Fake,1,UCF,visual,0.8958,probability,140.38,N/A,N/A,ok,
dfdc_test_000059,DFDC-DFDC_Fake,1,UCF,visual,0.7614,probability,154.92,N/A,N/A,ok,
dfdc_test_000060,DFDC-DFDC_Fake,1,UCF,visual,0.3008,probability,165.72,N/A,N/A,ok,
dfdc_test_000061,DFDC-DFDC_Fake,1,UCF,visual,0.9974,probability,156.77,N/A,N/A,ok,
dfdc_test_000062,DFDC-DFDC_Fake,1,UCF,visual,0.5472,probability,149.77,N/A,N/A,ok,
dfdc_test_000063,DFDC-DFDC_Fake,1,UCF,visual,0.9552,probability,172.45,N/A,N/A,ok,
dfdc_test_000064,DFDC-DFDC_Fake,1,UCF,visual,0.9328,probability,195.34,N/A,N/A,ok,
dfdc_test_000065,DFDC-DFDC_Fake,1,UCF,visual,0.882,probability,175.24,N/A,N/A,ok,
dfdc_test_000066,DFDC-DFDC_Fake,1,UCF,visual,0.9361,probability,159.08,N/A,N/A,ok,
dfdc_test_000067,DFDC-DFDC_Fake,1,UCF,visual,0.6267,probability,181.36,N/A,N/A,ok,
dfdc_test_000068,DFDC-DFDC_Fake,1,UCF,visual,0.5659,probability,186.99,N/A,N/A,ok,
dfdc_test_000069,DFDC-DFDC_Fake,1,UCF,visual,0.752,probability,202.58,N/A,N/A,ok,
dfdc_test_000070,DFDC-DFDC_Fake,1,UCF,visual,0.8925,probability,189.77,N/A,N/A,ok,
dfdc_test_000071,DFDC-DFDC_Fake,1,UCF,visual,0.9646,probability,183.07,N/A,N/A,ok,
dfdc_test_000072,DFDC-DFDC_Fake,1,UCF,visual,0.9806,probability,187.77,N/A,N/A,ok,
dfdc_test_000073,DFDC-DFDC_Fake,1,UCF,visual,0.8572,probability,189.65,N/A,N/A,ok,
dfdc_test_000074,DFDC-DFDC_Fake,1,UCF,visual,0.847,probability,185.37,N/A,N/A,ok,
dfdc_test_000075,DFDC-DFDC_Fake,1,UCF,visual,0.9023,probability,188.77,N/A,N/A,ok,
dfdc_test_000076,DFDC-DFDC_Fake,1,UCF,visual,0.2372,probability,175.76,N/A,N/A,ok,
dfdc_test_000077,DFDC-DFDC_Fake,1,UCF,visual,0.4633,probability,167.39,N/A,N/A,ok,
dfdc_test_000078,DFDC-DFDC_Fake,1,UCF,visual,0.1823,probability,168.37,N/A,N/A,ok,
dfdc_test_000079,DFDC-DFDC_Fake,1,UCF,visual,0.4007,probability,175.82,N/A,N/A,ok,
dfdc_test_000080,DFDC-DFDC_Fake,1,UCF,visual,0.7079,probability,177.54,N/A,N/A,ok,
dfdc_test_000081,DFDC-DFDC_Fake,1,UCF,visual,0.8598,probability,185.17,N/A,N/A,ok,
dfdc_test_000082,DFDC-DFDC_Fake,1,UCF,visual,0.8928,probability,188.66,N/A,N/A,ok,
dfdc_test_000083,DFDC-DFDC_Fake,1,UCF,visual,0.8166,probability,188.15,N/A,N/A,ok,
dfdc_test_000084,DFDC-DFDC_Fake,1,UCF,visual,0.9611,probability,180.08,N/A,N/A,ok,
dfdc_test_000085,DFDC-DFDC_Fake,1,UCF,visual,0.2391,probability,183.18,N/A,N/A,ok,
dfdc_test_000086,DFDC-DFDC_Fake,1,UCF,visual,0.9675,probability,204.46,N/A,N/A,ok,
dfdc_test_000087,DFDC-DFDC_Fake,1,UCF,visual,0.6931,probability,203.27,N/A,N/A,ok,
dfdc_test_000088,DFDC-DFDC_Fake,1,UCF,visual,0.9773,probability,183.54,N/A,N/A,ok,
dfdc_test_000089,DFDC-DFDC_Fake,1,UCF,visual,0.902,probability,203.6,N/A,N/A,ok,
dfdc_test_000090,DFDC-DFDC_Fake,1,UCF,visual,0.0303,probability,187.21,N/A,N/A,ok,
dfdc_test_000091,DFDC-DFDC_Fake,1,UCF,visual,0.6913,probability,202.4,N/A,N/A,ok,
dfdc_test_000092,DFDC-DFDC_Fake,1,UCF,visual,0.9922,probability,203.83,N/A,N/A,ok,
dfdc_test_000093,DFDC-DFDC_Fake,1,UCF,visual,0.4951,probability,195.42,N/A,N/A,ok,
dfdc_test_000094,DFDC-DFDC_Fake,1,UCF,visual,0.9408,probability,195.17,N/A,N/A,ok,
dfdc_test_000095,DFDC-DFDC_Fake,1,UCF,visual,0.9088,probability,192.64,N/A,N/A,ok,
dfdc_test_000096,DFDC-DFDC_Fake,1,UCF,visual,0.2648,probability,181.99,N/A,N/A,ok,
dfdc_test_000097,DFDC-DFDC_Fake,1,UCF,visual,0.9968,probability,182.92,N/A,N/A,ok,
dfdc_test_000098,DFDC-DFDC_Fake,1,UCF,visual,0.5727,probability,185.2,N/A,N/A,ok,
dfdc_test_000099,DFDC-DFDC_Fake,1,UCF,visual,0.3239,probability,188.48,N/A,N/A,ok,
dfdc_test_000100,DFDC-DFDC_Fake,1,UCF,visual,0.4256,probability,194.11,N/A,N/A,ok,
dfdc_test_000101,DFDC-DFDC_Fake,1,UCF,visual,0.9264,probability,187.07,N/A,N/A,ok,
dfdc_test_000102,DFDC-DFDC_Fake,1,UCF,visual,0.3197,probability,197.56,N/A,N/A,ok,
dfdc_test_000103,DFDC-DFDC_Fake,1,UCF,visual,0.6531,probability,181.31,N/A,N/A,ok,
dfdc_test_000104,DFDC-DFDC_Fake,1,UCF,visual,0.3277,probability,179.29,N/A,N/A,ok,
dfdc_test_000105,DFDC-DFDC_Fake,1,UCF,visual,0.0595,probability,162.11,N/A,N/A,ok,
dfdc_test_000106,DFDC-DFDC_Fake,1,UCF,visual,0.8605,probability,207.11,N/A,N/A,ok,
dfdc_test_000107,DFDC-DFDC_Fake,1,UCF,visual,0.2086,probability,185.7,N/A,N/A,ok,
dfdc_test_000108,DFDC-DFDC_Fake,1,UCF,visual,0.9922,probability,197.93,N/A,N/A,ok,
dfdc_test_000109,DFDC-DFDC_Fake,1,UCF,visual,0.5254,probability,204.33,N/A,N/A,ok,
dfdc_test_000110,DFDC-DFDC_Fake,1,UCF,visual,0.554,probability,202.17,N/A,N/A,ok,
dfdc_test_000111,DFDC-DFDC_Fake,1,UCF,visual,0.5729,probability,208.51,N/A,N/A,ok,
dfdc_test_000112,DFDC-DFDC_Fake,1,UCF,visual,0.6546,probability,221.51,N/A,N/A,ok,
dfdc_test_000113,DFDC-DFDC_Fake,1,UCF,visual,0.4625,probability,221.58,N/A,N/A,ok,
dfdc_test_000114,DFDC-DFDC_Fake,1,UCF,visual,0.8302,probability,202.79,N/A,N/A,ok,
dfdc_test_000115,DFDC-DFDC_Fake,1,UCF,visual,0.9795,probability,229.89,N/A,N/A,ok,
dfdc_test_000116,DFDC-DFDC_Fake,1,UCF,visual,0.9929,probability,207.86,N/A,N/A,ok,
dfdc_test_000117,DFDC-DFDC_Fake,1,UCF,visual,0.6739,probability,213.97,N/A,N/A,ok,
dfdc_test_000118,DFDC-DFDC_Fake,1,UCF,visual,0.9189,probability,229.41,N/A,N/A,ok,
dfdc_test_000119,DFDC-DFDC_Fake,1,UCF,visual,0.3401,probability,227.54,N/A,N/A,ok,
dfdc_test_000120,DFDC-DFDC_Fake,1,UCF,visual,0.797,probability,206.92,N/A,N/A,ok,
dfdc_test_000121,DFDC-DFDC_Fake,1,UCF,visual,0.1053,probability,215.97,N/A,N/A,ok,
dfdc_test_000122,DFDC-DFDC_Fake,1,UCF,visual,0.9041,probability,216.0,N/A,N/A,ok,
dfdc_test_000123,DFDC-DFDC_Fake,1,UCF,visual,0.1533,probability,218.27,N/A,N/A,ok,
dfdc_test_000124,DFDC-DFDC_Fake,1,UCF,visual,0.7946,probability,205.71,N/A,N/A,ok,
dfdc_test_000125,DFDC-DFDC_Fake,1,UCF,visual,0.0428,probability,201.11,N/A,N/A,ok,
dfdc_test_000126,DFDC-DFDC_Fake,1,UCF,visual,0.9851,probability,215.31,N/A,N/A,ok,
dfdc_test_000127,DFDC-DFDC_Fake,1,UCF,visual,0.4341,probability,212.47,N/A,N/A,ok,
dfdc_test_000128,DFDC-DFDC_Fake,1,UCF,visual,0.1554,probability,215.37,N/A,N/A,ok,
dfdc_test_000129,DFDC-DFDC_Fake,1,UCF,visual,0.9967,probability,226.8,N/A,N/A,ok,
dfdc_test_000130,DFDC-DFDC_Fake,1,UCF,visual,0.7617,probability,197.47,N/A,N/A,ok,
dfdc_test_000131,DFDC-DFDC_Fake,1,UCF,visual,0.9533,probability,235.46,N/A,N/A,ok,
dfdc_test_000132,DFDC-DFDC_Fake,1,UCF,visual,0.9972,probability,212.6,N/A,N/A,ok,
dfdc_test_000133,DFDC-DFDC_Fake,1,UCF,visual,0.9928,probability,211.23,N/A,N/A,ok,
dfdc_test_000134,DFDC-DFDC_Fake,1,UCF,visual,0.994,probability,192.75,N/A,N/A,ok,
dfdc_test_000135,DFDC-DFDC_Fake,1,UCF,visual,0.729,probability,222.25,N/A,N/A,ok,
dfdc_test_000136,DFDC-DFDC_Fake,1,UCF,visual,0.7403,probability,225.45,N/A,N/A,ok,
dfdc_test_000137,DFDC-DFDC_Fake,1,UCF,visual,0.9535,probability,185.61,N/A,N/A,ok,
dfdc_test_000138,DFDC-DFDC_Fake,1,UCF,visual,0.4918,probability,199.03,N/A,N/A,ok,
dfdc_test_000139,DFDC-DFDC_Fake,1,UCF,visual,0.9096,probability,214.49,N/A,N/A,ok,
dfdc_test_000140,DFDC-DFDC_Fake,1,UCF,visual,0.9927,probability,205.9,N/A,N/A,ok,
dfdc_test_000141,DFDC-DFDC_Fake,1,UCF,visual,0.9664,probability,211.37,N/A,N/A,ok,
dfdc_test_000142,DFDC-DFDC_Fake,1,UCF,visual,0.6849,probability,224.12,N/A,N/A,ok,
dfdc_test_000143,DFDC-DFDC_Fake,1,UCF,visual,0.5568,probability,210.15,N/A,N/A,ok,
dfdc_test_000144,DFDC-DFDC_Fake,1,UCF,visual,0.1421,probability,195.04,N/A,N/A,ok,
dfdc_test_000145,DFDC-DFDC_Fake,1,UCF,visual,0.9478,probability,198.57,N/A,N/A,ok,
dfdc_test_000146,DFDC-DFDC_Fake,1,UCF,visual,0.9936,probability,234.92,N/A,N/A,ok,
dfdc_test_000147,DFDC-DFDC_Fake,1,UCF,visual,0.6506,probability,214.05,N/A,N/A,ok,
dfdc_test_000148,DFDC-DFDC_Fake,1,UCF,visual,0.4381,probability,236.82,N/A,N/A,ok,
dfdc_test_000149,DFDC-DFDC_Fake,1,UCF,visual,0.3911,probability,232.73,N/A,N/A,ok,
dfdc_test_000150,DFDC-DFDC_Fake,1,UCF,visual,0.8384,probability,205.95,N/A,N/A,ok,
dfdc_test_000151,DFDC-DFDC_Fake,1,UCF,visual,0.4931,probability,196.77,N/A,N/A,ok,
dfdc_test_000152,DFDC-DFDC_Fake,1,UCF,visual,0.9872,probability,212.92,N/A,N/A,ok,
dfdc_test_000153,DFDC-DFDC_Fake,1,UCF,visual,0.7361,probability,199.79,N/A,N/A,ok,
dfdc_test_000154,DFDC-DFDC_Fake,1,UCF,visual,0.1529,probability,214.52,N/A,N/A,ok,
dfdc_test_000155,DFDC-DFDC_Fake,1,UCF,visual,0.1406,probability,216.49,N/A,N/A,ok,
dfdc_test_000156,DFDC-DFDC_Fake,1,UCF,visual,0.367,probability,252.22,N/A,N/A,ok,
dfdc_test_000157,DFDC-DFDC_Fake,1,UCF,visual,0.9922,probability,221.9,N/A,N/A,ok,
dfdc_test_000158,DFDC-DFDC_Fake,1,UCF,visual,0.4537,probability,224.69,N/A,N/A,ok,
dfdc_test_000159,DFDC-DFDC_Fake,1,UCF,visual,0.0133,probability,216.39,N/A,N/A,ok,
dfdc_test_000160,DFDC-DFDC_Fake,1,UCF,visual,0.6721,probability,207.7,N/A,N/A,ok,
dfdc_test_000161,DFDC-DFDC_Fake,1,UCF,visual,0.0508,probability,216.71,N/A,N/A,ok,
dfdc_test_000162,DFDC-DFDC_Fake,1,UCF,visual,0.9579,probability,217.21,N/A,N/A,ok,
dfdc_test_000163,DFDC-DFDC_Fake,1,UCF,visual,0.4084,probability,204.34,N/A,N/A,ok,
dfdc_test_000164,DFDC-DFDC_Fake,1,UCF,visual,0.6373,probability,213.43,N/A,N/A,ok,
dfdc_test_000165,DFDC-DFDC_Fake,1,UCF,visual,0.5795,probability,215.02,N/A,N/A,ok,
dfdc_test_000166,DFDC-DFDC_Fake,1,UCF,visual,0.9384,probability,225.7,N/A,N/A,ok,
dfdc_test_000167,DFDC-DFDC_Fake,1,UCF,visual,0.9712,probability,249.17,N/A,N/A,ok,
dfdc_test_000168,DFDC-DFDC_Fake,1,UCF,visual,0.1327,probability,230.93,N/A,N/A,ok,
dfdc_test_000169,DFDC-DFDC_Fake,1,UCF,visual,0.9872,probability,214.51,N/A,N/A,ok,
dfdc_test_000170,DFDC-DFDC_Fake,1,UCF,visual,0.3042,probability,211.45,N/A,N/A,ok,
dfdc_test_000171,DFDC-DFDC_Fake,1,UCF,visual,0.4527,probability,239.88,N/A,N/A,ok,
dfdc_test_000172,DFDC-DFDC_Fake,1,UCF,visual,0.9537,probability,217.91,N/A,N/A,ok,
dfdc_test_000173,DFDC-DFDC_Fake,1,UCF,visual,0.9691,probability,214.02,N/A,N/A,ok,
dfdc_test_000174,DFDC-DFDC_Fake,1,UCF,visual,0.9557,probability,226.66,N/A,N/A,ok,
dfdc_test_000175,DFDC-DFDC_Fake,1,UCF,visual,0.1563,probability,253.83,N/A,N/A,ok,
dfdc_test_000176,DFDC-DFDC_Fake,1,UCF,visual,0.4004,probability,220.93,N/A,N/A,ok,
dfdc_test_000177,DFDC-DFDC_Fake,1,UCF,visual,0.544,probability,219.1,N/A,N/A,ok,
dfdc_test_000178,DFDC-DFDC_Fake,1,UCF,visual,0.5662,probability,230.96,N/A,N/A,ok,
dfdc_test_000179,DFDC-DFDC_Fake,1,UCF,visual,0.7337,probability,237.56,N/A,N/A,ok,
dfdc_test_000180,DFDC-DFDC_Fake,1,UCF,visual,0.493,probability,214.35,N/A,N/A,ok,
dfdc_test_000181,DFDC-DFDC_Fake,1,UCF,visual,0.9522,probability,193.9,N/A,N/A,ok,
dfdc_test_000182,DFDC-DFDC_Fake,1,UCF,visual,0.6715,probability,185.96,N/A,N/A,ok,
dfdc_test_000183,DFDC-DFDC_Fake,1,UCF,visual,0.9915,probability,185.46,N/A,N/A,ok,
dfdc_test_000184,DFDC-DFDC_Fake,1,UCF,visual,0.0235,probability,193.42,N/A,N/A,ok,
dfdc_test_000185,DFDC-DFDC_Fake,1,UCF,visual,0.982,probability,200.74,N/A,N/A,ok,
dfdc_test_000186,DFDC-DFDC_Fake,1,UCF,visual,0.974,probability,178.68,N/A,N/A,ok,
dfdc_test_000187,DFDC-DFDC_Fake,1,UCF,visual,0.5285,probability,224.49,N/A,N/A,ok,
dfdc_test_000188,DFDC-DFDC_Fake,1,UCF,visual,0.0364,probability,233.43,N/A,N/A,ok,
dfdc_test_000189,DFDC-DFDC_Fake,1,UCF,visual,0.7979,probability,247.85,N/A,N/A,ok,
dfdc_test_000190,DFDC-DFDC_Fake,1,UCF,visual,0.5416,probability,216.47,N/A,N/A,ok,
dfdc_test_000191,DFDC-DFDC_Fake,1,UCF,visual,0.7915,probability,222.25,N/A,N/A,ok,
dfdc_test_000192,DFDC-DFDC_Fake,1,UCF,visual,0.4718,probability,219.66,N/A,N/A,ok,
dfdc_test_000193,DFDC-DFDC_Fake,1,UCF,visual,0.9685,probability,214.1,N/A,N/A,ok,
dfdc_test_000194,DFDC-DFDC_Fake,1,UCF,visual,0.7843,probability,228.32,N/A,N/A,ok,
dfdc_test_000195,DFDC-DFDC_Fake,1,UCF,visual,0.9973,probability,217.71,N/A,N/A,ok,
dfdc_test_000196,DFDC-DFDC_Fake,1,UCF,visual,0.4733,probability,195.88,N/A,N/A,ok,
dfdc_test_000197,DFDC-DFDC_Fake,1,UCF,visual,0.8317,probability,197.45,N/A,N/A,ok,
dfdc_test_000198,DFDC-DFDC_Fake,1,UCF,visual,0.9261,probability,207.82,N/A,N/A,ok,
dfdc_test_000199,DFDC-DFDC_Fake,1,UCF,visual,0.9807,probability,215.18,N/A,N/A,ok,
dfdc_test_000200,DFDC-DFDC_Fake,1,UCF,visual,0.6393,probability,208.29,N/A,N/A,ok,
dfdc_test_000201,DFDC-DFDC_Fake,1,UCF,visual,0.5908,probability,220.88,N/A,N/A,ok,
dfdc_test_000202,DFDC-DFDC_Fake,1,UCF,visual,0.0121,probability,226.37,N/A,N/A,ok,
dfdc_test_000203,DFDC-DFDC_Fake,1,UCF,visual,0.3566,probability,207.97,N/A,N/A,ok,
dfdc_test_000204,DFDC-DFDC_Fake,1,UCF,visual,0.5623,probability,185.83,N/A,N/A,ok,
dfdc_test_000205,DFDC-DFDC_Fake,1,UCF,visual,0.8581,probability,225.69,N/A,N/A,ok,
dfdc_test_000206,DFDC-DFDC_Fake,1,UCF,visual,0.9933,probability,218.14,N/A,N/A,ok,
dfdc_test_000207,DFDC-DFDC_Fake,1,UCF,visual,0.8158,probability,214.2,N/A,N/A,ok,
dfdc_test_000208,DFDC-DFDC_Fake,1,UCF,visual,0.9233,probability,211.43,N/A,N/A,ok,
dfdc_test_000209,DFDC-DFDC_Fake,1,UCF,visual,0.0698,probability,207.28,N/A,N/A,ok,
dfdc_test_000210,DFDC-DFDC_Fake,1,UCF,visual,0.1891,probability,195.17,N/A,N/A,ok,
dfdc_test_000211,DFDC-DFDC_Fake,1,UCF,visual,0.6999,probability,215.37,N/A,N/A,ok,
dfdc_test_000212,DFDC-DFDC_Fake,1,UCF,visual,0.991,probability,232.49,N/A,N/A,ok,
dfdc_test_000213,DFDC-DFDC_Fake,1,UCF,visual,0.5038,probability,208.51,N/A,N/A,ok,
dfdc_test_000214,DFDC-DFDC_Fake,1,UCF,visual,0.7402,probability,216.2,N/A,N/A,ok,
dfdc_test_000215,DFDC-DFDC_Fake,1,UCF,visual,0.6706,probability,198.61,N/A,N/A,ok,
dfdc_test_000216,DFDC-DFDC_Fake,1,UCF,visual,0.046,probability,225.82,N/A,N/A,ok,
dfdc_test_000217,DFDC-DFDC_Fake,1,UCF,visual,0.7007,probability,216.55,N/A,N/A,ok,
dfdc_test_000218,DFDC-DFDC_Fake,1,UCF,visual,0.3964,probability,243.17,N/A,N/A,ok,
dfdc_test_000219,DFDC-DFDC_Fake,1,UCF,visual,0.4089,probability,196.27,N/A,N/A,ok,
dfdc_test_000220,DFDC-DFDC_Fake,1,UCF,visual,0.9117,probability,206.98,N/A,N/A,ok,
dfdc_test_000221,DFDC-DFDC_Fake,1,UCF,visual,0.2502,probability,211.57,N/A,N/A,ok,
dfdc_test_000222,DFDC-DFDC_Fake,1,UCF,visual,0.9946,probability,202.88,N/A,N/A,ok,
dfdc_test_000223,DFDC-DFDC_Fake,1,UCF,visual,0.5164,probability,222.97,N/A,N/A,ok,
dfdc_test_000224,DFDC-DFDC_Fake,1,UCF,visual,0.1641,probability,224.3,N/A,N/A,ok,
dfdc_test_000225,DFDC-DFDC_Fake,1,UCF,visual,0.6689,probability,220.11,N/A,N/A,ok,
dfdc_test_000226,DFDC-DFDC_Fake,1,UCF,visual,0.5958,probability,203.16,N/A,N/A,ok,
dfdc_test_000227,DFDC-DFDC_Fake,1,UCF,visual,0.1255,probability,204.98,N/A,N/A,ok,
dfdc_test_000228,DFDC-DFDC_Fake,1,UCF,visual,0.9515,probability,223.31,N/A,N/A,ok,
dfdc_test_000229,DFDC-DFDC_Fake,1,UCF,visual,0.2332,probability,216.41,N/A,N/A,ok,
dfdc_test_000230,DFDC-DFDC_Fake,1,UCF,visual,0.6224,probability,223.12,N/A,N/A,ok,
dfdc_test_000231,DFDC-DFDC_Fake,1,UCF,visual,0.9776,probability,221.69,N/A,N/A,ok,
dfdc_test_000232,DFDC-DFDC_Fake,1,UCF,visual,0.5895,probability,238.91,N/A,N/A,ok,
dfdc_test_000233,DFDC-DFDC_Fake,1,UCF,visual,0.3183,probability,216.13,N/A,N/A,ok,
dfdc_test_000234,DFDC-DFDC_Fake,1,UCF,visual,0.4951,probability,244.59,N/A,N/A,ok,
dfdc_test_000235,DFDC-DFDC_Fake,1,UCF,visual,0.9965,probability,210.52,N/A,N/A,ok,
dfdc_test_000236,DFDC-DFDC_Fake,1,UCF,visual,0.9128,probability,196.49,N/A,N/A,ok,
dfdc_test_000237,DFDC-DFDC_Fake,1,UCF,visual,0.9308,probability,186.16,N/A,N/A,ok,
dfdc_test_000238,DFDC-DFDC_Fake,1,UCF,visual,0.9846,probability,205.92,N/A,N/A,ok,
dfdc_test_000239,DFDC-DFDC_Fake,1,UCF,visual,0.5334,probability,182.64,N/A,N/A,ok,
dfdc_test_000240,DFDC-DFDC_Fake,1,UCF,visual,0.8429,probability,180.3,N/A,N/A,ok,
dfdc_test_000241,DFDC-DFDC_Fake,1,UCF,visual,0.4303,probability,202.72,N/A,N/A,ok,
dfdc_test_000242,DFDC-DFDC_Fake,1,UCF,visual,0.9055,probability,202.41,N/A,N/A,ok,
dfdc_test_000243,DFDC-DFDC_Fake,1,UCF,visual,0.9901,probability,203.49,N/A,N/A,ok,
dfdc_test_000244,DFDC-DFDC_Fake,1,UCF,visual,0.6136,probability,187.92,N/A,N/A,ok,
dfdc_test_000245,DFDC-DFDC_Fake,1,UCF,visual,0.7053,probability,190.82,N/A,N/A,ok,
dfdc_test_000246,DFDC-DFDC_Fake,1,UCF,visual,0.3634,probability,190.97,N/A,N/A,ok,
dfdc_test_000247,DFDC-DFDC_Fake,1,UCF,visual,0.3939,probability,201.69,N/A,N/A,ok,
dfdc_test_000248,DFDC-DFDC_Fake,1,UCF,visual,0.9949,probability,192.3,N/A,N/A,ok,
dfdc_test_000249,DFDC-DFDC_Fake,1,UCF,visual,0.1301,probability,189.05,N/A,N/A,ok,
dfdc_test_000250,DFDC-DFDC_Fake,1,UCF,visual,0.5247,probability,199.77,N/A,N/A,ok,
dfdc_test_000251,DFDC-DFDC_Fake,1,UCF,visual,0.8345,probability,193.76,N/A,N/A,ok,
dfdc_test_000252,DFDC-DFDC_Fake,1,UCF,visual,0.503,probability,220.98,N/A,N/A,ok,
dfdc_test_000253,DFDC-DFDC_Fake,1,UCF,visual,0.1724,probability,207.87,N/A,N/A,ok,
dfdc_test_000254,DFDC-DFDC_Fake,1,UCF,visual,0.8578,probability,218.3,N/A,N/A,ok,
dfdc_test_000255,DFDC-DFDC_Fake,1,UCF,visual,0.1234,probability,193.38,N/A,N/A,ok,
dfdc_test_000256,DFDC-DFDC_Fake,1,UCF,visual,0.8556,probability,210.85,N/A,N/A,ok,
dfdc_test_000257,DFDC-DFDC_Fake,1,UCF,visual,0.1463,probability,193.5,N/A,N/A,ok,
dfdc_test_000258,DFDC-DFDC_Fake,1,UCF,visual,0.6121,probability,212.17,N/A,N/A,ok,
dfdc_test_000259,DFDC-DFDC_Fake,1,UCF,visual,0.2206,probability,197.5,N/A,N/A,ok,
dfdc_test_000260,DFDC-DFDC_Fake,1,UCF,visual,0.5648,probability,193.88,N/A,N/A,ok,
dfdc_test_000261,DFDC-DFDC_Fake,1,UCF,visual,0.9869,probability,215.48,N/A,N/A,ok,
dfdc_test_000262,DFDC-DFDC_Fake,1,UCF,visual,0.986,probability,199.34,N/A,N/A,ok,
dfdc_test_000263,DFDC-DFDC_Fake,1,UCF,visual,0.746,probability,187.62,N/A,N/A,ok,
dfdc_test_000264,DFDC-DFDC_Fake,1,UCF,visual,0.1671,probability,179.4,N/A,N/A,ok,
dfdc_test_000265,DFDC-DFDC_Fake,1,UCF,visual,0.7617,probability,189.97,N/A,N/A,ok,
dfdc_test_000266,DFDC-DFDC_Fake,1,UCF,visual,0.7042,probability,189.94,N/A,N/A,ok,
dfdc_test_000267,DFDC-DFDC_Fake,1,UCF,visual,0.9941,probability,184.96,N/A,N/A,ok,
dfdc_test_000268,DFDC-DFDC_Fake,1,UCF,visual,0.4334,probability,206.14,N/A,N/A,ok,
dfdc_test_000269,DFDC-DFDC_Fake,1,UCF,visual,0.9313,probability,212.19,N/A,N/A,ok,
dfdc_test_000270,DFDC-DFDC_Fake,1,UCF,visual,0.8806,probability,203.55,N/A,N/A,ok,
dfdc_test_000271,DFDC-DFDC_Fake,1,UCF,visual,0.997,probability,206.35,N/A,N/A,ok,
dfdc_test_000272,DFDC-DFDC_Fake,1,UCF,visual,0.4365,probability,211.62,N/A,N/A,ok,
dfdc_test_000273,DFDC-DFDC_Fake,1,UCF,visual,0.4415,probability,181.17,N/A,N/A,ok,
dfdc_test_000274,DFDC-DFDC_Fake,1,UCF,visual,0.9715,probability,203.38,N/A,N/A,ok,
dfdc_test_000275,DFDC-DFDC_Fake,1,UCF,visual,0.6491,probability,199.3,N/A,N/A,ok,
dfdc_test_000276,DFDC-DFDC_Fake,1,UCF,visual,0.9605,probability,200.39,N/A,N/A,ok,
dfdc_test_000277,DFDC-DFDC_Fake,1,UCF,visual,0.967,probability,191.06,N/A,N/A,ok,
dfdc_test_000278,DFDC-DFDC_Fake,1,UCF,visual,0.3934,probability,193.83,N/A,N/A,ok,
dfdc_test_000279,DFDC-DFDC_Fake,1,UCF,visual,0.8504,probability,195.0,N/A,N/A,ok,
dfdc_test_000280,DFDC-DFDC_Fake,1,UCF,visual,0.6182,probability,179.0,N/A,N/A,ok,
dfdc_test_000281,DFDC-DFDC_Fake,1,UCF,visual,0.8135,probability,193.03,N/A,N/A,ok,
dfdc_test_000282,DFDC-DFDC_Fake,1,UCF,visual,0.6156,probability,189.2,N/A,N/A,ok,
dfdc_test_000283,DFDC-DFDC_Fake,1,UCF,visual,0.7681,probability,184.26,N/A,N/A,ok,
dfdc_test_000284,DFDC-DFDC_Fake,1,UCF,visual,0.8349,probability,180.97,N/A,N/A,ok,
dfdc_test_000285,DFDC-DFDC_Fake,1,UCF,visual,0.033,probability,185.69,N/A,N/A,ok,
dfdc_test_000286,DFDC-DFDC_Fake,1,UCF,visual,0.2824,probability,187.9,N/A,N/A,ok,
dfdc_test_000287,DFDC-DFDC_Fake,1,UCF,visual,0.8866,probability,187.15,N/A,N/A,ok,
dfdc_test_000288,DFDC-DFDC_Fake,1,UCF,visual,0.7697,probability,180.48,N/A,N/A,ok,
dfdc_test_000289,DFDC-DFDC_Fake,1,UCF,visual,0.3062,probability,214.08,N/A,N/A,ok,
dfdc_test_000290,DFDC-DFDC_Fake,1,UCF,visual,0.6723,probability,204.14,N/A,N/A,ok,
dfdc_test_000291,DFDC-DFDC_Fake,1,UCF,visual,0.4814,probability,212.78,N/A,N/A,ok,
dfdc_test_000292,DFDC-DFDC_Fake,1,UCF,visual,0.9174,probability,208.05,N/A,N/A,ok,
dfdc_test_000293,DFDC-DFDC_Fake,1,UCF,visual,0.5448,probability,198.51,N/A,N/A,ok,
dfdc_test_000294,DFDC-DFDC_Fake,1,UCF,visual,0.1764,probability,190.63,N/A,N/A,ok,
dfdc_test_000295,DFDC-DFDC_Fake,1,UCF,visual,0.301,probability,194.47,N/A,N/A,ok,
dfdc_test_000296,DFDC-DFDC_Fake,1,UCF,visual,0.9424,probability,185.55,N/A,N/A,ok,
dfdc_test_000297,DFDC-DFDC_Fake,1,UCF,visual,0.2567,probability,198.94,N/A,N/A,ok,
dfdc_test_000298,DFDC-DFDC_Fake,1,UCF,visual,0.5204,probability,201.83,N/A,N/A,ok,
dfdc_test_000299,DFDC-DFDC_Fake,1,UCF,visual,0.7691,probability,197.69,N/A,N/A,ok,
dfdc_test_000300,DFDC-DFDC_Fake,1,UCF,visual,0.6756,probability,173.53,N/A,N/A,ok,
dfdc_test_000301,DFDC-DFDC_Fake,1,UCF,visual,0.9472,probability,181.25,N/A,N/A,ok,
dfdc_test_000302,DFDC-DFDC_Fake,1,UCF,visual,0.4541,probability,201.14,N/A,N/A,ok,
dfdc_test_000303,DFDC-DFDC_Fake,1,UCF,visual,0.0628,probability,189.13,N/A,N/A,ok,
dfdc_test_000304,DFDC-DFDC_Fake,1,UCF,visual,0.5424,probability,176.99,N/A,N/A,ok,
dfdc_test_000305,DFDC-DFDC_Fake,1,UCF,visual,0.6389,probability,204.91,N/A,N/A,ok,
dfdc_test_000306,DFDC-DFDC_Fake,1,UCF,visual,0.2446,probability,198.31,N/A,N/A,ok,
dfdc_test_000307,DFDC-DFDC_Fake,1,UCF,visual,0.5319,probability,197.94,N/A,N/A,ok,
dfdc_test_000308,DFDC-DFDC_Fake,1,UCF,visual,0.5765,probability,202.26,N/A,N/A,ok,
dfdc_test_000309,DFDC-DFDC_Fake,1,UCF,visual,0.9909,probability,204.62,N/A,N/A,ok,
dfdc_test_000310,DFDC-DFDC_Fake,1,UCF,visual,0.598,probability,197.56,N/A,N/A,ok,
dfdc_test_000311,DFDC-DFDC_Fake,1,UCF,visual,0.4408,probability,180.58,N/A,N/A,ok,
dfdc_test_000312,DFDC-DFDC_Fake,1,UCF,visual,0.6472,probability,202.42,N/A,N/A,ok,
dfdc_test_000313,DFDC-DFDC_Fake,1,UCF,visual,0.4204,probability,198.69,N/A,N/A,ok,
dfdc_test_000314,DFDC-DFDC_Fake,1,UCF,visual,0.1761,probability,203.04,N/A,N/A,ok,
dfdc_test_000315,DFDC-DFDC_Fake,1,UCF,visual,0.8833,probability,195.2,N/A,N/A,ok,
dfdc_test_000316,DFDC-DFDC_Fake,1,UCF,visual,0.3433,probability,198.28,N/A,N/A,ok,
dfdc_test_000317,DFDC-DFDC_Fake,1,UCF,visual,0.9975,probability,201.15,N/A,N/A,ok,
dfdc_test_000318,DFDC-DFDC_Fake,1,UCF,visual,0.42,probability,199.07,N/A,N/A,ok,
dfdc_test_000319,DFDC-DFDC_Fake,1,UCF,visual,0.9836,probability,204.44,N/A,N/A,ok,
dfdc_test_000320,DFDC-DFDC_Fake,1,UCF,visual,0.6584,probability,203.47,N/A,N/A,ok,
dfdc_test_000321,DFDC-DFDC_Fake,1,UCF,visual,0.4561,probability,203.22,N/A,N/A,ok,
dfdc_test_000322,DFDC-DFDC_Fake,1,UCF,visual,0.4719,probability,193.56,N/A,N/A,ok,
dfdc_test_000323,DFDC-DFDC_Fake,1,UCF,visual,0.8126,probability,192.52,N/A,N/A,ok,
dfdc_test_000324,DFDC-DFDC_Fake,1,UCF,visual,0.2022,probability,188.42,N/A,N/A,ok,
dfdc_test_000325,DFDC-DFDC_Fake,1,UCF,visual,0.7174,probability,188.4,N/A,N/A,ok,
dfdc_test_000326,DFDC-DFDC_Fake,1,UCF,visual,0.9377,probability,201.78,N/A,N/A,ok,
dfdc_test_000327,DFDC-DFDC_Fake,1,UCF,visual,0.7353,probability,212.76,N/A,N/A,ok,
dfdc_test_000328,DFDC-DFDC_Fake,1,UCF,visual,0.3869,probability,188.04,N/A,N/A,ok,
dfdc_test_000329,DFDC-DFDC_Fake,1,UCF,visual,0.4373,probability,178.77,N/A,N/A,ok,
dfdc_test_000330,DFDC-DFDC_Fake,1,UCF,visual,0.2963,probability,184.18,N/A,N/A,ok,
dfdc_test_000331,DFDC-DFDC_Fake,1,UCF,visual,0.8198,probability,184.24,N/A,N/A,ok,
dfdc_test_000332,DFDC-DFDC_Fake,1,UCF,visual,0.6735,probability,216.17,N/A,N/A,ok,
dfdc_test_000333,DFDC-DFDC_Fake,1,UCF,visual,0.8765,probability,207.13,N/A,N/A,ok,
dfdc_test_000334,DFDC-DFDC_Fake,1,UCF,visual,0.8572,probability,205.36,N/A,N/A,ok,
dfdc_test_000335,DFDC-DFDC_Fake,1,UCF,visual,0.1919,probability,195.74,N/A,N/A,ok,
dfdc_test_000336,DFDC-DFDC_Fake,1,UCF,visual,0.7517,probability,211.89,N/A,N/A,ok,
dfdc_test_000337,DFDC-DFDC_Fake,1,UCF,visual,0.6373,probability,206.21,N/A,N/A,ok,
dfdc_test_000338,DFDC-DFDC_Fake,1,UCF,visual,0.9828,probability,209.01,N/A,N/A,ok,
dfdc_test_000339,DFDC-DFDC_Fake,1,UCF,visual,0.0409,probability,208.62,N/A,N/A,ok,
dfdc_test_000340,DFDC-DFDC_Fake,1,UCF,visual,0.9964,probability,210.61,N/A,N/A,ok,
dfdc_test_000341,DFDC-DFDC_Fake,1,UCF,visual,0.8495,probability,213.01,N/A,N/A,ok,
dfdc_test_000342,DFDC-DFDC_Fake,1,UCF,visual,0.9728,probability,206.31,N/A,N/A,ok,
dfdc_test_000343,DFDC-DFDC_Fake,1,UCF,visual,0.9847,probability,208.68,N/A,N/A,ok,
dfdc_test_000344,DFDC-DFDC_Fake,1,UCF,visual,0.9148,probability,199.32,N/A,N/A,ok,
dfdc_test_000345,DFDC-DFDC_Fake,1,UCF,visual,0.5196,probability,206.47,N/A,N/A,ok,
dfdc_test_000346,DFDC-DFDC_Fake,1,UCF,visual,0.8808,probability,195.28,N/A,N/A,ok,
dfdc_test_000347,DFDC-DFDC_Fake,1,UCF,visual,0.2115,probability,203.44,N/A,N/A,ok,
dfdc_test_000348,DFDC-DFDC_Fake,1,UCF,visual,0.3834,probability,213.81,N/A,N/A,ok,
dfdc_test_000349,DFDC-DFDC_Fake,1,UCF,visual,0.8355,probability,208.86,N/A,N/A,ok,
dfdc_test_000350,DFDC-DFDC_Fake,1,UCF,visual,0.9546,probability,200.28,N/A,N/A,ok,
dfdc_test_000351,DFDC-DFDC_Fake,1,UCF,visual,0.1554,probability,194.38,N/A,N/A,ok,
dfdc_test_000352,DFDC-DFDC_Fake,1,UCF,visual,0.9963,probability,203.78,N/A,N/A,ok,
dfdc_test_000353,DFDC-DFDC_Fake,1,UCF,visual,0.9465,probability,183.78,N/A,N/A,ok,
dfdc_test_000354,DFDC-DFDC_Fake,1,UCF,visual,0.7473,probability,207.61,N/A,N/A,ok,
dfdc_test_000355,DFDC-DFDC_Fake,1,UCF,visual,0.4129,probability,184.73,N/A,N/A,ok,
dfdc_test_000356,DFDC-DFDC_Fake,1,UCF,visual,0.3243,probability,184.46,N/A,N/A,ok,
dfdc_test_000357,DFDC-DFDC_Fake,1,UCF,visual,0.0783,probability,187.48,N/A,N/A,ok,
dfdc_test_000358,DFDC-DFDC_Fake,1,UCF,visual,0.6729,probability,194.66,N/A,N/A,ok,
dfdc_test_000359,DFDC-DFDC_Fake,1,UCF,visual,0.2031,probability,178.11,N/A,N/A,ok,
dfdc_test_000360,DFDC-DFDC_Fake,1,UCF,visual,0.0337,probability,191.53,N/A,N/A,ok,
dfdc_test_000361,DFDC-DFDC_Fake,1,UCF,visual,0.9663,probability,196.56,N/A,N/A,ok,
dfdc_test_000362,DFDC-DFDC_Fake,1,UCF,visual,0.7005,probability,200.99,N/A,N/A,ok,
dfdc_test_000363,DFDC-DFDC_Fake,1,UCF,visual,0.4455,probability,211.85,N/A,N/A,ok,
dfdc_test_000364,DFDC-DFDC_Fake,1,UCF,visual,0.8442,probability,200.47,N/A,N/A,ok,
dfdc_test_000365,DFDC-DFDC_Fake,1,UCF,visual,0.9381,probability,189.2,N/A,N/A,ok,
dfdc_test_000366,DFDC-DFDC_Fake,1,UCF,visual,0.9813,probability,205.26,N/A,N/A,ok,
dfdc_test_000367,DFDC-DFDC_Fake,1,UCF,visual,0.3499,probability,213.87,N/A,N/A,ok,
dfdc_test_000368,DFDC-DFDC_Fake,1,UCF,visual,0.4809,probability,191.97,N/A,N/A,ok,
dfdc_test_000369,DFDC-DFDC_Fake,1,UCF,visual,0.673,probability,187.28,N/A,N/A,ok,
dfdc_test_000370,DFDC-DFDC_Fake,1,UCF,visual,0.9517,probability,185.29,N/A,N/A,ok,
dfdc_test_000371,DFDC-DFDC_Fake,1,UCF,visual,0.9907,probability,187.81,N/A,N/A,ok,
dfdc_test_000372,DFDC-DFDC_Fake,1,UCF,visual,0.7396,probability,196.23,N/A,N/A,ok,
dfdc_test_000373,DFDC-DFDC_Fake,1,UCF,visual,0.3917,probability,187.67,N/A,N/A,ok,
dfdc_test_000374,DFDC-DFDC_Fake,1,UCF,visual,0.2719,probability,199.88,N/A,N/A,ok,
dfdc_test_000375,DFDC-DFDC_Fake,1,UCF,visual,0.9869,probability,199.55,N/A,N/A,ok,
dfdc_test_000376,DFDC-DFDC_Fake,1,UCF,visual,0.2224,probability,177.98,N/A,N/A,ok,
dfdc_test_000377,DFDC-DFDC_Fake,1,UCF,visual,0.9642,probability,196.95,N/A,N/A,ok,
dfdc_test_000378,DFDC-DFDC_Fake,1,UCF,visual,0.1718,probability,183.9,N/A,N/A,ok,
dfdc_test_000379,DFDC-DFDC_Fake,1,UCF,visual,0.424,probability,202.46,N/A,N/A,ok,
dfdc_test_000380,DFDC-DFDC_Fake,1,UCF,visual,0.637,probability,185.06,N/A,N/A,ok,
dfdc_test_000381,DFDC-DFDC_Fake,1,UCF,visual,0.5483,probability,192.81,N/A,N/A,ok,
dfdc_test_000382,DFDC-DFDC_Fake,1,UCF,visual,0.1181,probability,179.79,N/A,N/A,ok,
dfdc_test_000383,DFDC-DFDC_Fake,1,UCF,visual,0.997,probability,192.18,N/A,N/A,ok,
dfdc_test_000384,DFDC-DFDC_Fake,1,UCF,visual,0.6951,probability,193.46,N/A,N/A,ok,
dfdc_test_000385,DFDC-DFDC_Fake,1,UCF,visual,0.6703,probability,214.54,N/A,N/A,ok,
dfdc_test_000386,DFDC-DFDC_Fake,1,UCF,visual,0.6616,probability,208.16,N/A,N/A,ok,
dfdc_test_000387,DFDC-DFDC_Fake,1,UCF,visual,0.6196,probability,200.34,N/A,N/A,ok,
dfdc_test_000388,DFDC-DFDC_Fake,1,UCF,visual,0.6192,probability,193.94,N/A,N/A,ok,
dfdc_test_000389,DFDC-DFDC_Fake,1,UCF,visual,0.9636,probability,184.52,N/A,N/A,ok,
dfdc_test_000390,DFDC-DFDC_Fake,1,UCF,visual,0.801,probability,203.13,N/A,N/A,ok,
dfdc_test_000391,DFDC-DFDC_Fake,1,UCF,visual,0.8344,probability,183.73,N/A,N/A,ok,
dfdc_test_000392,DFDC-DFDC_Fake,1,UCF,visual,0.9906,probability,199.86,N/A,N/A,ok,
dfdc_test_000393,DFDC-DFDC_Fake,1,UCF,visual,0.2879,probability,184.34,N/A,N/A,ok,
dfdc_test_000394,DFDC-DFDC_Fake,1,UCF,visual,0.8876,probability,184.64,N/A,N/A,ok,
dfdc_test_000395,DFDC-DFDC_Fake,1,UCF,visual,0.5561,probability,201.97,N/A,N/A,ok,
dfdc_test_000396,DFDC-DFDC_Fake,1,UCF,visual,0.4886,probability,201.56,N/A,N/A,ok,
dfdc_test_000397,DFDC-DFDC_Fake,1,UCF,visual,0.0328,probability,198.92,N/A,N/A,ok,
dfdc_test_000398,DFDC-DFDC_Fake,1,UCF,visual,0.3512,probability,217.77,N/A,N/A,ok,
dfdc_test_000399,DFDC-DFDC_Fake,1,UCF,visual,0.9721,probability,217.73,N/A,N/A,ok,
dfdc_test_000400,DFDC-DFDC_Fake,1,UCF,visual,0.9872,probability,180.53,N/A,N/A,ok,
dfdc_test_000401,DFDC-DFDC_Fake,1,UCF,visual,0.0716,probability,194.24,N/A,N/A,ok,
dfdc_test_000402,DFDC-DFDC_Fake,1,UCF,visual,0.8719,probability,202.82,N/A,N/A,ok,
dfdc_test_000403,DFDC-DFDC_Fake,1,UCF,visual,0.3364,probability,189.88,N/A,N/A,ok,
dfdc_test_000404,DFDC-DFDC_Fake,1,UCF,visual,0.5102,probability,198.96,N/A,N/A,ok,
dfdc_test_000405,DFDC-DFDC_Fake,1,UCF,visual,0.4209,probability,207.9,N/A,N/A,ok,
dfdc_test_000406,DFDC-DFDC_Fake,1,UCF,visual,0.0806,probability,225.34,N/A,N/A,ok,
dfdc_test_000407,DFDC-DFDC_Fake,1,UCF,visual,0.9326,probability,210.9,N/A,N/A,ok,
dfdc_test_000408,DFDC-DFDC_Fake,1,UCF,visual,0.0971,probability,197.67,N/A,N/A,ok,
dfdc_test_000409,DFDC-DFDC_Fake,1,UCF,visual,0.181,probability,202.06,N/A,N/A,ok,
dfdc_test_000410,DFDC-DFDC_Fake,1,UCF,visual,0.2211,probability,204.67,N/A,N/A,ok,
dfdc_test_000411,DFDC-DFDC_Fake,1,UCF,visual,0.4547,probability,220.01,N/A,N/A,ok,
dfdc_test_000412,DFDC-DFDC_Fake,1,UCF,visual,0.9932,probability,182.23,N/A,N/A,ok,
dfdc_test_000413,DFDC-DFDC_Fake,1,UCF,visual,0.2651,probability,191.83,N/A,N/A,ok,
dfdc_test_000414,DFDC-DFDC_Fake,1,UCF,visual,0.5846,probability,192.88,N/A,N/A,ok,
dfdc_test_000415,DFDC-DFDC_Fake,1,UCF,visual,0.413,probability,188.74,N/A,N/A,ok,
dfdc_test_000416,DFDC-DFDC_Fake,1,UCF,visual,0.9906,probability,205.73,N/A,N/A,ok,
dfdc_test_000417,DFDC-DFDC_Fake,1,UCF,visual,0.2048,probability,210.9,N/A,N/A,ok,
dfdc_test_000418,DFDC-DFDC_Fake,1,UCF,visual,0.498,probability,193.23,N/A,N/A,ok,
dfdc_test_000419,DFDC-DFDC_Fake,1,UCF,visual,0.72,probability,208.87,N/A,N/A,ok,
dfdc_test_000420,DFDC-DFDC_Fake,1,UCF,visual,0.9624,probability,193.46,N/A,N/A,ok,
dfdc_test_000421,DFDC-DFDC_Fake,1,UCF,visual,0.3974,probability,178.45,N/A,N/A,ok,
dfdc_test_000422,DFDC-DFDC_Fake,1,UCF,visual,0.6647,probability,199.2,N/A,N/A,ok,
dfdc_test_000423,DFDC-DFDC_Fake,1,UCF,visual,0.5138,probability,207.54,N/A,N/A,ok,
dfdc_test_000424,DFDC-DFDC_Fake,1,UCF,visual,0.9059,probability,190.77,N/A,N/A,ok,
dfdc_test_000425,DFDC-DFDC_Fake,1,UCF,visual,0.7884,probability,193.91,N/A,N/A,ok,
dfdc_test_000426,DFDC-DFDC_Fake,1,UCF,visual,0.456,probability,211.69,N/A,N/A,ok,
dfdc_test_000427,DFDC-DFDC_Fake,1,UCF,visual,0.6805,probability,197.85,N/A,N/A,ok,
dfdc_test_000428,DFDC-DFDC_Fake,1,UCF,visual,0.487,probability,204.84,N/A,N/A,ok,
dfdc_test_000429,DFDC-DFDC_Fake,1,UCF,visual,0.2871,probability,184.38,N/A,N/A,ok,
dfdc_test_000430,DFDC-DFDC_Fake,1,UCF,visual,0.4453,probability,193.18,N/A,N/A,ok,
dfdc_test_000431,DFDC-DFDC_Fake,1,UCF,visual,0.8725,probability,207.68,N/A,N/A,ok,
dfdc_test_000432,DFDC-DFDC_Fake,1,UCF,visual,0.3858,probability,212.84,N/A,N/A,ok,
dfdc_test_000433,DFDC-DFDC_Fake,1,UCF,visual,0.4638,probability,208.06,N/A,N/A,ok,
dfdc_test_000434,DFDC-DFDC_Fake,1,UCF,visual,0.312,probability,211.96,N/A,N/A,ok,
dfdc_test_000435,DFDC-DFDC_Fake,1,UCF,visual,0.5545,probability,199.06,N/A,N/A,ok,
dfdc_test_000436,DFDC-DFDC_Fake,1,UCF,visual,0.5097,probability,207.38,N/A,N/A,ok,
dfdc_test_000437,DFDC-DFDC_Fake,1,UCF,visual,0.9602,probability,203.41,N/A,N/A,ok,
dfdc_test_000438,DFDC-DFDC_Fake,1,UCF,visual,0.505,probability,200.16,N/A,N/A,ok,
dfdc_test_000439,DFDC-DFDC_Fake,1,UCF,visual,0.9449,probability,206.05,N/A,N/A,ok,
dfdc_test_000440,DFDC-DFDC_Fake,1,UCF,visual,0.986,probability,197.58,N/A,N/A,ok,
dfdc_test_000441,DFDC-DFDC_Fake,1,UCF,visual,0.7216,probability,204.16,N/A,N/A,ok,
dfdc_test_000442,DFDC-DFDC_Fake,1,UCF,visual,0.0587,probability,185.05,N/A,N/A,ok,
dfdc_test_000443,DFDC-DFDC_Fake,1,UCF,visual,0.7037,probability,188.21,N/A,N/A,ok,
dfdc_test_000444,DFDC-DFDC_Fake,1,UCF,visual,0.9696,probability,185.38,N/A,N/A,ok,
dfdc_test_000445,DFDC-DFDC_Fake,1,UCF,visual,0.418,probability,188.94,N/A,N/A,ok,
dfdc_test_000446,DFDC-DFDC_Fake,1,UCF,visual,0.691,probability,180.19,N/A,N/A,ok,
dfdc_test_000447,DFDC-DFDC_Fake,1,UCF,visual,0.099,probability,196.14,N/A,N/A,ok,
dfdc_test_000448,DFDC-DFDC_Fake,1,UCF,visual,0.9822,probability,209.3,N/A,N/A,ok,
dfdc_test_000449,DFDC-DFDC_Fake,1,UCF,visual,0.7654,probability,196.1,N/A,N/A,ok,
dfdc_test_000450,DFDC-DFDC_Fake,1,UCF,visual,0.8633,probability,203.53,N/A,N/A,ok,
dfdc_test_000451,DFDC-DFDC_Fake,1,UCF,visual,0.9858,probability,218.84,N/A,N/A,ok,
dfdc_test_000452,DFDC-DFDC_Fake,1,UCF,visual,0.9588,probability,176.84,N/A,N/A,ok,
dfdc_test_000453,DFDC-DFDC_Fake,1,UCF,visual,0.5394,probability,184.63,N/A,N/A,ok,
dfdc_test_000454,DFDC-DFDC_Fake,1,UCF,visual,0.0848,probability,184.9,N/A,N/A,ok,
dfdc_test_000455,DFDC-DFDC_Fake,1,UCF,visual,0.9569,probability,196.61,N/A,N/A,ok,
dfdc_test_000456,DFDC-DFDC_Fake,1,UCF,visual,0.4646,probability,212.49,N/A,N/A,ok,
dfdc_test_000457,DFDC-DFDC_Fake,1,UCF,visual,0.8104,probability,200.03,N/A,N/A,ok,
dfdc_test_000458,DFDC-DFDC_Fake,1,UCF,visual,0.7145,probability,197.43,N/A,N/A,ok,
dfdc_test_000459,DFDC-DFDC_Fake,1,UCF,visual,0.1471,probability,187.62,N/A,N/A,ok,
dfdc_test_000460,DFDC-DFDC_Fake,1,UCF,visual,0.4735,probability,216.6,N/A,N/A,ok,
dfdc_test_000461,DFDC-DFDC_Fake,1,UCF,visual,0.7004,probability,191.71,N/A,N/A,ok,
dfdc_test_000462,DFDC-DFDC_Fake,1,UCF,visual,0.5457,probability,187.98,N/A,N/A,ok,
dfdc_test_000463,DFDC-DFDC_Fake,1,UCF,visual,0.6588,probability,205.23,N/A,N/A,ok,
dfdc_test_000464,DFDC-DFDC_Fake,1,UCF,visual,0.9842,probability,177.71,N/A,N/A,ok,
dfdc_test_000465,DFDC-DFDC_Fake,1,UCF,visual,0.77,probability,186.8,N/A,N/A,ok,
dfdc_test_000466,DFDC-DFDC_Fake,1,UCF,visual,0.0439,probability,189.12,N/A,N/A,ok,
dfdc_test_000467,DFDC-DFDC_Fake,1,UCF,visual,0.6494,probability,182.52,N/A,N/A,ok,
dfdc_test_000468,DFDC-DFDC_Fake,1,UCF,visual,0.5322,probability,191.15,N/A,N/A,ok,
dfdc_test_000469,DFDC-DFDC_Fake,1,UCF,visual,0.7716,probability,192.02,N/A,N/A,ok,
dfdc_test_000470,DFDC-DFDC_Fake,1,UCF,visual,0.3139,probability,189.14,N/A,N/A,ok,
dfdc_test_000471,DFDC-DFDC_Fake,1,UCF,visual,0.7305,probability,189.02,N/A,N/A,ok,
dfdc_test_000472,DFDC-DFDC_Fake,1,UCF,visual,0.5119,probability,194.58,N/A,N/A,ok,
dfdc_test_000473,DFDC-DFDC_Fake,1,UCF,visual,0.8772,probability,189.85,N/A,N/A,ok,
dfdc_test_000474,DFDC-DFDC_Fake,1,UCF,visual,0.9931,probability,204.04,N/A,N/A,ok,
dfdc_test_000475,DFDC-DFDC_Fake,1,UCF,visual,0.7288,probability,198.48,N/A,N/A,ok,
dfdc_test_000476,DFDC-DFDC_Fake,1,UCF,visual,0.1657,probability,192.0,N/A,N/A,ok,
dfdc_test_000477,DFDC-DFDC_Fake,1,UCF,visual,0.7924,probability,200.19,N/A,N/A,ok,
dfdc_test_000478,DFDC-DFDC_Fake,1,UCF,visual,0.9853,probability,204.98,N/A,N/A,ok,
dfdc_test_000479,DFDC-DFDC_Fake,1,UCF,visual,0.9888,probability,205.25,N/A,N/A,ok,
dfdc_test_000480,DFDC-DFDC_Fake,1,UCF,visual,0.1292,probability,200.1,N/A,N/A,ok,
dfdc_test_000481,DFDC-DFDC_Fake,1,UCF,visual,0.9832,probability,204.25,N/A,N/A,ok,
dfdc_test_000482,DFDC-DFDC_Fake,1,UCF,visual,0.8963,probability,221.43,N/A,N/A,ok,
dfdc_test_000483,DFDC-DFDC_Fake,1,UCF,visual,0.5416,probability,206.45,N/A,N/A,ok,
dfdc_test_000484,DFDC-DFDC_Fake,1,UCF,visual,0.9815,probability,221.66,N/A,N/A,ok,
dfdc_test_000485,DFDC-DFDC_Fake,1,UCF,visual,0.3763,probability,226.91,N/A,N/A,ok,
dfdc_test_000486,DFDC-DFDC_Fake,1,UCF,visual,0.2296,probability,198.55,N/A,N/A,ok,
dfdc_test_000487,DFDC-DFDC_Fake,1,UCF,visual,0.684,probability,199.57,N/A,N/A,ok,
dfdc_test_000488,DFDC-DFDC_Fake,1,UCF,visual,0.9957,probability,194.53,N/A,N/A,ok,
dfdc_test_000489,DFDC-DFDC_Fake,1,UCF,visual,0.8031,probability,204.51,N/A,N/A,ok,
dfdc_test_000490,DFDC-DFDC_Fake,1,UCF,visual,0.9898,probability,196.0,N/A,N/A,ok,
dfdc_test_000491,DFDC-DFDC_Fake,1,UCF,visual,0.2132,probability,194.42,N/A,N/A,ok,
dfdc_test_000492,DFDC-DFDC_Fake,1,UCF,visual,0.5352,probability,203.51,N/A,N/A,ok,
dfdc_test_000493,DFDC-DFDC_Fake,1,UCF,visual,0.0642,probability,200.24,N/A,N/A,ok,
dfdc_test_000494,DFDC-DFDC_Fake,1,UCF,visual,0.3153,probability,206.5,N/A,N/A,ok,
dfdc_test_000495,DFDC-DFDC_Fake,1,UCF,visual,0.3703,probability,202.16,N/A,N/A,ok,
dfdc_test_000496,DFDC-DFDC_Fake,1,UCF,visual,0.3104,probability,194.68,N/A,N/A,ok,
dfdc_test_000497,DFDC-DFDC_Fake,1,UCF,visual,0.9869,probability,201.95,N/A,N/A,ok,
dfdc_test_000498,DFDC-DFDC_Fake,1,UCF,visual,0.6077,probability,194.66,N/A,N/A,ok,
dfdc_test_000499,DFDC-DFDC_Fake,1,UCF,visual,0.9328,probability,205.76,N/A,N/A,ok,
dfdc_test_000500,DFDC-DFDC_Fake,1,UCF,visual,0.8732,probability,196.52,N/A,N/A,ok,
dfdc_test_000501,DFDC-DFDC_Fake,1,UCF,visual,0.9882,probability,223.56,N/A,N/A,ok,
dfdc_test_000502,DFDC-DFDC_Fake,1,UCF,visual,0.8924,probability,203.25,N/A,N/A,ok,
dfdc_test_000503,DFDC-DFDC_Fake,1,UCF,visual,0.6531,probability,201.03,N/A,N/A,ok,
dfdc_test_000504,DFDC-DFDC_Fake,1,UCF,visual,0.7498,probability,211.72,N/A,N/A,ok,
dfdc_test_000505,DFDC-DFDC_Fake,1,UCF,visual,0.0359,probability,198.94,N/A,N/A,ok,
dfdc_test_000506,DFDC-DFDC_Fake,1,UCF,visual,0.9087,probability,210.59,N/A,N/A,ok,
dfdc_test_000507,DFDC-DFDC_Fake,1,UCF,visual,0.6646,probability,198.65,N/A,N/A,ok,
dfdc_test_000508,DFDC-DFDC_Fake,1,UCF,visual,0.228,probability,190.51,N/A,N/A,ok,
dfdc_test_000509,DFDC-DFDC_Fake,1,UCF,visual,0.1253,probability,196.05,N/A,N/A,ok,
dfdc_test_000510,DFDC-DFDC_Fake,1,UCF,visual,0.4595,probability,202.01,N/A,N/A,ok,
dfdc_test_000511,DFDC-DFDC_Fake,1,UCF,visual,0.6227,probability,250.16,N/A,N/A,ok,
dfdc_test_000512,DFDC-DFDC_Fake,1,UCF,visual,0.4503,probability,181.7,N/A,N/A,ok,
dfdc_test_000513,DFDC-DFDC_Fake,1,UCF,visual,0.991,probability,158.99,N/A,N/A,ok,
dfdc_test_000514,DFDC-DFDC_Fake,1,UCF,visual,0.9978,probability,323.37,N/A,N/A,ok,
dfdc_test_000515,DFDC-DFDC_Fake,1,UCF,visual,0.9561,probability,137.47,N/A,N/A,ok,
dfdc_test_000516,DFDC-DFDC_Fake,1,UCF,visual,0.0347,probability,150.55,N/A,N/A,ok,
dfdc_test_000517,DFDC-DFDC_Fake,1,UCF,visual,0.9804,probability,110.47,N/A,N/A,ok,
dfdc_test_000518,DFDC-DFDC_Fake,1,UCF,visual,0.8793,probability,108.68,N/A,N/A,ok,
dfdc_test_000519,DFDC-DFDC_Fake,1,UCF,visual,0.899,probability,115.68,N/A,N/A,ok,
dfdc_test_000520,DFDC-DFDC_Fake,1,UCF,visual,0.5538,probability,210.33,N/A,N/A,ok,
dfdc_test_000521,DFDC-DFDC_Fake,1,UCF,visual,0.6743,probability,153.64,N/A,N/A,ok,
dfdc_test_000522,DFDC-DFDC_Fake,1,UCF,visual,0.7495,probability,124.94,N/A,N/A,ok,
dfdc_test_000523,DFDC-DFDC_Fake,1,UCF,visual,0.7836,probability,167.12,N/A,N/A,ok,
dfdc_test_000524,DFDC-DFDC_Fake,1,UCF,visual,0.7046,probability,147.48,N/A,N/A,ok,
dfdc_test_000525,DFDC-DFDC_Fake,1,UCF,visual,0.5548,probability,151.9,N/A,N/A,ok,
dfdc_test_000526,DFDC-DFDC_Fake,1,UCF,visual,0.3365,probability,125.6,N/A,N/A,ok,
dfdc_test_000527,DFDC-DFDC_Fake,1,UCF,visual,0.9451,probability,129.97,N/A,N/A,ok,
dfdc_test_000528,DFDC-DFDC_Fake,1,UCF,visual,0.0827,probability,138.81,N/A,N/A,ok,
dfdc_test_000529,DFDC-DFDC_Fake,1,UCF,visual,0.8014,probability,119.75,N/A,N/A,ok,
dfdc_test_000530,DFDC-DFDC_Fake,1,UCF,visual,0.9931,probability,134.17,N/A,N/A,ok,
dfdc_test_000531,DFDC-DFDC_Fake,1,UCF,visual,0.6408,probability,105.41,N/A,N/A,ok,
dfdc_test_000532,DFDC-DFDC_Fake,1,UCF,visual,0.4655,probability,123.71,N/A,N/A,ok,
dfdc_test_000533,DFDC-DFDC_Fake,1,UCF,visual,0.6357,probability,138.94,N/A,N/A,ok,
dfdc_test_000534,DFDC-DFDC_Fake,1,UCF,visual,0.8407,probability,117.18,N/A,N/A,ok,
dfdc_test_000535,DFDC-DFDC_Fake,1,UCF,visual,0.235,probability,122.31,N/A,N/A,ok,
dfdc_test_000536,DFDC-DFDC_Fake,1,UCF,visual,0.9955,probability,131.74,N/A,N/A,ok,
dfdc_test_000537,DFDC-DFDC_Fake,1,UCF,visual,0.499,probability,103.27,N/A,N/A,ok,
dfdc_test_000538,DFDC-DFDC_Fake,1,UCF,visual,0.9968,probability,128.41,N/A,N/A,ok,
dfdc_test_000539,DFDC-DFDC_Fake,1,UCF,visual,0.9723,probability,116.17,N/A,N/A,ok,
dfdc_test_000540,DFDC-DFDC_Fake,1,UCF,visual,0.3751,probability,132.4,N/A,N/A,ok,
dfdc_test_000541,DFDC-DFDC_Fake,1,UCF,visual,0.8971,probability,108.27,N/A,N/A,ok,
dfdc_test_000542,DFDC-DFDC_Fake,1,UCF,visual,0.9915,probability,112.18,N/A,N/A,ok,
dfdc_test_000543,DFDC-DFDC_Fake,1,UCF,visual,0.1645,probability,114.52,N/A,N/A,ok,
dfdc_test_000544,DFDC-DFDC_Fake,1,UCF,visual,0.8975,probability,114.26,N/A,N/A,ok,
dfdc_test_000545,DFDC-DFDC_Fake,1,UCF,visual,0.2706,probability,136.12,N/A,N/A,ok,
dfdc_test_000546,DFDC-DFDC_Fake,1,UCF,visual,0.4933,probability,114.61,N/A,N/A,ok,
dfdc_test_000547,DFDC-DFDC_Fake,1,UCF,visual,0.7034,probability,135.55,N/A,N/A,ok,
dfdc_test_000548,DFDC-DFDC_Fake,1,UCF,visual,0.4027,probability,147.14,N/A,N/A,ok,
dfdc_test_000549,DFDC-DFDC_Fake,1,UCF,visual,0.8463,probability,124.55,N/A,N/A,ok,
dfdc_test_000550,DFDC-DFDC_Fake,1,UCF,visual,0.5858,probability,134.66,N/A,N/A,ok,
dfdc_test_000551,DFDC-DFDC_Fake,1,UCF,visual,0.5661,probability,112.59,N/A,N/A,ok,
dfdc_test_000552,DFDC-DFDC_Fake,1,UCF,visual,0.3887,probability,165.67,N/A,N/A,ok,
dfdc_test_000553,DFDC-DFDC_Fake,1,UCF,visual,0.742,probability,126.87,N/A,N/A,ok,
dfdc_test_000554,DFDC-DFDC_Fake,1,UCF,visual,0.5967,probability,129.69,N/A,N/A,ok,
dfdc_test_000555,DFDC-DFDC_Fake,1,UCF,visual,0.7158,probability,116.14,N/A,N/A,ok,
dfdc_test_000556,DFDC-DFDC_Fake,1,UCF,visual,0.9824,probability,112.81,N/A,N/A,ok,
dfdc_test_000557,DFDC-DFDC_Fake,1,UCF,visual,0.9484,probability,161.41,N/A,N/A,ok,
dfdc_test_000558,DFDC-DFDC_Fake,1,UCF,visual,0.0935,probability,177.52,N/A,N/A,ok,
dfdc_test_000559,DFDC-DFDC_Fake,1,UCF,visual,0.9947,probability,132.53,N/A,N/A,ok,
dfdc_test_000560,DFDC-DFDC_Fake,1,UCF,visual,0.9879,probability,113.55,N/A,N/A,ok,
dfdc_test_000561,DFDC-DFDC_Fake,1,UCF,visual,0.6225,probability,119.33,N/A,N/A,ok,
dfdc_test_000562,DFDC-DFDC_Fake,1,UCF,visual,0.7057,probability,110.49,N/A,N/A,ok,
dfdc_test_000563,DFDC-DFDC_Fake,1,UCF,visual,0.4315,probability,106.23,N/A,N/A,ok,
dfdc_test_000564,DFDC-DFDC_Fake,1,UCF,visual,0.0153,probability,177.2,N/A,N/A,ok,
dfdc_test_000565,DFDC-DFDC_Fake,1,UCF,visual,0.3644,probability,174.67,N/A,N/A,ok,
dfdc_test_000566,DFDC-DFDC_Fake,1,UCF,visual,0.5395,probability,180.69,N/A,N/A,ok,
dfdc_test_000567,DFDC-DFDC_Fake,1,UCF,visual,0.9883,probability,160.02,N/A,N/A,ok,
dfdc_test_000568,DFDC-DFDC_Fake,1,UCF,visual,0.6757,probability,139.82,N/A,N/A,ok,
dfdc_test_000569,DFDC-DFDC_Fake,1,UCF,visual,0.9971,probability,151.77,N/A,N/A,ok,
dfdc_test_000570,DFDC-DFDC_Fake,1,UCF,visual,0.9921,probability,160.37,N/A,N/A,ok,
dfdc_test_000571,DFDC-DFDC_Fake,1,UCF,visual,0.474,probability,114.07,N/A,N/A,ok,
dfdc_test_000572,DFDC-DFDC_Fake,1,UCF,visual,0.6139,probability,150.0,N/A,N/A,ok,
dfdc_test_000573,DFDC-DFDC_Fake,1,UCF,visual,0.8281,probability,173.03,N/A,N/A,ok,
dfdc_test_000574,DFDC-DFDC_Fake,1,UCF,visual,0.8604,probability,134.78,N/A,N/A,ok,
dfdc_test_000575,DFDC-DFDC_Fake,1,UCF,visual,0.8111,probability,159.48,N/A,N/A,ok,
dfdc_test_000576,DFDC-DFDC_Fake,1,UCF,visual,0.0471,probability,118.36,N/A,N/A,ok,
dfdc_test_000577,DFDC-DFDC_Fake,1,UCF,visual,0.8418,probability,114.66,N/A,N/A,ok,
dfdc_test_000578,DFDC-DFDC_Fake,1,UCF,visual,0.7361,probability,149.9,N/A,N/A,ok,
dfdc_test_000579,DFDC-DFDC_Fake,1,UCF,visual,0.9854,probability,112.06,N/A,N/A,ok,
dfdc_test_000580,DFDC-DFDC_Fake,1,UCF,visual,0.8929,probability,143.17,N/A,N/A,ok,
dfdc_test_000581,DFDC-DFDC_Fake,1,UCF,visual,0.9959,probability,131.33,N/A,N/A,ok,
dfdc_test_000582,DFDC-DFDC_Fake,1,UCF,visual,0.4481,probability,128.78,N/A,N/A,ok,
dfdc_test_000583,DFDC-DFDC_Fake,1,UCF,visual,0.9359,probability,122.09,N/A,N/A,ok,
dfdc_test_000584,DFDC-DFDC_Fake,1,UCF,visual,0.3449,probability,140.82,N/A,N/A,ok,
dfdc_test_000585,DFDC-DFDC_Fake,1,UCF,visual,0.2952,probability,120.89,N/A,N/A,ok,
dfdc_test_000586,DFDC-DFDC_Fake,1,UCF,visual,0.4307,probability,140.78,N/A,N/A,ok,
dfdc_test_000587,DFDC-DFDC_Fake,1,UCF,visual,0.7209,probability,158.14,N/A,N/A,ok,
dfdc_test_000588,DFDC-DFDC_Fake,1,UCF,visual,0.3044,probability,123.55,N/A,N/A,ok,
dfdc_test_000589,DFDC-DFDC_Fake,1,UCF,visual,0.8576,probability,137.71,N/A,N/A,ok,
dfdc_test_000590,DFDC-DFDC_Fake,1,UCF,visual,0.5277,probability,131.21,N/A,N/A,ok,
dfdc_test_000591,DFDC-DFDC_Fake,1,UCF,visual,0.8244,probability,132.83,N/A,N/A,ok,
dfdc_test_000592,DFDC-DFDC_Fake,1,UCF,visual,0.8974,probability,111.08,N/A,N/A,ok,
dfdc_test_000593,DFDC-DFDC_Fake,1,UCF,visual,0.529,probability,124.3,N/A,N/A,ok,
dfdc_test_000594,DFDC-DFDC_Fake,1,UCF,visual,0.2295,probability,129.36,N/A,N/A,ok,
dfdc_test_000595,DFDC-DFDC_Fake,1,UCF,visual,0.231,probability,145.17,N/A,N/A,ok,
dfdc_test_000596,DFDC-DFDC_Fake,1,UCF,visual,0.9791,probability,142.88,N/A,N/A,ok,
dfdc_test_000597,DFDC-DFDC_Fake,1,UCF,visual,0.0906,probability,155.37,N/A,N/A,ok,
dfdc_test_000598,DFDC-DFDC_Fake,1,UCF,visual,0.7873,probability,150.23,N/A,N/A,ok,
dfdc_test_000599,DFDC-DFDC_Fake,1,UCF,visual,0.9453,probability,127.26,N/A,N/A,ok,
dfdc_test_000600,DFDC-DFDC_Fake,1,UCF,visual,0.5801,probability,136.47,N/A,N/A,ok,
dfdc_test_000601,DFDC-DFDC_Fake,1,UCF,visual,0.6604,probability,136.54,N/A,N/A,ok,
dfdc_test_000602,DFDC-DFDC_Fake,1,UCF,visual,0.9903,probability,133.97,N/A,N/A,ok,
dfdc_test_000603,DFDC-DFDC_Fake,1,UCF,visual,0.7007,probability,121.7,N/A,N/A,ok,
dfdc_test_000604,DFDC-DFDC_Fake,1,UCF,visual,0.512,probability,124.26,N/A,N/A,ok,
dfdc_test_000605,DFDC-DFDC_Fake,1,UCF,visual,0.9031,probability,126.62,N/A,N/A,ok,
dfdc_test_000606,DFDC-DFDC_Fake,1,UCF,visual,0.986,probability,133.61,N/A,N/A,ok,
dfdc_test_000607,DFDC-DFDC_Fake,1,UCF,visual,0.8907,probability,118.04,N/A,N/A,ok,
dfdc_test_000608,DFDC-DFDC_Fake,1,UCF,visual,0.7136,probability,185.69,N/A,N/A,ok,
dfdc_test_000609,DFDC-DFDC_Fake,1,UCF,visual,0.6784,probability,172.44,N/A,N/A,ok,
dfdc_test_000610,DFDC-DFDC_Fake,1,UCF,visual,0.6452,probability,173.86,N/A,N/A,ok,
dfdc_test_000611,DFDC-DFDC_Fake,1,UCF,visual,0.5431,probability,155.77,N/A,N/A,ok,
dfdc_test_000612,DFDC-DFDC_Fake,1,UCF,visual,0.1138,probability,175.71,N/A,N/A,ok,
dfdc_test_000613,DFDC-DFDC_Fake,1,UCF,visual,0.6575,probability,169.26,N/A,N/A,ok,
dfdc_test_000614,DFDC-DFDC_Fake,1,UCF,visual,0.68,probability,191.85,N/A,N/A,ok,
dfdc_test_000615,DFDC-DFDC_Fake,1,UCF,visual,0.4753,probability,170.18,N/A,N/A,ok,
dfdc_test_000616,DFDC-DFDC_Fake,1,UCF,visual,0.8178,probability,165.35,N/A,N/A,ok,
dfdc_test_000617,DFDC-DFDC_Fake,1,UCF,visual,0.4296,probability,168.82,N/A,N/A,ok,
dfdc_test_000618,DFDC-DFDC_Fake,1,UCF,visual,0.5543,probability,162.68,N/A,N/A,ok,
dfdc_test_000619,DFDC-DFDC_Fake,1,UCF,visual,0.9816,probability,195.86,N/A,N/A,ok,
dfdc_test_000620,DFDC-DFDC_Fake,1,UCF,visual,0.8237,probability,165.19,N/A,N/A,ok,
dfdc_test_000621,DFDC-DFDC_Fake,1,UCF,visual,0.9947,probability,173.2,N/A,N/A,ok,
dfdc_test_000622,DFDC-DFDC_Fake,1,UCF,visual,0.9887,probability,150.09,N/A,N/A,ok,
dfdc_test_000623,DFDC-DFDC_Fake,1,UCF,visual,0.5116,probability,235.31,N/A,N/A,ok,
dfdc_test_000624,DFDC-DFDC_Fake,1,UCF,visual,0.6371,probability,172.22,N/A,N/A,ok,
dfdc_test_000625,DFDC-DFDC_Fake,1,UCF,visual,0.9964,probability,185.19,N/A,N/A,ok,
dfdc_test_000626,DFDC-DFDC_Fake,1,UCF,visual,0.6281,probability,162.13,N/A,N/A,ok,
dfdc_test_000627,DFDC-DFDC_Fake,1,UCF,visual,0.6946,probability,183.68,N/A,N/A,ok,
dfdc_test_000628,DFDC-DFDC_Fake,1,UCF,visual,0.9286,probability,219.72,N/A,N/A,ok,
dfdc_test_000629,DFDC-DFDC_Fake,1,UCF,visual,0.471,probability,199.52,N/A,N/A,ok,
dfdc_test_000630,DFDC-DFDC_Fake,1,UCF,visual,0.9152,probability,203.54,N/A,N/A,ok,
dfdc_test_000631,DFDC-DFDC_Fake,1,UCF,visual,0.9959,probability,176.57,N/A,N/A,ok,
dfdc_test_000632,DFDC-DFDC_Fake,1,UCF,visual,0.7087,probability,161.0,N/A,N/A,ok,
dfdc_test_000633,DFDC-DFDC_Fake,1,UCF,visual,0.7796,probability,180.88,N/A,N/A,ok,
dfdc_test_000634,DFDC-DFDC_Fake,1,UCF,visual,0.9892,probability,139.7,N/A,N/A,ok,
dfdc_test_000635,DFDC-DFDC_Fake,1,UCF,visual,0.4835,probability,133.53,N/A,N/A,ok,
dfdc_test_000636,DFDC-DFDC_Fake,1,UCF,visual,0.7206,probability,128.92,N/A,N/A,ok,
dfdc_test_000637,DFDC-DFDC_Fake,1,UCF,visual,0.663,probability,188.64,N/A,N/A,ok,
dfdc_test_000638,DFDC-DFDC_Fake,1,UCF,visual,0.7233,probability,187.11,N/A,N/A,ok,
dfdc_test_000639,DFDC-DFDC_Fake,1,UCF,visual,0.9327,probability,185.43,N/A,N/A,ok,
dfdc_test_000640,DFDC-DFDC_Fake,1,UCF,visual,0.8169,probability,187.33,N/A,N/A,ok,
dfdc_test_000641,DFDC-DFDC_Fake,1,UCF,visual,0.6327,probability,191.13,N/A,N/A,ok,
dfdc_test_000642,DFDC-DFDC_Fake,1,UCF,visual,0.3492,probability,160.1,N/A,N/A,ok,
dfdc_test_000643,DFDC-DFDC_Fake,1,UCF,visual,0.9912,probability,151.18,N/A,N/A,ok,
dfdc_test_000644,DFDC-DFDC_Fake,1,UCF,visual,0.5679,probability,140.15,N/A,N/A,ok,
dfdc_test_000645,DFDC-DFDC_Fake,1,UCF,visual,0.9959,probability,144.94,N/A,N/A,ok,
dfdc_test_000646,DFDC-DFDC_Fake,1,UCF,visual,0.2596,probability,164.68,N/A,N/A,ok,
dfdc_test_000647,DFDC-DFDC_Fake,1,UCF,visual,0.5503,probability,168.82,N/A,N/A,ok,
dfdc_test_000648,DFDC-DFDC_Fake,1,UCF,visual,0.1222,probability,134.31,N/A,N/A,ok,
dfdc_test_000649,DFDC-DFDC_Fake,1,UCF,visual,0.6084,probability,147.74,N/A,N/A,ok,
dfdc_test_000650,DFDC-DFDC_Fake,1,UCF,visual,0.4817,probability,132.86,N/A,N/A,ok,
dfdc_test_000651,DFDC-DFDC_Fake,1,UCF,visual,0.8566,probability,142.12,N/A,N/A,ok,
dfdc_test_000652,DFDC-DFDC_Fake,1,UCF,visual,0.7468,probability,138.88,N/A,N/A,ok,
dfdc_test_000653,DFDC-DFDC_Fake,1,UCF,visual,0.8536,probability,165.45,N/A,N/A,ok,
dfdc_test_000654,DFDC-DFDC_Fake,1,UCF,visual,0.5957,probability,150.75,N/A,N/A,ok,
dfdc_test_000655,DFDC-DFDC_Fake,1,UCF,visual,0.7434,probability,193.56,N/A,N/A,ok,
dfdc_test_000656,DFDC-DFDC_Fake,1,UCF,visual,0.7789,probability,145.89,N/A,N/A,ok,
dfdc_test_000657,DFDC-DFDC_Fake,1,UCF,visual,0.6698,probability,142.91,N/A,N/A,ok,
dfdc_test_000658,DFDC-DFDC_Fake,1,UCF,visual,0.9476,probability,135.15,N/A,N/A,ok,
dfdc_test_000659,DFDC-DFDC_Fake,1,UCF,visual,0.9967,probability,120.34,N/A,N/A,ok,
dfdc_test_000660,DFDC-DFDC_Fake,1,UCF,visual,0.3267,probability,121.89,N/A,N/A,ok,
dfdc_test_000661,DFDC-DFDC_Fake,1,UCF,visual,0.9948,probability,129.41,N/A,N/A,ok,
dfdc_test_000662,DFDC-DFDC_Fake,1,UCF,visual,0.7354,probability,116.18,N/A,N/A,ok,
dfdc_test_000663,DFDC-DFDC_Fake,1,UCF,visual,0.3295,probability,184.84,N/A,N/A,ok,
dfdc_test_000664,DFDC-DFDC_Fake,1,UCF,visual,0.3957,probability,238.28,N/A,N/A,ok,
dfdc_test_000665,DFDC-DFDC_Fake,1,UCF,visual,0.969,probability,174.27,N/A,N/A,ok,
dfdc_test_000666,DFDC-DFDC_Fake,1,UCF,visual,0.6626,probability,244.54,N/A,N/A,ok,
dfdc_test_000667,DFDC-DFDC_Fake,1,UCF,visual,0.9909,probability,226.62,N/A,N/A,ok,
dfdc_test_000668,DFDC-DFDC_Fake,1,UCF,visual,0.8979,probability,191.06,N/A,N/A,ok,
dfdc_test_000669,DFDC-DFDC_Fake,1,UCF,visual,0.4455,probability,184.49,N/A,N/A,ok,
dfdc_test_000670,DFDC-DFDC_Fake,1,UCF,visual,0.2389,probability,153.05,N/A,N/A,ok,
dfdc_test_000671,DFDC-DFDC_Fake,1,UCF,visual,0.0916,probability,169.9,N/A,N/A,ok,
dfdc_test_000672,DFDC-DFDC_Fake,1,UCF,visual,0.3316,probability,169.4,N/A,N/A,ok,
dfdc_test_000673,DFDC-DFDC_Fake,1,UCF,visual,0.2884,probability,144.2,N/A,N/A,ok,
dfdc_test_000674,DFDC-DFDC_Fake,1,UCF,visual,0.824,probability,170.64,N/A,N/A,ok,
dfdc_test_000675,DFDC-DFDC_Fake,1,UCF,visual,0.3877,probability,155.03,N/A,N/A,ok,
dfdc_test_000676,DFDC-DFDC_Fake,1,UCF,visual,0.6741,probability,207.99,N/A,N/A,ok,
dfdc_test_000677,DFDC-DFDC_Fake,1,UCF,visual,0.4822,probability,181.53,N/A,N/A,ok,
dfdc_test_000678,DFDC-DFDC_Fake,1,UCF,visual,0.5792,probability,164.28,N/A,N/A,ok,
dfdc_test_000679,DFDC-DFDC_Fake,1,UCF,visual,0.662,probability,184.69,N/A,N/A,ok,
dfdc_test_000680,DFDC-DFDC_Fake,1,UCF,visual,0.24,probability,233.71,N/A,N/A,ok,
dfdc_test_000681,DFDC-DFDC_Fake,1,UCF,visual,0.9913,probability,168.51,N/A,N/A,ok,
dfdc_test_000682,DFDC-DFDC_Fake,1,UCF,visual,0.7979,probability,139.56,N/A,N/A,ok,
dfdc_test_000683,DFDC-DFDC_Fake,1,UCF,visual,0.9255,probability,135.12,N/A,N/A,ok,
dfdc_test_000684,DFDC-DFDC_Fake,1,UCF,visual,0.7226,probability,150.16,N/A,N/A,ok,
dfdc_test_000685,DFDC-DFDC_Fake,1,UCF,visual,0.721,probability,214.22,N/A,N/A,ok,
dfdc_test_000686,DFDC-DFDC_Fake,1,UCF,visual,0.9921,probability,157.46,N/A,N/A,ok,
dfdc_test_000687,DFDC-DFDC_Fake,1,UCF,visual,0.1433,probability,158.11,N/A,N/A,ok,
dfdc_test_000688,DFDC-DFDC_Fake,1,UCF,visual,0.9558,probability,155.61,N/A,N/A,ok,
dfdc_test_000689,DFDC-DFDC_Fake,1,UCF,visual,0.9843,probability,153.72,N/A,N/A,ok,
dfdc_test_000690,DFDC-DFDC_Fake,1,UCF,visual,0.9854,probability,183.65,N/A,N/A,ok,
dfdc_test_000691,DFDC-DFDC_Fake,1,UCF,visual,0.7084,probability,186.78,N/A,N/A,ok,
dfdc_test_000692,DFDC-DFDC_Fake,1,UCF,visual,0.9205,probability,166.19,N/A,N/A,ok,
dfdc_test_000693,DFDC-DFDC_Fake,1,UCF,visual,0.2895,probability,151.54,N/A,N/A,ok,
dfdc_test_000694,DFDC-DFDC_Fake,1,UCF,visual,0.9943,probability,190.29,N/A,N/A,ok,
dfdc_test_000695,DFDC-DFDC_Fake,1,UCF,visual,0.5814,probability,153.93,N/A,N/A,ok,
dfdc_test_000696,DFDC-DFDC_Fake,1,UCF,visual,0.5746,probability,153.07,N/A,N/A,ok,
dfdc_test_000697,DFDC-DFDC_Fake,1,UCF,visual,0.9906,probability,148.52,N/A,N/A,ok,
dfdc_test_000698,DFDC-DFDC_Fake,1,UCF,visual,0.4552,probability,162.22,N/A,N/A,ok,
dfdc_test_000699,DFDC-DFDC_Fake,1,UCF,visual,0.6061,probability,142.8,N/A,N/A,ok,
dfdc_test_000700,DFDC-DFDC_Fake,1,UCF,visual,0.9661,probability,136.41,N/A,N/A,ok,
dfdc_test_000701,DFDC-DFDC_Fake,1,UCF,visual,0.0867,probability,161.72,N/A,N/A,ok,
dfdc_test_000702,DFDC-DFDC_Fake,1,UCF,visual,0.3793,probability,132.29,N/A,N/A,ok,
dfdc_test_000703,DFDC-DFDC_Fake,1,UCF,visual,0.9787,probability,159.95,N/A,N/A,ok,
dfdc_test_000704,DFDC-DFDC_Fake,1,UCF,visual,0.9519,probability,163.27,N/A,N/A,ok,
dfdc_test_000705,DFDC-DFDC_Fake,1,UCF,visual,0.5132,probability,154.79,N/A,N/A,ok,
dfdc_test_000706,DFDC-DFDC_Fake,1,UCF,visual,0.1406,probability,157.5,N/A,N/A,ok,
dfdc_test_000707,DFDC-DFDC_Fake,1,UCF,visual,0.3022,probability,162.22,N/A,N/A,ok,
dfdc_test_000708,DFDC-DFDC_Fake,1,UCF,visual,0.1396,probability,152.08,N/A,N/A,ok,
dfdc_test_000709,DFDC-DFDC_Fake,1,UCF,visual,0.4487,probability,149.27,N/A,N/A,ok,
dfdc_test_000710,DFDC-DFDC_Fake,1,UCF,visual,0.9849,probability,138.14,N/A,N/A,ok,
dfdc_test_000711,DFDC-DFDC_Fake,1,UCF,visual,0.7514,probability,148.07,N/A,N/A,ok,
dfdc_test_000712,DFDC-DFDC_Fake,1,UCF,visual,0.9219,probability,155.27,N/A,N/A,ok,
dfdc_test_000713,DFDC-DFDC_Fake,1,UCF,visual,0.9564,probability,142.41,N/A,N/A,ok,
dfdc_test_000714,DFDC-DFDC_Fake,1,UCF,visual,0.9057,probability,145.74,N/A,N/A,ok,
dfdc_test_000715,DFDC-DFDC_Fake,1,UCF,visual,0.9931,probability,188.29,N/A,N/A,ok,
dfdc_test_000716,DFDC-DFDC_Fake,1,UCF,visual,0.8,probability,130.87,N/A,N/A,ok,
dfdc_test_000717,DFDC-DFDC_Fake,1,UCF,visual,0.5773,probability,151.43,N/A,N/A,ok,
dfdc_test_000718,DFDC-DFDC_Fake,1,UCF,visual,0.2818,probability,133.82,N/A,N/A,ok,
dfdc_test_000719,DFDC-DFDC_Fake,1,UCF,visual,0.5586,probability,158.6,N/A,N/A,ok,
dfdc_test_000720,DFDC-DFDC_Fake,1,UCF,visual,0.5088,probability,139.23,N/A,N/A,ok,
dfdc_test_000721,DFDC-DFDC_Fake,1,UCF,visual,0.9972,probability,156.87,N/A,N/A,ok,
dfdc_test_000722,DFDC-DFDC_Fake,1,UCF,visual,0.33,probability,162.54,N/A,N/A,ok,
dfdc_test_000723,DFDC-DFDC_Fake,1,UCF,visual,0.9721,probability,156.34,N/A,N/A,ok,
dfdc_test_000724,DFDC-DFDC_Fake,1,UCF,visual,0.7208,probability,133.04,N/A,N/A,ok,
dfdc_test_000725,DFDC-DFDC_Fake,1,UCF,visual,0.443,probability,136.7,N/A,N/A,ok,
dfdc_test_000726,DFDC-DFDC_Fake,1,UCF,visual,0.7884,probability,183.97,N/A,N/A,ok,
dfdc_test_000727,DFDC-DFDC_Fake,1,UCF,visual,0.9752,probability,122.16,N/A,N/A,ok,
dfdc_test_000728,DFDC-DFDC_Fake,1,UCF,visual,0.8506,probability,143.1,N/A,N/A,ok,
dfdc_test_000729,DFDC-DFDC_Fake,1,UCF,visual,0.2651,probability,159.24,N/A,N/A,ok,
dfdc_test_000730,DFDC-DFDC_Fake,1,UCF,visual,0.4846,probability,159.72,N/A,N/A,ok,
dfdc_test_000731,DFDC-DFDC_Fake,1,UCF,visual,0.4906,probability,166.15,N/A,N/A,ok,
dfdc_test_000732,DFDC-DFDC_Fake,1,UCF,visual,0.3388,probability,178.19,N/A,N/A,ok,
dfdc_test_000733,DFDC-DFDC_Fake,1,UCF,visual,0.9929,probability,161.38,N/A,N/A,ok,
dfdc_test_000734,DFDC-DFDC_Fake,1,UCF,visual,0.966,probability,181.55,N/A,N/A,ok,
dfdc_test_000735,DFDC-DFDC_Fake,1,UCF,visual,0.4496,probability,246.74,N/A,N/A,ok,
dfdc_test_000736,DFDC-DFDC_Fake,1,UCF,visual,0.3357,probability,170.08,N/A,N/A,ok,
dfdc_test_000737,DFDC-DFDC_Fake,1,UCF,visual,0.5207,probability,214.56,N/A,N/A,ok,
dfdc_test_000738,DFDC-DFDC_Fake,1,UCF,visual,0.9733,probability,227.79,N/A,N/A,ok,
dfdc_test_000739,DFDC-DFDC_Fake,1,UCF,visual,0.9869,probability,230.93,N/A,N/A,ok,
dfdc_test_000740,DFDC-DFDC_Fake,1,UCF,visual,0.6923,probability,205.41,N/A,N/A,ok,
dfdc_test_000741,DFDC-DFDC_Fake,1,UCF,visual,0.4891,probability,218.26,N/A,N/A,ok,
dfdc_test_000742,DFDC-DFDC_Fake,1,UCF,visual,0.7057,probability,199.48,N/A,N/A,ok,
dfdc_test_000743,DFDC-DFDC_Fake,1,UCF,visual,0.5005,probability,235.48,N/A,N/A,ok,
dfdc_test_000744,DFDC-DFDC_Fake,1,UCF,visual,0.9971,probability,208.96,N/A,N/A,ok,
dfdc_test_000745,DFDC-DFDC_Fake,1,UCF,visual,0.7879,probability,234.78,N/A,N/A,ok,
dfdc_test_000746,DFDC-DFDC_Fake,1,UCF,visual,0.8007,probability,163.74,N/A,N/A,ok,
dfdc_test_000747,DFDC-DFDC_Fake,1,UCF,visual,0.5528,probability,132.92,N/A,N/A,ok,
dfdc_test_000748,DFDC-DFDC_Fake,1,UCF,visual,0.1827,probability,256.85,N/A,N/A,ok,
dfdc_test_000749,DFDC-DFDC_Fake,1,UCF,visual,0.8825,probability,230.91,N/A,N/A,ok,
dfdc_test_000750,DFDC-DFDC_Fake,1,UCF,visual,0.9942,probability,169.05,N/A,N/A,ok,
dfdc_test_000751,DFDC-DFDC_Fake,1,UCF,visual,0.5378,probability,180.23,N/A,N/A,ok,
dfdc_test_000752,DFDC-DFDC_Fake,1,UCF,visual,0.5663,probability,207.76,N/A,N/A,ok,
dfdc_test_000753,DFDC-DFDC_Fake,1,UCF,visual,0.4411,probability,236.56,N/A,N/A,ok,
dfdc_test_000754,DFDC-DFDC_Fake,1,UCF,visual,0.6597,probability,203.52,N/A,N/A,ok,
dfdc_test_000755,DFDC-DFDC_Fake,1,UCF,visual,0.8155,probability,274.06,N/A,N/A,ok,
dfdc_test_000756,DFDC-DFDC_Fake,1,UCF,visual,0.2794,probability,277.82,N/A,N/A,ok,
dfdc_test_000757,DFDC-DFDC_Fake,1,UCF,visual,0.7742,probability,232.45,N/A,N/A,ok,
dfdc_test_000758,DFDC-DFDC_Fake,1,UCF,visual,0.0935,probability,208.24,N/A,N/A,ok,
dfdc_test_000759,DFDC-DFDC_Fake,1,UCF,visual,0.6857,probability,205.62,N/A,N/A,ok,
dfdc_test_000760,DFDC-DFDC_Fake,1,UCF,visual,0.8308,probability,225.58,N/A,N/A,ok,
dfdc_test_000761,DFDC-DFDC_Fake,1,UCF,visual,0.7769,probability,193.69,N/A,N/A,ok,
dfdc_test_000762,DFDC-DFDC_Fake,1,UCF,visual,0.0431,probability,226.8,N/A,N/A,ok,
dfdc_test_000763,DFDC-DFDC_Fake,1,UCF,visual,0.7504,probability,217.17,N/A,N/A,ok,
dfdc_test_000764,DFDC-DFDC_Fake,1,UCF,visual,0.47,probability,254.6,N/A,N/A,ok,
dfdc_test_000765,DFDC-DFDC_Fake,1,UCF,visual,0.9602,probability,195.36,N/A,N/A,ok,
dfdc_test_000766,DFDC-DFDC_Fake,1,UCF,visual,0.0734,probability,175.77,N/A,N/A,ok,
dfdc_test_000767,DFDC-DFDC_Fake,1,UCF,visual,0.4398,probability,167.72,N/A,N/A,ok,
dfdc_test_000768,DFDC-DFDC_Fake,1,UCF,visual,0.834,probability,155.1,N/A,N/A,ok,
dfdc_test_000769,DFDC-DFDC_Fake,1,UCF,visual,0.2908,probability,166.2,N/A,N/A,ok,
dfdc_test_000770,DFDC-DFDC_Fake,1,UCF,visual,0.753,probability,176.97,N/A,N/A,ok,
dfdc_test_000771,DFDC-DFDC_Fake,1,UCF,visual,0.3343,probability,200.28,N/A,N/A,ok,
dfdc_test_000772,DFDC-DFDC_Fake,1,UCF,visual,0.4167,probability,231.52,N/A,N/A,ok,
dfdc_test_000773,DFDC-DFDC_Fake,1,UCF,visual,0.9897,probability,238.67,N/A,N/A,ok,
dfdc_test_000774,DFDC-DFDC_Fake,1,UCF,visual,0.5118,probability,231.64,N/A,N/A,ok,
dfdc_test_000775,DFDC-DFDC_Fake,1,UCF,visual,0.6281,probability,233.96,N/A,N/A,ok,
dfdc_test_000776,DFDC-DFDC_Fake,1,UCF,visual,0.753,probability,213.96,N/A,N/A,ok,
dfdc_test_000777,DFDC-DFDC_Fake,1,UCF,visual,0.1934,probability,248.47,N/A,N/A,ok,
dfdc_test_000778,DFDC-DFDC_Fake,1,UCF,visual,0.9661,probability,214.32,N/A,N/A,ok,
dfdc_test_000779,DFDC-DFDC_Fake,1,UCF,visual,0.8754,probability,154.32,N/A,N/A,ok,
dfdc_test_000780,DFDC-DFDC_Fake,1,UCF,visual,0.2473,probability,262.67,N/A,N/A,ok,
dfdc_test_000781,DFDC-DFDC_Fake,1,UCF,visual,0.3395,probability,190.1,N/A,N/A,ok,
dfdc_test_000782,DFDC-DFDC_Fake,1,UCF,visual,0.9961,probability,203.07,N/A,N/A,ok,
dfdc_test_000783,DFDC-DFDC_Fake,1,UCF,visual,0.6211,probability,316.8,N/A,N/A,ok,
dfdc_test_000784,DFDC-DFDC_Fake,1,UCF,visual,0.6696,probability,265.8,N/A,N/A,ok,
dfdc_test_000785,DFDC-DFDC_Fake,1,UCF,visual,0.7389,probability,217.65,N/A,N/A,ok,
dfdc_test_000786,DFDC-DFDC_Fake,1,UCF,visual,0.079,probability,254.45,N/A,N/A,ok,
dfdc_test_000787,DFDC-DFDC_Fake,1,UCF,visual,0.6717,probability,254.6,N/A,N/A,ok,
dfdc_test_000788,DFDC-DFDC_Fake,1,UCF,visual,0.8033,probability,174.21,N/A,N/A,ok,
dfdc_test_000789,DFDC-DFDC_Fake,1,UCF,visual,0.2449,probability,184.5,N/A,N/A,ok,
dfdc_test_000790,DFDC-DFDC_Fake,1,UCF,visual,0.3511,probability,218.43,N/A,N/A,ok,
dfdc_test_000791,DFDC-DFDC_Fake,1,UCF,visual,0.4266,probability,166.98,N/A,N/A,ok,
dfdc_test_000792,DFDC-DFDC_Fake,1,UCF,visual,0.9905,probability,167.87,N/A,N/A,ok,
dfdc_test_000793,DFDC-DFDC_Fake,1,UCF,visual,0.4046,probability,239.21,N/A,N/A,ok,
dfdc_test_000794,DFDC-DFDC_Fake,1,UCF,visual,0.9657,probability,199.35,N/A,N/A,ok,
dfdc_test_000795,DFDC-DFDC_Fake,1,UCF,visual,0.5503,probability,230.23,N/A,N/A,ok,
dfdc_test_000796,DFDC-DFDC_Fake,1,UCF,visual,0.994,probability,200.9,N/A,N/A,ok,
dfdc_test_000797,DFDC-DFDC_Fake,1,UCF,visual,0.9798,probability,206.19,N/A,N/A,ok,
dfdc_test_000798,DFDC-DFDC_Fake,1,UCF,visual,0.9173,probability,178.88,N/A,N/A,ok,
dfdc_test_000799,DFDC-DFDC_Fake,1,UCF,visual,0.205,probability,251.35,N/A,N/A,ok,
dfdc_test_000800,DFDC-DFDC_Fake,1,UCF,visual,0.9892,probability,164.83,N/A,N/A,ok,
dfdc_test_000801,DFDC-DFDC_Fake,1,UCF,visual,0.9851,probability,196.99,N/A,N/A,ok,
dfdc_test_000802,DFDC-DFDC_Fake,1,UCF,visual,0.956,probability,178.03,N/A,N/A,ok,
dfdc_test_000803,DFDC-DFDC_Fake,1,UCF,visual,0.8419,probability,176.01,N/A,N/A,ok,
dfdc_test_000804,DFDC-DFDC_Fake,1,UCF,visual,0.4296,probability,196.86,N/A,N/A,ok,
dfdc_test_000805,DFDC-DFDC_Fake,1,UCF,visual,0.9921,probability,228.56,N/A,N/A,ok,
dfdc_test_000806,DFDC-DFDC_Fake,1,UCF,visual,0.3064,probability,221.56,N/A,N/A,ok,
dfdc_test_000807,DFDC-DFDC_Fake,1,UCF,visual,0.6604,probability,145.58,N/A,N/A,ok,
dfdc_test_000808,DFDC-DFDC_Fake,1,UCF,visual,0.3909,probability,283.31,N/A,N/A,ok,
dfdc_test_000809,DFDC-DFDC_Fake,1,UCF,visual,0.9981,probability,167.64,N/A,N/A,ok,
dfdc_test_000810,DFDC-DFDC_Fake,1,UCF,visual,0.9623,probability,167.43,N/A,N/A,ok,
dfdc_test_000811,DFDC-DFDC_Fake,1,UCF,visual,0.7243,probability,135.45,N/A,N/A,ok,
dfdc_test_000812,DFDC-DFDC_Fake,1,UCF,visual,0.8979,probability,154.68,N/A,N/A,ok,
dfdc_test_000813,DFDC-DFDC_Fake,1,UCF,visual,0.6982,probability,191.03,N/A,N/A,ok,
dfdc_test_000814,DFDC-DFDC_Fake,1,UCF,visual,0.4347,probability,138.59,N/A,N/A,ok,
dfdc_test_000815,DFDC-DFDC_Fake,1,UCF,visual,0.5914,probability,148.32,N/A,N/A,ok,
dfdc_test_000816,DFDC-DFDC_Fake,1,UCF,visual,0.8374,probability,182.8,N/A,N/A,ok,
dfdc_test_000817,DFDC-DFDC_Fake,1,UCF,visual,0.3176,probability,144.24,N/A,N/A,ok,
dfdc_test_000818,DFDC-DFDC_Fake,1,UCF,visual,0.6751,probability,223.43,N/A,N/A,ok,
dfdc_test_000819,DFDC-DFDC_Fake,1,UCF,visual,0.9957,probability,249.27,N/A,N/A,ok,
dfdc_test_000820,DFDC-DFDC_Fake,1,UCF,visual,0.1073,probability,273.19,N/A,N/A,ok,
dfdc_test_000821,DFDC-DFDC_Fake,1,UCF,visual,0.0857,probability,228.27,N/A,N/A,ok,
dfdc_test_000822,DFDC-DFDC_Fake,1,UCF,visual,0.5687,probability,233.66,N/A,N/A,ok,
dfdc_test_000823,DFDC-DFDC_Fake,1,UCF,visual,0.0786,probability,218.22,N/A,N/A,ok,
dfdc_test_000824,DFDC-DFDC_Fake,1,UCF,visual,0.7398,probability,229.6,N/A,N/A,ok,
dfdc_test_000825,DFDC-DFDC_Fake,1,UCF,visual,0.1613,probability,177.47,N/A,N/A,ok,
dfdc_test_000826,DFDC-DFDC_Fake,1,UCF,visual,0.9972,probability,196.05,N/A,N/A,ok,
dfdc_test_000827,DFDC-DFDC_Fake,1,UCF,visual,0.6839,probability,261.92,N/A,N/A,ok,
dfdc_test_000828,DFDC-DFDC_Fake,1,UCF,visual,0.6618,probability,197.72,N/A,N/A,ok,
dfdc_test_000829,DFDC-DFDC_Fake,1,UCF,visual,0.2434,probability,243.08,N/A,N/A,ok,
dfdc_test_000830,DFDC-DFDC_Fake,1,UCF,visual,0.0952,probability,285.8,N/A,N/A,ok,
dfdc_test_000831,DFDC-DFDC_Fake,1,UCF,visual,0.9839,probability,173.75,N/A,N/A,ok,
dfdc_test_000832,DFDC-DFDC_Fake,1,UCF,visual,0.6068,probability,202.33,N/A,N/A,ok,
dfdc_test_000833,DFDC-DFDC_Fake,1,UCF,visual,0.7152,probability,249.25,N/A,N/A,ok,
dfdc_test_000834,DFDC-DFDC_Fake,1,UCF,visual,0.903,probability,210.96,N/A,N/A,ok,
dfdc_test_000835,DFDC-DFDC_Fake,1,UCF,visual,0.9018,probability,213.93,N/A,N/A,ok,
dfdc_test_000836,DFDC-DFDC_Fake,1,UCF,visual,0.6228,probability,203.45,N/A,N/A,ok,
dfdc_test_000837,DFDC-DFDC_Fake,1,UCF,visual,0.1805,probability,190.84,N/A,N/A,ok,
dfdc_test_000838,DFDC-DFDC_Fake,1,UCF,visual,0.968,probability,155.32,N/A,N/A,ok,
dfdc_test_000839,DFDC-DFDC_Fake,1,UCF,visual,0.6918,probability,213.06,N/A,N/A,ok,
dfdc_test_000840,DFDC-DFDC_Fake,1,UCF,visual,0.6824,probability,181.34,N/A,N/A,ok,
dfdc_test_000841,DFDC-DFDC_Fake,1,UCF,visual,0.0683,probability,139.02,N/A,N/A,ok,
dfdc_test_000842,DFDC-DFDC_Fake,1,UCF,visual,0.4926,probability,175.4,N/A,N/A,ok,
dfdc_test_000843,DFDC-DFDC_Fake,1,UCF,visual,0.856,probability,165.95,N/A,N/A,ok,
dfdc_test_000844,DFDC-DFDC_Fake,1,UCF,visual,0.8376,probability,146.92,N/A,N/A,ok,
dfdc_test_000845,DFDC-DFDC_Fake,1,UCF,visual,0.5108,probability,117.13,N/A,N/A,ok,
dfdc_test_000846,DFDC-DFDC_Fake,1,UCF,visual,0.8798,probability,144.13,N/A,N/A,ok,
dfdc_test_000847,DFDC-DFDC_Fake,1,UCF,visual,0.5036,probability,132.35,N/A,N/A,ok,
dfdc_test_000848,DFDC-DFDC_Fake,1,UCF,visual,0.1392,probability,124.25,N/A,N/A,ok,
dfdc_test_000849,DFDC-DFDC_Fake,1,UCF,visual,0.234,probability,119.3,N/A,N/A,ok,
dfdc_test_000850,DFDC-DFDC_Fake,1,UCF,visual,0.9892,probability,187.28,N/A,N/A,ok,
dfdc_test_000851,DFDC-DFDC_Fake,1,UCF,visual,0.8138,probability,156.34,N/A,N/A,ok,
dfdc_test_000852,DFDC-DFDC_Fake,1,UCF,visual,0.4572,probability,136.41,N/A,N/A,ok,
dfdc_test_000853,DFDC-DFDC_Fake,1,UCF,visual,0.5467,probability,118.0,N/A,N/A,ok,
dfdc_test_000854,DFDC-DFDC_Fake,1,UCF,visual,0.9888,probability,139.98,N/A,N/A,ok,
dfdc_test_000855,DFDC-DFDC_Fake,1,UCF,visual,0.9327,probability,121.37,N/A,N/A,ok,
dfdc_test_000856,DFDC-DFDC_Fake,1,UCF,visual,0.9674,probability,139.77,N/A,N/A,ok,
dfdc_test_000857,DFDC-DFDC_Fake,1,UCF,visual,0.5303,probability,162.8,N/A,N/A,ok,
dfdc_test_000858,DFDC-DFDC_Fake,1,UCF,visual,0.9956,probability,143.04,N/A,N/A,ok,
dfdc_test_000859,DFDC-DFDC_Fake,1,UCF,visual,0.5253,probability,184.86,N/A,N/A,ok,
dfdc_test_000860,DFDC-DFDC_Fake,1,UCF,visual,0.9891,probability,303.73,N/A,N/A,ok,
dfdc_test_000861,DFDC-DFDC_Fake,1,UCF,visual,0.6755,probability,253.34,N/A,N/A,ok,
dfdc_test_000862,DFDC-DFDC_Fake,1,UCF,visual,0.5478,probability,300.4,N/A,N/A,ok,
dfdc_test_000863,DFDC-DFDC_Fake,1,UCF,visual,0.5357,probability,244.38,N/A,N/A,ok,
dfdc_test_000864,DFDC-DFDC_Fake,1,UCF,visual,0.754,probability,193.93,N/A,N/A,ok,
dfdc_test_000865,DFDC-DFDC_Fake,1,UCF,visual,0.7062,probability,236.94,N/A,N/A,ok,
dfdc_test_000866,DFDC-DFDC_Fake,1,UCF,visual,0.3224,probability,207.08,N/A,N/A,ok,
dfdc_test_000867,DFDC-DFDC_Fake,1,UCF,visual,0.4541,probability,150.04,N/A,N/A,ok,
dfdc_test_000868,DFDC-DFDC_Fake,1,UCF,visual,0.9928,probability,137.16,N/A,N/A,ok,
dfdc_test_000869,DFDC-DFDC_Fake,1,UCF,visual,0.4462,probability,140.36,N/A,N/A,ok,
dfdc_test_000870,DFDC-DFDC_Fake,1,UCF,visual,0.8207,probability,174.37,N/A,N/A,ok,
dfdc_test_000871,DFDC-DFDC_Fake,1,UCF,visual,0.7314,probability,117.48,N/A,N/A,ok,
dfdc_test_000872,DFDC-DFDC_Fake,1,UCF,visual,0.7937,probability,118.95,N/A,N/A,ok,
dfdc_test_000873,DFDC-DFDC_Fake,1,UCF,visual,0.8958,probability,129.92,N/A,N/A,ok,
dfdc_test_000874,DFDC-DFDC_Fake,1,UCF,visual,0.5526,probability,152.95,N/A,N/A,ok,
dfdc_test_000875,DFDC-DFDC_Fake,1,UCF,visual,0.4651,probability,120.06,N/A,N/A,ok,
dfdc_test_000876,DFDC-DFDC_Fake,1,UCF,visual,0.1809,probability,119.55,N/A,N/A,ok,
dfdc_test_000877,DFDC-DFDC_Fake,1,UCF,visual,0.8009,probability,143.1,N/A,N/A,ok,
dfdc_test_000878,DFDC-DFDC_Fake,1,UCF,visual,0.7523,probability,188.1,N/A,N/A,ok,
dfdc_test_000879,DFDC-DFDC_Fake,1,UCF,visual,0.2772,probability,154.57,N/A,N/A,ok,
dfdc_test_000880,DFDC-DFDC_Fake,1,UCF,visual,0.9661,probability,160.83,N/A,N/A,ok,
dfdc_test_000881,DFDC-DFDC_Fake,1,UCF,visual,0.5687,probability,147.22,N/A,N/A,ok,
dfdc_test_000882,DFDC-DFDC_Fake,1,UCF,visual,0.7638,probability,157.48,N/A,N/A,ok,
dfdc_test_000883,DFDC-DFDC_Fake,1,UCF,visual,0.8303,probability,130.16,N/A,N/A,ok,
dfdc_test_000884,DFDC-DFDC_Fake,1,UCF,visual,0.2876,probability,118.99,N/A,N/A,ok,
dfdc_test_000885,DFDC-DFDC_Fake,1,UCF,visual,0.8221,probability,185.04,N/A,N/A,ok,
dfdc_test_000886,DFDC-DFDC_Fake,1,UCF,visual,0.1973,probability,257.17,N/A,N/A,ok,
dfdc_test_000887,DFDC-DFDC_Fake,1,UCF,visual,0.5447,probability,160.78,N/A,N/A,ok,
dfdc_test_000888,DFDC-DFDC_Fake,1,UCF,visual,0.9568,probability,145.79,N/A,N/A,ok,
dfdc_test_000889,DFDC-DFDC_Fake,1,UCF,visual,0.7559,probability,188.67,N/A,N/A,ok,
dfdc_test_000890,DFDC-DFDC_Fake,1,UCF,visual,0.3903,probability,189.47,N/A,N/A,ok,
dfdc_test_000891,DFDC-DFDC_Fake,1,UCF,visual,0.7901,probability,130.76,N/A,N/A,ok,
dfdc_test_000892,DFDC-DFDC_Fake,1,UCF,visual,0.9885,probability,158.41,N/A,N/A,ok,
dfdc_test_000893,DFDC-DFDC_Fake,1,UCF,visual,0.8679,probability,183.92,N/A,N/A,ok,
dfdc_test_000894,DFDC-DFDC_Fake,1,UCF,visual,0.9772,probability,122.77,N/A,N/A,ok,
dfdc_test_000895,DFDC-DFDC_Fake,1,UCF,visual,0.8777,probability,183.07,N/A,N/A,ok,
dfdc_test_000896,DFDC-DFDC_Fake,1,UCF,visual,0.0506,probability,183.39,N/A,N/A,ok,
dfdc_test_000897,DFDC-DFDC_Fake,1,UCF,visual,0.5578,probability,156.03,N/A,N/A,ok,
dfdc_test_000898,DFDC-DFDC_Fake,1,UCF,visual,0.9467,probability,123.95,N/A,N/A,ok,
dfdc_test_000899,DFDC-DFDC_Fake,1,UCF,visual,0.6266,probability,113.38,N/A,N/A,ok,
dfdc_test_000900,DFDC-DFDC_Fake,1,UCF,visual,0.7593,probability,114.49,N/A,N/A,ok,
dfdc_test_000901,DFDC-DFDC_Fake,1,UCF,visual,0.7969,probability,147.47,N/A,N/A,ok,
dfdc_test_000902,DFDC-DFDC_Fake,1,UCF,visual,0.9842,probability,126.44,N/A,N/A,ok,
dfdc_test_000903,DFDC-DFDC_Fake,1,UCF,visual,0.4649,probability,142.97,N/A,N/A,ok,
dfdc_test_000904,DFDC-DFDC_Fake,1,UCF,visual,0.5103,probability,139.51,N/A,N/A,ok,
dfdc_test_000905,DFDC-DFDC_Fake,1,UCF,visual,0.9819,probability,126.65,N/A,N/A,ok,
dfdc_test_000906,DFDC-DFDC_Fake,1,UCF,visual,0.8414,probability,122.63,N/A,N/A,ok,
dfdc_test_000907,DFDC-DFDC_Fake,1,UCF,visual,0.3287,probability,136.48,N/A,N/A,ok,
dfdc_test_000908,DFDC-DFDC_Fake,1,UCF,visual,0.2647,probability,149.43,N/A,N/A,ok,
dfdc_test_000909,DFDC-DFDC_Fake,1,UCF,visual,0.5096,probability,151.26,N/A,N/A,ok,
dfdc_test_000910,DFDC-DFDC_Fake,1,UCF,visual,0.581,probability,139.74,N/A,N/A,ok,
dfdc_test_000911,DFDC-DFDC_Fake,1,UCF,visual,0.2769,probability,163.78,N/A,N/A,ok,
dfdc_test_000912,DFDC-DFDC_Fake,1,UCF,visual,0.0854,probability,125.49,N/A,N/A,ok,
dfdc_test_000913,DFDC-DFDC_Fake,1,UCF,visual,0.4385,probability,131.65,N/A,N/A,ok,
dfdc_test_000914,DFDC-DFDC_Fake,1,UCF,visual,0.8476,probability,122.65,N/A,N/A,ok,
dfdc_test_000915,DFDC-DFDC_Fake,1,UCF,visual,0.8874,probability,129.44,N/A,N/A,ok,
dfdc_test_000916,DFDC-DFDC_Fake,1,UCF,visual,0.3123,probability,168.89,N/A,N/A,ok,
dfdc_test_000917,DFDC-DFDC_Fake,1,UCF,visual,0.9887,probability,124.76,N/A,N/A,ok,
dfdc_test_000918,DFDC-DFDC_Fake,1,UCF,visual,0.5763,probability,116.9,N/A,N/A,ok,
dfdc_test_000919,DFDC-DFDC_Fake,1,UCF,visual,0.9938,probability,127.94,N/A,N/A,ok,
dfdc_test_000920,DFDC-DFDC_Fake,1,UCF,visual,0.9787,probability,137.46,N/A,N/A,ok,
dfdc_test_000921,DFDC-DFDC_Fake,1,UCF,visual,0.9296,probability,124.57,N/A,N/A,ok,
dfdc_test_000922,DFDC-DFDC_Fake,1,UCF,visual,0.6989,probability,119.67,N/A,N/A,ok,
dfdc_test_000923,DFDC-DFDC_Fake,1,UCF,visual,0.3988,probability,129.33,N/A,N/A,ok,
dfdc_test_000924,DFDC-DFDC_Fake,1,UCF,visual,0.1529,probability,150.27,N/A,N/A,ok,
dfdc_test_000925,DFDC-DFDC_Fake,1,UCF,visual,0.0622,probability,146.51,N/A,N/A,ok,
dfdc_test_000926,DFDC-DFDC_Fake,1,UCF,visual,0.4073,probability,136.96,N/A,N/A,ok,
dfdc_test_000927,DFDC-DFDC_Fake,1,UCF,visual,0.9797,probability,127.44,N/A,N/A,ok,
dfdc_test_000928,DFDC-DFDC_Fake,1,UCF,visual,0.0804,probability,100.09,N/A,N/A,ok,
dfdc_test_000929,DFDC-DFDC_Fake,1,UCF,visual,0.9158,probability,147.14,N/A,N/A,ok,
dfdc_test_000930,DFDC-DFDC_Fake,1,UCF,visual,0.4664,probability,132.86,N/A,N/A,ok,
dfdc_test_000931,DFDC-DFDC_Fake,1,UCF,visual,0.9296,probability,166.02,N/A,N/A,ok,
dfdc_test_000932,DFDC-DFDC_Fake,1,UCF,visual,0.8368,probability,126.83,N/A,N/A,ok,
dfdc_test_000933,DFDC-DFDC_Fake,1,UCF,visual,0.7698,probability,143.98,N/A,N/A,ok,
dfdc_test_000934,DFDC-DFDC_Fake,1,UCF,visual,0.9824,probability,133.67,N/A,N/A,ok,
dfdc_test_000935,DFDC-DFDC_Fake,1,UCF,visual,0.9888,probability,168.51,N/A,N/A,ok,
dfdc_test_000936,DFDC-DFDC_Fake,1,UCF,visual,0.8665,probability,200.82,N/A,N/A,ok,
dfdc_test_000937,DFDC-DFDC_Fake,1,UCF,visual,0.1424,probability,166.25,N/A,N/A,ok,
dfdc_test_000938,DFDC-DFDC_Fake,1,UCF,visual,0.4437,probability,147.12,N/A,N/A,ok,
dfdc_test_000939,DFDC-DFDC_Fake,1,UCF,visual,0.0283,probability,121.43,N/A,N/A,ok,
dfdc_test_000940,DFDC-DFDC_Fake,1,UCF,visual,0.7491,probability,164.92,N/A,N/A,ok,
dfdc_test_000941,DFDC-DFDC_Fake,1,UCF,visual,0.4338,probability,116.49,N/A,N/A,ok,
dfdc_test_000942,DFDC-DFDC_Fake,1,UCF,visual,0.9857,probability,135.47,N/A,N/A,ok,
dfdc_test_000943,DFDC-DFDC_Fake,1,UCF,visual,0.4572,probability,121.45,N/A,N/A,ok,
dfdc_test_000944,DFDC-DFDC_Fake,1,UCF,visual,0.1876,probability,125.47,N/A,N/A,ok,
dfdc_test_000945,DFDC-DFDC_Fake,1,UCF,visual,0.4588,probability,174.44,N/A,N/A,ok,
dfdc_test_000946,DFDC-DFDC_Fake,1,UCF,visual,0.4152,probability,223.83,N/A,N/A,ok,
dfdc_test_000947,DFDC-DFDC_Fake,1,UCF,visual,0.976,probability,164.88,N/A,N/A,ok,
dfdc_test_000948,DFDC-DFDC_Fake,1,UCF,visual,0.3155,probability,140.26,N/A,N/A,ok,
dfdc_test_000949,DFDC-DFDC_Fake,1,UCF,visual,0.9774,probability,133.81,N/A,N/A,ok,
dfdc_test_000950,DFDC-DFDC_Fake,1,UCF,visual,0.6657,probability,161.8,N/A,N/A,ok,
dfdc_test_000951,DFDC-DFDC_Fake,1,UCF,visual,0.9168,probability,162.75,N/A,N/A,ok,
dfdc_test_000952,DFDC-DFDC_Fake,1,UCF,visual,0.3796,probability,166.99,N/A,N/A,ok,
dfdc_test_000953,DFDC-DFDC_Fake,1,UCF,visual,0.9772,probability,163.64,N/A,N/A,ok,
dfdc_test_000954,DFDC-DFDC_Fake,1,UCF,visual,0.9725,probability,161.79,N/A,N/A,ok,
dfdc_test_000955,DFDC-DFDC_Fake,1,UCF,visual,0.912,probability,196.22,N/A,N/A,ok,
dfdc_test_000956,DFDC-DFDC_Fake,1,UCF,visual,0.1217,probability,240.23,N/A,N/A,ok,
dfdc_test_000957,DFDC-DFDC_Fake,1,UCF,visual,0.8947,probability,168.74,N/A,N/A,ok,
dfdc_test_000958,DFDC-DFDC_Fake,1,UCF,visual,0.9851,probability,147.03,N/A,N/A,ok,
dfdc_test_000959,DFDC-DFDC_Fake,1,UCF,visual,0.7785,probability,148.42,N/A,N/A,ok,
dfdc_test_000960,DFDC-DFDC_Fake,1,UCF,visual,0.6591,probability,151.07,N/A,N/A,ok,
dfdc_test_000961,DFDC-DFDC_Fake,1,UCF,visual,0.6505,probability,155.49,N/A,N/A,ok,
dfdc_test_000962,DFDC-DFDC_Fake,1,UCF,visual,0.6032,probability,131.67,N/A,N/A,ok,
dfdc_test_000963,DFDC-DFDC_Fake,1,UCF,visual,0.9925,probability,163.46,N/A,N/A,ok,
dfdc_test_000964,DFDC-DFDC_Fake,1,UCF,visual,0.7145,probability,147.19,N/A,N/A,ok,
dfdc_test_000965,DFDC-DFDC_Fake,1,UCF,visual,0.9969,probability,145.81,N/A,N/A,ok,
dfdc_test_000966,DFDC-DFDC_Fake,1,UCF,visual,0.6924,probability,152.7,N/A,N/A,ok,
dfdc_test_000967,DFDC-DFDC_Fake,1,UCF,visual,0.9882,probability,120.88,N/A,N/A,ok,
dfdc_test_000968,DFDC-DFDC_Fake,1,UCF,visual,0.8573,probability,128.12,N/A,N/A,ok,
dfdc_test_000969,DFDC-DFDC_Fake,1,UCF,visual,0.9771,probability,122.71,N/A,N/A,ok,
dfdc_test_000970,DFDC-DFDC_Fake,1,UCF,visual,0.2185,probability,128.44,N/A,N/A,ok,
dfdc_test_000971,DFDC-DFDC_Fake,1,UCF,visual,0.6749,probability,170.33,N/A,N/A,ok,
dfdc_test_000972,DFDC-DFDC_Fake,1,UCF,visual,0.7863,probability,133.3,N/A,N/A,ok,
dfdc_test_000973,DFDC-DFDC_Fake,1,UCF,visual,0.5302,probability,174.49,N/A,N/A,ok,
dfdc_test_000974,DFDC-DFDC_Fake,1,UCF,visual,0.9042,probability,151.27,N/A,N/A,ok,
dfdc_test_000975,DFDC-DFDC_Fake,1,UCF,visual,0.4553,probability,160.04,N/A,N/A,ok,
dfdc_test_000976,DFDC-DFDC_Fake,1,UCF,visual,0.6571,probability,191.58,N/A,N/A,ok,
dfdc_test_000977,DFDC-DFDC_Fake,1,UCF,visual,0.9053,probability,156.74,N/A,N/A,ok,
dfdc_test_000978,DFDC-DFDC_Fake,1,UCF,visual,0.4767,probability,133.16,N/A,N/A,ok,
dfdc_test_000979,DFDC-DFDC_Fake,1,UCF,visual,0.1884,probability,184.18,N/A,N/A,ok,
dfdc_test_000980,DFDC-DFDC_Fake,1,UCF,visual,0.6184,probability,145.86,N/A,N/A,ok,
dfdc_test_000981,DFDC-DFDC_Fake,1,UCF,visual,0.9178,probability,127.47,N/A,N/A,ok,
dfdc_test_000982,DFDC-DFDC_Fake,1,UCF,visual,0.102,probability,122.15,N/A,N/A,ok,
dfdc_test_000983,DFDC-DFDC_Fake,1,UCF,visual,0.9442,probability,144.78,N/A,N/A,ok,
dfdc_test_000984,DFDC-DFDC_Fake,1,UCF,visual,0.8291,probability,153.81,N/A,N/A,ok,
dfdc_test_000985,DFDC-DFDC_Fake,1,UCF,visual,0.9753,probability,130.44,N/A,N/A,ok,
dfdc_test_000986,DFDC-DFDC_Fake,1,UCF,visual,0.8233,probability,157.4,N/A,N/A,ok,
dfdc_test_000987,DFDC-DFDC_Fake,1,UCF,visual,0.6079,probability,109.75,N/A,N/A,ok,
dfdc_test_000988,DFDC-DFDC_Fake,1,UCF,visual,0.9903,probability,142.83,N/A,N/A,ok,
dfdc_test_000989,DFDC-DFDC_Fake,1,UCF,visual,0.7069,probability,134.48,N/A,N/A,ok,
dfdc_test_000990,DFDC-DFDC_Fake,1,UCF,visual,0.9357,probability,122.76,N/A,N/A,ok,
dfdc_test_000991,DFDC-DFDC_Fake,1,UCF,visual,0.6681,probability,130.28,N/A,N/A,ok,
dfdc_test_000992,DFDC-DFDC_Fake,1,UCF,visual,0.8825,probability,132.13,N/A,N/A,ok,
dfdc_test_000993,DFDC-DFDC_Fake,1,UCF,visual,0.7887,probability,130.54,N/A,N/A,ok,
dfdc_test_000994,DFDC-DFDC_Fake,1,UCF,visual,0.998,probability,130.61,N/A,N/A,ok,
dfdc_test_000995,DFDC-DFDC_Fake,1,UCF,visual,0.4299,probability,195.02,N/A,N/A,ok,
dfdc_test_000996,DFDC-DFDC_Fake,1,UCF,visual,0.4538,probability,190.93,N/A,N/A,ok,
dfdc_test_000997,DFDC-DFDC_Fake,1,UCF,visual,0.0567,probability,163.6,N/A,N/A,ok,
dfdc_test_000998,DFDC-DFDC_Fake,1,UCF,visual,0.9766,probability,221.73,N/A,N/A,ok,
dfdc_test_000999,DFDC-DFDC_Fake,1,UCF,visual,0.1029,probability,205.04,N/A,N/A,ok,
dfdc_test_001000,DFDC-DFDC_Fake,1,UCF,visual,0.9954,probability,197.79,N/A,N/A,ok,
dfdc_test_001001,DFDC-DFDC_Fake,1,UCF,visual,0.7085,probability,154.0,N/A,N/A,ok,
dfdc_test_001002,DFDC-DFDC_Fake,1,UCF,visual,0.5346,probability,175.9,N/A,N/A,ok,
dfdc_test_001003,DFDC-DFDC_Fake,1,UCF,visual,0.9931,probability,193.97,N/A,N/A,ok,
dfdc_test_001004,DFDC-DFDC_Fake,1,UCF,visual,0.9857,probability,140.67,N/A,N/A,ok,
dfdc_test_001005,DFDC-DFDC_Fake,1,UCF,visual,0.8936,probability,146.16,N/A,N/A,ok,
dfdc_test_001006,DFDC-DFDC_Fake,1,UCF,visual,0.4341,probability,128.55,N/A,N/A,ok,
dfdc_test_001007,DFDC-DFDC_Fake,1,UCF,visual,0.1949,probability,133.45,N/A,N/A,ok,
dfdc_test_001008,DFDC-DFDC_Fake,1,UCF,visual,0.7887,probability,170.12,N/A,N/A,ok,
dfdc_test_001009,DFDC-DFDC_Fake,1,UCF,visual,0.48,probability,159.16,N/A,N/A,ok,
dfdc_test_001010,DFDC-DFDC_Fake,1,UCF,visual,0.9852,probability,122.71,N/A,N/A,ok,
dfdc_test_001011,DFDC-DFDC_Fake,1,UCF,visual,0.3895,probability,123.32,N/A,N/A,ok,
dfdc_test_001012,DFDC-DFDC_Fake,1,UCF,visual,0.5634,probability,156.96,N/A,N/A,ok,
dfdc_test_001013,DFDC-DFDC_Fake,1,UCF,visual,0.9894,probability,194.77,N/A,N/A,ok,
dfdc_test_001014,DFDC-DFDC_Fake,1,UCF,visual,0.3894,probability,154.31,N/A,N/A,ok,
dfdc_test_001015,DFDC-DFDC_Fake,1,UCF,visual,0.997,probability,152.83,N/A,N/A,ok,
dfdc_test_001016,DFDC-DFDC_Fake,1,UCF,visual,0.7859,probability,139.68,N/A,N/A,ok,
dfdc_test_001017,DFDC-DFDC_Fake,1,UCF,visual,0.808,probability,140.83,N/A,N/A,ok,
dfdc_test_001018,DFDC-DFDC_Fake,1,UCF,visual,0.4791,probability,161.17,N/A,N/A,ok,
dfdc_test_001019,DFDC-DFDC_Fake,1,UCF,visual,0.974,probability,180.58,N/A,N/A,ok,
dfdc_test_001020,DFDC-DFDC_Fake,1,UCF,visual,0.9894,probability,184.14,N/A,N/A,ok,
dfdc_test_001021,DFDC-DFDC_Fake,1,UCF,visual,0.9016,probability,113.6,N/A,N/A,ok,
dfdc_test_001022,DFDC-DFDC_Fake,1,UCF,visual,0.9121,probability,127.69,N/A,N/A,ok,
dfdc_test_001023,DFDC-DFDC_Fake,1,UCF,visual,0.8342,probability,131.22,N/A,N/A,ok,
dfdc_test_001024,DFDC-DFDC_Fake,1,UCF,visual,0.8655,probability,132.13,N/A,N/A,ok,
dfdc_test_001025,DFDC-DFDC_Fake,1,UCF,visual,0.9938,probability,137.2,N/A,N/A,ok,
dfdc_test_001026,DFDC-DFDC_Fake,1,UCF,visual,0.9382,probability,128.92,N/A,N/A,ok,
dfdc_test_001027,DFDC-DFDC_Fake,1,UCF,visual,0.9982,probability,145.04,N/A,N/A,ok,
dfdc_test_001028,DFDC-DFDC_Fake,1,UCF,visual,0.9855,probability,121.32,N/A,N/A,ok,
dfdc_test_001029,DFDC-DFDC_Fake,1,UCF,visual,0.998,probability,151.69,N/A,N/A,ok,
dfdc_test_001030,DFDC-DFDC_Fake,1,UCF,visual,0.3756,probability,133.19,N/A,N/A,ok,
dfdc_test_001031,DFDC-DFDC_Fake,1,UCF,visual,0.5712,probability,141.38,N/A,N/A,ok,
dfdc_test_001032,DFDC-DFDC_Fake,1,UCF,visual,0.4921,probability,134.3,N/A,N/A,ok,
dfdc_test_001033,DFDC-DFDC_Fake,1,UCF,visual,0.9946,probability,135.48,N/A,N/A,ok,
dfdc_test_001034,DFDC-DFDC_Fake,1,UCF,visual,0.866,probability,128.22,N/A,N/A,ok,
dfdc_test_001035,DFDC-DFDC_Fake,1,UCF,visual,0.688,probability,128.63,N/A,N/A,ok,
dfdc_test_001036,DFDC-DFDC_Fake,1,UCF,visual,0.6403,probability,155.28,N/A,N/A,ok,
dfdc_test_001037,DFDC-DFDC_Fake,1,UCF,visual,0.7259,probability,158.87,N/A,N/A,ok,
dfdc_test_001038,DFDC-DFDC_Fake,1,UCF,visual,0.9972,probability,151.25,N/A,N/A,ok,
dfdc_test_001039,DFDC-DFDC_Fake,1,UCF,visual,0.7298,probability,133.55,N/A,N/A,ok,
dfdc_test_001040,DFDC-DFDC_Fake,1,UCF,visual,0.0819,probability,111.19,N/A,N/A,ok,
dfdc_test_001041,DFDC-DFDC_Fake,1,UCF,visual,0.2401,probability,117.56,N/A,N/A,ok,
dfdc_test_001042,DFDC-DFDC_Fake,1,UCF,visual,0.9823,probability,119.16,N/A,N/A,ok,
dfdc_test_001043,DFDC-DFDC_Fake,1,UCF,visual,0.7968,probability,116.54,N/A,N/A,ok,
dfdc_test_001044,DFDC-DFDC_Fake,1,UCF,visual,0.998,probability,128.6,N/A,N/A,ok,
dfdc_test_001045,DFDC-DFDC_Fake,1,UCF,visual,0.6845,probability,149.0,N/A,N/A,ok,
dfdc_test_001046,DFDC-DFDC_Fake,1,UCF,visual,0.4043,probability,131.86,N/A,N/A,ok,
dfdc_test_001047,DFDC-DFDC_Fake,1,UCF,visual,0.6961,probability,124.48,N/A,N/A,ok,
dfdc_test_001048,DFDC-DFDC_Fake,1,UCF,visual,0.1877,probability,123.92,N/A,N/A,ok,
dfdc_test_001049,DFDC-DFDC_Fake,1,UCF,visual,0.9277,probability,150.24,N/A,N/A,ok,
dfdc_test_001050,DFDC-DFDC_Fake,1,UCF,visual,0.7672,probability,132.54,N/A,N/A,ok,
dfdc_test_001051,DFDC-DFDC_Fake,1,UCF,visual,0.8536,probability,107.75,N/A,N/A,ok,
dfdc_test_001052,DFDC-DFDC_Fake,1,UCF,visual,0.9037,probability,114.63,N/A,N/A,ok,
dfdc_test_001053,DFDC-DFDC_Fake,1,UCF,visual,0.8858,probability,117.77,N/A,N/A,ok,
dfdc_test_001054,DFDC-DFDC_Fake,1,UCF,visual,0.1698,probability,122.19,N/A,N/A,ok,
dfdc_test_001055,DFDC-DFDC_Fake,1,UCF,visual,0.9308,probability,148.85,N/A,N/A,ok,
dfdc_test_001056,DFDC-DFDC_Fake,1,UCF,visual,0.7294,probability,153.42,N/A,N/A,ok,
dfdc_test_001057,DFDC-DFDC_Fake,1,UCF,visual,0.3356,probability,181.43,N/A,N/A,ok,
dfdc_test_001058,DFDC-DFDC_Fake,1,UCF,visual,0.4696,probability,150.92,N/A,N/A,ok,
dfdc_test_001059,DFDC-DFDC_Fake,1,UCF,visual,0.1259,probability,157.6,N/A,N/A,ok,
dfdc_test_001060,DFDC-DFDC_Fake,1,UCF,visual,0.0151,probability,152.63,N/A,N/A,ok,
dfdc_test_001061,DFDC-DFDC_Fake,1,UCF,visual,0.6603,probability,149.26,N/A,N/A,ok,
dfdc_test_001062,DFDC-DFDC_Fake,1,UCF,visual,0.2865,probability,137.95,N/A,N/A,ok,
dfdc_test_001063,DFDC-DFDC_Fake,1,UCF,visual,0.3885,probability,126.5,N/A,N/A,ok,
dfdc_test_001064,DFDC-DFDC_Fake,1,UCF,visual,0.9968,probability,141.82,N/A,N/A,ok,
dfdc_test_001065,DFDC-DFDC_Fake,1,UCF,visual,0.9742,probability,126.81,N/A,N/A,ok,
dfdc_test_001066,DFDC-DFDC_Fake,1,UCF,visual,0.751,probability,135.48,N/A,N/A,ok,
dfdc_test_001067,DFDC-DFDC_Fake,1,UCF,visual,0.9896,probability,128.41,N/A,N/A,ok,
dfdc_test_001068,DFDC-DFDC_Fake,1,UCF,visual,0.9156,probability,161.24,N/A,N/A,ok,
dfdc_test_001069,DFDC-DFDC_Fake,1,UCF,visual,0.7893,probability,124.1,N/A,N/A,ok,
dfdc_test_001070,DFDC-DFDC_Fake,1,UCF,visual,0.176,probability,160.91,N/A,N/A,ok,
dfdc_test_001071,DFDC-DFDC_Fake,1,UCF,visual,0.6662,probability,159.23,N/A,N/A,ok,
dfdc_test_001072,DFDC-DFDC_Fake,1,UCF,visual,0.983,probability,175.54,N/A,N/A,ok,
dfdc_test_001073,DFDC-DFDC_Fake,1,UCF,visual,0.8691,probability,159.65,N/A,N/A,ok,
dfdc_test_001074,DFDC-DFDC_Fake,1,UCF,visual,0.5521,probability,144.54,N/A,N/A,ok,
dfdc_test_001075,DFDC-DFDC_Fake,1,UCF,visual,0.1865,probability,216.32,N/A,N/A,ok,
dfdc_test_001076,DFDC-DFDC_Fake,1,UCF,visual,0.6811,probability,145.46,N/A,N/A,ok,
dfdc_test_001077,DFDC-DFDC_Fake,1,UCF,visual,0.3611,probability,169.48,N/A,N/A,ok,
dfdc_test_001078,DFDC-DFDC_Fake,1,UCF,visual,0.6456,probability,178.79,N/A,N/A,ok,
dfdc_test_001079,DFDC-DFDC_Fake,1,UCF,visual,0.5817,probability,178.51,N/A,N/A,ok,
dfdc_test_001080,DFDC-DFDC_Fake,1,UCF,visual,0.7543,probability,179.05,N/A,N/A,ok,
dfdc_test_001081,DFDC-DFDC_Fake,1,UCF,visual,0.9954,probability,158.56,N/A,N/A,ok,
dfdc_test_001082,DFDC-DFDC_Fake,1,UCF,visual,0.783,probability,145.41,N/A,N/A,ok,
dfdc_test_001083,DFDC-DFDC_Fake,1,UCF,visual,0.9265,probability,165.9,N/A,N/A,ok,
dfdc_test_001084,DFDC-DFDC_Fake,1,UCF,visual,0.5329,probability,191.94,N/A,N/A,ok,
dfdc_test_001085,DFDC-DFDC_Fake,1,UCF,visual,0.2559,probability,204.65,N/A,N/A,ok,
dfdc_test_001086,DFDC-DFDC_Fake,1,UCF,visual,0.4311,probability,222.04,N/A,N/A,ok,
dfdc_test_001087,DFDC-DFDC_Fake,1,UCF,visual,0.7915,probability,175.09,N/A,N/A,ok,
dfdc_test_001088,DFDC-DFDC_Fake,1,UCF,visual,0.181,probability,154.0,N/A,N/A,ok,
dfdc_test_001089,DFDC-DFDC_Fake,1,UCF,visual,0.589,probability,130.03,N/A,N/A,ok,
dfdc_test_001090,DFDC-DFDC_Fake,1,UCF,visual,0.9944,probability,163.71,N/A,N/A,ok,
dfdc_test_001091,DFDC-DFDC_Fake,1,UCF,visual,0.8248,probability,164.88,N/A,N/A,ok,
dfdc_test_001092,DFDC-DFDC_Fake,1,UCF,visual,0.3166,probability,120.57,N/A,N/A,ok,
dfdc_test_001093,DFDC-DFDC_Fake,1,UCF,visual,0.8429,probability,127.89,N/A,N/A,ok,
dfdc_test_001094,DFDC-DFDC_Fake,1,UCF,visual,0.3619,probability,166.97,N/A,N/A,ok,
dfdc_test_001095,DFDC-DFDC_Fake,1,UCF,visual,0.9873,probability,207.95,N/A,N/A,ok,
dfdc_test_001096,DFDC-DFDC_Fake,1,UCF,visual,0.9957,probability,147.2,N/A,N/A,ok,
dfdc_test_001097,DFDC-DFDC_Fake,1,UCF,visual,0.3251,probability,156.84,N/A,N/A,ok,
dfdc_test_001098,DFDC-DFDC_Fake,1,UCF,visual,0.7164,probability,167.56,N/A,N/A,ok,
dfdc_test_001099,DFDC-DFDC_Fake,1,UCF,visual,0.7102,probability,173.21,N/A,N/A,ok,
dfdc_test_001100,DFDC-DFDC_Fake,1,UCF,visual,0.3587,probability,179.73,N/A,N/A,ok,
dfdc_test_001101,DFDC-DFDC_Fake,1,UCF,visual,0.6088,probability,151.64,N/A,N/A,ok,
dfdc_test_001102,DFDC-DFDC_Fake,1,UCF,visual,0.4926,probability,140.61,N/A,N/A,ok,
dfdc_test_001103,DFDC-DFDC_Fake,1,UCF,visual,0.7332,probability,191.09,N/A,N/A,ok,
dfdc_test_001104,DFDC-DFDC_Fake,1,UCF,visual,0.7088,probability,176.03,N/A,N/A,ok,
dfdc_test_001105,DFDC-DFDC_Fake,1,UCF,visual,0.0519,probability,175.11,N/A,N/A,ok,
dfdc_test_001106,DFDC-DFDC_Fake,1,UCF,visual,0.997,probability,177.68,N/A,N/A,ok,
dfdc_test_001107,DFDC-DFDC_Fake,1,UCF,visual,0.5027,probability,165.73,N/A,N/A,ok,
dfdc_test_001108,DFDC-DFDC_Fake,1,UCF,visual,0.5516,probability,152.72,N/A,N/A,ok,
dfdc_test_001109,DFDC-DFDC_Fake,1,UCF,visual,0.9912,probability,156.77,N/A,N/A,ok,
dfdc_test_001110,DFDC-DFDC_Fake,1,UCF,visual,0.4575,probability,168.36,N/A,N/A,ok,
dfdc_test_001111,DFDC-DFDC_Fake,1,UCF,visual,0.9017,probability,142.44,N/A,N/A,ok,
dfdc_test_001112,DFDC-DFDC_Fake,1,UCF,visual,0.1038,probability,180.23,N/A,N/A,ok,
dfdc_test_001113,DFDC-DFDC_Fake,1,UCF,visual,0.8462,probability,163.33,N/A,N/A,ok,
dfdc_test_001114,DFDC-DFDC_Fake,1,UCF,visual,0.5611,probability,180.49,N/A,N/A,ok,
dfdc_test_001115,DFDC-DFDC_Fake,1,UCF,visual,0.3622,probability,183.71,N/A,N/A,ok,
dfdc_test_001116,DFDC-DFDC_Fake,1,UCF,visual,0.4059,probability,166.12,N/A,N/A,ok,
dfdc_test_001117,DFDC-DFDC_Fake,1,UCF,visual,0.9937,probability,180.44,N/A,N/A,ok,
dfdc_test_001118,DFDC-DFDC_Fake,1,UCF,visual,0.8595,probability,177.99,N/A,N/A,ok,
dfdc_test_001119,DFDC-DFDC_Fake,1,UCF,visual,0.9839,probability,132.16,N/A,N/A,ok,
dfdc_test_001120,DFDC-DFDC_Fake,1,UCF,visual,0.8631,probability,181.31,N/A,N/A,ok,
dfdc_test_001121,DFDC-DFDC_Fake,1,UCF,visual,0.8726,probability,248.38,N/A,N/A,ok,
dfdc_test_001122,DFDC-DFDC_Fake,1,UCF,visual,0.3355,probability,195.66,N/A,N/A,ok,
dfdc_test_001123,DFDC-DFDC_Fake,1,UCF,visual,0.9845,probability,211.69,N/A,N/A,ok,
dfdc_test_001124,DFDC-DFDC_Fake,1,UCF,visual,0.4603,probability,130.2,N/A,N/A,ok,
dfdc_test_001125,DFDC-DFDC_Fake,1,UCF,visual,0.7682,probability,135.0,N/A,N/A,ok,
dfdc_test_001126,DFDC-DFDC_Fake,1,UCF,visual,0.408,probability,107.48,N/A,N/A,ok,
dfdc_test_001127,DFDC-DFDC_Fake,1,UCF,visual,0.4181,probability,103.21,N/A,N/A,ok,
dfdc_test_001128,DFDC-DFDC_Fake,1,UCF,visual,0.3676,probability,106.45,N/A,N/A,ok,
dfdc_test_001129,DFDC-DFDC_Fake,1,UCF,visual,0.8242,probability,119.92,N/A,N/A,ok,
dfdc_test_001130,DFDC-DFDC_Fake,1,UCF,visual,0.928,probability,171.39,N/A,N/A,ok,
dfdc_test_001131,DFDC-DFDC_Fake,1,UCF,visual,0.04,probability,187.92,N/A,N/A,ok,
dfdc_test_001132,DFDC-DFDC_Fake,1,UCF,visual,0.2742,probability,164.77,N/A,N/A,ok,
dfdc_test_001133,DFDC-DFDC_Fake,1,UCF,visual,0.2597,probability,143.99,N/A,N/A,ok,
dfdc_test_001134,DFDC-DFDC_Fake,1,UCF,visual,0.3688,probability,137.64,N/A,N/A,ok,
dfdc_test_001135,DFDC-DFDC_Fake,1,UCF,visual,0.9029,probability,149.33,N/A,N/A,ok,
dfdc_test_001136,DFDC-DFDC_Fake,1,UCF,visual,0.9956,probability,147.53,N/A,N/A,ok,
dfdc_test_001137,DFDC-DFDC_Fake,1,UCF,visual,0.8668,probability,260.42,N/A,N/A,ok,
dfdc_test_001138,DFDC-DFDC_Fake,1,UCF,visual,0.7281,probability,207.12,N/A,N/A,ok,
dfdc_test_001139,DFDC-DFDC_Fake,1,UCF,visual,0.7786,probability,213.46,N/A,N/A,ok,
dfdc_test_001140,DFDC-DFDC_Fake,1,UCF,visual,0.2487,probability,202.43,N/A,N/A,ok,
dfdc_test_001141,DFDC-DFDC_Fake,1,UCF,visual,0.9898,probability,255.27,N/A,N/A,ok,
dfdc_test_001142,DFDC-DFDC_Fake,1,UCF,visual,0.8147,probability,172.84,N/A,N/A,ok,
dfdc_test_001143,DFDC-DFDC_Fake,1,UCF,visual,0.7813,probability,236.34,N/A,N/A,ok,
dfdc_test_001144,DFDC-DFDC_Fake,1,UCF,visual,0.7049,probability,148.21,N/A,N/A,ok,
dfdc_test_001145,DFDC-DFDC_Fake,1,UCF,visual,0.2047,probability,130.21,N/A,N/A,ok,
dfdc_test_001146,DFDC-DFDC_Fake,1,UCF,visual,0.6863,probability,146.49,N/A,N/A,ok,
dfdc_test_001147,DFDC-DFDC_Fake,1,UCF,visual,0.8511,probability,205.19,N/A,N/A,ok,
dfdc_test_001148,DFDC-DFDC_Fake,1,UCF,visual,0.9972,probability,199.96,N/A,N/A,ok,
dfdc_test_001149,DFDC-DFDC_Fake,1,UCF,visual,0.3825,probability,193.77,N/A,N/A,ok,
dfdc_test_001150,DFDC-DFDC_Fake,1,UCF,visual,0.7926,probability,213.83,N/A,N/A,ok,
dfdc_test_001151,DFDC-DFDC_Fake,1,UCF,visual,0.5082,probability,156.8,N/A,N/A,ok,
dfdc_test_001152,DFDC-DFDC_Fake,1,UCF,visual,0.8586,probability,164.72,N/A,N/A,ok,
dfdc_test_001153,DFDC-DFDC_Fake,1,UCF,visual,0.9514,probability,158.28,N/A,N/A,ok,
dfdc_test_001154,DFDC-DFDC_Fake,1,UCF,visual,0.4935,probability,153.59,N/A,N/A,ok,
dfdc_test_001155,DFDC-DFDC_Fake,1,UCF,visual,0.4074,probability,147.19,N/A,N/A,ok,
dfdc_test_001156,DFDC-DFDC_Fake,1,UCF,visual,0.9714,probability,122.82,N/A,N/A,ok,
dfdc_test_001157,DFDC-DFDC_Fake,1,UCF,visual,0.9417,probability,191.48,N/A,N/A,ok,
dfdc_test_001158,DFDC-DFDC_Fake,1,UCF,visual,0.9601,probability,173.53,N/A,N/A,ok,
dfdc_test_001159,DFDC-DFDC_Fake,1,UCF,visual,0.5031,probability,137.87,N/A,N/A,ok,
dfdc_test_001160,DFDC-DFDC_Fake,1,UCF,visual,0.4806,probability,182.13,N/A,N/A,ok,
dfdc_test_001161,DFDC-DFDC_Fake,1,UCF,visual,0.8671,probability,177.56,N/A,N/A,ok,
dfdc_test_001162,DFDC-DFDC_Fake,1,UCF,visual,0.6938,probability,171.61,N/A,N/A,ok,
dfdc_test_001163,DFDC-DFDC_Fake,1,UCF,visual,0.7243,probability,168.26,N/A,N/A,ok,
dfdc_test_001164,DFDC-DFDC_Fake,1,UCF,visual,0.7422,probability,152.84,N/A,N/A,ok,
dfdc_test_001165,DFDC-DFDC_Fake,1,UCF,visual,0.2352,probability,162.96,N/A,N/A,ok,
dfdc_test_001166,DFDC-DFDC_Fake,1,UCF,visual,0.1052,probability,141.01,N/A,N/A,ok,
dfdc_test_001167,DFDC-DFDC_Fake,1,UCF,visual,0.9587,probability,153.79,N/A,N/A,ok,
dfdc_test_001168,DFDC-DFDC_Fake,1,UCF,visual,0.9167,probability,120.14,N/A,N/A,ok,
dfdc_test_001169,DFDC-DFDC_Fake,1,UCF,visual,0.6801,probability,187.52,N/A,N/A,ok,
dfdc_test_001170,DFDC-DFDC_Fake,1,UCF,visual,0.5361,probability,149.66,N/A,N/A,ok,
dfdc_test_001171,DFDC-DFDC_Fake,1,UCF,visual,0.7994,probability,114.13,N/A,N/A,ok,
dfdc_test_001172,DFDC-DFDC_Fake,1,UCF,visual,0.4037,probability,129.39,N/A,N/A,ok,
dfdc_test_001173,DFDC-DFDC_Fake,1,UCF,visual,0.7415,probability,112.79,N/A,N/A,ok,
dfdc_test_001174,DFDC-DFDC_Fake,1,UCF,visual,0.8968,probability,164.29,N/A,N/A,ok,
dfdc_test_001175,DFDC-DFDC_Fake,1,UCF,visual,0.5375,probability,219.25,N/A,N/A,ok,
dfdc_test_001176,DFDC-DFDC_Fake,1,UCF,visual,0.7202,probability,323.98,N/A,N/A,ok,
dfdc_test_001177,DFDC-DFDC_Fake,1,UCF,visual,0.9861,probability,369.06,N/A,N/A,ok,
dfdc_test_001178,DFDC-DFDC_Fake,1,UCF,visual,0.9947,probability,297.96,N/A,N/A,ok,
dfdc_test_001179,DFDC-DFDC_Fake,1,UCF,visual,0.5568,probability,236.34,N/A,N/A,ok,
dfdc_test_001180,DFDC-DFDC_Fake,1,UCF,visual,0.5051,probability,192.24,N/A,N/A,ok,
dfdc_test_001181,DFDC-DFDC_Fake,1,UCF,visual,0.9862,probability,189.39,N/A,N/A,ok,
dfdc_test_001182,DFDC-DFDC_Fake,1,UCF,visual,0.2901,probability,189.07,N/A,N/A,ok,
dfdc_test_001183,DFDC-DFDC_Fake,1,UCF,visual,0.6722,probability,145.12,N/A,N/A,ok,
dfdc_test_001184,DFDC-DFDC_Fake,1,UCF,visual,0.9589,probability,207.46,N/A,N/A,ok,
dfdc_test_001185,DFDC-DFDC_Fake,1,UCF,visual,0.6617,probability,169.21,N/A,N/A,ok,
dfdc_test_001186,DFDC-DFDC_Fake,1,UCF,visual,0.6947,probability,171.39,N/A,N/A,ok,
dfdc_test_001187,DFDC-DFDC_Fake,1,UCF,visual,0.1513,probability,158.64,N/A,N/A,ok,
dfdc_test_001188,DFDC-DFDC_Fake,1,UCF,visual,0.9828,probability,143.57,N/A,N/A,ok,
dfdc_test_001189,DFDC-DFDC_Fake,1,UCF,visual,0.4488,probability,164.75,N/A,N/A,ok,
dfdc_test_001190,DFDC-DFDC_Fake,1,UCF,visual,0.9486,probability,190.15,N/A,N/A,ok,
dfdc_test_001191,DFDC-DFDC_Fake,1,UCF,visual,0.6978,probability,192.04,N/A,N/A,ok,
dfdc_test_001192,DFDC-DFDC_Fake,1,UCF,visual,0.0656,probability,126.74,N/A,N/A,ok,
dfdc_test_001193,DFDC-DFDC_Fake,1,UCF,visual,0.6636,probability,123.84,N/A,N/A,ok,
dfdc_test_001194,DFDC-DFDC_Fake,1,UCF,visual,0.9617,probability,299.15,N/A,N/A,ok,
dfdc_test_001195,DFDC-DFDC_Fake,1,UCF,visual,0.1859,probability,122.23,N/A,N/A,ok,
dfdc_test_001196,DFDC-DFDC_Fake,1,UCF,visual,0.0891,probability,148.8,N/A,N/A,ok,
dfdc_test_001197,DFDC-DFDC_Fake,1,UCF,visual,0.9858,probability,139.81,N/A,N/A,ok,
dfdc_test_001198,DFDC-DFDC_Fake,1,UCF,visual,0.3196,probability,139.95,N/A,N/A,ok,
dfdc_test_001199,DFDC-DFDC_Fake,1,UCF,visual,0.7269,probability,142.74,N/A,N/A,ok,
dfdc_test_001200,DFDC-DFDC_Fake,1,UCF,visual,0.9982,probability,186.21,N/A,N/A,ok,
dfdc_test_001201,DFDC-DFDC_Fake,1,UCF,visual,0.6653,probability,130.31,N/A,N/A,ok,
dfdc_test_001202,DFDC-DFDC_Fake,1,UCF,visual,0.6516,probability,142.54,N/A,N/A,ok,
dfdc_test_001203,DFDC-DFDC_Fake,1,UCF,visual,0.4748,probability,125.84,N/A,N/A,ok,
dfdc_test_001204,DFDC-DFDC_Fake,1,UCF,visual,0.3879,probability,113.98,N/A,N/A,ok,
dfdc_test_001205,DFDC-DFDC_Fake,1,UCF,visual,0.8846,probability,131.37,N/A,N/A,ok,
dfdc_test_001206,DFDC-DFDC_Fake,1,UCF,visual,0.407,probability,104.72,N/A,N/A,ok,
dfdc_test_001207,DFDC-DFDC_Fake,1,UCF,visual,0.3666,probability,109.49,N/A,N/A,ok,
dfdc_test_001208,DFDC-DFDC_Fake,1,UCF,visual,0.3317,probability,324.44,N/A,N/A,ok,
dfdc_test_001209,DFDC-DFDC_Fake,1,UCF,visual,0.2617,probability,131.35,N/A,N/A,ok,
dfdc_test_001210,DFDC-DFDC_Fake,1,UCF,visual,0.9623,probability,126.98,N/A,N/A,ok,
dfdc_test_001211,DFDC-DFDC_Fake,1,UCF,visual,0.5917,probability,137.16,N/A,N/A,ok,
dfdc_test_001212,DFDC-DFDC_Fake,1,UCF,visual,0.4429,probability,122.05,N/A,N/A,ok,
dfdc_test_001213,DFDC-DFDC_Fake,1,UCF,visual,0.499,probability,117.91,N/A,N/A,ok,
dfdc_test_001214,DFDC-DFDC_Fake,1,UCF,visual,0.2642,probability,126.92,N/A,N/A,ok,
dfdc_test_001215,DFDC-DFDC_Fake,1,UCF,visual,0.9903,probability,131.75,N/A,N/A,ok,
dfdc_test_001216,DFDC-DFDC_Fake,1,UCF,visual,0.3676,probability,172.54,N/A,N/A,ok,
dfdc_test_001217,DFDC-DFDC_Fake,1,UCF,visual,0.7836,probability,128.18,N/A,N/A,ok,
dfdc_test_001218,DFDC-DFDC_Fake,1,UCF,visual,0.8354,probability,131.57,N/A,N/A,ok,
dfdc_test_001219,DFDC-DFDC_Fake,1,UCF,visual,0.5816,probability,401.75,N/A,N/A,ok,
dfdc_test_001220,DFDC-DFDC_Fake,1,UCF,visual,0.564,probability,172.08,N/A,N/A,ok,
dfdc_test_001221,DFDC-DFDC_Fake,1,UCF,visual,0.4188,probability,144.01,N/A,N/A,ok,
dfdc_test_001222,DFDC-DFDC_Fake,1,UCF,visual,0.8201,probability,132.11,N/A,N/A,ok,
dfdc_test_001223,DFDC-DFDC_Fake,1,UCF,visual,0.0847,probability,130.2,N/A,N/A,ok,
dfdc_test_001224,DFDC-DFDC_Fake,1,UCF,visual,0.9622,probability,140.05,N/A,N/A,ok,
dfdc_test_001225,DFDC-DFDC_Fake,1,UCF,visual,0.8749,probability,139.52,N/A,N/A,ok,
dfdc_test_001226,DFDC-DFDC_Fake,1,UCF,visual,0.5657,probability,123.35,N/A,N/A,ok,
dfdc_test_001227,DFDC-DFDC_Fake,1,UCF,visual,0.7819,probability,119.98,N/A,N/A,ok,
dfdc_test_001228,DFDC-DFDC_Fake,1,UCF,visual,0.2249,probability,123.34,N/A,N/A,ok,
dfdc_test_001229,DFDC-DFDC_Fake,1,UCF,visual,0.2488,probability,239.26,N/A,N/A,ok,
dfdc_test_001230,DFDC-DFDC_Fake,1,UCF,visual,0.8622,probability,115.77,N/A,N/A,ok,
dfdc_test_001231,DFDC-DFDC_Fake,1,UCF,visual,0.7789,probability,181.3,N/A,N/A,ok,
dfdc_test_001232,DFDC-DFDC_Fake,1,UCF,visual,0.575,probability,123.76,N/A,N/A,ok,
dfdc_test_001233,DFDC-DFDC_Fake,1,UCF,visual,0.9879,probability,114.11,N/A,N/A,ok,
dfdc_test_001234,DFDC-DFDC_Fake,1,UCF,visual,0.59,probability,143.13,N/A,N/A,ok,
dfdc_test_001235,DFDC-DFDC_Fake,1,UCF,visual,0.4241,probability,216.45,N/A,N/A,ok,
dfdc_test_001236,DFDC-DFDC_Fake,1,UCF,visual,0.8988,probability,171.6,N/A,N/A,ok,
dfdc_test_001237,DFDC-DFDC_Fake,1,UCF,visual,0.9714,probability,140.86,N/A,N/A,ok,
dfdc_test_001238,DFDC-DFDC_Fake,1,UCF,visual,0.7429,probability,133.71,N/A,N/A,ok,
dfdc_test_001239,DFDC-DFDC_Fake,1,UCF,visual,0.7973,probability,207.7,N/A,N/A,ok,
dfdc_test_001240,DFDC-DFDC_Fake,1,UCF,visual,0.8799,probability,125.12,N/A,N/A,ok,
dfdc_test_001241,DFDC-DFDC_Fake,1,UCF,visual,0.9708,probability,151.28,N/A,N/A,ok,
dfdc_test_001242,DFDC-DFDC_Fake,1,UCF,visual,0.514,probability,137.11,N/A,N/A,ok,
dfdc_test_001243,DFDC-DFDC_Fake,1,UCF,visual,0.8615,probability,128.31,N/A,N/A,ok,
dfdc_test_001244,DFDC-DFDC_Fake,1,UCF,visual,0.9668,probability,126.75,N/A,N/A,ok,
dfdc_test_001245,DFDC-DFDC_Fake,1,UCF,visual,0.9927,probability,127.33,N/A,N/A,ok,
dfdc_test_001246,DFDC-DFDC_Fake,1,UCF,visual,0.8694,probability,179.86,N/A,N/A,ok,
dfdc_test_001247,DFDC-DFDC_Fake,1,UCF,visual,0.1919,probability,130.89,N/A,N/A,ok,
dfdc_test_001248,DFDC-DFDC_Fake,1,UCF,visual,0.1052,probability,135.73,N/A,N/A,ok,
dfdc_test_001249,DFDC-DFDC_Fake,1,UCF,visual,0.5421,probability,127.88,N/A,N/A,ok,
dfdc_test_001250,DFDC-DFDC_Fake,1,UCF,visual,0.6451,probability,138.19,N/A,N/A,ok,
dfdc_test_001251,DFDC-DFDC_Fake,1,UCF,visual,0.5678,probability,150.17,N/A,N/A,ok,
dfdc_test_001252,DFDC-DFDC_Fake,1,UCF,visual,0.9783,probability,131.62,N/A,N/A,ok,
dfdc_test_001253,DFDC-DFDC_Fake,1,UCF,visual,0.4428,probability,120.37,N/A,N/A,ok,
dfdc_test_001254,DFDC-DFDC_Fake,1,UCF,visual,0.9278,probability,140.24,N/A,N/A,ok,
dfdc_test_001255,DFDC-DFDC_Fake,1,UCF,visual,0.8275,probability,139.61,N/A,N/A,ok,
dfdc_test_001256,DFDC-DFDC_Fake,1,UCF,visual,0.9833,probability,137.14,N/A,N/A,ok,
dfdc_test_001257,DFDC-DFDC_Fake,1,UCF,visual,0.7707,probability,160.71,N/A,N/A,ok,
dfdc_test_001258,DFDC-DFDC_Fake,1,UCF,visual,0.3473,probability,183.91,N/A,N/A,ok,
dfdc_test_001259,DFDC-DFDC_Fake,1,UCF,visual,0.7456,probability,160.16,N/A,N/A,ok,
dfdc_test_001260,DFDC-DFDC_Fake,1,UCF,visual,0.8044,probability,162.54,N/A,N/A,ok,
dfdc_test_001261,DFDC-DFDC_Fake,1,UCF,visual,0.9649,probability,132.45,N/A,N/A,ok,
dfdc_test_001262,DFDC-DFDC_Fake,1,UCF,visual,0.123,probability,121.88,N/A,N/A,ok,
dfdc_test_001263,DFDC-DFDC_Fake,1,UCF,visual,0.325,probability,121.38,N/A,N/A,ok,
dfdc_test_001264,DFDC-DFDC_Fake,1,UCF,visual,0.8053,probability,110.86,N/A,N/A,ok,
dfdc_test_001265,DFDC-DFDC_Fake,1,UCF,visual,0.9705,probability,123.96,N/A,N/A,ok,
dfdc_test_001266,DFDC-DFDC_Fake,1,UCF,visual,0.4621,probability,141.74,N/A,N/A,ok,
dfdc_test_001267,DFDC-DFDC_Fake,1,UCF,visual,0.3843,probability,123.08,N/A,N/A,ok,
dfdc_test_001268,DFDC-DFDC_Fake,1,UCF,visual,0.0776,probability,150.34,N/A,N/A,ok,
dfdc_test_001269,DFDC-DFDC_Fake,1,UCF,visual,0.1437,probability,136.64,N/A,N/A,ok,
dfdc_test_001270,DFDC-DFDC_Fake,1,UCF,visual,0.3914,probability,142.34,N/A,N/A,ok,
dfdc_test_001271,DFDC-DFDC_Fake,1,UCF,visual,0.459,probability,116.69,N/A,N/A,ok,
dfdc_test_001272,DFDC-DFDC_Fake,1,UCF,visual,0.7342,probability,120.07,N/A,N/A,ok,
dfdc_test_001273,DFDC-DFDC_Fake,1,UCF,visual,0.9068,probability,121.59,N/A,N/A,ok,
dfdc_test_001274,DFDC-DFDC_Fake,1,UCF,visual,0.9073,probability,172.86,N/A,N/A,ok,
dfdc_test_001275,DFDC-DFDC_Fake,1,UCF,visual,0.5175,probability,143.22,N/A,N/A,ok,
dfdc_test_001276,DFDC-DFDC_Fake,1,UCF,visual,0.7325,probability,157.18,N/A,N/A,ok,
dfdc_test_001277,DFDC-DFDC_Fake,1,UCF,visual,0.3954,probability,132.25,N/A,N/A,ok,
dfdc_test_001278,DFDC-DFDC_Fake,1,UCF,visual,0.5912,probability,145.06,N/A,N/A,ok,
dfdc_test_001279,DFDC-DFDC_Fake,1,UCF,visual,0.1439,probability,118.3,N/A,N/A,ok,
dfdc_test_001280,DFDC-DFDC_Fake,1,UCF,visual,0.8522,probability,148.6,N/A,N/A,ok,
dfdc_test_001281,DFDC-DFDC_Fake,1,UCF,visual,0.986,probability,173.25,N/A,N/A,ok,
dfdc_test_001282,DFDC-DFDC_Fake,1,UCF,visual,0.5689,probability,160.77,N/A,N/A,ok,
dfdc_test_001283,DFDC-DFDC_Fake,1,UCF,visual,0.0723,probability,164.61,N/A,N/A,ok,
dfdc_test_001284,DFDC-DFDC_Fake,1,UCF,visual,0.9601,probability,158.15,N/A,N/A,ok,
dfdc_test_001285,DFDC-DFDC_Fake,1,UCF,visual,0.8476,probability,171.06,N/A,N/A,ok,
dfdc_test_001286,DFDC-DFDC_Fake,1,UCF,visual,0.4947,probability,171.33,N/A,N/A,ok,
dfdc_test_001287,DFDC-DFDC_Fake,1,UCF,visual,0.6231,probability,196.73,N/A,N/A,ok,
dfdc_test_001288,DFDC-DFDC_Fake,1,UCF,visual,0.7045,probability,186.51,N/A,N/A,ok,
dfdc_test_001289,DFDC-DFDC_Fake,1,UCF,visual,0.4915,probability,142.07,N/A,N/A,ok,
dfdc_test_001290,DFDC-DFDC_Fake,1,UCF,visual,0.129,probability,182.46,N/A,N/A,ok,
dfdc_test_001291,DFDC-DFDC_Fake,1,UCF,visual,0.3238,probability,188.78,N/A,N/A,ok,
dfdc_test_001292,DFDC-DFDC_Fake,1,UCF,visual,0.6292,probability,125.39,N/A,N/A,ok,
dfdc_test_001293,DFDC-DFDC_Fake,1,UCF,visual,0.7865,probability,121.63,N/A,N/A,ok,
dfdc_test_001294,DFDC-DFDC_Fake,1,UCF,visual,0.1508,probability,157.58,N/A,N/A,ok,
dfdc_test_001295,DFDC-DFDC_Fake,1,UCF,visual,0.667,probability,151.12,N/A,N/A,ok,
dfdc_test_001296,DFDC-DFDC_Fake,1,UCF,visual,0.7632,probability,145.42,N/A,N/A,ok,
dfdc_test_001297,DFDC-DFDC_Fake,1,UCF,visual,0.9818,probability,157.32,N/A,N/A,ok,
dfdc_test_001298,DFDC-DFDC_Fake,1,UCF,visual,0.2264,probability,135.76,N/A,N/A,ok,
dfdc_test_001299,DFDC-DFDC_Fake,1,UCF,visual,0.4983,probability,121.19,N/A,N/A,ok,
dfdc_test_001300,DFDC-DFDC_Fake,1,UCF,visual,0.9658,probability,132.57,N/A,N/A,ok,
dfdc_test_001301,DFDC-DFDC_Fake,1,UCF,visual,0.9723,probability,154.54,N/A,N/A,ok,
dfdc_test_001302,DFDC-DFDC_Fake,1,UCF,visual,0.6709,probability,112.83,N/A,N/A,ok,
dfdc_test_001303,DFDC-DFDC_Fake,1,UCF,visual,0.5297,probability,132.19,N/A,N/A,ok,
dfdc_test_001304,DFDC-DFDC_Fake,1,UCF,visual,0.6463,probability,159.37,N/A,N/A,ok,
dfdc_test_001305,DFDC-DFDC_Fake,1,UCF,visual,0.199,probability,156.49,N/A,N/A,ok,
dfdc_test_001306,DFDC-DFDC_Fake,1,UCF,visual,0.2715,probability,152.87,N/A,N/A,ok,
dfdc_test_001307,DFDC-DFDC_Fake,1,UCF,visual,0.9654,probability,122.66,N/A,N/A,ok,
dfdc_test_001308,DFDC-DFDC_Fake,1,UCF,visual,0.244,probability,158.3,N/A,N/A,ok,
dfdc_test_001309,DFDC-DFDC_Fake,1,UCF,visual,0.9137,probability,133.2,N/A,N/A,ok,
dfdc_test_001310,DFDC-DFDC_Fake,1,UCF,visual,0.3856,probability,130.37,N/A,N/A,ok,
dfdc_test_001311,DFDC-DFDC_Fake,1,UCF,visual,0.9919,probability,147.27,N/A,N/A,ok,
dfdc_test_001312,DFDC-DFDC_Fake,1,UCF,visual,0.4325,probability,181.31,N/A,N/A,ok,
dfdc_test_001313,DFDC-DFDC_Fake,1,UCF,visual,0.9513,probability,138.2,N/A,N/A,ok,
dfdc_test_001314,DFDC-DFDC_Fake,1,UCF,visual,0.8156,probability,145.03,N/A,N/A,ok,
dfdc_test_001315,DFDC-DFDC_Fake,1,UCF,visual,0.4094,probability,139.38,N/A,N/A,ok,
dfdc_test_001316,DFDC-DFDC_Fake,1,UCF,visual,0.964,probability,173.89,N/A,N/A,ok,
dfdc_test_001317,DFDC-DFDC_Fake,1,UCF,visual,0.7008,probability,152.41,N/A,N/A,ok,
dfdc_test_001318,DFDC-DFDC_Fake,1,UCF,visual,0.4451,probability,167.37,N/A,N/A,ok,
dfdc_test_001319,DFDC-DFDC_Fake,1,UCF,visual,0.8796,probability,133.24,N/A,N/A,ok,
dfdc_test_001320,DFDC-DFDC_Fake,1,UCF,visual,0.4011,probability,145.33,N/A,N/A,ok,
dfdc_test_001321,DFDC-DFDC_Fake,1,UCF,visual,0.813,probability,158.75,N/A,N/A,ok,
dfdc_test_001322,DFDC-DFDC_Fake,1,UCF,visual,0.7098,probability,162.92,N/A,N/A,ok,
dfdc_test_001323,DFDC-DFDC_Fake,1,UCF,visual,0.8614,probability,170.75,N/A,N/A,ok,
dfdc_test_001324,DFDC-DFDC_Fake,1,UCF,visual,0.4087,probability,166.67,N/A,N/A,ok,
dfdc_test_001325,DFDC-DFDC_Fake,1,UCF,visual,0.9361,probability,173.1,N/A,N/A,ok,
dfdc_test_001326,DFDC-DFDC_Fake,1,UCF,visual,0.8239,probability,118.31,N/A,N/A,ok,
dfdc_test_001327,DFDC-DFDC_Fake,1,UCF,visual,0.422,probability,141.04,N/A,N/A,ok,
dfdc_test_001328,DFDC-DFDC_Fake,1,UCF,visual,0.3664,probability,153.25,N/A,N/A,ok,
dfdc_test_001329,DFDC-DFDC_Fake,1,UCF,visual,0.1821,probability,129.63,N/A,N/A,ok,
dfdc_test_001330,DFDC-DFDC_Fake,1,UCF,visual,0.7596,probability,132.62,N/A,N/A,ok,
dfdc_test_001331,DFDC-DFDC_Fake,1,UCF,visual,0.8215,probability,128.91,N/A,N/A,ok,
dfdc_test_001332,DFDC-DFDC_Fake,1,UCF,visual,0.9409,probability,136.37,N/A,N/A,ok,
dfdc_test_001333,DFDC-DFDC_Fake,1,UCF,visual,0.9933,probability,149.16,N/A,N/A,ok,
dfdc_test_001334,DFDC-DFDC_Fake,1,UCF,visual,0.3724,probability,132.6,N/A,N/A,ok,
dfdc_test_001335,DFDC-DFDC_Fake,1,UCF,visual,0.4514,probability,144.73,N/A,N/A,ok,
dfdc_test_001336,DFDC-DFDC_Fake,1,UCF,visual,0.8242,probability,148.13,N/A,N/A,ok,
dfdc_test_001337,DFDC-DFDC_Fake,1,UCF,visual,0.5741,probability,156.4,N/A,N/A,ok,
dfdc_test_001338,DFDC-DFDC_Fake,1,UCF,visual,0.5754,probability,154.8,N/A,N/A,ok,
dfdc_test_001339,DFDC-DFDC_Fake,1,UCF,visual,0.4819,probability,167.15,N/A,N/A,ok,
dfdc_test_001340,DFDC-DFDC_Fake,1,UCF,visual,0.4364,probability,124.48,N/A,N/A,ok,
dfdc_test_001341,DFDC-DFDC_Fake,1,UCF,visual,0.4465,probability,138.44,N/A,N/A,ok,
dfdc_test_001342,DFDC-DFDC_Fake,1,UCF,visual,0.4388,probability,154.91,N/A,N/A,ok,
dfdc_test_001343,DFDC-DFDC_Fake,1,UCF,visual,0.8281,probability,174.39,N/A,N/A,ok,
dfdc_test_001344,DFDC-DFDC_Fake,1,UCF,visual,0.266,probability,193.11,N/A,N/A,ok,
dfdc_test_001345,DFDC-DFDC_Fake,1,UCF,visual,0.5405,probability,147.73,N/A,N/A,ok,
dfdc_test_001346,DFDC-DFDC_Fake,1,UCF,visual,0.6372,probability,151.93,N/A,N/A,ok,
dfdc_test_001347,DFDC-DFDC_Fake,1,UCF,visual,0.8453,probability,130.38,N/A,N/A,ok,
dfdc_test_001348,DFDC-DFDC_Fake,1,UCF,visual,0.4901,probability,146.7,N/A,N/A,ok,
dfdc_test_001349,DFDC-DFDC_Fake,1,UCF,visual,0.3214,probability,124.07,N/A,N/A,ok,
dfdc_test_001350,DFDC-DFDC_Fake,1,UCF,visual,0.9266,probability,125.52,N/A,N/A,ok,
dfdc_test_001351,DFDC-DFDC_Fake,1,UCF,visual,0.472,probability,136.82,N/A,N/A,ok,
dfdc_test_001352,DFDC-DFDC_Fake,1,UCF,visual,0.5506,probability,150.25,N/A,N/A,ok,
dfdc_test_001353,DFDC-DFDC_Fake,1,UCF,visual,0.9945,probability,142.57,N/A,N/A,ok,
dfdc_test_001354,DFDC-DFDC_Fake,1,UCF,visual,0.3095,probability,122.73,N/A,N/A,ok,
dfdc_test_001355,DFDC-DFDC_Fake,1,UCF,visual,0.4234,probability,138.88,N/A,N/A,ok,
dfdc_test_001356,DFDC-DFDC_Fake,1,UCF,visual,0.8747,probability,129.35,N/A,N/A,ok,
dfdc_test_001357,DFDC-DFDC_Fake,1,UCF,visual,0.6291,probability,127.49,N/A,N/A,ok,
dfdc_test_001358,DFDC-DFDC_Fake,1,UCF,visual,0.9175,probability,153.92,N/A,N/A,ok,
dfdc_test_001359,DFDC-DFDC_Fake,1,UCF,visual,0.7262,probability,146.82,N/A,N/A,ok,
dfdc_test_001360,DFDC-DFDC_Fake,1,UCF,visual,0.6319,probability,148.05,N/A,N/A,ok,
dfdc_test_001361,DFDC-DFDC_Fake,1,UCF,visual,0.6105,probability,154.21,N/A,N/A,ok,
dfdc_test_001362,DFDC-DFDC_Fake,1,UCF,visual,0.6135,probability,172.15,N/A,N/A,ok,
dfdc_test_001363,DFDC-DFDC_Fake,1,UCF,visual,0.856,probability,188.73,N/A,N/A,ok,
dfdc_test_001364,DFDC-DFDC_Fake,1,UCF,visual,0.5804,probability,280.16,N/A,N/A,ok,
dfdc_test_001365,DFDC-DFDC_Fake,1,UCF,visual,0.7847,probability,205.99,N/A,N/A,ok,
dfdc_test_001366,DFDC-DFDC_Fake,1,UCF,visual,0.7347,probability,190.15,N/A,N/A,ok,
dfdc_test_001367,DFDC-DFDC_Fake,1,UCF,visual,0.6715,probability,178.4,N/A,N/A,ok,
dfdc_test_001368,DFDC-DFDC_Fake,1,UCF,visual,0.132,probability,135.8,N/A,N/A,ok,
dfdc_test_001369,DFDC-DFDC_Fake,1,UCF,visual,0.8377,probability,160.05,N/A,N/A,ok,
dfdc_test_001370,DFDC-DFDC_Fake,1,UCF,visual,0.4453,probability,161.22,N/A,N/A,ok,
dfdc_test_001371,DFDC-DFDC_Fake,1,UCF,visual,0.6967,probability,135.95,N/A,N/A,ok,
dfdc_test_001372,DFDC-DFDC_Fake,1,UCF,visual,0.9839,probability,122.89,N/A,N/A,ok,
dfdc_test_001373,DFDC-DFDC_Fake,1,UCF,visual,0.8009,probability,123.44,N/A,N/A,ok,
dfdc_test_001374,DFDC-DFDC_Fake,1,UCF,visual,0.5948,probability,122.93,N/A,N/A,ok,
dfdc_test_001375,DFDC-DFDC_Fake,1,UCF,visual,0.4623,probability,165.81,N/A,N/A,ok,
dfdc_test_001376,DFDC-DFDC_Fake,1,UCF,visual,0.0704,probability,188.07,N/A,N/A,ok,
dfdc_test_001377,DFDC-DFDC_Fake,1,UCF,visual,0.6212,probability,141.39,N/A,N/A,ok,
dfdc_test_001378,DFDC-DFDC_Fake,1,UCF,visual,0.6932,probability,110.67,N/A,N/A,ok,
dfdc_test_001379,DFDC-DFDC_Fake,1,UCF,visual,0.9892,probability,150.1,N/A,N/A,ok,
dfdc_test_001380,DFDC-DFDC_Fake,1,UCF,visual,0.4268,probability,215.17,N/A,N/A,ok,
dfdc_test_001381,DFDC-DFDC_Fake,1,UCF,visual,0.7962,probability,154.25,N/A,N/A,ok,
dfdc_test_001382,DFDC-DFDC_Fake,1,UCF,visual,0.3995,probability,135.02,N/A,N/A,ok,
dfdc_test_001383,DFDC-DFDC_Fake,1,UCF,visual,0.9909,probability,134.71,N/A,N/A,ok,
dfdc_test_001384,DFDC-DFDC_Fake,1,UCF,visual,0.5305,probability,126.1,N/A,N/A,ok,
dfdc_test_001385,DFDC-DFDC_Fake,1,UCF,visual,0.7274,probability,123.83,N/A,N/A,ok,
dfdc_test_001386,DFDC-DFDC_Fake,1,UCF,visual,0.9918,probability,155.32,N/A,N/A,ok,
dfdc_test_001387,DFDC-DFDC_Fake,1,UCF,visual,0.9834,probability,180.5,N/A,N/A,ok,
dfdc_test_001388,DFDC-DFDC_Fake,1,UCF,visual,0.134,probability,115.32,N/A,N/A,ok,
dfdc_test_001389,DFDC-DFDC_Fake,1,UCF,visual,0.4662,probability,139.0,N/A,N/A,ok,
dfdc_test_001390,DFDC-DFDC_Fake,1,UCF,visual,0.4589,probability,146.87,N/A,N/A,ok,
dfdc_test_001391,DFDC-DFDC_Fake,1,UCF,visual,0.9021,probability,121.45,N/A,N/A,ok,
dfdc_test_001392,DFDC-DFDC_Fake,1,UCF,visual,0.4034,probability,126.09,N/A,N/A,ok,
dfdc_test_001393,DFDC-DFDC_Fake,1,UCF,visual,0.787,probability,123.76,N/A,N/A,ok,
dfdc_test_001394,DFDC-DFDC_Fake,1,UCF,visual,0.56,probability,183.1,N/A,N/A,ok,
dfdc_test_001395,DFDC-DFDC_Fake,1,UCF,visual,0.7167,probability,173.31,N/A,N/A,ok,
dfdc_test_001396,DFDC-DFDC_Fake,1,UCF,visual,0.6095,probability,123.09,N/A,N/A,ok,
dfdc_test_001397,DFDC-DFDC_Fake,1,UCF,visual,0.9545,probability,145.92,N/A,N/A,ok,
dfdc_test_001398,DFDC-DFDC_Fake,1,UCF,visual,0.2319,probability,138.03,N/A,N/A,ok,
dfdc_test_001399,DFDC-DFDC_Fake,1,UCF,visual,0.9903,probability,134.29,N/A,N/A,ok,
dfdc_test_001400,DFDC-DFDC_Fake,1,UCF,visual,0.8181,probability,143.63,N/A,N/A,ok,
dfdc_test_001401,DFDC-DFDC_Fake,1,UCF,visual,0.7673,probability,198.18,N/A,N/A,ok,
dfdc_test_001402,DFDC-DFDC_Fake,1,UCF,visual,0.372,probability,206.67,N/A,N/A,ok,
dfdc_test_001403,DFDC-DFDC_Fake,1,UCF,visual,0.9289,probability,155.59,N/A,N/A,ok,
dfdc_test_001404,DFDC-DFDC_Fake,1,UCF,visual,0.8361,probability,122.93,N/A,N/A,ok,
dfdc_test_001405,DFDC-DFDC_Fake,1,UCF,visual,0.4827,probability,140.12,N/A,N/A,ok,
dfdc_test_001406,DFDC-DFDC_Fake,1,UCF,visual,0.3712,probability,146.08,N/A,N/A,ok,
dfdc_test_001407,DFDC-DFDC_Fake,1,UCF,visual,0.9577,probability,148.97,N/A,N/A,ok,
dfdc_test_001408,DFDC-DFDC_Fake,1,UCF,visual,0.8475,probability,133.65,N/A,N/A,ok,
dfdc_test_001409,DFDC-DFDC_Fake,1,UCF,visual,0.5019,probability,153.11,N/A,N/A,ok,
dfdc_test_001410,DFDC-DFDC_Fake,1,UCF,visual,0.4371,probability,220.65,N/A,N/A,ok,
dfdc_test_001411,DFDC-DFDC_Fake,1,UCF,visual,0.7679,probability,233.23,N/A,N/A,ok,
dfdc_test_001412,DFDC-DFDC_Fake,1,UCF,visual,0.991,probability,261.87,N/A,N/A,ok,
dfdc_test_001413,DFDC-DFDC_Fake,1,UCF,visual,0.8703,probability,251.86,N/A,N/A,ok,
dfdc_test_001414,DFDC-DFDC_Fake,1,UCF,visual,0.7421,probability,238.99,N/A,N/A,ok,
dfdc_test_001415,DFDC-DFDC_Fake,1,UCF,visual,0.9553,probability,222.9,N/A,N/A,ok,
dfdc_test_001416,DFDC-DFDC_Fake,1,UCF,visual,0.6915,probability,258.44,N/A,N/A,ok,
dfdc_test_001417,DFDC-DFDC_Fake,1,UCF,visual,0.5393,probability,309.23,N/A,N/A,ok,
dfdc_test_001418,DFDC-DFDC_Fake,1,UCF,visual,0.4133,probability,262.94,N/A,N/A,ok,
dfdc_test_001419,DFDC-DFDC_Fake,1,UCF,visual,0.8535,probability,205.57,N/A,N/A,ok,
dfdc_test_001420,DFDC-DFDC_Fake,1,UCF,visual,0.7767,probability,283.78,N/A,N/A,ok,
dfdc_test_001421,DFDC-DFDC_Fake,1,UCF,visual,0.7778,probability,190.6,N/A,N/A,ok,
dfdc_test_001422,DFDC-DFDC_Fake,1,UCF,visual,0.0409,probability,209.2,N/A,N/A,ok,
dfdc_test_001423,DFDC-DFDC_Fake,1,UCF,visual,0.4807,probability,207.0,N/A,N/A,ok,
dfdc_test_001424,DFDC-DFDC_Fake,1,UCF,visual,0.5062,probability,248.96,N/A,N/A,ok,
dfdc_test_001425,DFDC-DFDC_Fake,1,UCF,visual,0.2004,probability,225.03,N/A,N/A,ok,
dfdc_test_001426,DFDC-DFDC_Fake,1,UCF,visual,0.9668,probability,140.34,N/A,N/A,ok,
dfdc_test_001427,DFDC-DFDC_Fake,1,UCF,visual,0.6753,probability,147.97,N/A,N/A,ok,
dfdc_test_001428,DFDC-DFDC_Fake,1,UCF,visual,0.9628,probability,159.54,N/A,N/A,ok,
dfdc_test_001429,DFDC-DFDC_Fake,1,UCF,visual,0.6572,probability,148.73,N/A,N/A,ok,
dfdc_test_001430,DFDC-DFDC_Fake,1,UCF,visual,0.5547,probability,209.63,N/A,N/A,ok,
dfdc_test_001431,DFDC-DFDC_Fake,1,UCF,visual,0.3752,probability,124.8,N/A,N/A,ok,
dfdc_test_001432,DFDC-DFDC_Fake,1,UCF,visual,0.4556,probability,177.75,N/A,N/A,ok,
dfdc_test_001433,DFDC-DFDC_Fake,1,UCF,visual,0.1328,probability,134.27,N/A,N/A,ok,
dfdc_test_001434,DFDC-DFDC_Fake,1,UCF,visual,0.3883,probability,175.65,N/A,N/A,ok,
dfdc_test_001435,DFDC-DFDC_Fake,1,UCF,visual,0.5446,probability,192.5,N/A,N/A,ok,
dfdc_test_001436,DFDC-DFDC_Fake,1,UCF,visual,0.9921,probability,152.57,N/A,N/A,ok,
dfdc_test_001437,DFDC-DFDC_Fake,1,UCF,visual,0.8011,probability,140.47,N/A,N/A,ok,
dfdc_test_001438,DFDC-DFDC_Fake,1,UCF,visual,0.3134,probability,232.67,N/A,N/A,ok,
dfdc_test_001439,DFDC-DFDC_Fake,1,UCF,visual,0.7999,probability,212.77,N/A,N/A,ok,
dfdc_test_001440,DFDC-DFDC_Fake,1,UCF,visual,0.8159,probability,145.22,N/A,N/A,ok,
dfdc_test_001441,DFDC-DFDC_Fake,1,UCF,visual,0.4705,probability,206.94,N/A,N/A,ok,
dfdc_test_001442,DFDC-DFDC_Fake,1,UCF,visual,0.7891,probability,138.78,N/A,N/A,ok,
dfdc_test_001443,DFDC-DFDC_Fake,1,UCF,visual,0.3108,probability,121.68,N/A,N/A,ok,
dfdc_test_001444,DFDC-DFDC_Fake,1,UCF,visual,0.9889,probability,111.78,N/A,N/A,ok,
dfdc_test_001445,DFDC-DFDC_Fake,1,UCF,visual,0.7499,probability,112.78,N/A,N/A,ok,
dfdc_test_001446,DFDC-DFDC_Fake,1,UCF,visual,0.6584,probability,131.14,N/A,N/A,ok,
dfdc_test_001447,DFDC-DFDC_Fake,1,UCF,visual,0.9199,probability,106.85,N/A,N/A,ok,
dfdc_test_001448,DFDC-DFDC_Fake,1,UCF,visual,0.9307,probability,123.19,N/A,N/A,ok,
dfdc_test_001449,DFDC-DFDC_Fake,1,UCF,visual,0.6029,probability,146.07,N/A,N/A,ok,
dfdc_test_001450,DFDC-DFDC_Fake,1,UCF,visual,0.8904,probability,120.24,N/A,N/A,ok,
dfdc_test_001451,DFDC-DFDC_Fake,1,UCF,visual,0.6133,probability,123.97,N/A,N/A,ok,
dfdc_test_001452,DFDC-DFDC_Fake,1,UCF,visual,0.7321,probability,128.93,N/A,N/A,ok,
dfdc_test_001453,DFDC-DFDC_Fake,1,UCF,visual,0.6846,probability,134.89,N/A,N/A,ok,
dfdc_test_001454,DFDC-DFDC_Fake,1,UCF,visual,0.1425,probability,136.57,N/A,N/A,ok,
dfdc_test_001455,DFDC-DFDC_Fake,1,UCF,visual,0.9949,probability,168.32,N/A,N/A,ok,
dfdc_test_001456,DFDC-DFDC_Fake,1,UCF,visual,0.6808,probability,121.58,N/A,N/A,ok,
dfdc_test_001457,DFDC-DFDC_Fake,1,UCF,visual,0.9122,probability,150.84,N/A,N/A,ok,
dfdc_test_001458,DFDC-DFDC_Fake,1,UCF,visual,0.8228,probability,149.78,N/A,N/A,ok,
dfdc_test_001459,DFDC-DFDC_Fake,1,UCF,visual,0.686,probability,154.69,N/A,N/A,ok,
dfdc_test_001460,DFDC-DFDC_Fake,1,UCF,visual,0.5956,probability,165.31,N/A,N/A,ok,
dfdc_test_001461,DFDC-DFDC_Fake,1,UCF,visual,0.9926,probability,158.51,N/A,N/A,ok,
dfdc_test_001462,DFDC-DFDC_Fake,1,UCF,visual,0.585,probability,150.33,N/A,N/A,ok,
dfdc_test_001463,DFDC-DFDC_Fake,1,UCF,visual,0.4047,probability,206.51,N/A,N/A,ok,
dfdc_test_001464,DFDC-DFDC_Fake,1,UCF,visual,0.4463,probability,215.86,N/A,N/A,ok,
dfdc_test_001465,DFDC-DFDC_Fake,1,UCF,visual,0.8999,probability,184.72,N/A,N/A,ok,
dfdc_test_001466,DFDC-DFDC_Fake,1,UCF,visual,0.2878,probability,187.45,N/A,N/A,ok,
dfdc_test_001467,DFDC-DFDC_Fake,1,UCF,visual,0.7351,probability,202.06,N/A,N/A,ok,
dfdc_test_001468,DFDC-DFDC_Fake,1,UCF,visual,0.9829,probability,148.15,N/A,N/A,ok,
dfdc_test_001469,DFDC-DFDC_Fake,1,UCF,visual,0.3133,probability,127.09,N/A,N/A,ok,
dfdc_test_001470,DFDC-DFDC_Fake,1,UCF,visual,0.6456,probability,162.8,N/A,N/A,ok,
dfdc_test_001471,DFDC-DFDC_Fake,1,UCF,visual,0.7528,probability,140.62,N/A,N/A,ok,
dfdc_test_001472,DFDC-DFDC_Fake,1,UCF,visual,0.4806,probability,129.62,N/A,N/A,ok,
dfdc_test_001473,DFDC-DFDC_Fake,1,UCF,visual,0.9846,probability,129.97,N/A,N/A,ok,
dfdc_test_001474,DFDC-DFDC_Fake,1,UCF,visual,0.9124,probability,147.72,N/A,N/A,ok,
dfdc_test_001475,DFDC-DFDC_Fake,1,UCF,visual,0.0265,probability,166.23,N/A,N/A,ok,
dfdc_test_001476,DFDC-DFDC_Fake,1,UCF,visual,0.4803,probability,171.69,N/A,N/A,ok,
dfdc_test_001477,DFDC-DFDC_Fake,1,UCF,visual,0.9202,probability,118.58,N/A,N/A,ok,
dfdc_test_001478,DFDC-DFDC_Fake,1,UCF,visual,0.9016,probability,142.22,N/A,N/A,ok,
dfdc_test_001479,DFDC-DFDC_Fake,1,UCF,visual,0.976,probability,143.92,N/A,N/A,ok,
dfdc_test_001480,DFDC-DFDC_Fake,1,UCF,visual,0.7549,probability,154.43,N/A,N/A,ok,
dfdc_test_001481,DFDC-DFDC_Fake,1,UCF,visual,0.5623,probability,207.15,N/A,N/A,ok,
dfdc_test_001482,DFDC-DFDC_Fake,1,UCF,visual,0.4059,probability,184.34,N/A,N/A,ok,
dfdc_test_001483,DFDC-DFDC_Fake,1,UCF,visual,0.3751,probability,152.52,N/A,N/A,ok,
dfdc_test_001484,DFDC-DFDC_Fake,1,UCF,visual,0.998,probability,233.45,N/A,N/A,ok,
dfdc_test_001485,DFDC-DFDC_Fake,1,UCF,visual,0.931,probability,174.84,N/A,N/A,ok,
dfdc_test_001486,DFDC-DFDC_Fake,1,UCF,visual,0.7603,probability,187.33,N/A,N/A,ok,
dfdc_test_001487,DFDC-DFDC_Fake,1,UCF,visual,0.7725,probability,159.57,N/A,N/A,ok,
dfdc_test_001488,DFDC-DFDC_Fake,1,UCF,visual,0.9961,probability,188.47,N/A,N/A,ok,
dfdc_test_001489,DFDC-DFDC_Fake,1,UCF,visual,0.5198,probability,207.95,N/A,N/A,ok,
dfdc_test_001490,DFDC-DFDC_Fake,1,UCF,visual,0.4791,probability,210.45,N/A,N/A,ok,
dfdc_test_001491,DFDC-DFDC_Fake,1,UCF,visual,0.0333,probability,217.01,N/A,N/A,ok,
dfdc_test_001492,DFDC-DFDC_Fake,1,UCF,visual,0.3894,probability,170.81,N/A,N/A,ok,
dfdc_test_001493,DFDC-DFDC_Fake,1,UCF,visual,0.7613,probability,220.98,N/A,N/A,ok,
dfdc_test_001494,DFDC-DFDC_Fake,1,UCF,visual,0.9889,probability,246.99,N/A,N/A,ok,
dfdc_test_001495,DFDC-DFDC_Fake,1,UCF,visual,0.9543,probability,231.09,N/A,N/A,ok,
dfdc_test_001496,DFDC-DFDC_Fake,1,UCF,visual,0.2218,probability,170.63,N/A,N/A,ok,
dfdc_test_001497,DFDC-DFDC_Fake,1,UCF,visual,0.5422,probability,184.63,N/A,N/A,ok,
dfdc_test_001498,DFDC-DFDC_Fake,1,UCF,visual,0.9795,probability,180.85,N/A,N/A,ok,
dfdc_test_001499,DFDC-DFDC_Fake,1,UCF,visual,0.9348,probability,156.82,N/A,N/A,ok,
dfdc_test_001500,DFDC-DFDC_Fake,1,UCF,visual,0.9048,probability,206.87,N/A,N/A,ok,
dfdc_test_001501,DFDC-DFDC_Fake,1,UCF,visual,0.2619,probability,161.23,N/A,N/A,ok,
dfdc_test_001502,DFDC-DFDC_Fake,1,UCF,visual,0.2565,probability,164.04,N/A,N/A,ok,
dfdc_test_001503,DFDC-DFDC_Fake,1,UCF,visual,0.5173,probability,156.56,N/A,N/A,ok,
dfdc_test_001504,DFDC-DFDC_Fake,1,UCF,visual,0.994,probability,160.56,N/A,N/A,ok,
dfdc_test_001505,DFDC-DFDC_Fake,1,UCF,visual,0.8708,probability,189.96,N/A,N/A,ok,
dfdc_test_001506,DFDC-DFDC_Fake,1,UCF,visual,0.869,probability,165.06,N/A,N/A,ok,
dfdc_test_001507,DFDC-DFDC_Fake,1,UCF,visual,0.8135,probability,153.65,N/A,N/A,ok,
dfdc_test_001508,DFDC-DFDC_Fake,1,UCF,visual,0.478,probability,151.82,N/A,N/A,ok,
dfdc_test_001509,DFDC-DFDC_Fake,1,UCF,visual,0.7505,probability,135.51,N/A,N/A,ok,
dfdc_test_001510,DFDC-DFDC_Fake,1,UCF,visual,0.6875,probability,130.59,N/A,N/A,ok,
dfdc_test_001511,DFDC-DFDC_Fake,1,UCF,visual,0.2025,probability,166.23,N/A,N/A,ok,
dfdc_test_001512,DFDC-DFDC_Fake,1,UCF,visual,0.8207,probability,162.52,N/A,N/A,ok,
dfdc_test_001513,DFDC-DFDC_Fake,1,UCF,visual,0.9495,probability,137.25,N/A,N/A,ok,
dfdc_test_001514,DFDC-DFDC_Fake,1,UCF,visual,0.9436,probability,166.87,N/A,N/A,ok,
dfdc_test_001515,DFDC-DFDC_Fake,1,UCF,visual,0.9946,probability,153.58,N/A,N/A,ok,
dfdc_test_001516,DFDC-DFDC_Fake,1,UCF,visual,0.5961,probability,120.33,N/A,N/A,ok,
dfdc_test_001517,DFDC-DFDC_Fake,1,UCF,visual,0.7456,probability,123.95,N/A,N/A,ok,
dfdc_test_001518,DFDC-DFDC_Fake,1,UCF,visual,0.9969,probability,142.2,N/A,N/A,ok,
dfdc_test_001519,DFDC-DFDC_Fake,1,UCF,visual,0.7433,probability,175.16,N/A,N/A,ok,
dfdc_test_001520,DFDC-DFDC_Fake,1,UCF,visual,0.7175,probability,145.05,N/A,N/A,ok,
dfdc_test_001521,DFDC-DFDC_Fake,1,UCF,visual,0.4807,probability,128.85,N/A,N/A,ok,
dfdc_test_001522,DFDC-DFDC_Fake,1,UCF,visual,0.9724,probability,145.36,N/A,N/A,ok,
dfdc_test_001523,DFDC-DFDC_Fake,1,UCF,visual,0.5021,probability,162.04,N/A,N/A,ok,
dfdc_test_001524,DFDC-DFDC_Fake,1,UCF,visual,0.2715,probability,285.98,N/A,N/A,ok,
dfdc_test_001525,DFDC-DFDC_Fake,1,UCF,visual,0.2949,probability,182.39,N/A,N/A,ok,
dfdc_test_001526,DFDC-DFDC_Fake,1,UCF,visual,0.9802,probability,183.0,N/A,N/A,ok,
dfdc_test_001527,DFDC-DFDC_Fake,1,UCF,visual,0.6546,probability,172.42,N/A,N/A,ok,
dfdc_test_001528,DFDC-DFDC_Fake,1,UCF,visual,0.6064,probability,120.46,N/A,N/A,ok,
dfdc_test_001529,DFDC-DFDC_Fake,1,UCF,visual,0.934,probability,137.91,N/A,N/A,ok,
dfdc_test_001530,DFDC-DFDC_Fake,1,UCF,visual,0.9485,probability,133.81,N/A,N/A,ok,
dfdc_test_001531,DFDC-DFDC_Fake,1,UCF,visual,0.7578,probability,147.45,N/A,N/A,ok,
dfdc_test_001532,DFDC-DFDC_Fake,1,UCF,visual,0.6989,probability,159.53,N/A,N/A,ok,
dfdc_test_001533,DFDC-DFDC_Fake,1,UCF,visual,0.6268,probability,143.25,N/A,N/A,ok,
dfdc_test_001534,DFDC-DFDC_Fake,1,UCF,visual,0.9915,probability,208.9,N/A,N/A,ok,
dfdc_test_001535,DFDC-DFDC_Fake,1,UCF,visual,0.7702,probability,188.89,N/A,N/A,ok,
dfdc_test_001536,DFDC-DFDC_Fake,1,UCF,visual,0.9944,probability,212.92,N/A,N/A,ok,
dfdc_test_001537,DFDC-DFDC_Fake,1,UCF,visual,0.9948,probability,226.27,N/A,N/A,ok,
dfdc_test_001538,DFDC-DFDC_Fake,1,UCF,visual,0.9757,probability,144.67,N/A,N/A,ok,
dfdc_test_001539,DFDC-DFDC_Fake,1,UCF,visual,0.425,probability,159.56,N/A,N/A,ok,
dfdc_test_001540,DFDC-DFDC_Fake,1,UCF,visual,0.9988,probability,188.54,N/A,N/A,ok,
dfdc_test_001541,DFDC-DFDC_Fake,1,UCF,visual,0.2533,probability,136.49,N/A,N/A,ok,
dfdc_test_001542,DFDC-DFDC_Fake,1,UCF,visual,0.823,probability,139.53,N/A,N/A,ok,
dfdc_test_001543,DFDC-DFDC_Fake,1,UCF,visual,0.3226,probability,162.69,N/A,N/A,ok,
dfdc_test_001544,DFDC-DFDC_Fake,1,UCF,visual,0.61,probability,144.54,N/A,N/A,ok,
dfdc_test_001545,DFDC-DFDC_Fake,1,UCF,visual,0.9866,probability,182.82,N/A,N/A,ok,
dfdc_test_001546,DFDC-DFDC_Fake,1,UCF,visual,0.6388,probability,258.25,N/A,N/A,ok,
dfdc_test_001547,DFDC-DFDC_Fake,1,UCF,visual,0.6098,probability,192.49,N/A,N/A,ok,
dfdc_test_001548,DFDC-DFDC_Fake,1,UCF,visual,0.7603,probability,196.08,N/A,N/A,ok,
dfdc_test_001549,DFDC-DFDC_Fake,1,UCF,visual,0.9888,probability,156.49,N/A,N/A,ok,
dfdc_test_001550,DFDC-DFDC_Fake,1,UCF,visual,0.6447,probability,201.7,N/A,N/A,ok,
dfdc_test_001551,DFDC-DFDC_Fake,1,UCF,visual,0.9685,probability,176.01,N/A,N/A,ok,
dfdc_test_001552,DFDC-DFDC_Fake,1,UCF,visual,0.6794,probability,139.98,N/A,N/A,ok,
dfdc_test_001553,DFDC-DFDC_Fake,1,UCF,visual,0.6208,probability,150.8,N/A,N/A,ok,
dfdc_test_001554,DFDC-DFDC_Fake,1,UCF,visual,0.8741,probability,163.13,N/A,N/A,ok,
dfdc_test_001555,DFDC-DFDC_Fake,1,UCF,visual,0.2034,probability,200.28,N/A,N/A,ok,
dfdc_test_001556,DFDC-DFDC_Fake,1,UCF,visual,0.7773,probability,134.87,N/A,N/A,ok,
dfdc_test_001557,DFDC-DFDC_Fake,1,UCF,visual,0.154,probability,158.15,N/A,N/A,ok,
dfdc_test_001558,DFDC-DFDC_Fake,1,UCF,visual,0.7631,probability,160.69,N/A,N/A,ok,
dfdc_test_001559,DFDC-DFDC_Fake,1,UCF,visual,0.8042,probability,143.68,N/A,N/A,ok,
dfdc_test_001560,DFDC-DFDC_Fake,1,UCF,visual,0.1105,probability,151.52,N/A,N/A,ok,
dfdc_test_001561,DFDC-DFDC_Fake,1,UCF,visual,0.7859,probability,146.21,N/A,N/A,ok,
dfdc_test_001562,DFDC-DFDC_Fake,1,UCF,visual,0.9229,probability,149.22,N/A,N/A,ok,
dfdc_test_001563,DFDC-DFDC_Fake,1,UCF,visual,0.4009,probability,164.6,N/A,N/A,ok,
dfdc_test_001564,DFDC-DFDC_Fake,1,UCF,visual,0.9747,probability,184.31,N/A,N/A,ok,
dfdc_test_001565,DFDC-DFDC_Fake,1,UCF,visual,0.6478,probability,181.11,N/A,N/A,ok,
dfdc_test_001566,DFDC-DFDC_Fake,1,UCF,visual,0.751,probability,195.27,N/A,N/A,ok,
dfdc_test_001567,DFDC-DFDC_Fake,1,UCF,visual,0.9933,probability,148.68,N/A,N/A,ok,
dfdc_test_001568,DFDC-DFDC_Fake,1,UCF,visual,0.8174,probability,184.82,N/A,N/A,ok,
dfdc_test_001569,DFDC-DFDC_Fake,1,UCF,visual,0.9321,probability,154.29,N/A,N/A,ok,
dfdc_test_001570,DFDC-DFDC_Fake,1,UCF,visual,0.8999,probability,211.82,N/A,N/A,ok,
dfdc_test_001571,DFDC-DFDC_Fake,1,UCF,visual,0.773,probability,143.26,N/A,N/A,ok,
dfdc_test_001572,DFDC-DFDC_Fake,1,UCF,visual,0.9516,probability,145.48,N/A,N/A,ok,
dfdc_test_001573,DFDC-DFDC_Fake,1,UCF,visual,0.6865,probability,137.05,N/A,N/A,ok,
dfdc_test_001574,DFDC-DFDC_Fake,1,UCF,visual,0.5219,probability,135.68,N/A,N/A,ok,
dfdc_test_001575,DFDC-DFDC_Fake,1,UCF,visual,0.8596,probability,172.13,N/A,N/A,ok,
dfdc_test_001576,DFDC-DFDC_Fake,1,UCF,visual,0.6682,probability,164.0,N/A,N/A,ok,
dfdc_test_001577,DFDC-DFDC_Fake,1,UCF,visual,0.0693,probability,169.95,N/A,N/A,ok,
dfdc_test_001578,DFDC-DFDC_Fake,1,UCF,visual,0.0421,probability,153.42,N/A,N/A,ok,
dfdc_test_001579,DFDC-DFDC_Fake,1,UCF,visual,0.2712,probability,139.16,N/A,N/A,ok,
dfdc_test_001580,DFDC-DFDC_Fake,1,UCF,visual,0.4386,probability,164.81,N/A,N/A,ok,
dfdc_test_001581,DFDC-DFDC_Fake,1,UCF,visual,0.6028,probability,130.41,N/A,N/A,ok,
dfdc_test_001582,DFDC-DFDC_Fake,1,UCF,visual,0.5828,probability,136.07,N/A,N/A,ok,
dfdc_test_001583,DFDC-DFDC_Fake,1,UCF,visual,0.415,probability,129.6,N/A,N/A,ok,
dfdc_test_001584,DFDC-DFDC_Fake,1,UCF,visual,0.2469,probability,134.23,N/A,N/A,ok,
dfdc_test_001585,DFDC-DFDC_Fake,1,UCF,visual,0.978,probability,158.71,N/A,N/A,ok,
dfdc_test_001586,DFDC-DFDC_Fake,1,UCF,visual,0.7839,probability,149.28,N/A,N/A,ok,
dfdc_test_001587,DFDC-DFDC_Fake,1,UCF,visual,0.2425,probability,119.81,N/A,N/A,ok,
dfdc_test_001588,DFDC-DFDC_Fake,1,UCF,visual,0.4376,probability,123.91,N/A,N/A,ok,
dfdc_test_001589,DFDC-DFDC_Fake,1,UCF,visual,0.4374,probability,115.61,N/A,N/A,ok,
dfdc_test_001590,DFDC-DFDC_Fake,1,UCF,visual,0.9447,probability,151.34,N/A,N/A,ok,
dfdc_test_001591,DFDC-DFDC_Fake,1,UCF,visual,0.9938,probability,180.5,N/A,N/A,ok,
dfdc_test_001592,DFDC-DFDC_Fake,1,UCF,visual,0.7771,probability,123.14,N/A,N/A,ok,
dfdc_test_001593,DFDC-DFDC_Fake,1,UCF,visual,0.9799,probability,166.56,N/A,N/A,ok,
dfdc_test_001594,DFDC-DFDC_Fake,1,UCF,visual,0.988,probability,180.46,N/A,N/A,ok,
dfdc_test_001595,DFDC-DFDC_Fake,1,UCF,visual,0.944,probability,204.9,N/A,N/A,ok,
dfdc_test_001596,DFDC-DFDC_Fake,1,UCF,visual,0.5558,probability,166.79,N/A,N/A,ok,
dfdc_test_001597,DFDC-DFDC_Fake,1,UCF,visual,0.8987,probability,158.41,N/A,N/A,ok,
dfdc_test_001598,DFDC-DFDC_Fake,1,UCF,visual,0.6025,probability,154.18,N/A,N/A,ok,
dfdc_test_001599,DFDC-DFDC_Fake,1,UCF,visual,0.4184,probability,183.57,N/A,N/A,ok,
dfdc_test_001600,DFDC-DFDC_Fake,1,UCF,visual,0.8027,probability,159.3,N/A,N/A,ok,
dfdc_test_001601,DFDC-DFDC_Fake,1,UCF,visual,0.9923,probability,131.86,N/A,N/A,ok,
dfdc_test_001602,DFDC-DFDC_Fake,1,UCF,visual,0.7859,probability,153.54,N/A,N/A,ok,
dfdc_test_001603,DFDC-DFDC_Fake,1,UCF,visual,0.8402,probability,164.06,N/A,N/A,ok,
dfdc_test_001604,DFDC-DFDC_Fake,1,UCF,visual,0.6059,probability,168.87,N/A,N/A,ok,
dfdc_test_001605,DFDC-DFDC_Fake,1,UCF,visual,0.7446,probability,222.89,N/A,N/A,ok,
dfdc_test_001606,DFDC-DFDC_Fake,1,UCF,visual,0.9758,probability,191.6,N/A,N/A,ok,
dfdc_test_001607,DFDC-DFDC_Fake,1,UCF,visual,0.8293,probability,185.79,N/A,N/A,ok,
dfdc_test_001608,DFDC-DFDC_Fake,1,UCF,visual,0.3866,probability,127.15,N/A,N/A,ok,
dfdc_test_001609,DFDC-DFDC_Fake,1,UCF,visual,0.5392,probability,154.69,N/A,N/A,ok,
dfdc_test_001610,DFDC-DFDC_Fake,1,UCF,visual,0.4635,probability,137.08,N/A,N/A,ok,
dfdc_test_001611,DFDC-DFDC_Fake,1,UCF,visual,0.4122,probability,126.31,N/A,N/A,ok,
dfdc_test_001612,DFDC-DFDC_Fake,1,UCF,visual,0.5441,probability,135.01,N/A,N/A,ok,
dfdc_test_001613,DFDC-DFDC_Fake,1,UCF,visual,0.4416,probability,133.51,N/A,N/A,ok,
dfdc_test_001614,DFDC-DFDC_Fake,1,UCF,visual,0.7794,probability,129.08,N/A,N/A,ok,
dfdc_test_001615,DFDC-DFDC_Fake,1,UCF,visual,0.374,probability,175.91,N/A,N/A,ok,
dfdc_test_001616,DFDC-DFDC_Fake,1,UCF,visual,0.8683,probability,165.15,N/A,N/A,ok,
dfdc_test_001617,DFDC-DFDC_Fake,1,UCF,visual,0.8211,probability,158.23,N/A,N/A,ok,
dfdc_test_001618,DFDC-DFDC_Fake,1,UCF,visual,0.9838,probability,144.44,N/A,N/A,ok,
dfdc_test_001619,DFDC-DFDC_Fake,1,UCF,visual,0.512,probability,110.1,N/A,N/A,ok,
dfdc_test_001620,DFDC-DFDC_Fake,1,UCF,visual,0.9819,probability,118.96,N/A,N/A,ok,
dfdc_test_001621,DFDC-DFDC_Fake,1,UCF,visual,0.604,probability,179.43,N/A,N/A,ok,
dfdc_test_001622,DFDC-DFDC_Fake,1,UCF,visual,0.9687,probability,145.94,N/A,N/A,ok,
dfdc_test_001623,DFDC-DFDC_Fake,1,UCF,visual,0.1433,probability,150.6,N/A,N/A,ok,
dfdc_test_001624,DFDC-DFDC_Fake,1,UCF,visual,0.9729,probability,140.13,N/A,N/A,ok,
dfdc_test_001625,DFDC-DFDC_Fake,1,UCF,visual,0.9414,probability,135.34,N/A,N/A,ok,
dfdc_test_001626,DFDC-DFDC_Fake,1,UCF,visual,0.5343,probability,130.95,N/A,N/A,ok,
dfdc_test_001627,DFDC-DFDC_Fake,1,UCF,visual,0.3954,probability,132.54,N/A,N/A,ok,
dfdc_test_001628,DFDC-DFDC_Fake,1,UCF,visual,0.7475,probability,149.44,N/A,N/A,ok,
dfdc_test_001629,DFDC-DFDC_Fake,1,UCF,visual,0.9788,probability,138.88,N/A,N/A,ok,
dfdc_test_001630,DFDC-DFDC_Fake,1,UCF,visual,0.9045,probability,136.08,N/A,N/A,ok,
dfdc_test_001631,DFDC-DFDC_Fake,1,UCF,visual,0.8697,probability,135.17,N/A,N/A,ok,
dfdc_test_001632,DFDC-DFDC_Fake,1,UCF,visual,0.9786,probability,148.25,N/A,N/A,ok,
dfdc_test_001633,DFDC-DFDC_Fake,1,UCF,visual,0.9861,probability,108.56,N/A,N/A,ok,
dfdc_test_001634,DFDC-DFDC_Fake,1,UCF,visual,0.6462,probability,160.05,N/A,N/A,ok,
dfdc_test_001635,DFDC-DFDC_Fake,1,UCF,visual,0.6172,probability,167.05,N/A,N/A,ok,
dfdc_test_001636,DFDC-DFDC_Fake,1,UCF,visual,0.3338,probability,146.39,N/A,N/A,ok,
dfdc_test_001637,DFDC-DFDC_Fake,1,UCF,visual,0.4074,probability,125.92,N/A,N/A,ok,
dfdc_test_001638,DFDC-DFDC_Fake,1,UCF,visual,0.9154,probability,116.24,N/A,N/A,ok,
dfdc_test_001639,DFDC-DFDC_Fake,1,UCF,visual,0.9973,probability,138.82,N/A,N/A,ok,
dfdc_test_001640,DFDC-DFDC_Fake,1,UCF,visual,0.8056,probability,132.36,N/A,N/A,ok,
dfdc_test_001641,DFDC-DFDC_Fake,1,UCF,visual,0.8925,probability,132.49,N/A,N/A,ok,
dfdc_test_001642,DFDC-DFDC_Fake,1,UCF,visual,0.6147,probability,124.07,N/A,N/A,ok,
dfdc_test_001643,DFDC-DFDC_Fake,1,UCF,visual,0.3483,probability,124.12,N/A,N/A,ok,
dfdc_test_001644,DFDC-DFDC_Fake,1,UCF,visual,0.1997,probability,137.18,N/A,N/A,ok,
dfdc_test_001645,DFDC-DFDC_Fake,1,UCF,visual,0.3983,probability,140.25,N/A,N/A,ok,
dfdc_test_001646,DFDC-DFDC_Fake,1,UCF,visual,0.1531,probability,148.73,N/A,N/A,ok,
dfdc_test_001647,DFDC-DFDC_Fake,1,UCF,visual,0.6276,probability,144.64,N/A,N/A,ok,
dfdc_test_001648,DFDC-DFDC_Fake,1,UCF,visual,0.99,probability,158.87,N/A,N/A,ok,
dfdc_test_001649,DFDC-DFDC_Fake,1,UCF,visual,0.9807,probability,125.5,N/A,N/A,ok,
dfdc_test_001650,DFDC-DFDC_Fake,1,UCF,visual,0.756,probability,146.03,N/A,N/A,ok,
dfdc_test_001651,DFDC-DFDC_Fake,1,UCF,visual,0.5187,probability,124.68,N/A,N/A,ok,
dfdc_test_001652,DFDC-DFDC_Fake,1,UCF,visual,0.4649,probability,119.86,N/A,N/A,ok,
dfdc_test_001653,DFDC-DFDC_Fake,1,UCF,visual,0.5646,probability,102.97,N/A,N/A,ok,
dfdc_test_001654,DFDC-DFDC_Fake,1,UCF,visual,0.6589,probability,134.75,N/A,N/A,ok,
dfdc_test_001655,DFDC-DFDC_Fake,1,UCF,visual,0.6268,probability,132.46,N/A,N/A,ok,
dfdc_test_001656,DFDC-DFDC_Fake,1,UCF,visual,0.9969,probability,133.19,N/A,N/A,ok,
dfdc_test_001657,DFDC-DFDC_Fake,1,UCF,visual,0.4064,probability,138.32,N/A,N/A,ok,
dfdc_test_001658,DFDC-DFDC_Fake,1,UCF,visual,0.9028,probability,163.36,N/A,N/A,ok,
dfdc_test_001659,DFDC-DFDC_Fake,1,UCF,visual,0.9913,probability,120.69,N/A,N/A,ok,
dfdc_test_001660,DFDC-DFDC_Fake,1,UCF,visual,0.7702,probability,138.07,N/A,N/A,ok,
dfdc_test_001661,DFDC-DFDC_Fake,1,UCF,visual,0.6898,probability,155.33,N/A,N/A,ok,
dfdc_test_001662,DFDC-DFDC_Fake,1,UCF,visual,0.5591,probability,149.8,N/A,N/A,ok,
dfdc_test_001663,DFDC-DFDC_Fake,1,UCF,visual,0.9964,probability,133.05,N/A,N/A,ok,
dfdc_test_001664,DFDC-DFDC_Fake,1,UCF,visual,0.0396,probability,141.79,N/A,N/A,ok,
dfdc_test_001665,DFDC-DFDC_Fake,1,UCF,visual,0.5637,probability,185.86,N/A,N/A,ok,
dfdc_test_001666,DFDC-DFDC_Fake,1,UCF,visual,0.996,probability,156.13,N/A,N/A,ok,
dfdc_test_001667,DFDC-DFDC_Fake,1,UCF,visual,0.3826,probability,139.28,N/A,N/A,ok,
dfdc_test_001668,DFDC-DFDC_Fake,1,UCF,visual,0.4527,probability,164.96,N/A,N/A,ok,
dfdc_test_001669,DFDC-DFDC_Fake,1,UCF,visual,0.7957,probability,132.05,N/A,N/A,ok,
dfdc_test_001670,DFDC-DFDC_Fake,1,UCF,visual,0.1264,probability,140.83,N/A,N/A,ok,
dfdc_test_001671,DFDC-DFDC_Fake,1,UCF,visual,0.9622,probability,139.24,N/A,N/A,ok,
dfdc_test_001672,DFDC-DFDC_Fake,1,UCF,visual,0.6667,probability,171.49,N/A,N/A,ok,
dfdc_test_001673,DFDC-DFDC_Fake,1,UCF,visual,0.9971,probability,163.54,N/A,N/A,ok,
dfdc_test_001674,DFDC-DFDC_Fake,1,UCF,visual,0.3931,probability,126.76,N/A,N/A,ok,
dfdc_test_001675,DFDC-DFDC_Fake,1,UCF,visual,0.9485,probability,209.9,N/A,N/A,ok,
dfdc_test_001676,DFDC-DFDC_Fake,1,UCF,visual,0.6639,probability,205.26,N/A,N/A,ok,
dfdc_test_001677,DFDC-DFDC_Fake,1,UCF,visual,0.9648,probability,169.9,N/A,N/A,ok,
dfdc_test_001678,DFDC-DFDC_Fake,1,UCF,visual,0.6302,probability,122.27,N/A,N/A,ok,
dfdc_test_001679,DFDC-DFDC_Fake,1,UCF,visual,0.5172,probability,129.78,N/A,N/A,ok,
dfdc_test_001680,DFDC-DFDC_Fake,1,UCF,visual,0.5142,probability,151.78,N/A,N/A,ok,
dfdc_test_001681,DFDC-DFDC_Fake,1,UCF,visual,0.3425,probability,180.31,N/A,N/A,ok,
dfdc_test_001682,DFDC-DFDC_Fake,1,UCF,visual,0.2827,probability,174.41,N/A,N/A,ok,
dfdc_test_001683,DFDC-DFDC_Fake,1,UCF,visual,0.3501,probability,167.69,N/A,N/A,ok,
dfdc_test_001684,DFDC-DFDC_Fake,1,UCF,visual,0.6699,probability,197.62,N/A,N/A,ok,
dfdc_test_001685,DFDC-DFDC_Fake,1,UCF,visual,0.5505,probability,180.6,N/A,N/A,ok,
dfdc_test_001686,DFDC-DFDC_Fake,1,UCF,visual,0.5474,probability,134.2,N/A,N/A,ok,
dfdc_test_001687,DFDC-DFDC_Fake,1,UCF,visual,0.3202,probability,146.69,N/A,N/A,ok,
dfdc_test_001688,DFDC-DFDC_Fake,1,UCF,visual,0.7957,probability,120.27,N/A,N/A,ok,
dfdc_test_001689,DFDC-DFDC_Fake,1,UCF,visual,0.553,probability,135.74,N/A,N/A,ok,
dfdc_test_001690,DFDC-DFDC_Fake,1,UCF,visual,0.8425,probability,135.64,N/A,N/A,ok,
dfdc_test_001691,DFDC-DFDC_Fake,1,UCF,visual,0.3647,probability,138.61,N/A,N/A,ok,
dfdc_test_001692,DFDC-DFDC_Fake,1,UCF,visual,0.4321,probability,124.47,N/A,N/A,ok,
dfdc_test_001693,DFDC-DFDC_Fake,1,UCF,visual,0.5027,probability,156.75,N/A,N/A,ok,
dfdc_test_001694,DFDC-DFDC_Fake,1,UCF,visual,0.3684,probability,159.34,N/A,N/A,ok,
dfdc_test_001695,DFDC-DFDC_Fake,1,UCF,visual,0.789,probability,156.94,N/A,N/A,ok,
dfdc_test_001696,DFDC-DFDC_Fake,1,UCF,visual,0.1024,probability,138.55,N/A,N/A,ok,
dfdc_test_001697,DFDC-DFDC_Fake,1,UCF,visual,0.0983,probability,120.79,N/A,N/A,ok,
dfdc_test_001698,DFDC-DFDC_Fake,1,UCF,visual,0.747,probability,158.93,N/A,N/A,ok,
dfdc_test_001699,DFDC-DFDC_Fake,1,UCF,visual,0.0812,probability,143.25,N/A,N/A,ok,
dfdc_test_001700,DFDC-DFDC_Fake,1,UCF,visual,0.9165,probability,147.86,N/A,N/A,ok,
dfdc_test_001701,DFDC-DFDC_Fake,1,UCF,visual,0.6374,probability,113.88,N/A,N/A,ok,
dfdc_test_001702,DFDC-DFDC_Fake,1,UCF,visual,0.5085,probability,119.11,N/A,N/A,ok,
dfdc_test_001703,DFDC-DFDC_Fake,1,UCF,visual,0.5975,probability,108.85,N/A,N/A,ok,
dfdc_test_001704,DFDC-DFDC_Fake,1,UCF,visual,0.9867,probability,122.67,N/A,N/A,ok,
dfdc_test_001705,DFDC-DFDC_Fake,1,UCF,visual,0.9004,probability,121.51,N/A,N/A,ok,
dfdc_test_001706,DFDC-DFDC_Fake,1,UCF,visual,0.2357,probability,140.73,N/A,N/A,ok,
dfdc_test_001707,DFDC-DFDC_Fake,1,UCF,visual,0.9192,probability,132.49,N/A,N/A,ok,
dfdc_test_001708,DFDC-DFDC_Fake,1,UCF,visual,0.5113,probability,142.46,N/A,N/A,ok,
dfdc_test_001709,DFDC-DFDC_Fake,1,UCF,visual,0.927,probability,134.87,N/A,N/A,ok,
dfdc_test_001710,DFDC-DFDC_Fake,1,UCF,visual,0.5914,probability,130.53,N/A,N/A,ok,
dfdc_test_001711,DFDC-DFDC_Fake,1,UCF,visual,0.9862,probability,138.72,N/A,N/A,ok,
dfdc_test_001712,DFDC-DFDC_Fake,1,UCF,visual,0.9864,probability,131.36,N/A,N/A,ok,
dfdc_test_001713,DFDC-DFDC_Fake,1,UCF,visual,0.7534,probability,135.83,N/A,N/A,ok,
dfdc_test_001714,DFDC-DFDC_Fake,1,UCF,visual,0.4278,probability,122.83,N/A,N/A,ok,
dfdc_test_001715,DFDC-DFDC_Fake,1,UCF,visual,0.523,probability,150.81,N/A,N/A,ok,
dfdc_test_001716,DFDC-DFDC_Fake,1,UCF,visual,0.8689,probability,151.35,N/A,N/A,ok,
dfdc_test_001717,DFDC-DFDC_Fake,1,UCF,visual,0.7632,probability,154.05,N/A,N/A,ok,
dfdc_test_001718,DFDC-DFDC_Fake,1,UCF,visual,0.6615,probability,162.25,N/A,N/A,ok,
dfdc_test_001719,DFDC-DFDC_Fake,1,UCF,visual,0.9968,probability,119.97,N/A,N/A,ok,
dfdc_test_001720,DFDC-DFDC_Fake,1,UCF,visual,0.7307,probability,188.13,N/A,N/A,ok,
dfdc_test_001721,DFDC-DFDC_Fake,1,UCF,visual,0.1661,probability,196.25,N/A,N/A,ok,
dfdc_test_001722,DFDC-DFDC_Fake,1,UCF,visual,0.6449,probability,208.22,N/A,N/A,ok,
dfdc_test_001723,DFDC-DFDC_Fake,1,UCF,visual,0.3139,probability,272.05,N/A,N/A,ok,
dfdc_test_001724,DFDC-DFDC_Fake,1,UCF,visual,0.4736,probability,241.64,N/A,N/A,ok,
dfdc_test_001725,DFDC-DFDC_Fake,1,UCF,visual,0.5572,probability,238.76,N/A,N/A,ok,
dfdc_test_001726,DFDC-DFDC_Fake,1,UCF,visual,0.5569,probability,273.14,N/A,N/A,ok,
dfdc_test_001727,DFDC-DFDC_Fake,1,UCF,visual,0.8573,probability,237.77,N/A,N/A,ok,
dfdc_test_001728,DFDC-DFDC_Fake,1,UCF,visual,0.9896,probability,265.29,N/A,N/A,ok,
dfdc_test_001729,DFDC-DFDC_Fake,1,UCF,visual,0.8562,probability,229.8,N/A,N/A,ok,
dfdc_test_001730,DFDC-DFDC_Fake,1,UCF,visual,0.7067,probability,253.56,N/A,N/A,ok,
dfdc_test_001731,DFDC-DFDC_Fake,1,UCF,visual,0.1647,probability,305.76,N/A,N/A,ok,
dfdc_test_001732,DFDC-DFDC_Fake,1,UCF,visual,0.7726,probability,260.55,N/A,N/A,ok,
dfdc_test_001733,DFDC-DFDC_Fake,1,UCF,visual,0.9174,probability,257.05,N/A,N/A,ok,
dfdc_test_001734,DFDC-DFDC_Fake,1,UCF,visual,0.9258,probability,276.95,N/A,N/A,ok,
dfdc_test_001735,DFDC-DFDC_Fake,1,UCF,visual,0.9937,probability,177.63,N/A,N/A,ok,
dfdc_test_001736,DFDC-DFDC_Fake,1,UCF,visual,0.122,probability,150.9,N/A,N/A,ok,
dfdc_test_001737,DFDC-DFDC_Fake,1,UCF,visual,0.1841,probability,223.14,N/A,N/A,ok,
dfdc_test_001738,DFDC-DFDC_Fake,1,UCF,visual,0.0353,probability,153.47,N/A,N/A,ok,
dfdc_test_001739,DFDC-DFDC_Fake,1,UCF,visual,0.7571,probability,172.76,N/A,N/A,ok,
dfdc_test_001740,DFDC-DFDC_Fake,1,UCF,visual,0.8067,probability,197.6,N/A,N/A,ok,
dfdc_test_001741,DFDC-DFDC_Fake,1,UCF,visual,0.4257,probability,190.74,N/A,N/A,ok,
dfdc_test_001742,DFDC-DFDC_Fake,1,UCF,visual,0.9714,probability,194.99,N/A,N/A,ok,
dfdc_test_001743,DFDC-DFDC_Fake,1,UCF,visual,0.9859,probability,211.15,N/A,N/A,ok,
dfdc_test_001744,DFDC-DFDC_Fake,1,UCF,visual,0.3536,probability,195.03,N/A,N/A,ok,
dfdc_test_001745,DFDC-DFDC_Fake,1,UCF,visual,0.3698,probability,172.49,N/A,N/A,ok,
dfdc_test_001746,DFDC-DFDC_Fake,1,UCF,visual,0.4875,probability,127.81,N/A,N/A,ok,
dfdc_test_001747,DFDC-DFDC_Fake,1,UCF,visual,0.4959,probability,115.43,N/A,N/A,ok,
dfdc_test_001748,DFDC-DFDC_Fake,1,UCF,visual,0.6161,probability,131.25,N/A,N/A,ok,
dfdc_test_001749,DFDC-DFDC_Fake,1,UCF,visual,0.9836,probability,134.39,N/A,N/A,ok,
dfdc_test_001750,DFDC-DFDC_Fake,1,UCF,visual,0.7653,probability,156.02,N/A,N/A,ok,
dfdc_test_001751,DFDC-DFDC_Fake,1,UCF,visual,0.9916,probability,133.24,N/A,N/A,ok,
dfdc_test_001752,DFDC-DFDC_Fake,1,UCF,visual,0.9985,probability,162.46,N/A,N/A,ok,
dfdc_test_001753,DFDC-DFDC_Fake,1,UCF,visual,0.9103,probability,119.14,N/A,N/A,ok,
dfdc_test_001754,DFDC-DFDC_Fake,1,UCF,visual,0.9243,probability,189.83,N/A,N/A,ok,
dfdc_test_001755,DFDC-DFDC_Fake,1,UCF,visual,0.9944,probability,141.23,N/A,N/A,ok,
dfdc_test_001756,DFDC-DFDC_Fake,1,UCF,visual,0.6453,probability,140.65,N/A,N/A,ok,
dfdc_test_001757,DFDC-DFDC_Fake,1,UCF,visual,0.614,probability,157.41,N/A,N/A,ok,
dfdc_test_001758,DFDC-DFDC_Fake,1,UCF,visual,0.6082,probability,142.02,N/A,N/A,ok,
dfdc_test_001759,DFDC-DFDC_Fake,1,UCF,visual,0.5197,probability,135.21,N/A,N/A,ok,
dfdc_test_001760,DFDC-DFDC_Fake,1,UCF,visual,0.7201,probability,177.72,N/A,N/A,ok,
dfdc_test_001761,DFDC-DFDC_Fake,1,UCF,visual,0.911,probability,140.88,N/A,N/A,ok,
dfdc_test_001762,DFDC-DFDC_Fake,1,UCF,visual,0.9298,probability,124.77,N/A,N/A,ok,
dfdc_test_001763,DFDC-DFDC_Fake,1,UCF,visual,0.2198,probability,156.21,N/A,N/A,ok,
dfdc_test_001764,DFDC-DFDC_Fake,1,UCF,visual,0.1268,probability,149.19,N/A,N/A,ok,
dfdc_test_001765,DFDC-DFDC_Fake,1,UCF,visual,0.9723,probability,163.35,N/A,N/A,ok,
dfdc_test_001766,DFDC-DFDC_Fake,1,UCF,visual,0.937,probability,183.06,N/A,N/A,ok,
dfdc_test_001767,DFDC-DFDC_Fake,1,UCF,visual,0.5071,probability,122.97,N/A,N/A,ok,
dfdc_test_001768,DFDC-DFDC_Fake,1,UCF,visual,0.876,probability,155.19,N/A,N/A,ok,
dfdc_test_001769,DFDC-DFDC_Fake,1,UCF,visual,0.7674,probability,153.35,N/A,N/A,ok,
dfdc_test_001770,DFDC-DFDC_Fake,1,UCF,visual,0.6658,probability,144.01,N/A,N/A,ok,
dfdc_test_001771,DFDC-DFDC_Fake,1,UCF,visual,0.3461,probability,150.77,N/A,N/A,ok,
dfdc_test_001772,DFDC-DFDC_Fake,1,UCF,visual,0.7692,probability,111.42,N/A,N/A,ok,
dfdc_test_001773,DFDC-DFDC_Fake,1,UCF,visual,0.9805,probability,149.43,N/A,N/A,ok,
dfdc_test_001774,DFDC-DFDC_Fake,1,UCF,visual,0.9882,probability,145.08,N/A,N/A,ok,
dfdc_test_001775,DFDC-DFDC_Fake,1,UCF,visual,0.644,probability,174.77,N/A,N/A,ok,
dfdc_test_001776,DFDC-DFDC_Fake,1,UCF,visual,0.9923,probability,142.42,N/A,N/A,ok,
dfdc_test_001777,DFDC-DFDC_Fake,1,UCF,visual,0.43,probability,132.83,N/A,N/A,ok,
dfdc_test_001778,DFDC-DFDC_Fake,1,UCF,visual,0.3503,probability,147.86,N/A,N/A,ok,
dfdc_test_001779,DFDC-DFDC_Fake,1,UCF,visual,0.969,probability,130.2,N/A,N/A,ok,
dfdc_test_001780,DFDC-DFDC_Fake,1,UCF,visual,0.3768,probability,188.29,N/A,N/A,ok,
dfdc_test_001781,DFDC-DFDC_Fake,1,UCF,visual,0.8652,probability,152.41,N/A,N/A,ok,
dfdc_test_001782,DFDC-DFDC_Fake,1,UCF,visual,0.455,probability,158.1,N/A,N/A,ok,
dfdc_test_001783,DFDC-DFDC_Fake,1,UCF,visual,0.9961,probability,188.39,N/A,N/A,ok,
dfdc_test_001784,DFDC-DFDC_Fake,1,UCF,visual,0.2627,probability,152.51,N/A,N/A,ok,
dfdc_test_001785,DFDC-DFDC_Fake,1,UCF,visual,0.9595,probability,181.9,N/A,N/A,ok,
dfdc_test_001786,DFDC-DFDC_Fake,1,UCF,visual,0.6231,probability,165.88,N/A,N/A,ok,
dfdc_test_001787,DFDC-DFDC_Fake,1,UCF,visual,0.775,probability,209.69,N/A,N/A,ok,
dfdc_test_001788,DFDC-DFDC_Fake,1,UCF,visual,0.2794,probability,168.27,N/A,N/A,ok,
dfdc_test_001789,DFDC-DFDC_Fake,1,UCF,visual,0.981,probability,146.91,N/A,N/A,ok,
dfdc_test_001790,DFDC-DFDC_Fake,1,UCF,visual,0.376,probability,158.61,N/A,N/A,ok,
dfdc_test_001791,DFDC-DFDC_Fake,1,UCF,visual,0.5463,probability,225.22,N/A,N/A,ok,
dfdc_test_001792,DFDC-DFDC_Fake,1,UCF,visual,0.9291,probability,138.48,N/A,N/A,ok,
dfdc_test_001793,DFDC-DFDC_Fake,1,UCF,visual,0.8432,probability,135.36,N/A,N/A,ok,
dfdc_test_001794,DFDC-DFDC_Fake,1,UCF,visual,0.3388,probability,153.78,N/A,N/A,ok,
dfdc_test_001795,DFDC-DFDC_Fake,1,UCF,visual,0.9956,probability,124.05,N/A,N/A,ok,
dfdc_test_001796,DFDC-DFDC_Fake,1,UCF,visual,0.8432,probability,130.93,N/A,N/A,ok,
dfdc_test_001797,DFDC-DFDC_Fake,1,UCF,visual,0.5028,probability,141.05,N/A,N/A,ok,
dfdc_test_001798,DFDC-DFDC_Fake,1,UCF,visual,0.7875,probability,212.76,N/A,N/A,ok,
dfdc_test_001799,DFDC-DFDC_Fake,1,UCF,visual,0.7431,probability,151.77,N/A,N/A,ok,
dfdc_test_001800,DFDC-DFDC_Fake,1,UCF,visual,0.7719,probability,200.28,N/A,N/A,ok,
dfdc_test_001801,DFDC-DFDC_Fake,1,UCF,visual,0.3818,probability,160.91,N/A,N/A,ok,
dfdc_test_001802,DFDC-DFDC_Fake,1,UCF,visual,0.7527,probability,182.8,N/A,N/A,ok,
dfdc_test_001803,DFDC-DFDC_Fake,1,UCF,visual,0.4616,probability,278.0,N/A,N/A,ok,
dfdc_test_001804,DFDC-DFDC_Fake,1,UCF,visual,0.4988,probability,165.22,N/A,N/A,ok,
dfdc_test_001805,DFDC-DFDC_Fake,1,UCF,visual,0.0357,probability,217.26,N/A,N/A,ok,
dfdc_test_001806,DFDC-DFDC_Fake,1,UCF,visual,0.9589,probability,188.65,N/A,N/A,ok,
dfdc_test_001807,DFDC-DFDC_Fake,1,UCF,visual,0.7622,probability,204.13,N/A,N/A,ok,
dfdc_test_001808,DFDC-DFDC_Fake,1,UCF,visual,0.6719,probability,193.56,N/A,N/A,ok,
dfdc_test_001809,DFDC-DFDC_Fake,1,UCF,visual,0.8874,probability,153.05,N/A,N/A,ok,
dfdc_test_001810,DFDC-DFDC_Fake,1,UCF,visual,0.5832,probability,194.34,N/A,N/A,ok,
dfdc_test_001811,DFDC-DFDC_Fake,1,UCF,visual,0.8021,probability,158.36,N/A,N/A,ok,
dfdc_test_001812,DFDC-DFDC_Fake,1,UCF,visual,0.6771,probability,177.03,N/A,N/A,ok,
dfdc_test_001813,DFDC-DFDC_Fake,1,UCF,visual,0.4935,probability,165.17,N/A,N/A,ok,
dfdc_test_001814,DFDC-DFDC_Fake,1,UCF,visual,0.8846,probability,133.64,N/A,N/A,ok,
dfdc_test_001815,DFDC-DFDC_Fake,1,UCF,visual,0.4662,probability,146.99,N/A,N/A,ok,
dfdc_test_001816,DFDC-DFDC_Fake,1,UCF,visual,0.1921,probability,144.66,N/A,N/A,ok,
dfdc_test_001817,DFDC-DFDC_Fake,1,UCF,visual,0.3326,probability,184.58,N/A,N/A,ok,
dfdc_test_001818,DFDC-DFDC_Fake,1,UCF,visual,0.4374,probability,174.5,N/A,N/A,ok,
dfdc_test_001819,DFDC-DFDC_Fake,1,UCF,visual,0.072,probability,132.34,N/A,N/A,ok,
dfdc_test_001820,DFDC-DFDC_Fake,1,UCF,visual,0.9969,probability,183.31,N/A,N/A,ok,
dfdc_test_001821,DFDC-DFDC_Fake,1,UCF,visual,0.1767,probability,171.46,N/A,N/A,ok,
dfdc_test_001822,DFDC-DFDC_Fake,1,UCF,visual,0.8022,probability,130.72,N/A,N/A,ok,
dfdc_test_001823,DFDC-DFDC_Fake,1,UCF,visual,0.9146,probability,187.96,N/A,N/A,ok,
dfdc_test_001824,DFDC-DFDC_Fake,1,UCF,visual,0.0949,probability,245.24,N/A,N/A,ok,
dfdc_test_001825,DFDC-DFDC_Fake,1,UCF,visual,0.7973,probability,141.05,N/A,N/A,ok,
dfdc_test_001826,DFDC-DFDC_Fake,1,UCF,visual,0.6412,probability,129.89,N/A,N/A,ok,
dfdc_test_001827,DFDC-DFDC_Fake,1,UCF,visual,0.396,probability,137.0,N/A,N/A,ok,
dfdc_test_001828,DFDC-DFDC_Fake,1,UCF,visual,0.8537,probability,166.76,N/A,N/A,ok,
dfdc_test_001829,DFDC-DFDC_Fake,1,UCF,visual,0.8557,probability,142.8,N/A,N/A,ok,
dfdc_test_001830,DFDC-DFDC_Fake,1,UCF,visual,0.9497,probability,140.21,N/A,N/A,ok,
dfdc_test_001831,DFDC-DFDC_Fake,1,UCF,visual,0.459,probability,134.26,N/A,N/A,ok,
dfdc_test_001832,DFDC-DFDC_Fake,1,UCF,visual,0.5359,probability,172.0,N/A,N/A,ok,
dfdc_test_001833,DFDC-DFDC_Fake,1,UCF,visual,0.7879,probability,178.09,N/A,N/A,ok,
dfdc_test_001834,DFDC-DFDC_Fake,1,UCF,visual,0.8791,probability,154.06,N/A,N/A,ok,
dfdc_test_001835,DFDC-DFDC_Fake,1,UCF,visual,0.4713,probability,154.87,N/A,N/A,ok,
dfdc_test_001836,DFDC-DFDC_Fake,1,UCF,visual,0.9421,probability,150.22,N/A,N/A,ok,
dfdc_test_001837,DFDC-DFDC_Fake,1,UCF,visual,0.947,probability,136.54,N/A,N/A,ok,
dfdc_test_001838,DFDC-DFDC_Fake,1,UCF,visual,0.9074,probability,174.79,N/A,N/A,ok,
dfdc_test_001839,DFDC-DFDC_Fake,1,UCF,visual,0.7133,probability,129.0,N/A,N/A,ok,
dfdc_test_001840,DFDC-DFDC_Fake,1,UCF,visual,0.9282,probability,130.92,N/A,N/A,ok,
dfdc_test_001841,DFDC-DFDC_Fake,1,UCF,visual,0.0144,probability,112.97,N/A,N/A,ok,
dfdc_test_001842,DFDC-DFDC_Fake,1,UCF,visual,0.5962,probability,122.39,N/A,N/A,ok,
dfdc_test_001843,DFDC-DFDC_Fake,1,UCF,visual,0.4056,probability,153.03,N/A,N/A,ok,
dfdc_test_001844,DFDC-DFDC_Fake,1,UCF,visual,0.2963,probability,125.31,N/A,N/A,ok,
dfdc_test_001845,DFDC-DFDC_Fake,1,UCF,visual,0.9981,probability,134.13,N/A,N/A,ok,
dfdc_test_001846,DFDC-DFDC_Fake,1,UCF,visual,0.5111,probability,157.49,N/A,N/A,ok,
dfdc_test_001847,DFDC-DFDC_Fake,1,UCF,visual,0.2227,probability,253.62,N/A,N/A,ok,
dfdc_test_001848,DFDC-DFDC_Fake,1,UCF,visual,0.8769,probability,109.52,N/A,N/A,ok,
dfdc_test_001849,DFDC-DFDC_Fake,1,UCF,visual,0.3637,probability,112.67,N/A,N/A,ok,
dfdc_test_001850,DFDC-DFDC_Fake,1,UCF,visual,0.3142,probability,160.13,N/A,N/A,ok,
dfdc_test_001851,DFDC-DFDC_Fake,1,UCF,visual,0.9267,probability,230.11,N/A,N/A,ok,
dfdc_test_001852,DFDC-DFDC_Fake,1,UCF,visual,0.9308,probability,190.21,N/A,N/A,ok,
dfdc_test_001853,DFDC-DFDC_Fake,1,UCF,visual,0.7276,probability,292.83,N/A,N/A,ok,
dfdc_test_001854,DFDC-DFDC_Fake,1,UCF,visual,0.9563,probability,236.91,N/A,N/A,ok,
dfdc_test_001855,DFDC-DFDC_Fake,1,UCF,visual,0.1957,probability,192.59,N/A,N/A,ok,
dfdc_test_001856,DFDC-DFDC_Fake,1,UCF,visual,0.6187,probability,179.47,N/A,N/A,ok,
dfdc_test_001857,DFDC-DFDC_Fake,1,UCF,visual,0.642,probability,177.29,N/A,N/A,ok,
dfdc_test_001858,DFDC-DFDC_Fake,1,UCF,visual,0.7844,probability,169.23,N/A,N/A,ok,
dfdc_test_001859,DFDC-DFDC_Fake,1,UCF,visual,0.2933,probability,154.07,N/A,N/A,ok,
dfdc_test_001860,DFDC-DFDC_Fake,1,UCF,visual,0.4167,probability,166.0,N/A,N/A,ok,
dfdc_test_001861,DFDC-DFDC_Fake,1,UCF,visual,0.4597,probability,149.75,N/A,N/A,ok,
dfdc_test_001862,DFDC-DFDC_Fake,1,UCF,visual,0.444,probability,151.63,N/A,N/A,ok,
dfdc_test_001863,DFDC-DFDC_Fake,1,UCF,visual,0.3615,probability,171.6,N/A,N/A,ok,
dfdc_test_001864,DFDC-DFDC_Fake,1,UCF,visual,0.7627,probability,171.64,N/A,N/A,ok,
dfdc_test_001865,DFDC-DFDC_Fake,1,UCF,visual,0.5879,probability,141.84,N/A,N/A,ok,
dfdc_test_001866,DFDC-DFDC_Fake,1,UCF,visual,0.6844,probability,133.94,N/A,N/A,ok,
dfdc_test_001867,DFDC-DFDC_Fake,1,UCF,visual,0.7063,probability,157.34,N/A,N/A,ok,
dfdc_test_001868,DFDC-DFDC_Fake,1,UCF,visual,0.4923,probability,148.3,N/A,N/A,ok,
dfdc_test_001869,DFDC-DFDC_Fake,1,UCF,visual,0.7787,probability,114.25,N/A,N/A,ok,
dfdc_test_001870,DFDC-DFDC_Fake,1,UCF,visual,0.7559,probability,169.59,N/A,N/A,ok,
dfdc_test_001871,DFDC-DFDC_Fake,1,UCF,visual,0.534,probability,117.35,N/A,N/A,ok,
dfdc_test_001872,DFDC-DFDC_Fake,1,UCF,visual,0.0285,probability,129.3,N/A,N/A,ok,
dfdc_test_001873,DFDC-DFDC_Fake,1,UCF,visual,0.7367,probability,142.29,N/A,N/A,ok,
dfdc_test_001874,DFDC-DFDC_Fake,1,UCF,visual,0.9941,probability,166.1,N/A,N/A,ok,
dfdc_test_001875,DFDC-DFDC_Fake,1,UCF,visual,0.8039,probability,138.54,N/A,N/A,ok,
dfdc_test_001876,DFDC-DFDC_Fake,1,UCF,visual,0.7072,probability,134.85,N/A,N/A,ok,
dfdc_test_001877,DFDC-DFDC_Fake,1,UCF,visual,0.0473,probability,162.77,N/A,N/A,ok,
dfdc_test_001878,DFDC-DFDC_Fake,1,UCF,visual,0.9916,probability,124.7,N/A,N/A,ok,
dfdc_test_001879,DFDC-DFDC_Fake,1,UCF,visual,0.835,probability,106.81,N/A,N/A,ok,
dfdc_test_001880,DFDC-DFDC_Fake,1,UCF,visual,0.4184,probability,147.9,N/A,N/A,ok,
dfdc_test_001881,DFDC-DFDC_Fake,1,UCF,visual,0.9462,probability,135.02,N/A,N/A,ok,
dfdc_test_001882,DFDC-DFDC_Fake,1,UCF,visual,0.9919,probability,142.21,N/A,N/A,ok,
dfdc_test_001883,DFDC-DFDC_Fake,1,UCF,visual,0.4418,probability,173.59,N/A,N/A,ok,
dfdc_test_001884,DFDC-DFDC_Fake,1,UCF,visual,0.1261,probability,157.14,N/A,N/A,ok,
dfdc_test_001885,DFDC-DFDC_Fake,1,UCF,visual,0.8775,probability,158.03,N/A,N/A,ok,
dfdc_test_001886,DFDC-DFDC_Fake,1,UCF,visual,0.9257,probability,223.27,N/A,N/A,ok,
dfdc_test_001887,DFDC-DFDC_Fake,1,UCF,visual,0.9895,probability,175.45,N/A,N/A,ok,
dfdc_test_001888,DFDC-DFDC_Fake,1,UCF,visual,0.6457,probability,150.62,N/A,N/A,ok,
dfdc_test_001889,DFDC-DFDC_Fake,1,UCF,visual,0.2375,probability,193.21,N/A,N/A,ok,
dfdc_test_001890,DFDC-DFDC_Fake,1,UCF,visual,0.7369,probability,143.73,N/A,N/A,ok,
dfdc_test_001891,DFDC-DFDC_Fake,1,UCF,visual,0.8762,probability,158.09,N/A,N/A,ok,
dfdc_test_001892,DFDC-DFDC_Fake,1,UCF,visual,0.3702,probability,152.54,N/A,N/A,ok,
dfdc_test_001893,DFDC-DFDC_Fake,1,UCF,visual,0.389,probability,242.35,N/A,N/A,ok,
dfdc_test_001894,DFDC-DFDC_Fake,1,UCF,visual,0.6815,probability,250.56,N/A,N/A,ok,
dfdc_test_001895,DFDC-DFDC_Fake,1,UCF,visual,0.9123,probability,250.71,N/A,N/A,ok,
dfdc_test_001896,DFDC-DFDC_Fake,1,UCF,visual,0.9908,probability,172.66,N/A,N/A,ok,
dfdc_test_001897,DFDC-DFDC_Fake,1,UCF,visual,0.4585,probability,158.09,N/A,N/A,ok,
dfdc_test_001898,DFDC-DFDC_Fake,1,UCF,visual,0.9341,probability,154.55,N/A,N/A,ok,
dfdc_test_001899,DFDC-DFDC_Fake,1,UCF,visual,0.1578,probability,143.64,N/A,N/A,ok,
dfdc_test_001900,DFDC-DFDC_Fake,1,UCF,visual,0.2222,probability,195.54,N/A,N/A,ok,
dfdc_test_001901,DFDC-DFDC_Fake,1,UCF,visual,0.3973,probability,116.91,N/A,N/A,ok,
dfdc_test_001902,DFDC-DFDC_Fake,1,UCF,visual,0.6081,probability,150.25,N/A,N/A,ok,
dfdc_test_001903,DFDC-DFDC_Fake,1,UCF,visual,0.4375,probability,137.26,N/A,N/A,ok,
dfdc_test_001904,DFDC-DFDC_Fake,1,UCF,visual,0.989,probability,268.84,N/A,N/A,ok,
dfdc_test_001905,DFDC-DFDC_Fake,1,UCF,visual,0.717,probability,174.1,N/A,N/A,ok,
dfdc_test_001906,DFDC-DFDC_Fake,1,UCF,visual,0.0293,probability,155.9,N/A,N/A,ok,
dfdc_test_001907,DFDC-DFDC_Fake,1,UCF,visual,0.3207,probability,168.95,N/A,N/A,ok,
dfdc_test_001908,DFDC-DFDC_Fake,1,UCF,visual,0.7088,probability,239.16,N/A,N/A,ok,
dfdc_test_001909,DFDC-DFDC_Fake,1,UCF,visual,0.8704,probability,151.22,N/A,N/A,ok,
dfdc_test_001910,DFDC-DFDC_Fake,1,UCF,visual,0.2657,probability,176.36,N/A,N/A,ok,
dfdc_test_001911,DFDC-DFDC_Fake,1,UCF,visual,0.9717,probability,149.44,N/A,N/A,ok,
dfdc_test_001912,DFDC-DFDC_Fake,1,UCF,visual,0.9137,probability,232.51,N/A,N/A,ok,
dfdc_test_001913,DFDC-DFDC_Fake,1,UCF,visual,0.9921,probability,201.83,N/A,N/A,ok,
dfdc_test_001914,DFDC-DFDC_Fake,1,UCF,visual,0.9774,probability,194.85,N/A,N/A,ok,
dfdc_test_001915,DFDC-DFDC_Fake,1,UCF,visual,0.9063,probability,187.76,N/A,N/A,ok,
dfdc_test_001916,DFDC-DFDC_Fake,1,UCF,visual,0.9739,probability,134.85,N/A,N/A,ok,
dfdc_test_001917,DFDC-DFDC_Fake,1,UCF,visual,0.673,probability,151.07,N/A,N/A,ok,
dfdc_test_001918,DFDC-DFDC_Fake,1,UCF,visual,0.9542,probability,151.72,N/A,N/A,ok,
dfdc_test_001919,DFDC-DFDC_Fake,1,UCF,visual,0.8058,probability,130.47,N/A,N/A,ok,
dfdc_test_001920,DFDC-DFDC_Fake,1,UCF,visual,0.4436,probability,141.97,N/A,N/A,ok,
dfdc_test_001921,DFDC-DFDC_Fake,1,UCF,visual,0.6781,probability,159.41,N/A,N/A,ok,
dfdc_test_001922,DFDC-DFDC_Fake,1,UCF,visual,0.9854,probability,174.53,N/A,N/A,ok,
dfdc_test_001923,DFDC-DFDC_Fake,1,UCF,visual,0.4324,probability,158.53,N/A,N/A,ok,
dfdc_test_001924,DFDC-DFDC_Fake,1,UCF,visual,0.972,probability,136.87,N/A,N/A,ok,
dfdc_test_001925,DFDC-DFDC_Fake,1,UCF,visual,0.559,probability,142.63,N/A,N/A,ok,
dfdc_test_001926,DFDC-DFDC_Fake,1,UCF,visual,0.9794,probability,221.17,N/A,N/A,ok,
dfdc_test_001927,DFDC-DFDC_Fake,1,UCF,visual,0.833,probability,195.34,N/A,N/A,ok,
dfdc_test_001928,DFDC-DFDC_Fake,1,UCF,visual,0.9731,probability,170.62,N/A,N/A,ok,
dfdc_test_001929,DFDC-DFDC_Fake,1,UCF,visual,0.291,probability,201.14,N/A,N/A,ok,
dfdc_test_001930,DFDC-DFDC_Fake,1,UCF,visual,0.7732,probability,173.93,N/A,N/A,ok,
dfdc_test_001931,DFDC-DFDC_Fake,1,UCF,visual,0.2617,probability,200.62,N/A,N/A,ok,
dfdc_test_001932,DFDC-DFDC_Fake,1,UCF,visual,0.6484,probability,197.73,N/A,N/A,ok,
dfdc_test_001933,DFDC-DFDC_Fake,1,UCF,visual,0.8147,probability,224.81,N/A,N/A,ok,
dfdc_test_001934,DFDC-DFDC_Fake,1,UCF,visual,0.2951,probability,197.25,N/A,N/A,ok,
dfdc_test_001935,DFDC-DFDC_Fake,1,UCF,visual,0.5798,probability,202.53,N/A,N/A,ok,
dfdc_test_001936,DFDC-DFDC_Fake,1,UCF,visual,0.3744,probability,205.19,N/A,N/A,ok,
dfdc_test_001937,DFDC-DFDC_Fake,1,UCF,visual,0.8186,probability,159.94,N/A,N/A,ok,
dfdc_test_001938,DFDC-DFDC_Fake,1,UCF,visual,0.6681,probability,180.32,N/A,N/A,ok,
dfdc_test_001939,DFDC-DFDC_Fake,1,UCF,visual,0.1926,probability,170.32,N/A,N/A,ok,
dfdc_test_001940,DFDC-DFDC_Fake,1,UCF,visual,0.0354,probability,191.71,N/A,N/A,ok,
dfdc_test_001941,DFDC-DFDC_Fake,1,UCF,visual,0.4626,probability,169.87,N/A,N/A,ok,
dfdc_test_001942,DFDC-DFDC_Fake,1,UCF,visual,0.1287,probability,129.75,N/A,N/A,ok,
dfdc_test_001943,DFDC-DFDC_Fake,1,UCF,visual,0.2244,probability,189.58,N/A,N/A,ok,
dfdc_test_001944,DFDC-DFDC_Fake,1,UCF,visual,0.4658,probability,162.78,N/A,N/A,ok,
dfdc_test_001945,DFDC-DFDC_Fake,1,UCF,visual,0.781,probability,151.96,N/A,N/A,ok,
dfdc_test_001946,DFDC-DFDC_Fake,1,UCF,visual,0.6183,probability,181.22,N/A,N/A,ok,
dfdc_test_001947,DFDC-DFDC_Fake,1,UCF,visual,0.4775,probability,122.25,N/A,N/A,ok,
dfdc_test_001948,DFDC-DFDC_Fake,1,UCF,visual,0.1435,probability,165.04,N/A,N/A,ok,
dfdc_test_001949,DFDC-DFDC_Fake,1,UCF,visual,0.6734,probability,138.19,N/A,N/A,ok,
dfdc_test_001950,DFDC-DFDC_Fake,1,UCF,visual,0.4924,probability,190.76,N/A,N/A,ok,
dfdc_test_001951,DFDC-DFDC_Fake,1,UCF,visual,0.9951,probability,125.92,N/A,N/A,ok,
dfdc_test_001952,DFDC-DFDC_Fake,1,UCF,visual,0.6402,probability,132.62,N/A,N/A,ok,
dfdc_test_001953,DFDC-DFDC_Fake,1,UCF,visual,0.3635,probability,139.51,N/A,N/A,ok,
dfdc_test_001954,DFDC-DFDC_Fake,1,UCF,visual,0.3271,probability,149.86,N/A,N/A,ok,
dfdc_test_001955,DFDC-DFDC_Fake,1,UCF,visual,0.8354,probability,181.81,N/A,N/A,ok,
dfdc_test_001956,DFDC-DFDC_Fake,1,UCF,visual,0.8358,probability,156.66,N/A,N/A,ok,
dfdc_test_001957,DFDC-DFDC_Fake,1,UCF,visual,0.8283,probability,172.11,N/A,N/A,ok,
dfdc_test_001958,DFDC-DFDC_Fake,1,UCF,visual,0.3752,probability,190.42,N/A,N/A,ok,
dfdc_test_001959,DFDC-DFDC_Fake,1,UCF,visual,0.933,probability,237.68,N/A,N/A,ok,
dfdc_test_001960,DFDC-DFDC_Fake,1,UCF,visual,0.1633,probability,136.03,N/A,N/A,ok,
dfdc_test_001961,DFDC-DFDC_Fake,1,UCF,visual,0.7232,probability,139.73,N/A,N/A,ok,
dfdc_test_001962,DFDC-DFDC_Fake,1,UCF,visual,0.4132,probability,157.74,N/A,N/A,ok,
dfdc_test_001963,DFDC-DFDC_Fake,1,UCF,visual,0.7361,probability,209.16,N/A,N/A,ok,
dfdc_test_001964,DFDC-DFDC_Fake,1,UCF,visual,0.6507,probability,190.49,N/A,N/A,ok,
dfdc_test_001965,DFDC-DFDC_Fake,1,UCF,visual,0.9892,probability,213.94,N/A,N/A,ok,
dfdc_test_001966,DFDC-DFDC_Fake,1,UCF,visual,0.4042,probability,185.83,N/A,N/A,ok,
dfdc_test_001967,DFDC-DFDC_Fake,1,UCF,visual,0.8962,probability,178.58,N/A,N/A,ok,
dfdc_test_001968,DFDC-DFDC_Fake,1,UCF,visual,0.3175,probability,155.65,N/A,N/A,ok,
dfdc_test_001969,DFDC-DFDC_Fake,1,UCF,visual,0.4696,probability,158.81,N/A,N/A,ok,
dfdc_test_001970,DFDC-DFDC_Fake,1,UCF,visual,0.1845,probability,170.16,N/A,N/A,ok,
dfdc_test_001971,DFDC-DFDC_Fake,1,UCF,visual,0.6832,probability,146.51,N/A,N/A,ok,
dfdc_test_001972,DFDC-DFDC_Fake,1,UCF,visual,0.9256,probability,137.47,N/A,N/A,ok,
dfdc_test_001973,DFDC-DFDC_Fake,1,UCF,visual,0.9639,probability,136.99,N/A,N/A,ok,
dfdc_test_001974,DFDC-DFDC_Fake,1,UCF,visual,0.5942,probability,164.12,N/A,N/A,ok,
dfdc_test_001975,DFDC-DFDC_Fake,1,UCF,visual,0.6303,probability,149.42,N/A,N/A,ok,
dfdc_test_001976,DFDC-DFDC_Fake,1,UCF,visual,0.6353,probability,163.86,N/A,N/A,ok,
dfdc_test_001977,DFDC-DFDC_Fake,1,UCF,visual,0.9383,probability,170.2,N/A,N/A,ok,
dfdc_test_001978,DFDC-DFDC_Fake,1,UCF,visual,0.9917,probability,180.48,N/A,N/A,ok,
dfdc_test_001979,DFDC-DFDC_Fake,1,UCF,visual,0.4953,probability,151.21,N/A,N/A,ok,
dfdc_test_001980,DFDC-DFDC_Fake,1,UCF,visual,0.6822,probability,141.57,N/A,N/A,ok,
dfdc_test_001981,DFDC-DFDC_Fake,1,UCF,visual,0.6996,probability,173.02,N/A,N/A,ok,
dfdc_test_001982,DFDC-DFDC_Fake,1,UCF,visual,0.57,probability,124.63,N/A,N/A,ok,
dfdc_test_001983,DFDC-DFDC_Fake,1,UCF,visual,0.5972,probability,164.78,N/A,N/A,ok,
dfdc_test_001984,DFDC-DFDC_Fake,1,UCF,visual,0.7434,probability,226.43,N/A,N/A,ok,
dfdc_test_001985,DFDC-DFDC_Fake,1,UCF,visual,0.2907,probability,160.51,N/A,N/A,ok,
dfdc_test_001986,DFDC-DFDC_Fake,1,UCF,visual,0.6293,probability,215.14,N/A,N/A,ok,
dfdc_test_001987,DFDC-DFDC_Fake,1,UCF,visual,0.3454,probability,200.98,N/A,N/A,ok,
dfdc_test_001988,DFDC-DFDC_Fake,1,UCF,visual,0.9905,probability,147.15,N/A,N/A,ok,
dfdc_test_001989,DFDC-DFDC_Fake,1,UCF,visual,0.9956,probability,139.78,N/A,N/A,ok,
dfdc_test_001990,DFDC-DFDC_Fake,1,UCF,visual,0.6444,probability,131.15,N/A,N/A,ok,
dfdc_test_001991,DFDC-DFDC_Fake,1,UCF,visual,0.4995,probability,156.84,N/A,N/A,ok,
dfdc_test_001992,DFDC-DFDC_Fake,1,UCF,visual,0.746,probability,206.2,N/A,N/A,ok,
dfdc_test_001993,DFDC-DFDC_Fake,1,UCF,visual,0.9334,probability,146.46,N/A,N/A,ok,
dfdc_test_001994,DFDC-DFDC_Fake,1,UCF,visual,0.8086,probability,163.6,N/A,N/A,ok,
dfdc_test_001995,DFDC-DFDC_Fake,1,UCF,visual,0.4312,probability,161.2,N/A,N/A,ok,
dfdc_test_001996,DFDC-DFDC_Fake,1,UCF,visual,0.9489,probability,146.17,N/A,N/A,ok,
dfdc_test_001997,DFDC-DFDC_Fake,1,UCF,visual,0.2404,probability,197.04,N/A,N/A,ok,
dfdc_test_001998,DFDC-DFDC_Fake,1,UCF,visual,0.0813,probability,148.71,N/A,N/A,ok,
dfdc_test_001999,DFDC-DFDC_Fake,1,UCF,visual,0.4279,probability,232.44,N/A,N/A,ok,
dfdc_test_002000,DFDC-DFDC_Fake,1,UCF,visual,0.9227,probability,180.1,N/A,N/A,ok,
dfdc_test_002001,DFDC-DFDC_Fake,1,UCF,visual,0.9926,probability,183.59,N/A,N/A,ok,
dfdc_test_002002,DFDC-DFDC_Fake,1,UCF,visual,0.6125,probability,198.16,N/A,N/A,ok,
dfdc_test_002003,DFDC-DFDC_Fake,1,UCF,visual,0.5266,probability,144.8,N/A,N/A,ok,
dfdc_test_002004,DFDC-DFDC_Fake,1,UCF,visual,0.2067,probability,185.06,N/A,N/A,ok,
dfdc_test_002005,DFDC-DFDC_Fake,1,UCF,visual,0.9719,probability,170.53,N/A,N/A,ok,
dfdc_test_002006,DFDC-DFDC_Fake,1,UCF,visual,0.9923,probability,221.41,N/A,N/A,ok,
dfdc_test_002007,DFDC-DFDC_Fake,1,UCF,visual,0.7623,probability,162.57,N/A,N/A,ok,
dfdc_test_002008,DFDC-DFDC_Fake,1,UCF,visual,0.6645,probability,166.37,N/A,N/A,ok,
dfdc_test_002009,DFDC-DFDC_Fake,1,UCF,visual,0.6953,probability,171.41,N/A,N/A,ok,
dfdc_test_002010,DFDC-DFDC_Fake,1,UCF,visual,0.9404,probability,185.93,N/A,N/A,ok,
dfdc_test_002011,DFDC-DFDC_Fake,1,UCF,visual,0.0158,probability,139.34,N/A,N/A,ok,
dfdc_test_002012,DFDC-DFDC_Fake,1,UCF,visual,0.8071,probability,196.76,N/A,N/A,ok,
dfdc_test_002013,DFDC-DFDC_Fake,1,UCF,visual,0.927,probability,181.22,N/A,N/A,ok,
dfdc_test_002014,DFDC-DFDC_Fake,1,UCF,visual,0.5164,probability,170.01,N/A,N/A,ok,
dfdc_test_002015,DFDC-DFDC_Fake,1,UCF,visual,0.3463,probability,220.25,N/A,N/A,ok,
dfdc_test_002016,DFDC-DFDC_Fake,1,UCF,visual,0.1557,probability,176.76,N/A,N/A,ok,
dfdc_test_002017,DFDC-DFDC_Fake,1,UCF,visual,0.9594,probability,161.4,N/A,N/A,ok,
dfdc_test_002018,DFDC-DFDC_Fake,1,UCF,visual,0.5948,probability,147.91,N/A,N/A,ok,
dfdc_test_002019,DFDC-DFDC_Fake,1,UCF,visual,0.9904,probability,176.13,N/A,N/A,ok,
dfdc_test_002020,DFDC-DFDC_Fake,1,UCF,visual,0.9864,probability,194.37,N/A,N/A,ok,
dfdc_test_002021,DFDC-DFDC_Fake,1,UCF,visual,0.4676,probability,149.26,N/A,N/A,ok,
dfdc_test_002022,DFDC-DFDC_Fake,1,UCF,visual,0.8296,probability,160.25,N/A,N/A,ok,
dfdc_test_002023,DFDC-DFDC_Fake,1,UCF,visual,0.8582,probability,196.04,N/A,N/A,ok,
dfdc_test_002024,DFDC-DFDC_Fake,1,UCF,visual,0.4282,probability,207.64,N/A,N/A,ok,
dfdc_test_002025,DFDC-DFDC_Fake,1,UCF,visual,0.6111,probability,172.67,N/A,N/A,ok,
dfdc_test_002026,DFDC-DFDC_Fake,1,UCF,visual,0.6963,probability,238.57,N/A,N/A,ok,
dfdc_test_002027,DFDC-DFDC_Fake,1,UCF,visual,0.8952,probability,174.95,N/A,N/A,ok,
dfdc_test_002028,DFDC-DFDC_Fake,1,UCF,visual,0.9394,probability,159.4,N/A,N/A,ok,
dfdc_test_002029,DFDC-DFDC_Fake,1,UCF,visual,0.9956,probability,176.64,N/A,N/A,ok,
dfdc_test_002030,DFDC-DFDC_Fake,1,UCF,visual,0.9892,probability,176.46,N/A,N/A,ok,
dfdc_test_002031,DFDC-DFDC_Fake,1,UCF,visual,0.4133,probability,150.57,N/A,N/A,ok,
dfdc_test_002032,DFDC-DFDC_Fake,1,UCF,visual,0.9596,probability,135.11,N/A,N/A,ok,
dfdc_test_002033,DFDC-DFDC_Fake,1,UCF,visual,0.9378,probability,149.85,N/A,N/A,ok,
dfdc_test_002034,DFDC-DFDC_Fake,1,UCF,visual,0.903,probability,207.06,N/A,N/A,ok,
dfdc_test_002035,DFDC-DFDC_Fake,1,UCF,visual,0.984,probability,136.61,N/A,N/A,ok,
dfdc_test_002036,DFDC-DFDC_Fake,1,UCF,visual,0.7596,probability,176.1,N/A,N/A,ok,
dfdc_test_002037,DFDC-DFDC_Fake,1,UCF,visual,0.9601,probability,172.01,N/A,N/A,ok,
dfdc_test_002038,DFDC-DFDC_Fake,1,UCF,visual,0.1951,probability,171.25,N/A,N/A,ok,
dfdc_test_002039,DFDC-DFDC_Fake,1,UCF,visual,0.7743,probability,159.3,N/A,N/A,ok,
dfdc_test_002040,DFDC-DFDC_Fake,1,UCF,visual,0.3827,probability,175.68,N/A,N/A,ok,
dfdc_test_002041,DFDC-DFDC_Fake,1,UCF,visual,0.3014,probability,156.46,N/A,N/A,ok,
dfdc_test_002042,DFDC-DFDC_Fake,1,UCF,visual,0.5995,probability,152.55,N/A,N/A,ok,
dfdc_test_002043,DFDC-DFDC_Fake,1,UCF,visual,0.7641,probability,150.93,N/A,N/A,ok,
dfdc_test_002044,DFDC-DFDC_Fake,1,UCF,visual,0.8616,probability,148.98,N/A,N/A,ok,
dfdc_test_002045,DFDC-DFDC_Fake,1,UCF,visual,0.7897,probability,129.13,N/A,N/A,ok,
dfdc_test_002046,DFDC-DFDC_Fake,1,UCF,visual,0.9913,probability,119.98,N/A,N/A,ok,
dfdc_test_002047,DFDC-DFDC_Fake,1,UCF,visual,0.9819,probability,155.78,N/A,N/A,ok,
dfdc_test_002048,DFDC-DFDC_Fake,1,UCF,visual,0.0778,probability,172.95,N/A,N/A,ok,
dfdc_test_002049,DFDC-DFDC_Fake,1,UCF,visual,0.0685,probability,152.76,N/A,N/A,ok,
dfdc_test_002050,DFDC-DFDC_Fake,1,UCF,visual,0.9938,probability,177.07,N/A,N/A,ok,
dfdc_test_002051,DFDC-DFDC_Fake,1,UCF,visual,0.6975,probability,159.57,N/A,N/A,ok,
dfdc_test_002052,DFDC-DFDC_Fake,1,UCF,visual,0.6222,probability,183.09,N/A,N/A,ok,
dfdc_test_002053,DFDC-DFDC_Fake,1,UCF,visual,0.2037,probability,185.07,N/A,N/A,ok,
dfdc_test_002054,DFDC-DFDC_Fake,1,UCF,visual,0.6249,probability,159.92,N/A,N/A,ok,
dfdc_test_002055,DFDC-DFDC_Fake,1,UCF,visual,0.6641,probability,167.67,N/A,N/A,ok,
dfdc_test_002056,DFDC-DFDC_Fake,1,UCF,visual,0.9235,probability,150.88,N/A,N/A,ok,
dfdc_test_002057,DFDC-DFDC_Fake,1,UCF,visual,0.9864,probability,223.76,N/A,N/A,ok,
dfdc_test_002058,DFDC-DFDC_Fake,1,UCF,visual,0.2192,probability,190.62,N/A,N/A,ok,
dfdc_test_002059,DFDC-DFDC_Fake,1,UCF,visual,0.8472,probability,207.18,N/A,N/A,ok,
dfdc_test_002060,DFDC-DFDC_Fake,1,UCF,visual,0.7477,probability,195.07,N/A,N/A,ok,
dfdc_test_002061,DFDC-DFDC_Fake,1,UCF,visual,0.9526,probability,166.48,N/A,N/A,ok,
dfdc_test_002062,DFDC-DFDC_Fake,1,UCF,visual,0.7316,probability,189.54,N/A,N/A,ok,
dfdc_test_002063,DFDC-DFDC_Fake,1,UCF,visual,0.45,probability,273.24,N/A,N/A,ok,
dfdc_test_002064,DFDC-DFDC_Fake,1,UCF,visual,0.5378,probability,226.18,N/A,N/A,ok,
dfdc_test_002065,DFDC-DFDC_Fake,1,UCF,visual,0.9868,probability,275.34,N/A,N/A,ok,
dfdc_test_002066,DFDC-DFDC_Fake,1,UCF,visual,0.0926,probability,190.08,N/A,N/A,ok,
dfdc_test_002067,DFDC-DFDC_Fake,1,UCF,visual,0.9303,probability,183.89,N/A,N/A,ok,
dfdc_test_002068,DFDC-DFDC_Fake,1,UCF,visual,0.1223,probability,163.27,N/A,N/A,ok,
dfdc_test_002069,DFDC-DFDC_Fake,1,UCF,visual,0.1718,probability,213.9,N/A,N/A,ok,
dfdc_test_002070,DFDC-DFDC_Fake,1,UCF,visual,0.1814,probability,168.7,N/A,N/A,ok,
dfdc_test_002071,DFDC-DFDC_Fake,1,UCF,visual,0.5988,probability,127.69,N/A,N/A,ok,
dfdc_test_002072,DFDC-DFDC_Fake,1,UCF,visual,0.7267,probability,124.22,N/A,N/A,ok,
dfdc_test_002073,DFDC-DFDC_Fake,1,UCF,visual,0.4267,probability,131.6,N/A,N/A,ok,
dfdc_test_002074,DFDC-DFDC_Fake,1,UCF,visual,0.9178,probability,199.03,N/A,N/A,ok,
dfdc_test_002075,DFDC-DFDC_Fake,1,UCF,visual,0.4826,probability,191.33,N/A,N/A,ok,
dfdc_test_002076,DFDC-DFDC_Fake,1,UCF,visual,0.8827,probability,203.41,N/A,N/A,ok,
dfdc_test_002077,DFDC-DFDC_Fake,1,UCF,visual,0.8893,probability,151.17,N/A,N/A,ok,
dfdc_test_002078,DFDC-DFDC_Fake,1,UCF,visual,0.2954,probability,170.91,N/A,N/A,ok,
dfdc_test_002079,DFDC-DFDC_Fake,1,UCF,visual,0.9884,probability,208.11,N/A,N/A,ok,
dfdc_test_002080,DFDC-DFDC_Fake,1,UCF,visual,0.9978,probability,139.94,N/A,N/A,ok,
dfdc_test_002081,DFDC-DFDC_Fake,1,UCF,visual,0.9578,probability,150.72,N/A,N/A,ok,
dfdc_test_002082,DFDC-DFDC_Fake,1,UCF,visual,0.8136,probability,166.95,N/A,N/A,ok,
dfdc_test_002083,DFDC-DFDC_Fake,1,UCF,visual,0.9915,probability,191.09,N/A,N/A,ok,
dfdc_test_002084,DFDC-DFDC_Fake,1,UCF,visual,0.9952,probability,191.35,N/A,N/A,ok,
dfdc_test_002085,DFDC-DFDC_Fake,1,UCF,visual,0.9428,probability,177.24,N/A,N/A,ok,
dfdc_test_002086,DFDC-DFDC_Fake,1,UCF,visual,0.7239,probability,248.34,N/A,N/A,ok,
dfdc_test_002087,DFDC-DFDC_Fake,1,UCF,visual,0.5662,probability,147.37,N/A,N/A,ok,
dfdc_test_002088,DFDC-DFDC_Fake,1,UCF,visual,0.4908,probability,148.54,N/A,N/A,ok,
dfdc_test_002089,DFDC-DFDC_Fake,1,UCF,visual,0.4184,probability,151.28,N/A,N/A,ok,
dfdc_test_002090,DFDC-DFDC_Fake,1,UCF,visual,0.316,probability,144.92,N/A,N/A,ok,
dfdc_test_002091,DFDC-DFDC_Fake,1,UCF,visual,0.9878,probability,135.04,N/A,N/A,ok,
dfdc_test_002092,DFDC-DFDC_Fake,1,UCF,visual,0.1698,probability,120.02,N/A,N/A,ok,
dfdc_test_002093,DFDC-DFDC_Fake,1,UCF,visual,0.3017,probability,154.56,N/A,N/A,ok,
dfdc_test_002094,DFDC-DFDC_Fake,1,UCF,visual,0.5802,probability,136.52,N/A,N/A,ok,
dfdc_test_002095,DFDC-DFDC_Fake,1,UCF,visual,0.9884,probability,127.88,N/A,N/A,ok,
dfdc_test_002096,DFDC-DFDC_Fake,1,UCF,visual,0.9119,probability,122.54,N/A,N/A,ok,
dfdc_test_002097,DFDC-DFDC_Fake,1,UCF,visual,0.8305,probability,114.91,N/A,N/A,ok,
dfdc_test_002098,DFDC-DFDC_Fake,1,UCF,visual,0.9508,probability,142.33,N/A,N/A,ok,
dfdc_test_002099,DFDC-DFDC_Fake,1,UCF,visual,0.6756,probability,161.13,N/A,N/A,ok,
dfdc_test_002100,DFDC-DFDC_Fake,1,UCF,visual,0.9834,probability,134.34,N/A,N/A,ok,
dfdc_test_002101,DFDC-DFDC_Fake,1,UCF,visual,0.0747,probability,124.59,N/A,N/A,ok,
dfdc_test_002102,DFDC-DFDC_Fake,1,UCF,visual,0.9784,probability,191.39,N/A,N/A,ok,
dfdc_test_002103,DFDC-DFDC_Fake,1,UCF,visual,0.9097,probability,168.6,N/A,N/A,ok,
dfdc_test_002104,DFDC-DFDC_Fake,1,UCF,visual,0.5495,probability,114.03,N/A,N/A,ok,
dfdc_test_002105,DFDC-DFDC_Fake,1,UCF,visual,0.991,probability,136.8,N/A,N/A,ok,
dfdc_test_002106,DFDC-DFDC_Fake,1,UCF,visual,0.278,probability,149.05,N/A,N/A,ok,
dfdc_test_002107,DFDC-DFDC_Fake,1,UCF,visual,0.9686,probability,120.5,N/A,N/A,ok,
dfdc_test_002108,DFDC-DFDC_Fake,1,UCF,visual,0.7415,probability,147.04,N/A,N/A,ok,
dfdc_test_002109,DFDC-DFDC_Fake,1,UCF,visual,0.8365,probability,130.13,N/A,N/A,ok,
dfdc_test_002110,DFDC-DFDC_Fake,1,UCF,visual,0.3641,probability,136.46,N/A,N/A,ok,
dfdc_test_002111,DFDC-DFDC_Fake,1,UCF,visual,0.8884,probability,152.14,N/A,N/A,ok,
dfdc_test_002112,DFDC-DFDC_Fake,1,UCF,visual,0.8098,probability,165.52,N/A,N/A,ok,
dfdc_test_002113,DFDC-DFDC_Fake,1,UCF,visual,0.2277,probability,149.41,N/A,N/A,ok,
dfdc_test_002114,DFDC-DFDC_Fake,1,UCF,visual,0.8916,probability,155.13,N/A,N/A,ok,
dfdc_test_002115,DFDC-DFDC_Fake,1,UCF,visual,0.2585,probability,130.86,N/A,N/A,ok,
dfdc_test_002116,DFDC-DFDC_Fake,1,UCF,visual,0.9723,probability,169.91,N/A,N/A,ok,
dfdc_test_002117,DFDC-DFDC_Fake,1,UCF,visual,0.5802,probability,123.95,N/A,N/A,ok,
dfdc_test_002118,DFDC-DFDC_Fake,1,UCF,visual,0.99,probability,133.58,N/A,N/A,ok,
dfdc_test_002119,DFDC-DFDC_Fake,1,UCF,visual,0.9788,probability,134.57,N/A,N/A,ok,
dfdc_test_002120,DFDC-DFDC_Fake,1,UCF,visual,0.8221,probability,112.52,N/A,N/A,ok,
dfdc_test_002121,DFDC-DFDC_Fake,1,UCF,visual,0.6797,probability,127.05,N/A,N/A,ok,
dfdc_test_002122,DFDC-DFDC_Fake,1,UCF,visual,0.4251,probability,138.41,N/A,N/A,ok,
dfdc_test_002123,DFDC-DFDC_Fake,1,UCF,visual,0.332,probability,122.58,N/A,N/A,ok,
dfdc_test_002124,DFDC-DFDC_Fake,1,UCF,visual,0.5057,probability,139.93,N/A,N/A,ok,
dfdc_test_002125,DFDC-DFDC_Fake,1,UCF,visual,0.6986,probability,130.61,N/A,N/A,ok,
dfdc_test_002126,DFDC-DFDC_Fake,1,UCF,visual,0.0521,probability,135.03,N/A,N/A,ok,
dfdc_test_002127,DFDC-DFDC_Fake,1,UCF,visual,0.8492,probability,135.83,N/A,N/A,ok,
dfdc_test_002128,DFDC-DFDC_Fake,1,UCF,visual,0.9866,probability,139.1,N/A,N/A,ok,
dfdc_test_002129,DFDC-DFDC_Fake,1,UCF,visual,0.6314,probability,111.63,N/A,N/A,ok,
dfdc_test_002130,DFDC-DFDC_Fake,1,UCF,visual,0.4509,probability,125.7,N/A,N/A,ok,
dfdc_test_002131,DFDC-DFDC_Fake,1,UCF,visual,0.8165,probability,111.88,N/A,N/A,ok,
dfdc_test_002132,DFDC-DFDC_Fake,1,UCF,visual,0.9941,probability,152.53,N/A,N/A,ok,
dfdc_test_002133,DFDC-DFDC_Fake,1,UCF,visual,0.9903,probability,187.02,N/A,N/A,ok,
dfdc_test_002134,DFDC-DFDC_Fake,1,UCF,visual,0.4077,probability,183.85,N/A,N/A,ok,
dfdc_test_002135,DFDC-DFDC_Fake,1,UCF,visual,0.9048,probability,160.57,N/A,N/A,ok,
dfdc_test_002136,DFDC-DFDC_Fake,1,UCF,visual,0.0559,probability,138.22,N/A,N/A,ok,
dfdc_test_002137,DFDC-DFDC_Fake,1,UCF,visual,0.9918,probability,180.86,N/A,N/A,ok,
dfdc_test_002138,DFDC-DFDC_Fake,1,UCF,visual,0.7974,probability,158.28,N/A,N/A,ok,
dfdc_test_002139,DFDC-DFDC_Fake,1,UCF,visual,0.5985,probability,128.91,N/A,N/A,ok,
dfdc_test_002140,DFDC-DFDC_Fake,1,UCF,visual,0.9297,probability,171.77,N/A,N/A,ok,
dfdc_test_002141,DFDC-DFDC_Fake,1,UCF,visual,0.9826,probability,120.17,N/A,N/A,ok,
dfdc_test_002142,DFDC-DFDC_Fake,1,UCF,visual,0.4395,probability,128.75,N/A,N/A,ok,
dfdc_test_002143,DFDC-DFDC_Fake,1,UCF,visual,0.6692,probability,130.09,N/A,N/A,ok,
dfdc_test_002144,DFDC-DFDC_Fake,1,UCF,visual,0.8804,probability,178.72,N/A,N/A,ok,
dfdc_test_002145,DFDC-DFDC_Fake,1,UCF,visual,0.6657,probability,138.31,N/A,N/A,ok,
dfdc_test_002146,DFDC-DFDC_Fake,1,UCF,visual,0.6338,probability,160.91,N/A,N/A,ok,
dfdc_test_002147,DFDC-DFDC_Fake,1,UCF,visual,0.9975,probability,141.39,N/A,N/A,ok,
dfdc_test_002148,DFDC-DFDC_Fake,1,UCF,visual,0.5121,probability,135.7,N/A,N/A,ok,
dfdc_test_002149,DFDC-DFDC_Fake,1,UCF,visual,0.4065,probability,136.01,N/A,N/A,ok,
dfdc_test_002150,DFDC-DFDC_Fake,1,UCF,visual,0.8657,probability,137.69,N/A,N/A,ok,
dfdc_test_002151,DFDC-DFDC_Fake,1,UCF,visual,0.9906,probability,118.85,N/A,N/A,ok,
dfdc_test_002152,DFDC-DFDC_Fake,1,UCF,visual,0.4753,probability,147.47,N/A,N/A,ok,
dfdc_test_002153,DFDC-DFDC_Fake,1,UCF,visual,0.5612,probability,129.63,N/A,N/A,ok,
dfdc_test_002154,DFDC-DFDC_Fake,1,UCF,visual,0.5101,probability,120.68,N/A,N/A,ok,
dfdc_test_002155,DFDC-DFDC_Fake,1,UCF,visual,0.2469,probability,136.67,N/A,N/A,ok,
dfdc_test_002156,DFDC-DFDC_Fake,1,UCF,visual,0.7598,probability,133.0,N/A,N/A,ok,
dfdc_test_002157,DFDC-DFDC_Fake,1,UCF,visual,0.411,probability,152.65,N/A,N/A,ok,
dfdc_test_002158,DFDC-DFDC_Fake,1,UCF,visual,0.6017,probability,132.57,N/A,N/A,ok,
dfdc_test_002159,DFDC-DFDC_Fake,1,UCF,visual,0.4541,probability,123.64,N/A,N/A,ok,
dfdc_test_002160,DFDC-DFDC_Fake,1,UCF,visual,0.8479,probability,123.73,N/A,N/A,ok,
dfdc_test_002161,DFDC-DFDC_Fake,1,UCF,visual,0.3573,probability,146.53,N/A,N/A,ok,
dfdc_test_002162,DFDC-DFDC_Fake,1,UCF,visual,0.6946,probability,129.58,N/A,N/A,ok,
dfdc_test_002163,DFDC-DFDC_Fake,1,UCF,visual,0.9973,probability,141.13,N/A,N/A,ok,
dfdc_test_002164,DFDC-DFDC_Fake,1,UCF,visual,0.5761,probability,139.85,N/A,N/A,ok,
dfdc_test_002165,DFDC-DFDC_Fake,1,UCF,visual,0.9276,probability,124.43,N/A,N/A,ok,
dfdc_test_002166,DFDC-DFDC_Fake,1,UCF,visual,0.9147,probability,141.81,N/A,N/A,ok,
dfdc_test_002167,DFDC-DFDC_Fake,1,UCF,visual,0.6792,probability,123.34,N/A,N/A,ok,
dfdc_test_002168,DFDC-DFDC_Fake,1,UCF,visual,0.9872,probability,129.3,N/A,N/A,ok,
dfdc_test_002169,DFDC-DFDC_Fake,1,UCF,visual,0.9885,probability,120.05,N/A,N/A,ok,
dfdc_test_002170,DFDC-DFDC_Fake,1,UCF,visual,0.731,probability,133.54,N/A,N/A,ok,
dfdc_test_002171,DFDC-DFDC_Fake,1,UCF,visual,0.7977,probability,132.2,N/A,N/A,ok,
dfdc_test_002172,DFDC-DFDC_Fake,1,UCF,visual,0.9905,probability,129.23,N/A,N/A,ok,
dfdc_test_002173,DFDC-DFDC_Fake,1,UCF,visual,0.9934,probability,137.59,N/A,N/A,ok,
dfdc_test_002174,DFDC-DFDC_Fake,1,UCF,visual,0.7802,probability,124.78,N/A,N/A,ok,
dfdc_test_002175,DFDC-DFDC_Fake,1,UCF,visual,0.355,probability,148.32,N/A,N/A,ok,
dfdc_test_002176,DFDC-DFDC_Fake,1,UCF,visual,0.1209,probability,107.86,N/A,N/A,ok,
dfdc_test_002177,DFDC-DFDC_Fake,1,UCF,visual,0.1567,probability,143.75,N/A,N/A,ok,
dfdc_test_002178,DFDC-DFDC_Fake,1,UCF,visual,0.4571,probability,137.54,N/A,N/A,ok,
dfdc_test_002179,DFDC-DFDC_Fake,1,UCF,visual,0.1034,probability,127.66,N/A,N/A,ok,
dfdc_test_002180,DFDC-DFDC_Fake,1,UCF,visual,0.7853,probability,125.22,N/A,N/A,ok,
dfdc_test_002181,DFDC-DFDC_Fake,1,UCF,visual,0.9894,probability,123.81,N/A,N/A,ok,
dfdc_test_002182,DFDC-DFDC_Fake,1,UCF,visual,0.4485,probability,132.78,N/A,N/A,ok,
dfdc_test_002183,DFDC-DFDC_Fake,1,UCF,visual,0.4832,probability,152.16,N/A,N/A,ok,
dfdc_test_002184,DFDC-DFDC_Fake,1,UCF,visual,0.763,probability,117.95,N/A,N/A,ok,
dfdc_test_002185,DFDC-DFDC_Fake,1,UCF,visual,0.312,probability,132.98,N/A,N/A,ok,
dfdc_test_002186,DFDC-DFDC_Fake,1,UCF,visual,0.4884,probability,121.54,N/A,N/A,ok,
dfdc_test_002187,DFDC-DFDC_Fake,1,UCF,visual,0.9936,probability,118.33,N/A,N/A,ok,
dfdc_test_002188,DFDC-DFDC_Fake,1,UCF,visual,0.8816,probability,139.61,N/A,N/A,ok,
dfdc_test_002189,DFDC-DFDC_Fake,1,UCF,visual,0.3298,probability,110.2,N/A,N/A,ok,
dfdc_test_002190,DFDC-DFDC_Fake,1,UCF,visual,0.2682,probability,144.37,N/A,N/A,ok,
dfdc_test_002191,DFDC-DFDC_Fake,1,UCF,visual,0.8332,probability,124.05,N/A,N/A,ok,
dfdc_test_002192,DFDC-DFDC_Fake,1,UCF,visual,0.8,probability,128.5,N/A,N/A,ok,
dfdc_test_002193,DFDC-DFDC_Fake,1,UCF,visual,0.7689,probability,161.01,N/A,N/A,ok,
dfdc_test_002194,DFDC-DFDC_Fake,1,UCF,visual,0.7554,probability,152.03,N/A,N/A,ok,
dfdc_test_002195,DFDC-DFDC_Fake,1,UCF,visual,0.4915,probability,169.16,N/A,N/A,ok,
dfdc_test_002196,DFDC-DFDC_Fake,1,UCF,visual,0.9876,probability,152.73,N/A,N/A,ok,
dfdc_test_002197,DFDC-DFDC_Fake,1,UCF,visual,0.9915,probability,140.16,N/A,N/A,ok,
dfdc_test_002198,DFDC-DFDC_Fake,1,UCF,visual,0.8511,probability,224.86,N/A,N/A,ok,
dfdc_test_002199,DFDC-DFDC_Fake,1,UCF,visual,0.6772,probability,148.02,N/A,N/A,ok,
dfdc_test_002200,DFDC-DFDC_Fake,1,UCF,visual,0.9328,probability,138.58,N/A,N/A,ok,
dfdc_test_002201,DFDC-DFDC_Fake,1,UCF,visual,0.4661,probability,194.4,N/A,N/A,ok,
dfdc_test_002202,DFDC-DFDC_Fake,1,UCF,visual,0.9824,probability,173.87,N/A,N/A,ok,
dfdc_test_002203,DFDC-DFDC_Fake,1,UCF,visual,0.3667,probability,152.13,N/A,N/A,ok,
dfdc_test_002204,DFDC-DFDC_Fake,1,UCF,visual,0.7615,probability,166.33,N/A,N/A,ok,
dfdc_test_002205,DFDC-DFDC_Fake,1,UCF,visual,0.3092,probability,168.36,N/A,N/A,ok,
dfdc_test_002206,DFDC-DFDC_Fake,1,UCF,visual,0.9888,probability,234.73,N/A,N/A,ok,
dfdc_test_002207,DFDC-DFDC_Fake,1,UCF,visual,0.988,probability,194.81,N/A,N/A,ok,
dfdc_test_002208,DFDC-DFDC_Fake,1,UCF,visual,0.3826,probability,168.59,N/A,N/A,ok,
dfdc_test_002209,DFDC-DFDC_Fake,1,UCF,visual,0.9925,probability,195.49,N/A,N/A,ok,
dfdc_test_002210,DFDC-DFDC_Fake,1,UCF,visual,0.9323,probability,147.18,N/A,N/A,ok,
dfdc_test_002211,DFDC-DFDC_Fake,1,UCF,visual,0.1863,probability,177.72,N/A,N/A,ok,
dfdc_test_002212,DFDC-DFDC_Fake,1,UCF,visual,0.4499,probability,161.15,N/A,N/A,ok,
dfdc_test_002213,DFDC-DFDC_Fake,1,UCF,visual,0.4131,probability,185.94,N/A,N/A,ok,
dfdc_test_002214,DFDC-DFDC_Fake,1,UCF,visual,0.8105,probability,210.65,N/A,N/A,ok,
dfdc_test_002215,DFDC-DFDC_Fake,1,UCF,visual,0.9932,probability,150.3,N/A,N/A,ok,
dfdc_test_002216,DFDC-DFDC_Fake,1,UCF,visual,0.9291,probability,197.25,N/A,N/A,ok,
dfdc_test_002217,DFDC-DFDC_Fake,1,UCF,visual,0.5884,probability,169.81,N/A,N/A,ok,
dfdc_test_002218,DFDC-DFDC_Fake,1,UCF,visual,0.5106,probability,159.37,N/A,N/A,ok,
dfdc_test_002219,DFDC-DFDC_Fake,1,UCF,visual,0.6702,probability,148.74,N/A,N/A,ok,
dfdc_test_002220,DFDC-DFDC_Fake,1,UCF,visual,0.9513,probability,132.03,N/A,N/A,ok,
dfdc_test_002221,DFDC-DFDC_Fake,1,UCF,visual,0.2325,probability,136.66,N/A,N/A,ok,
dfdc_test_002222,DFDC-DFDC_Fake,1,UCF,visual,0.9647,probability,143.94,N/A,N/A,ok,
dfdc_test_002223,DFDC-DFDC_Fake,1,UCF,visual,0.9873,probability,126.95,N/A,N/A,ok,
dfdc_test_002224,DFDC-DFDC_Fake,1,UCF,visual,0.865,probability,135.3,N/A,N/A,ok,
dfdc_test_002225,DFDC-DFDC_Fake,1,UCF,visual,0.5789,probability,139.63,N/A,N/A,ok,
dfdc_test_002226,DFDC-DFDC_Fake,1,UCF,visual,0.2532,probability,141.46,N/A,N/A,ok,
dfdc_test_002227,DFDC-DFDC_Fake,1,UCF,visual,0.9363,probability,133.39,N/A,N/A,ok,
dfdc_test_002228,DFDC-DFDC_Fake,1,UCF,visual,0.9976,probability,126.57,N/A,N/A,ok,
dfdc_test_002229,DFDC-DFDC_Fake,1,UCF,visual,0.2603,probability,135.12,N/A,N/A,ok,
dfdc_test_002230,DFDC-DFDC_Fake,1,UCF,visual,0.0944,probability,138.28,N/A,N/A,ok,
dfdc_test_002231,DFDC-DFDC_Fake,1,UCF,visual,0.9306,probability,117.47,N/A,N/A,ok,
dfdc_test_002232,DFDC-DFDC_Fake,1,UCF,visual,0.2566,probability,123.18,N/A,N/A,ok,
dfdc_test_002233,DFDC-DFDC_Fake,1,UCF,visual,0.7706,probability,126.7,N/A,N/A,ok,
dfdc_test_002234,DFDC-DFDC_Fake,1,UCF,visual,0.1682,probability,136.86,N/A,N/A,ok,
dfdc_test_002235,DFDC-DFDC_Fake,1,UCF,visual,0.9961,probability,161.48,N/A,N/A,ok,
dfdc_test_002236,DFDC-DFDC_Fake,1,UCF,visual,0.7817,probability,137.42,N/A,N/A,ok,
dfdc_test_002237,DFDC-DFDC_Fake,1,UCF,visual,0.1709,probability,139.74,N/A,N/A,ok,
dfdc_test_002238,DFDC-DFDC_Fake,1,UCF,visual,0.2736,probability,179.18,N/A,N/A,ok,
dfdc_test_002239,DFDC-DFDC_Fake,1,UCF,visual,0.9007,probability,168.4,N/A,N/A,ok,
dfdc_test_002240,DFDC-DFDC_Fake,1,UCF,visual,0.1371,probability,164.07,N/A,N/A,ok,
dfdc_test_002241,DFDC-DFDC_Fake,1,UCF,visual,0.1097,probability,178.01,N/A,N/A,ok,
dfdc_test_002242,DFDC-DFDC_Fake,1,UCF,visual,0.965,probability,197.27,N/A,N/A,ok,
dfdc_test_002243,DFDC-DFDC_Fake,1,UCF,visual,0.9206,probability,162.54,N/A,N/A,ok,
dfdc_test_002244,DFDC-DFDC_Fake,1,UCF,visual,0.9682,probability,171.05,N/A,N/A,ok,
dfdc_test_002245,DFDC-DFDC_Fake,1,UCF,visual,0.8384,probability,167.92,N/A,N/A,ok,
dfdc_test_002246,DFDC-DFDC_Fake,1,UCF,visual,0.6983,probability,184.41,N/A,N/A,ok,
dfdc_test_002247,DFDC-DFDC_Fake,1,UCF,visual,0.9902,probability,228.45,N/A,N/A,ok,
dfdc_test_002248,DFDC-DFDC_Fake,1,UCF,visual,0.7996,probability,212.41,N/A,N/A,ok,
dfdc_test_002249,DFDC-DFDC_Fake,1,UCF,visual,0.3853,probability,213.25,N/A,N/A,ok,
dfdc_test_002250,DFDC-DFDC_Fake,1,UCF,visual,0.9907,probability,225.75,N/A,N/A,ok,
dfdc_test_002251,DFDC-DFDC_Fake,1,UCF,visual,0.6267,probability,194.77,N/A,N/A,ok,
dfdc_test_002252,DFDC-DFDC_Fake,1,UCF,visual,0.2873,probability,187.18,N/A,N/A,ok,
dfdc_test_002253,DFDC-DFDC_Fake,1,UCF,visual,0.4053,probability,202.14,N/A,N/A,ok,
dfdc_test_002254,DFDC-DFDC_Fake,1,UCF,visual,0.9629,probability,265.79,N/A,N/A,ok,
dfdc_test_002255,DFDC-DFDC_Fake,1,UCF,visual,0.6016,probability,241.29,N/A,N/A,ok,
dfdc_test_002256,DFDC-DFDC_Fake,1,UCF,visual,0.2133,probability,179.58,N/A,N/A,ok,
dfdc_test_002257,DFDC-DFDC_Fake,1,UCF,visual,0.1266,probability,181.24,N/A,N/A,ok,
dfdc_test_002258,DFDC-DFDC_Fake,1,UCF,visual,0.3823,probability,149.44,N/A,N/A,ok,
dfdc_test_002259,DFDC-DFDC_Fake,1,UCF,visual,0.7514,probability,182.11,N/A,N/A,ok,
dfdc_test_002260,DFDC-DFDC_Fake,1,UCF,visual,0.8541,probability,153.1,N/A,N/A,ok,
dfdc_test_002261,DFDC-DFDC_Fake,1,UCF,visual,0.6806,probability,157.1,N/A,N/A,ok,
dfdc_test_002262,DFDC-DFDC_Fake,1,UCF,visual,0.8531,probability,157.76,N/A,N/A,ok,
dfdc_test_002263,DFDC-DFDC_Fake,1,UCF,visual,0.3313,probability,160.4,N/A,N/A,ok,
dfdc_test_002264,DFDC-DFDC_Fake,1,UCF,visual,0.4209,probability,187.7,N/A,N/A,ok,
dfdc_test_002265,DFDC-DFDC_Fake,1,UCF,visual,0.9587,probability,150.61,N/A,N/A,ok,
dfdc_test_002266,DFDC-DFDC_Fake,1,UCF,visual,0.8862,probability,150.35,N/A,N/A,ok,
dfdc_test_002267,DFDC-DFDC_Fake,1,UCF,visual,0.9926,probability,209.81,N/A,N/A,ok,
dfdc_test_002268,DFDC-DFDC_Fake,1,UCF,visual,0.9774,probability,179.98,N/A,N/A,ok,
dfdc_test_002269,DFDC-DFDC_Fake,1,UCF,visual,0.7518,probability,153.45,N/A,N/A,ok,
dfdc_test_002270,DFDC-DFDC_Fake,1,UCF,visual,0.897,probability,142.58,N/A,N/A,ok,
dfdc_test_002271,DFDC-DFDC_Fake,1,UCF,visual,0.8649,probability,147.46,N/A,N/A,ok,
dfdc_test_002272,DFDC-DFDC_Fake,1,UCF,visual,0.4679,probability,170.82,N/A,N/A,ok,
dfdc_test_002273,DFDC-DFDC_Fake,1,UCF,visual,0.9905,probability,156.29,N/A,N/A,ok,
dfdc_test_002274,DFDC-DFDC_Fake,1,UCF,visual,0.3298,probability,169.32,N/A,N/A,ok,
dfdc_test_002275,DFDC-DFDC_Fake,1,UCF,visual,0.1183,probability,179.07,N/A,N/A,ok,
dfdc_test_002276,DFDC-DFDC_Fake,1,UCF,visual,0.5445,probability,161.39,N/A,N/A,ok,
dfdc_test_002277,DFDC-DFDC_Fake,1,UCF,visual,0.5525,probability,181.67,N/A,N/A,ok,
dfdc_test_002278,DFDC-DFDC_Fake,1,UCF,visual,0.9567,probability,163.99,N/A,N/A,ok,
dfdc_test_002279,DFDC-DFDC_Fake,1,UCF,visual,0.452,probability,175.96,N/A,N/A,ok,
dfdc_test_002280,DFDC-DFDC_Fake,1,UCF,visual,0.8525,probability,260.31,N/A,N/A,ok,
dfdc_test_002281,DFDC-DFDC_Fake,1,UCF,visual,0.4983,probability,228.84,N/A,N/A,ok,
dfdc_test_002282,DFDC-DFDC_Fake,1,UCF,visual,0.2565,probability,217.91,N/A,N/A,ok,
dfdc_test_002283,DFDC-DFDC_Fake,1,UCF,visual,0.8888,probability,188.41,N/A,N/A,ok,
dfdc_test_002284,DFDC-DFDC_Fake,1,UCF,visual,0.3553,probability,160.32,N/A,N/A,ok,
dfdc_test_002285,DFDC-DFDC_Fake,1,UCF,visual,0.9686,probability,173.04,N/A,N/A,ok,
dfdc_test_002286,DFDC-DFDC_Fake,1,UCF,visual,0.4993,probability,157.52,N/A,N/A,ok,
dfdc_test_002287,DFDC-DFDC_Fake,1,UCF,visual,0.9918,probability,183.38,N/A,N/A,ok,
dfdc_test_002288,DFDC-DFDC_Fake,1,UCF,visual,0.7711,probability,129.62,N/A,N/A,ok,
dfdc_test_002289,DFDC-DFDC_Fake,1,UCF,visual,0.8208,probability,153.49,N/A,N/A,ok,
dfdc_test_002290,DFDC-DFDC_Fake,1,UCF,visual,0.8276,probability,160.63,N/A,N/A,ok,
dfdc_test_002291,DFDC-DFDC_Fake,1,UCF,visual,0.7554,probability,157.54,N/A,N/A,ok,
dfdc_test_002292,DFDC-DFDC_Fake,1,UCF,visual,0.4897,probability,138.25,N/A,N/A,ok,
dfdc_test_002293,DFDC-DFDC_Fake,1,UCF,visual,0.6395,probability,142.87,N/A,N/A,ok,
dfdc_test_002294,DFDC-DFDC_Fake,1,UCF,visual,0.3769,probability,141.18,N/A,N/A,ok,
dfdc_test_002295,DFDC-DFDC_Fake,1,UCF,visual,0.6188,probability,160.13,N/A,N/A,ok,
dfdc_test_002296,DFDC-DFDC_Fake,1,UCF,visual,0.5069,probability,176.56,N/A,N/A,ok,
dfdc_test_002297,DFDC-DFDC_Fake,1,UCF,visual,0.8218,probability,114.66,N/A,N/A,ok,
dfdc_test_002298,DFDC-DFDC_Fake,1,UCF,visual,0.5013,probability,142.2,N/A,N/A,ok,
dfdc_test_002299,DFDC-DFDC_Fake,1,UCF,visual,0.503,probability,132.62,N/A,N/A,ok,
dfdc_test_002300,DFDC-DFDC_Fake,1,UCF,visual,0.8034,probability,129.65,N/A,N/A,ok,
dfdc_test_002301,DFDC-DFDC_Fake,1,UCF,visual,0.4206,probability,138.31,N/A,N/A,ok,
dfdc_test_002302,DFDC-DFDC_Fake,1,UCF,visual,0.8751,probability,126.07,N/A,N/A,ok,
dfdc_test_002303,DFDC-DFDC_Fake,1,UCF,visual,0.106,probability,149.42,N/A,N/A,ok,
dfdc_test_002304,DFDC-DFDC_Fake,1,UCF,visual,0.9555,probability,130.55,N/A,N/A,ok,
dfdc_test_002305,DFDC-DFDC_Fake,1,UCF,visual,0.8227,probability,142.13,N/A,N/A,ok,
dfdc_test_002306,DFDC-DFDC_Fake,1,UCF,visual,0.5794,probability,180.41,N/A,N/A,ok,
dfdc_test_002307,DFDC-DFDC_Fake,1,UCF,visual,0.4443,probability,173.65,N/A,N/A,ok,
dfdc_test_002308,DFDC-DFDC_Fake,1,UCF,visual,0.7537,probability,180.56,N/A,N/A,ok,
dfdc_test_002309,DFDC-DFDC_Fake,1,UCF,visual,0.7367,probability,209.25,N/A,N/A,ok,
dfdc_test_002310,DFDC-DFDC_Fake,1,UCF,visual,0.9569,probability,140.57,N/A,N/A,ok,
dfdc_test_002311,DFDC-DFDC_Fake,1,UCF,visual,0.8395,probability,128.03,N/A,N/A,ok,
dfdc_test_002312,DFDC-DFDC_Fake,1,UCF,visual,0.5073,probability,136.01,N/A,N/A,ok,
dfdc_test_002313,DFDC-DFDC_Fake,1,UCF,visual,0.2271,probability,129.05,N/A,N/A,ok,
dfdc_test_002314,DFDC-DFDC_Fake,1,UCF,visual,0.7296,probability,126.46,N/A,N/A,ok,
dfdc_test_002315,DFDC-DFDC_Fake,1,UCF,visual,0.2774,probability,124.4,N/A,N/A,ok,
dfdc_test_002316,DFDC-DFDC_Fake,1,UCF,visual,0.8868,probability,215.07,N/A,N/A,ok,
dfdc_test_002317,DFDC-DFDC_Fake,1,UCF,visual,0.4702,probability,145.62,N/A,N/A,ok,
dfdc_test_002318,DFDC-DFDC_Fake,1,UCF,visual,0.9908,probability,156.87,N/A,N/A,ok,
dfdc_test_002319,DFDC-DFDC_Fake,1,UCF,visual,0.8763,probability,127.87,N/A,N/A,ok,
dfdc_test_002320,DFDC-DFDC_Fake,1,UCF,visual,0.9803,probability,127.61,N/A,N/A,ok,
dfdc_test_002321,DFDC-DFDC_Fake,1,UCF,visual,0.4958,probability,176.82,N/A,N/A,ok,
dfdc_test_002322,DFDC-DFDC_Fake,1,UCF,visual,0.9965,probability,143.02,N/A,N/A,ok,
dfdc_test_002323,DFDC-DFDC_Fake,1,UCF,visual,0.6797,probability,150.77,N/A,N/A,ok,
dfdc_test_002324,DFDC-DFDC_Fake,1,UCF,visual,0.9878,probability,139.06,N/A,N/A,ok,
dfdc_test_002325,DFDC-DFDC_Fake,1,UCF,visual,0.4554,probability,143.06,N/A,N/A,ok,
dfdc_test_002326,DFDC-DFDC_Fake,1,UCF,visual,0.4631,probability,218.12,N/A,N/A,ok,
dfdc_test_002327,DFDC-DFDC_Fake,1,UCF,visual,0.5173,probability,272.29,N/A,N/A,ok,
dfdc_test_002328,DFDC-DFDC_Fake,1,UCF,visual,0.6396,probability,222.27,N/A,N/A,ok,
dfdc_test_002329,DFDC-DFDC_Fake,1,UCF,visual,0.5245,probability,211.11,N/A,N/A,ok,
dfdc_test_002330,DFDC-DFDC_Fake,1,UCF,visual,0.1728,probability,203.35,N/A,N/A,ok,
dfdc_test_002331,DFDC-DFDC_Fake,1,UCF,visual,0.8812,probability,139.04,N/A,N/A,ok,
dfdc_test_002332,DFDC-DFDC_Fake,1,UCF,visual,0.4763,probability,129.7,N/A,N/A,ok,
dfdc_test_002333,DFDC-DFDC_Fake,1,UCF,visual,0.9447,probability,196.04,N/A,N/A,ok,
dfdc_test_002334,DFDC-DFDC_Fake,1,UCF,visual,0.4492,probability,219.48,N/A,N/A,ok,
dfdc_test_002335,DFDC-DFDC_Fake,1,UCF,visual,0.3469,probability,151.19,N/A,N/A,ok,
dfdc_test_002336,DFDC-DFDC_Fake,1,UCF,visual,0.949,probability,195.59,N/A,N/A,ok,
dfdc_test_002337,DFDC-DFDC_Fake,1,UCF,visual,0.5739,probability,192.04,N/A,N/A,ok,
dfdc_test_002338,DFDC-DFDC_Fake,1,UCF,visual,0.4456,probability,155.8,N/A,N/A,ok,
dfdc_test_002339,DFDC-DFDC_Fake,1,UCF,visual,0.991,probability,160.33,N/A,N/A,ok,
dfdc_test_002340,DFDC-DFDC_Fake,1,UCF,visual,0.9914,probability,186.15,N/A,N/A,ok,
dfdc_test_002341,DFDC-DFDC_Fake,1,UCF,visual,0.7601,probability,155.71,N/A,N/A,ok,
dfdc_test_002342,DFDC-DFDC_Fake,1,UCF,visual,0.8047,probability,136.03,N/A,N/A,ok,
dfdc_test_002343,DFDC-DFDC_Fake,1,UCF,visual,0.9638,probability,132.49,N/A,N/A,ok,
dfdc_test_002344,DFDC-DFDC_Fake,1,UCF,visual,0.6199,probability,123.57,N/A,N/A,ok,
dfdc_test_002345,DFDC-DFDC_Fake,1,UCF,visual,0.6779,probability,149.64,N/A,N/A,ok,
dfdc_test_002346,DFDC-DFDC_Fake,1,UCF,visual,0.4627,probability,113.84,N/A,N/A,ok,
dfdc_test_002347,DFDC-DFDC_Fake,1,UCF,visual,0.8288,probability,143.11,N/A,N/A,ok,
dfdc_test_002348,DFDC-DFDC_Fake,1,UCF,visual,0.475,probability,139.85,N/A,N/A,ok,
dfdc_test_002349,DFDC-DFDC_Fake,1,UCF,visual,0.4703,probability,129.66,N/A,N/A,ok,
dfdc_test_002350,DFDC-DFDC_Fake,1,UCF,visual,0.5552,probability,157.37,N/A,N/A,ok,
dfdc_test_002351,DFDC-DFDC_Fake,1,UCF,visual,0.9747,probability,123.75,N/A,N/A,ok,
dfdc_test_002352,DFDC-DFDC_Fake,1,UCF,visual,0.7311,probability,120.68,N/A,N/A,ok,
dfdc_test_002353,DFDC-DFDC_Fake,1,UCF,visual,0.896,probability,125.99,N/A,N/A,ok,
dfdc_test_002354,DFDC-DFDC_Fake,1,UCF,visual,0.2385,probability,128.28,N/A,N/A,ok,
dfdc_test_002355,DFDC-DFDC_Fake,1,UCF,visual,0.614,probability,126.88,N/A,N/A,ok,
dfdc_test_002356,DFDC-DFDC_Fake,1,UCF,visual,0.6391,probability,124.27,N/A,N/A,ok,
dfdc_test_002357,DFDC-DFDC_Fake,1,UCF,visual,0.9731,probability,135.69,N/A,N/A,ok,
dfdc_test_002358,DFDC-DFDC_Fake,1,UCF,visual,0.2499,probability,125.81,N/A,N/A,ok,
dfdc_test_002359,DFDC-DFDC_Fake,1,UCF,visual,0.9149,probability,132.15,N/A,N/A,ok,
dfdc_test_002360,DFDC-DFDC_Fake,1,UCF,visual,0.4934,probability,135.01,N/A,N/A,ok,
dfdc_test_002361,DFDC-DFDC_Fake,1,UCF,visual,0.0919,probability,128.76,N/A,N/A,ok,
dfdc_test_002362,DFDC-DFDC_Fake,1,UCF,visual,0.5563,probability,145.88,N/A,N/A,ok,
dfdc_test_002363,DFDC-DFDC_Fake,1,UCF,visual,0.4226,probability,169.86,N/A,N/A,ok,
dfdc_test_002364,DFDC-DFDC_Fake,1,UCF,visual,0.2841,probability,140.32,N/A,N/A,ok,
dfdc_test_002365,DFDC-DFDC_Fake,1,UCF,visual,0.9976,probability,123.83,N/A,N/A,ok,
dfdc_test_002366,DFDC-DFDC_Fake,1,UCF,visual,0.806,probability,165.01,N/A,N/A,ok,
dfdc_test_002367,DFDC-DFDC_Fake,1,UCF,visual,0.4584,probability,145.29,N/A,N/A,ok,
dfdc_test_002368,DFDC-DFDC_Fake,1,UCF,visual,0.722,probability,168.95,N/A,N/A,ok,
dfdc_test_002369,DFDC-DFDC_Fake,1,UCF,visual,0.5286,probability,166.03,N/A,N/A,ok,
dfdc_test_002370,DFDC-DFDC_Fake,1,UCF,visual,0.8991,probability,132.9,N/A,N/A,ok,
dfdc_test_002371,DFDC-DFDC_Fake,1,UCF,visual,0.7113,probability,146.19,N/A,N/A,ok,
dfdc_test_002372,DFDC-DFDC_Fake,1,UCF,visual,0.5469,probability,133.32,N/A,N/A,ok,
dfdc_test_002373,DFDC-DFDC_Fake,1,UCF,visual,0.8725,probability,119.7,N/A,N/A,ok,
dfdc_test_002374,DFDC-DFDC_Fake,1,UCF,visual,0.2164,probability,139.06,N/A,N/A,ok,
dfdc_test_002375,DFDC-DFDC_Fake,1,UCF,visual,0.4118,probability,171.29,N/A,N/A,ok,
dfdc_test_002376,DFDC-DFDC_Fake,1,UCF,visual,0.4161,probability,133.98,N/A,N/A,ok,
dfdc_test_002377,DFDC-DFDC_Fake,1,UCF,visual,0.3465,probability,190.55,N/A,N/A,ok,
dfdc_test_002378,DFDC-DFDC_Fake,1,UCF,visual,0.4393,probability,247.61,N/A,N/A,ok,
dfdc_test_002379,DFDC-DFDC_Fake,1,UCF,visual,0.9877,probability,176.4,N/A,N/A,ok,
dfdc_test_002380,DFDC-DFDC_Fake,1,UCF,visual,0.9536,probability,233.67,N/A,N/A,ok,
dfdc_test_002381,DFDC-DFDC_Fake,1,UCF,visual,0.4102,probability,280.05,N/A,N/A,ok,
dfdc_test_002382,DFDC-DFDC_Fake,1,UCF,visual,0.954,probability,187.03,N/A,N/A,ok,
dfdc_test_002383,DFDC-DFDC_Fake,1,UCF,visual,0.8658,probability,193.17,N/A,N/A,ok,
dfdc_test_002384,DFDC-DFDC_Fake,1,UCF,visual,0.2205,probability,219.46,N/A,N/A,ok,
dfdc_test_002385,DFDC-DFDC_Fake,1,UCF,visual,0.9335,probability,205.29,N/A,N/A,ok,
dfdc_test_002386,DFDC-DFDC_Fake,1,UCF,visual,0.1733,probability,195.54,N/A,N/A,ok,
dfdc_test_002387,DFDC-DFDC_Fake,1,UCF,visual,0.6007,probability,198.63,N/A,N/A,ok,
dfdc_test_002388,DFDC-DFDC_Fake,1,UCF,visual,0.0742,probability,196.91,N/A,N/A,ok,
dfdc_test_002389,DFDC-DFDC_Real,0,UCF,visual,0.4277,probability,147.41,N/A,N/A,ok,
dfdc_test_002390,DFDC-DFDC_Real,0,UCF,visual,0.6006,probability,183.97,N/A,N/A,ok,
dfdc_test_002391,DFDC-DFDC_Real,0,UCF,visual,0.8797,probability,169.49,N/A,N/A,ok,
dfdc_test_002392,DFDC-DFDC_Real,0,UCF,visual,0.2329,probability,195.93,N/A,N/A,ok,
dfdc_test_002393,DFDC-DFDC_Real,0,UCF,visual,0.042,probability,225.78,N/A,N/A,ok,
dfdc_test_002394,DFDC-DFDC_Real,0,UCF,visual,0.4331,probability,201.49,N/A,N/A,ok,
dfdc_test_002395,DFDC-DFDC_Real,0,UCF,visual,0.3869,probability,172.92,N/A,N/A,ok,
dfdc_test_002396,DFDC-DFDC_Real,0,UCF,visual,0.0744,probability,180.34,N/A,N/A,ok,
dfdc_test_002397,DFDC-DFDC_Real,0,UCF,visual,0.1831,probability,149.23,N/A,N/A,ok,
dfdc_test_002398,DFDC-DFDC_Real,0,UCF,visual,0.2283,probability,181.8,N/A,N/A,ok,
dfdc_test_002399,DFDC-DFDC_Real,0,UCF,visual,0.0099,probability,171.69,N/A,N/A,ok,
dfdc_test_002400,DFDC-DFDC_Real,0,UCF,visual,0.036,probability,198.4,N/A,N/A,ok,
dfdc_test_002401,DFDC-DFDC_Real,0,UCF,visual,0.0855,probability,139.27,N/A,N/A,ok,
dfdc_test_002402,DFDC-DFDC_Real,0,UCF,visual,0.663,probability,140.24,N/A,N/A,ok,
dfdc_test_002403,DFDC-DFDC_Real,0,UCF,visual,0.6083,probability,175.7,N/A,N/A,ok,
dfdc_test_002404,DFDC-DFDC_Real,0,UCF,visual,0.2668,probability,190.59,N/A,N/A,ok,
dfdc_test_002405,DFDC-DFDC_Real,0,UCF,visual,0.2415,probability,200.24,N/A,N/A,ok,
dfdc_test_002406,DFDC-DFDC_Real,0,UCF,visual,0.1949,probability,142.76,N/A,N/A,ok,
dfdc_test_002407,DFDC-DFDC_Real,0,UCF,visual,0.7949,probability,160.64,N/A,N/A,ok,
dfdc_test_002408,DFDC-DFDC_Real,0,UCF,visual,0.9909,probability,137.7,N/A,N/A,ok,
dfdc_test_002409,DFDC-DFDC_Real,0,UCF,visual,0.0138,probability,126.32,N/A,N/A,ok,
dfdc_test_002410,DFDC-DFDC_Real,0,UCF,visual,0.2073,probability,145.13,N/A,N/A,ok,
dfdc_test_002411,DFDC-DFDC_Real,0,UCF,visual,0.6477,probability,169.89,N/A,N/A,ok,
dfdc_test_002412,DFDC-DFDC_Real,0,UCF,visual,0.18,probability,143.9,N/A,N/A,ok,
dfdc_test_002413,DFDC-DFDC_Real,0,UCF,visual,0.1977,probability,146.52,N/A,N/A,ok,
dfdc_test_002414,DFDC-DFDC_Real,0,UCF,visual,0.0378,probability,128.31,N/A,N/A,ok,
dfdc_test_002415,DFDC-DFDC_Real,0,UCF,visual,0.2853,probability,155.8,N/A,N/A,ok,
dfdc_test_002416,DFDC-DFDC_Real,0,UCF,visual,0.0591,probability,121.58,N/A,N/A,ok,
dfdc_test_002417,DFDC-DFDC_Real,0,UCF,visual,0.0735,probability,144.26,N/A,N/A,ok,
dfdc_test_002418,DFDC-DFDC_Real,0,UCF,visual,0.674,probability,118.62,N/A,N/A,ok,
dfdc_test_002419,DFDC-DFDC_Real,0,UCF,visual,0.8707,probability,181.13,N/A,N/A,ok,
dfdc_test_002420,DFDC-DFDC_Real,0,UCF,visual,0.0479,probability,178.23,N/A,N/A,ok,
dfdc_test_002421,DFDC-DFDC_Real,0,UCF,visual,0.0558,probability,249.24,N/A,N/A,ok,
dfdc_test_002422,DFDC-DFDC_Real,0,UCF,visual,0.2876,probability,203.88,N/A,N/A,ok,
dfdc_test_002423,DFDC-DFDC_Real,0,UCF,visual,0.8679,probability,215.94,N/A,N/A,ok,
dfdc_test_002424,DFDC-DFDC_Real,0,UCF,visual,0.1219,probability,233.0,N/A,N/A,ok,
dfdc_test_002425,DFDC-DFDC_Real,0,UCF,visual,0.4127,probability,210.61,N/A,N/A,ok,
dfdc_test_002426,DFDC-DFDC_Real,0,UCF,visual,0.4126,probability,184.83,N/A,N/A,ok,
dfdc_test_002427,DFDC-DFDC_Real,0,UCF,visual,0.4145,probability,228.21,N/A,N/A,ok,
dfdc_test_002428,DFDC-DFDC_Real,0,UCF,visual,0.2703,probability,197.59,N/A,N/A,ok,
dfdc_test_002429,DFDC-DFDC_Real,0,UCF,visual,0.4782,probability,199.83,N/A,N/A,ok,
dfdc_test_002430,DFDC-DFDC_Real,0,UCF,visual,0.0192,probability,243.36,N/A,N/A,ok,
dfdc_test_002431,DFDC-DFDC_Real,0,UCF,visual,0.0747,probability,201.76,N/A,N/A,ok,
dfdc_test_002432,DFDC-DFDC_Real,0,UCF,visual,0.4228,probability,185.29,N/A,N/A,ok,
dfdc_test_002433,DFDC-DFDC_Real,0,UCF,visual,0.6359,probability,181.62,N/A,N/A,ok,
dfdc_test_002434,DFDC-DFDC_Real,0,UCF,visual,0.6263,probability,211.91,N/A,N/A,ok,
dfdc_test_002435,DFDC-DFDC_Real,0,UCF,visual,0.911,probability,166.3,N/A,N/A,ok,
dfdc_test_002436,DFDC-DFDC_Real,0,UCF,visual,0.4752,probability,150.92,N/A,N/A,ok,
dfdc_test_002437,DFDC-DFDC_Real,0,UCF,visual,0.056,probability,147.7,N/A,N/A,ok,
dfdc_test_002438,DFDC-DFDC_Real,0,UCF,visual,0.2693,probability,171.18,N/A,N/A,ok,
dfdc_test_002439,DFDC-DFDC_Real,0,UCF,visual,0.2957,probability,182.17,N/A,N/A,ok,
dfdc_test_002440,DFDC-DFDC_Real,0,UCF,visual,0.5055,probability,188.47,N/A,N/A,ok,
dfdc_test_002441,DFDC-DFDC_Real,0,UCF,visual,0.537,probability,158.58,N/A,N/A,ok,
dfdc_test_002442,DFDC-DFDC_Real,0,UCF,visual,0.4443,probability,232.4,N/A,N/A,ok,
dfdc_test_002443,DFDC-DFDC_Real,0,UCF,visual,0.3182,probability,189.86,N/A,N/A,ok,
dfdc_test_002444,DFDC-DFDC_Real,0,UCF,visual,0.3749,probability,162.83,N/A,N/A,ok,
dfdc_test_002445,DFDC-DFDC_Real,0,UCF,visual,0.629,probability,160.08,N/A,N/A,ok,
dfdc_test_002446,DFDC-DFDC_Real,0,UCF,visual,0.4087,probability,197.47,N/A,N/A,ok,
dfdc_test_002447,DFDC-DFDC_Real,0,UCF,visual,0.3395,probability,166.64,N/A,N/A,ok,
dfdc_test_002448,DFDC-DFDC_Real,0,UCF,visual,0.4368,probability,173.49,N/A,N/A,ok,
dfdc_test_002449,DFDC-DFDC_Real,0,UCF,visual,0.9663,probability,169.26,N/A,N/A,ok,
dfdc_test_002450,DFDC-DFDC_Real,0,UCF,visual,0.3223,probability,137.14,N/A,N/A,ok,
dfdc_test_002451,DFDC-DFDC_Real,0,UCF,visual,0.1112,probability,125.84,N/A,N/A,ok,
dfdc_test_002452,DFDC-DFDC_Real,0,UCF,visual,0.2433,probability,123.43,N/A,N/A,ok,
dfdc_test_002453,DFDC-DFDC_Real,0,UCF,visual,0.0424,probability,141.51,N/A,N/A,ok,
dfdc_test_002454,DFDC-DFDC_Real,0,UCF,visual,0.6201,probability,139.35,N/A,N/A,ok,
dfdc_test_002455,DFDC-DFDC_Real,0,UCF,visual,0.0988,probability,130.29,N/A,N/A,ok,
dfdc_test_002456,DFDC-DFDC_Real,0,UCF,visual,0.9846,probability,133.58,N/A,N/A,ok,
dfdc_test_002457,DFDC-DFDC_Real,0,UCF,visual,0.4428,probability,130.65,N/A,N/A,ok,
dfdc_test_002458,DFDC-DFDC_Real,0,UCF,visual,0.0314,probability,132.23,N/A,N/A,ok,
dfdc_test_002459,DFDC-DFDC_Real,0,UCF,visual,0.3241,probability,158.8,N/A,N/A,ok,
dfdc_test_002460,DFDC-DFDC_Real,0,UCF,visual,0.4115,probability,129.95,N/A,N/A,ok,
dfdc_test_002461,DFDC-DFDC_Real,0,UCF,visual,0.0493,probability,134.15,N/A,N/A,ok,
dfdc_test_002462,DFDC-DFDC_Real,0,UCF,visual,0.0295,probability,153.56,N/A,N/A,ok,
dfdc_test_002463,DFDC-DFDC_Real,0,UCF,visual,0.5729,probability,129.9,N/A,N/A,ok,
dfdc_test_002464,DFDC-DFDC_Real,0,UCF,visual,0.3213,probability,132.49,N/A,N/A,ok,
dfdc_test_002465,DFDC-DFDC_Real,0,UCF,visual,0.9022,probability,153.13,N/A,N/A,ok,
dfdc_test_002466,DFDC-DFDC_Real,0,UCF,visual,0.071,probability,137.0,N/A,N/A,ok,
dfdc_test_002467,DFDC-DFDC_Real,0,UCF,visual,0.9818,probability,137.42,N/A,N/A,ok,
dfdc_test_002468,DFDC-DFDC_Real,0,UCF,visual,0.1868,probability,144.83,N/A,N/A,ok,
dfdc_test_002469,DFDC-DFDC_Real,0,UCF,visual,0.43,probability,118.49,N/A,N/A,ok,
dfdc_test_002470,DFDC-DFDC_Real,0,UCF,visual,0.4067,probability,177.22,N/A,N/A,ok,
dfdc_test_002471,DFDC-DFDC_Real,0,UCF,visual,0.227,probability,153.01,N/A,N/A,ok,
dfdc_test_002472,DFDC-DFDC_Real,0,UCF,visual,0.6076,probability,144.3,N/A,N/A,ok,
dfdc_test_002473,DFDC-DFDC_Real,0,UCF,visual,0.4736,probability,163.6,N/A,N/A,ok,
dfdc_test_002474,DFDC-DFDC_Real,0,UCF,visual,0.0938,probability,133.59,N/A,N/A,ok,
dfdc_test_002475,DFDC-DFDC_Real,0,UCF,visual,0.9592,probability,121.29,N/A,N/A,ok,
dfdc_test_002476,DFDC-DFDC_Real,0,UCF,visual,0.03,probability,129.69,N/A,N/A,ok,
dfdc_test_002477,DFDC-DFDC_Real,0,UCF,visual,0.3636,probability,128.23,N/A,N/A,ok,
dfdc_test_002478,DFDC-DFDC_Real,0,UCF,visual,0.0139,probability,134.41,N/A,N/A,ok,
dfdc_test_002479,DFDC-DFDC_Real,0,UCF,visual,0.1147,probability,115.64,N/A,N/A,ok,
dfdc_test_002480,DFDC-DFDC_Real,0,UCF,visual,0.1578,probability,130.22,N/A,N/A,ok,
dfdc_test_002481,DFDC-DFDC_Real,0,UCF,visual,0.3156,probability,124.68,N/A,N/A,ok,
dfdc_test_002482,DFDC-DFDC_Real,0,UCF,visual,0.1432,probability,116.54,N/A,N/A,ok,
dfdc_test_002483,DFDC-DFDC_Real,0,UCF,visual,0.6037,probability,125.66,N/A,N/A,ok,
dfdc_test_002484,DFDC-DFDC_Real,0,UCF,visual,0.1926,probability,130.02,N/A,N/A,ok,
dfdc_test_002485,DFDC-DFDC_Real,0,UCF,visual,0.4285,probability,128.76,N/A,N/A,ok,
dfdc_test_002486,DFDC-DFDC_Real,0,UCF,visual,0.0267,probability,144.69,N/A,N/A,ok,
dfdc_test_002487,DFDC-DFDC_Real,0,UCF,visual,0.4493,probability,146.66,N/A,N/A,ok,
dfdc_test_002488,DFDC-DFDC_Real,0,UCF,visual,0.4577,probability,136.12,N/A,N/A,ok,
dfdc_test_002489,DFDC-DFDC_Real,0,UCF,visual,0.4217,probability,133.07,N/A,N/A,ok,
dfdc_test_002490,DFDC-DFDC_Real,0,UCF,visual,0.9807,probability,141.37,N/A,N/A,ok,
dfdc_test_002491,DFDC-DFDC_Real,0,UCF,visual,0.0767,probability,152.29,N/A,N/A,ok,
dfdc_test_002492,DFDC-DFDC_Real,0,UCF,visual,0.2004,probability,126.77,N/A,N/A,ok,
dfdc_test_002493,DFDC-DFDC_Real,0,UCF,visual,0.0468,probability,149.01,N/A,N/A,ok,
dfdc_test_002494,DFDC-DFDC_Real,0,UCF,visual,0.2184,probability,138.05,N/A,N/A,ok,
dfdc_test_002495,DFDC-DFDC_Real,0,UCF,visual,0.3036,probability,145.99,N/A,N/A,ok,
dfdc_test_002496,DFDC-DFDC_Real,0,UCF,visual,0.0428,probability,143.52,N/A,N/A,ok,
dfdc_test_002497,DFDC-DFDC_Real,0,UCF,visual,0.053,probability,146.62,N/A,N/A,ok,
dfdc_test_002498,DFDC-DFDC_Real,0,UCF,visual,0.1978,probability,117.75,N/A,N/A,ok,
dfdc_test_002499,DFDC-DFDC_Real,0,UCF,visual,0.6203,probability,156.65,N/A,N/A,ok,
dfdc_test_002500,DFDC-DFDC_Real,0,UCF,visual,0.3364,probability,226.77,N/A,N/A,ok,
dfdc_test_002501,DFDC-DFDC_Real,0,UCF,visual,0.8553,probability,192.01,N/A,N/A,ok,
dfdc_test_002502,DFDC-DFDC_Real,0,UCF,visual,0.9044,probability,183.66,N/A,N/A,ok,
dfdc_test_002503,DFDC-DFDC_Real,0,UCF,visual,0.5838,probability,164.59,N/A,N/A,ok,
dfdc_test_002504,DFDC-DFDC_Real,0,UCF,visual,0.4524,probability,200.93,N/A,N/A,ok,
dfdc_test_002505,DFDC-DFDC_Real,0,UCF,visual,0.4459,probability,141.96,N/A,N/A,ok,
dfdc_test_002506,DFDC-DFDC_Real,0,UCF,visual,0.0388,probability,175.27,N/A,N/A,ok,
dfdc_test_002507,DFDC-DFDC_Real,0,UCF,visual,0.9145,probability,122.9,N/A,N/A,ok,
dfdc_test_002508,DFDC-DFDC_Real,0,UCF,visual,0.7479,probability,172.64,N/A,N/A,ok,
dfdc_test_002509,DFDC-DFDC_Real,0,UCF,visual,0.1769,probability,157.5,N/A,N/A,ok,
dfdc_test_002510,DFDC-DFDC_Real,0,UCF,visual,0.0675,probability,162.11,N/A,N/A,ok,
dfdc_test_002511,DFDC-DFDC_Real,0,UCF,visual,0.0704,probability,135.16,N/A,N/A,ok,
dfdc_test_002512,DFDC-DFDC_Real,0,UCF,visual,0.0181,probability,130.73,N/A,N/A,ok,
dfdc_test_002513,DFDC-DFDC_Real,0,UCF,visual,0.0128,probability,144.81,N/A,N/A,ok,
dfdc_test_002514,DFDC-DFDC_Real,0,UCF,visual,0.0257,probability,160.77,N/A,N/A,ok,
dfdc_test_002515,DFDC-DFDC_Real,0,UCF,visual,0.6569,probability,211.03,N/A,N/A,ok,
dfdc_test_002516,DFDC-DFDC_Real,0,UCF,visual,0.33,probability,199.29,N/A,N/A,ok,
dfdc_test_002517,DFDC-DFDC_Real,0,UCF,visual,0.0501,probability,192.96,N/A,N/A,ok,
dfdc_test_002518,DFDC-DFDC_Real,0,UCF,visual,0.7797,probability,194.68,N/A,N/A,ok,
dfdc_test_002519,DFDC-DFDC_Real,0,UCF,visual,0.4263,probability,182.69,N/A,N/A,ok,
dfdc_test_002520,DFDC-DFDC_Real,0,UCF,visual,0.458,probability,160.55,N/A,N/A,ok,
dfdc_test_002521,DFDC-DFDC_Real,0,UCF,visual,0.0786,probability,133.85,N/A,N/A,ok,
dfdc_test_002522,DFDC-DFDC_Real,0,UCF,visual,0.34,probability,147.57,N/A,N/A,ok,
dfdc_test_002523,DFDC-DFDC_Real,0,UCF,visual,0.8238,probability,156.14,N/A,N/A,ok,
dfdc_test_002524,DFDC-DFDC_Real,0,UCF,visual,0.7516,probability,137.95,N/A,N/A,ok,
dfdc_test_002525,DFDC-DFDC_Real,0,UCF,visual,0.467,probability,139.28,N/A,N/A,ok,
dfdc_test_002526,DFDC-DFDC_Real,0,UCF,visual,0.1359,probability,155.63,N/A,N/A,ok,
dfdc_test_002527,DFDC-DFDC_Real,0,UCF,visual,0.6995,probability,133.32,N/A,N/A,ok,
dfdc_test_002528,DFDC-DFDC_Real,0,UCF,visual,0.2558,probability,155.32,N/A,N/A,ok,
dfdc_test_002529,DFDC-DFDC_Real,0,UCF,visual,0.6821,probability,156.19,N/A,N/A,ok,
dfdc_test_002530,DFDC-DFDC_Real,0,UCF,visual,0.1755,probability,165.33,N/A,N/A,ok,
dfdc_test_002531,DFDC-DFDC_Real,0,UCF,visual,0.4579,probability,171.7,N/A,N/A,ok,
dfdc_test_002532,DFDC-DFDC_Real,0,UCF,visual,0.0201,probability,202.09,N/A,N/A,ok,
dfdc_test_002533,DFDC-DFDC_Real,0,UCF,visual,0.5863,probability,171.99,N/A,N/A,ok,
dfdc_test_002534,DFDC-DFDC_Real,0,UCF,visual,0.3363,probability,197.53,N/A,N/A,ok,
dfdc_test_002535,DFDC-DFDC_Real,0,UCF,visual,0.4163,probability,136.63,N/A,N/A,ok,
dfdc_test_002536,DFDC-DFDC_Real,0,UCF,visual,0.1369,probability,156.06,N/A,N/A,ok,
dfdc_test_002537,DFDC-DFDC_Real,0,UCF,visual,0.3503,probability,175.46,N/A,N/A,ok,
dfdc_test_002538,DFDC-DFDC_Real,0,UCF,visual,0.1012,probability,171.45,N/A,N/A,ok,
dfdc_test_002539,DFDC-DFDC_Real,0,UCF,visual,0.842,probability,158.6,N/A,N/A,ok,
dfdc_test_002540,DFDC-DFDC_Real,0,UCF,visual,0.0394,probability,177.28,N/A,N/A,ok,
dfdc_test_002541,DFDC-DFDC_Real,0,UCF,visual,0.4736,probability,128.29,N/A,N/A,ok,
dfdc_test_002542,DFDC-DFDC_Real,0,UCF,visual,0.7437,probability,159.64,N/A,N/A,ok,
dfdc_test_002543,DFDC-DFDC_Real,0,UCF,visual,0.4205,probability,170.3,N/A,N/A,ok,
dfdc_test_002544,DFDC-DFDC_Real,0,UCF,visual,0.1561,probability,173.93,N/A,N/A,ok,
dfdc_test_002545,DFDC-DFDC_Real,0,UCF,visual,0.3869,probability,181.6,N/A,N/A,ok,
dfdc_test_002546,DFDC-DFDC_Real,0,UCF,visual,0.7292,probability,158.0,N/A,N/A,ok,
dfdc_test_002547,DFDC-DFDC_Real,0,UCF,visual,0.9273,probability,164.25,N/A,N/A,ok,
dfdc_test_002548,DFDC-DFDC_Real,0,UCF,visual,0.0121,probability,151.21,N/A,N/A,ok,
dfdc_test_002549,DFDC-DFDC_Real,0,UCF,visual,0.2945,probability,147.51,N/A,N/A,ok,
dfdc_test_002550,DFDC-DFDC_Real,0,UCF,visual,0.2083,probability,172.07,N/A,N/A,ok,
dfdc_test_002551,DFDC-DFDC_Real,0,UCF,visual,0.1729,probability,150.92,N/A,N/A,ok,
dfdc_test_002552,DFDC-DFDC_Real,0,UCF,visual,0.2454,probability,134.13,N/A,N/A,ok,
dfdc_test_002553,DFDC-DFDC_Real,0,UCF,visual,0.0356,probability,169.76,N/A,N/A,ok,
dfdc_test_002554,DFDC-DFDC_Real,0,UCF,visual,0.5544,probability,179.46,N/A,N/A,ok,
dfdc_test_002555,DFDC-DFDC_Real,0,UCF,visual,0.5482,probability,137.73,N/A,N/A,ok,
dfdc_test_002556,DFDC-DFDC_Real,0,UCF,visual,0.0371,probability,146.22,N/A,N/A,ok,
dfdc_test_002557,DFDC-DFDC_Real,0,UCF,visual,0.8131,probability,168.93,N/A,N/A,ok,
dfdc_test_002558,DFDC-DFDC_Real,0,UCF,visual,0.2601,probability,253.64,N/A,N/A,ok,
dfdc_test_002559,DFDC-DFDC_Real,0,UCF,visual,0.8953,probability,209.8,N/A,N/A,ok,
dfdc_test_002560,DFDC-DFDC_Real,0,UCF,visual,0.8286,probability,198.53,N/A,N/A,ok,
dfdc_test_002561,DFDC-DFDC_Real,0,UCF,visual,0.1605,probability,232.7,N/A,N/A,ok,
dfdc_test_002562,DFDC-DFDC_Real,0,UCF,visual,0.24,probability,231.01,N/A,N/A,ok,
dfdc_test_002563,DFDC-DFDC_Real,0,UCF,visual,0.0322,probability,179.04,N/A,N/A,ok,
dfdc_test_002564,DFDC-DFDC_Real,0,UCF,visual,0.6682,probability,138.19,N/A,N/A,ok,
dfdc_test_002565,DFDC-DFDC_Real,0,UCF,visual,0.6012,probability,151.96,N/A,N/A,ok,
dfdc_test_002566,DFDC-DFDC_Real,0,UCF,visual,0.3548,probability,133.76,N/A,N/A,ok,
dfdc_test_002567,DFDC-DFDC_Real,0,UCF,visual,0.4006,probability,140.09,N/A,N/A,ok,
dfdc_test_002568,DFDC-DFDC_Real,0,UCF,visual,0.6667,probability,134.98,N/A,N/A,ok,
dfdc_test_002569,DFDC-DFDC_Real,0,UCF,visual,0.4639,probability,137.55,N/A,N/A,ok,
dfdc_test_002570,DFDC-DFDC_Real,0,UCF,visual,0.8236,probability,161.07,N/A,N/A,ok,
dfdc_test_002571,DFDC-DFDC_Real,0,UCF,visual,0.2898,probability,164.72,N/A,N/A,ok,
dfdc_test_002572,DFDC-DFDC_Real,0,UCF,visual,0.0476,probability,132.79,N/A,N/A,ok,
dfdc_test_002573,DFDC-DFDC_Real,0,UCF,visual,0.8383,probability,133.04,N/A,N/A,ok,
dfdc_test_002574,DFDC-DFDC_Real,0,UCF,visual,0.7327,probability,150.22,N/A,N/A,ok,
dfdc_test_002575,DFDC-DFDC_Real,0,UCF,visual,0.1268,probability,117.17,N/A,N/A,ok,
dfdc_test_002576,DFDC-DFDC_Real,0,UCF,visual,0.5314,probability,136.85,N/A,N/A,ok,
dfdc_test_002577,DFDC-DFDC_Real,0,UCF,visual,0.2858,probability,154.46,N/A,N/A,ok,
dfdc_test_002578,DFDC-DFDC_Real,0,UCF,visual,0.7963,probability,136.14,N/A,N/A,ok,
dfdc_test_002579,DFDC-DFDC_Real,0,UCF,visual,0.3121,probability,137.87,N/A,N/A,ok,
dfdc_test_002580,DFDC-DFDC_Real,0,UCF,visual,0.9943,probability,130.54,N/A,N/A,ok,
dfdc_test_002581,DFDC-DFDC_Real,0,UCF,visual,0.0816,probability,115.97,N/A,N/A,ok,
dfdc_test_002582,DFDC-DFDC_Real,0,UCF,visual,0.5259,probability,154.39,N/A,N/A,ok,
dfdc_test_002583,DFDC-DFDC_Real,0,UCF,visual,0.0214,probability,146.58,N/A,N/A,ok,
dfdc_test_002584,DFDC-DFDC_Real,0,UCF,visual,0.995,probability,191.47,N/A,N/A,ok,
dfdc_test_002585,DFDC-DFDC_Real,0,UCF,visual,0.6393,probability,162.54,N/A,N/A,ok,
dfdc_test_002586,DFDC-DFDC_Real,0,UCF,visual,0.6456,probability,196.44,N/A,N/A,ok,
dfdc_test_002587,DFDC-DFDC_Real,0,UCF,visual,0.3592,probability,191.76,N/A,N/A,ok,
dfdc_test_002588,DFDC-DFDC_Real,0,UCF,visual,0.4793,probability,195.9,N/A,N/A,ok,
dfdc_test_002589,DFDC-DFDC_Real,0,UCF,visual,0.1741,probability,176.67,N/A,N/A,ok,
dfdc_test_002590,DFDC-DFDC_Real,0,UCF,visual,0.0331,probability,216.91,N/A,N/A,ok,
dfdc_test_002591,DFDC-DFDC_Real,0,UCF,visual,0.2511,probability,192.41,N/A,N/A,ok,
dfdc_test_002592,DFDC-DFDC_Real,0,UCF,visual,0.5587,probability,146.53,N/A,N/A,ok,
dfdc_test_002593,DFDC-DFDC_Real,0,UCF,visual,0.2517,probability,126.79,N/A,N/A,ok,
dfdc_test_002594,DFDC-DFDC_Real,0,UCF,visual,0.6697,probability,152.95,N/A,N/A,ok,
dfdc_test_002595,DFDC-DFDC_Real,0,UCF,visual,0.5509,probability,147.54,N/A,N/A,ok,
dfdc_test_002596,DFDC-DFDC_Real,0,UCF,visual,0.1045,probability,176.4,N/A,N/A,ok,
dfdc_test_002597,DFDC-DFDC_Real,0,UCF,visual,0.5535,probability,202.67,N/A,N/A,ok,
dfdc_test_002598,DFDC-DFDC_Real,0,UCF,visual,0.9824,probability,218.63,N/A,N/A,ok,
dfdc_test_002599,DFDC-DFDC_Real,0,UCF,visual,0.595,probability,227.14,N/A,N/A,ok,
dfdc_test_002600,DFDC-DFDC_Real,0,UCF,visual,0.2432,probability,195.77,N/A,N/A,ok,
dfdc_test_002601,DFDC-DFDC_Real,0,UCF,visual,0.638,probability,258.92,N/A,N/A,ok,
dfdc_test_002602,DFDC-DFDC_Real,0,UCF,visual,0.1551,probability,232.93,N/A,N/A,ok,
dfdc_test_002603,DFDC-DFDC_Real,0,UCF,visual,0.5896,probability,189.26,N/A,N/A,ok,
dfdc_test_002604,DFDC-DFDC_Real,0,UCF,visual,0.6561,probability,216.25,N/A,N/A,ok,
dfdc_test_002605,DFDC-DFDC_Real,0,UCF,visual,0.042,probability,222.74,N/A,N/A,ok,
dfdc_test_002606,DFDC-DFDC_Real,0,UCF,visual,0.2046,probability,155.26,N/A,N/A,ok,
dfdc_test_002607,DFDC-DFDC_Real,0,UCF,visual,0.629,probability,215.17,N/A,N/A,ok,
dfdc_test_002608,DFDC-DFDC_Real,0,UCF,visual,0.2367,probability,298.64,N/A,N/A,ok,
dfdc_test_002609,DFDC-DFDC_Real,0,UCF,visual,0.0129,probability,190.67,N/A,N/A,ok,
dfdc_test_002610,DFDC-DFDC_Real,0,UCF,visual,0.8589,probability,172.54,N/A,N/A,ok,
dfdc_test_002611,DFDC-DFDC_Real,0,UCF,visual,0.2571,probability,227.7,N/A,N/A,ok,
dfdc_test_002612,DFDC-DFDC_Real,0,UCF,visual,0.3616,probability,172.31,N/A,N/A,ok,
dfdc_test_002613,DFDC-DFDC_Real,0,UCF,visual,0.7402,probability,173.81,N/A,N/A,ok,
dfdc_test_002614,DFDC-DFDC_Real,0,UCF,visual,0.0568,probability,184.69,N/A,N/A,ok,
dfdc_test_002615,DFDC-DFDC_Real,0,UCF,visual,0.1169,probability,126.33,N/A,N/A,ok,
dfdc_test_002616,DFDC-DFDC_Real,0,UCF,visual,0.2774,probability,185.07,N/A,N/A,ok,
dfdc_test_002617,DFDC-DFDC_Real,0,UCF,visual,0.9895,probability,169.59,N/A,N/A,ok,
dfdc_test_002618,DFDC-DFDC_Real,0,UCF,visual,0.9742,probability,151.0,N/A,N/A,ok,
dfdc_test_002619,DFDC-DFDC_Real,0,UCF,visual,0.0336,probability,156.3,N/A,N/A,ok,
dfdc_test_002620,DFDC-DFDC_Real,0,UCF,visual,0.0101,probability,150.76,N/A,N/A,ok,
dfdc_test_002621,DFDC-DFDC_Real,0,UCF,visual,0.0885,probability,153.48,N/A,N/A,ok,
dfdc_test_002622,DFDC-DFDC_Real,0,UCF,visual,0.0316,probability,188.9,N/A,N/A,ok,
dfdc_test_002623,DFDC-DFDC_Real,0,UCF,visual,0.3324,probability,178.05,N/A,N/A,ok,
dfdc_test_002624,DFDC-DFDC_Real,0,UCF,visual,0.6256,probability,142.63,N/A,N/A,ok,
dfdc_test_002625,DFDC-DFDC_Real,0,UCF,visual,0.5558,probability,171.61,N/A,N/A,ok,
dfdc_test_002626,DFDC-DFDC_Real,0,UCF,visual,0.1736,probability,128.91,N/A,N/A,ok,
dfdc_test_002627,DFDC-DFDC_Real,0,UCF,visual,0.3618,probability,139.7,N/A,N/A,ok,
dfdc_test_002628,DFDC-DFDC_Real,0,UCF,visual,0.6872,probability,133.35,N/A,N/A,ok,
dfdc_test_002629,DFDC-DFDC_Real,0,UCF,visual,0.0424,probability,148.89,N/A,N/A,ok,
dfdc_test_002630,DFDC-DFDC_Real,0,UCF,visual,0.2747,probability,162.06,N/A,N/A,ok,
dfdc_test_002631,DFDC-DFDC_Real,0,UCF,visual,0.054,probability,130.32,N/A,N/A,ok,
dfdc_test_002632,DFDC-DFDC_Real,0,UCF,visual,0.0349,probability,115.14,N/A,N/A,ok,
dfdc_test_002633,DFDC-DFDC_Real,0,UCF,visual,0.2335,probability,155.95,N/A,N/A,ok,
dfdc_test_002634,DFDC-DFDC_Real,0,UCF,visual,0.03,probability,155.25,N/A,N/A,ok,
dfdc_test_002635,DFDC-DFDC_Real,0,UCF,visual,0.6432,probability,162.67,N/A,N/A,ok,
dfdc_test_002636,DFDC-DFDC_Real,0,UCF,visual,0.1121,probability,139.26,N/A,N/A,ok,
dfdc_test_002637,DFDC-DFDC_Real,0,UCF,visual,0.2678,probability,129.88,N/A,N/A,ok,
dfdc_test_002638,DFDC-DFDC_Real,0,UCF,visual,0.0289,probability,129.82,N/A,N/A,ok,
dfdc_test_002639,DFDC-DFDC_Real,0,UCF,visual,0.2615,probability,137.22,N/A,N/A,ok,
dfdc_test_002640,DFDC-DFDC_Real,0,UCF,visual,0.6859,probability,147.15,N/A,N/A,ok,
dfdc_test_002641,DFDC-DFDC_Real,0,UCF,visual,0.9855,probability,117.61,N/A,N/A,ok,
dfdc_test_002642,DFDC-DFDC_Real,0,UCF,visual,0.432,probability,120.24,N/A,N/A,ok,
dfdc_test_002643,DFDC-DFDC_Real,0,UCF,visual,0.0373,probability,148.37,N/A,N/A,ok,
dfdc_test_002644,DFDC-DFDC_Real,0,UCF,visual,0.772,probability,113.77,N/A,N/A,ok,
dfdc_test_002645,DFDC-DFDC_Real,0,UCF,visual,0.338,probability,126.74,N/A,N/A,ok,
dfdc_test_002646,DFDC-DFDC_Real,0,UCF,visual,0.0367,probability,122.16,N/A,N/A,ok,
dfdc_test_002647,DFDC-DFDC_Real,0,UCF,visual,0.1935,probability,126.11,N/A,N/A,ok,
dfdc_test_002648,DFDC-DFDC_Real,0,UCF,visual,0.3615,probability,124.81,N/A,N/A,ok,
dfdc_test_002649,DFDC-DFDC_Real,0,UCF,visual,0.33,probability,137.03,N/A,N/A,ok,
dfdc_test_002650,DFDC-DFDC_Real,0,UCF,visual,0.1332,probability,126.09,N/A,N/A,ok,
dfdc_test_002651,DFDC-DFDC_Real,0,UCF,visual,0.9066,probability,127.32,N/A,N/A,ok,
dfdc_test_002652,DFDC-DFDC_Real,0,UCF,visual,0.6471,probability,125.43,N/A,N/A,ok,
dfdc_test_002653,DFDC-DFDC_Real,0,UCF,visual,0.2231,probability,124.85,N/A,N/A,ok,
dfdc_test_002654,DFDC-DFDC_Real,0,UCF,visual,0.4505,probability,126.15,N/A,N/A,ok,
dfdc_test_002655,DFDC-DFDC_Real,0,UCF,visual,0.0647,probability,128.6,N/A,N/A,ok,
dfdc_test_002656,DFDC-DFDC_Real,0,UCF,visual,0.169,probability,140.2,N/A,N/A,ok,
dfdc_test_002657,DFDC-DFDC_Real,0,UCF,visual,0.7914,probability,123.03,N/A,N/A,ok,
dfdc_test_002658,DFDC-DFDC_Real,0,UCF,visual,0.5699,probability,113.29,N/A,N/A,ok,
dfdc_test_002659,DFDC-DFDC_Real,0,UCF,visual,0.4333,probability,125.0,N/A,N/A,ok,
dfdc_test_002660,DFDC-DFDC_Real,0,UCF,visual,0.9835,probability,127.05,N/A,N/A,ok,
dfdc_test_002661,DFDC-DFDC_Real,0,UCF,visual,0.6395,probability,103.31,N/A,N/A,ok,
dfdc_test_002662,DFDC-DFDC_Real,0,UCF,visual,0.1334,probability,121.75,N/A,N/A,ok,
dfdc_test_002663,DFDC-DFDC_Real,0,UCF,visual,0.1698,probability,100.9,N/A,N/A,ok,
dfdc_test_002664,DFDC-DFDC_Real,0,UCF,visual,0.2315,probability,156.71,N/A,N/A,ok,
dfdc_test_002665,DFDC-DFDC_Real,0,UCF,visual,0.052,probability,138.57,N/A,N/A,ok,
dfdc_test_002666,DFDC-DFDC_Real,0,UCF,visual,0.6315,probability,174.14,N/A,N/A,ok,
dfdc_test_002667,DFDC-DFDC_Real,0,UCF,visual,0.2513,probability,121.83,N/A,N/A,ok,
dfdc_test_002668,DFDC-DFDC_Real,0,UCF,visual,0.3827,probability,167.22,N/A,N/A,ok,
dfdc_test_002669,DFDC-DFDC_Real,0,UCF,visual,0.587,probability,188.54,N/A,N/A,ok,
dfdc_test_002670,DFDC-DFDC_Real,0,UCF,visual,0.0366,probability,162.92,N/A,N/A,ok,
dfdc_test_002671,DFDC-DFDC_Real,0,UCF,visual,0.0513,probability,150.27,N/A,N/A,ok,
dfdc_test_002672,DFDC-DFDC_Real,0,UCF,visual,0.6994,probability,199.85,N/A,N/A,ok,
dfdc_test_002673,DFDC-DFDC_Real,0,UCF,visual,0.6986,probability,172.61,N/A,N/A,ok,
dfdc_test_002674,DFDC-DFDC_Real,0,UCF,visual,0.9329,probability,154.41,N/A,N/A,ok,
dfdc_test_002675,DFDC-DFDC_Real,0,UCF,visual,0.3169,probability,167.33,N/A,N/A,ok,
dfdc_test_002676,DFDC-DFDC_Real,0,UCF,visual,0.2408,probability,246.64,N/A,N/A,ok,
dfdc_test_002677,DFDC-DFDC_Real,0,UCF,visual,0.1069,probability,157.74,N/A,N/A,ok,
dfdc_test_002678,DFDC-DFDC_Real,0,UCF,visual,0.573,probability,147.6,N/A,N/A,ok,
dfdc_test_002679,DFDC-DFDC_Real,0,UCF,visual,0.1518,probability,151.02,N/A,N/A,ok,
dfdc_test_002680,DFDC-DFDC_Real,0,UCF,visual,0.5664,probability,129.62,N/A,N/A,ok,
dfdc_test_002681,DFDC-DFDC_Real,0,UCF,visual,0.6703,probability,222.81,N/A,N/A,ok,
dfdc_test_002682,DFDC-DFDC_Real,0,UCF,visual,0.0249,probability,165.58,N/A,N/A,ok,
dfdc_test_002683,DFDC-DFDC_Real,0,UCF,visual,0.6733,probability,143.21,N/A,N/A,ok,
dfdc_test_002684,DFDC-DFDC_Real,0,UCF,visual,0.9184,probability,153.62,N/A,N/A,ok,
dfdc_test_002685,DFDC-DFDC_Real,0,UCF,visual,0.7646,probability,127.98,N/A,N/A,ok,
dfdc_test_002686,DFDC-DFDC_Real,0,UCF,visual,0.0329,probability,164.99,N/A,N/A,ok,
dfdc_test_002687,DFDC-DFDC_Real,0,UCF,visual,0.7514,probability,141.08,N/A,N/A,ok,
dfdc_test_002688,DFDC-DFDC_Real,0,UCF,visual,0.0628,probability,131.56,N/A,N/A,ok,
dfdc_test_002689,DFDC-DFDC_Real,0,UCF,visual,0.3528,probability,130.93,N/A,N/A,ok,
dfdc_test_002690,DFDC-DFDC_Real,0,UCF,visual,0.5069,probability,154.72,N/A,N/A,ok,
dfdc_test_002691,DFDC-DFDC_Real,0,UCF,visual,0.463,probability,188.73,N/A,N/A,ok,
dfdc_test_002692,DFDC-DFDC_Real,0,UCF,visual,0.7517,probability,181.77,N/A,N/A,ok,
dfdc_test_002693,DFDC-DFDC_Real,0,UCF,visual,0.7211,probability,133.86,N/A,N/A,ok,
dfdc_test_002694,DFDC-DFDC_Real,0,UCF,visual,0.0175,probability,170.07,N/A,N/A,ok,
dfdc_test_002695,DFDC-DFDC_Real,0,UCF,visual,0.0899,probability,125.65,N/A,N/A,ok,
dfdc_test_002696,DFDC-DFDC_Real,0,UCF,visual,0.2749,probability,174.15,N/A,N/A,ok,
dfdc_test_002697,DFDC-DFDC_Real,0,UCF,visual,0.3739,probability,157.84,N/A,N/A,ok,
dfdc_test_002698,DFDC-DFDC_Real,0,UCF,visual,0.015,probability,131.19,N/A,N/A,ok,
dfdc_test_002699,DFDC-DFDC_Real,0,UCF,visual,0.1917,probability,182.09,N/A,N/A,ok,
dfdc_test_002700,DFDC-DFDC_Real,0,UCF,visual,0.6858,probability,136.65,N/A,N/A,ok,
dfdc_test_002701,DFDC-DFDC_Real,0,UCF,visual,0.9724,probability,143.84,N/A,N/A,ok,
dfdc_test_002702,DFDC-DFDC_Real,0,UCF,visual,0.3372,probability,185.67,N/A,N/A,ok,
dfdc_test_002703,DFDC-DFDC_Real,0,UCF,visual,0.051,probability,180.52,N/A,N/A,ok,
dfdc_test_002704,DFDC-DFDC_Real,0,UCF,visual,0.6558,probability,170.76,N/A,N/A,ok,
dfdc_test_002705,DFDC-DFDC_Real,0,UCF,visual,0.7741,probability,194.71,N/A,N/A,ok,
dfdc_test_002706,DFDC-DFDC_Real,0,UCF,visual,0.2707,probability,171.46,N/A,N/A,ok,
dfdc_test_002707,DFDC-DFDC_Real,0,UCF,visual,0.9787,probability,174.23,N/A,N/A,ok,
dfdc_test_002708,DFDC-DFDC_Real,0,UCF,visual,0.4392,probability,127.21,N/A,N/A,ok,
dfdc_test_002709,DFDC-DFDC_Real,0,UCF,visual,0.3042,probability,171.38,N/A,N/A,ok,
dfdc_test_002710,DFDC-DFDC_Real,0,UCF,visual,0.5785,probability,137.67,N/A,N/A,ok,
dfdc_test_002711,DFDC-DFDC_Real,0,UCF,visual,0.4194,probability,211.84,N/A,N/A,ok,
dfdc_test_002712,DFDC-DFDC_Real,0,UCF,visual,0.418,probability,142.07,N/A,N/A,ok,
dfdc_test_002713,DFDC-DFDC_Real,0,UCF,visual,0.2518,probability,128.12,N/A,N/A,ok,
dfdc_test_002714,DFDC-DFDC_Real,0,UCF,visual,0.2661,probability,128.17,N/A,N/A,ok,
dfdc_test_002715,DFDC-DFDC_Real,0,UCF,visual,0.9867,probability,115.51,N/A,N/A,ok,
dfdc_test_002716,DFDC-DFDC_Real,0,UCF,visual,0.1397,probability,117.72,N/A,N/A,ok,
dfdc_test_002717,DFDC-DFDC_Real,0,UCF,visual,0.0781,probability,108.12,N/A,N/A,ok,
dfdc_test_002718,DFDC-DFDC_Real,0,UCF,visual,0.3226,probability,141.67,N/A,N/A,ok,
dfdc_test_002719,DFDC-DFDC_Real,0,UCF,visual,0.7956,probability,119.18,N/A,N/A,ok,
dfdc_test_002720,DFDC-DFDC_Real,0,UCF,visual,0.1262,probability,152.95,N/A,N/A,ok,
dfdc_test_002721,DFDC-DFDC_Real,0,UCF,visual,0.5463,probability,135.33,N/A,N/A,ok,
dfdc_test_002722,DFDC-DFDC_Real,0,UCF,visual,0.0447,probability,156.97,N/A,N/A,ok,
dfdc_test_002723,DFDC-DFDC_Real,0,UCF,visual,0.7573,probability,176.86,N/A,N/A,ok,
dfdc_test_002724,DFDC-DFDC_Real,0,UCF,visual,0.9784,probability,159.78,N/A,N/A,ok,
dfdc_test_002725,DFDC-DFDC_Real,0,UCF,visual,0.102,probability,147.18,N/A,N/A,ok,
dfdc_test_002726,DFDC-DFDC_Real,0,UCF,visual,0.6728,probability,268.6,N/A,N/A,ok,
dfdc_test_002727,DFDC-DFDC_Real,0,UCF,visual,0.4334,probability,155.04,N/A,N/A,ok,
dfdc_test_002728,DFDC-DFDC_Real,0,UCF,visual,0.4271,probability,145.8,N/A,N/A,ok,
dfdc_test_002729,DFDC-DFDC_Real,0,UCF,visual,0.3707,probability,172.37,N/A,N/A,ok,
dfdc_test_002730,DFDC-DFDC_Real,0,UCF,visual,0.0887,probability,187.8,N/A,N/A,ok,
dfdc_test_002731,DFDC-DFDC_Real,0,UCF,visual,0.1782,probability,135.8,N/A,N/A,ok,
dfdc_test_002732,DFDC-DFDC_Real,0,UCF,visual,0.2586,probability,202.02,N/A,N/A,ok,
dfdc_test_002733,DFDC-DFDC_Real,0,UCF,visual,0.5232,probability,161.81,N/A,N/A,ok,
dfdc_test_002734,DFDC-DFDC_Real,0,UCF,visual,0.1728,probability,188.59,N/A,N/A,ok,
dfdc_test_002735,DFDC-DFDC_Real,0,UCF,visual,0.9916,probability,168.43,N/A,N/A,ok,
dfdc_test_002736,DFDC-DFDC_Real,0,UCF,visual,0.9291,probability,271.67,N/A,N/A,ok,
dfdc_test_002737,DFDC-DFDC_Real,0,UCF,visual,0.0359,probability,144.36,N/A,N/A,ok,
dfdc_test_002738,DFDC-DFDC_Real,0,UCF,visual,0.3098,probability,156.71,N/A,N/A,ok,
dfdc_test_002739,DFDC-DFDC_Real,0,UCF,visual,0.5269,probability,164.12,N/A,N/A,ok,
dfdc_test_002740,DFDC-DFDC_Real,0,UCF,visual,0.0169,probability,146.62,N/A,N/A,ok,
dfdc_test_002741,DFDC-DFDC_Real,0,UCF,visual,0.4415,probability,214.22,N/A,N/A,ok,
dfdc_test_002742,DFDC-DFDC_Real,0,UCF,visual,0.5622,probability,180.07,N/A,N/A,ok,
dfdc_test_002743,DFDC-DFDC_Real,0,UCF,visual,0.5468,probability,130.81,N/A,N/A,ok,
dfdc_test_002744,DFDC-DFDC_Real,0,UCF,visual,0.5903,probability,175.7,N/A,N/A,ok,
dfdc_test_002745,DFDC-DFDC_Real,0,UCF,visual,0.1277,probability,141.62,N/A,N/A,ok,
dfdc_test_002746,DFDC-DFDC_Real,0,UCF,visual,0.4387,probability,164.81,N/A,N/A,ok,
dfdc_test_002747,DFDC-DFDC_Real,0,UCF,visual,0.2012,probability,126.04,N/A,N/A,ok,
dfdc_test_002748,DFDC-DFDC_Real,0,UCF,visual,0.7716,probability,133.09,N/A,N/A,ok,
dfdc_test_002749,DFDC-DFDC_Real,0,UCF,visual,0.9413,probability,141.56,N/A,N/A,ok,
dfdc_test_002750,DFDC-DFDC_Real,0,UCF,visual,0.8693,probability,153.09,N/A,N/A,ok,
dfdc_test_002751,DFDC-DFDC_Real,0,UCF,visual,0.9249,probability,145.16,N/A,N/A,ok,
dfdc_test_002752,DFDC-DFDC_Real,0,UCF,visual,0.4504,probability,128.52,N/A,N/A,ok,
dfdc_test_002753,DFDC-DFDC_Real,0,UCF,visual,0.193,probability,147.55,N/A,N/A,ok,
dfdc_test_002754,DFDC-DFDC_Real,0,UCF,visual,0.2454,probability,159.8,N/A,N/A,ok,
dfdc_test_002755,DFDC-DFDC_Real,0,UCF,visual,0.0127,probability,215.14,N/A,N/A,ok,
dfdc_test_002756,DFDC-DFDC_Real,0,UCF,visual,0.7941,probability,218.74,N/A,N/A,ok,
dfdc_test_002757,DFDC-DFDC_Real,0,UCF,visual,0.019,probability,164.02,N/A,N/A,ok,
dfdc_test_002758,DFDC-DFDC_Real,0,UCF,visual,0.859,probability,174.3,N/A,N/A,ok,
dfdc_test_002759,DFDC-DFDC_Real,0,UCF,visual,0.4181,probability,180.87,N/A,N/A,ok,
dfdc_test_002760,DFDC-DFDC_Real,0,UCF,visual,0.1873,probability,158.6,N/A,N/A,ok,
dfdc_test_002761,DFDC-DFDC_Real,0,UCF,visual,0.5426,probability,158.43,N/A,N/A,ok,
dfdc_test_002762,DFDC-DFDC_Real,0,UCF,visual,0.3791,probability,157.04,N/A,N/A,ok,
dfdc_test_002763,DFDC-DFDC_Real,0,UCF,visual,0.5042,probability,209.26,N/A,N/A,ok,
dfdc_test_002764,DFDC-DFDC_Real,0,UCF,visual,0.9833,probability,159.99,N/A,N/A,ok,
dfdc_test_002765,DFDC-DFDC_Real,0,UCF,visual,0.3143,probability,150.91,N/A,N/A,ok,
dfdc_test_002766,DFDC-DFDC_Real,0,UCF,visual,0.075,probability,156.43,N/A,N/A,ok,
dfdc_test_002767,DFDC-DFDC_Real,0,UCF,visual,0.3696,probability,160.68,N/A,N/A,ok,
dfdc_test_002768,DFDC-DFDC_Real,0,UCF,visual,0.1683,probability,165.18,N/A,N/A,ok,
dfdc_test_002769,DFDC-DFDC_Real,0,UCF,visual,0.013,probability,190.37,N/A,N/A,ok,
dfdc_test_002770,DFDC-DFDC_Real,0,UCF,visual,0.9912,probability,167.92,N/A,N/A,ok,
dfdc_test_002771,DFDC-DFDC_Real,0,UCF,visual,0.1648,probability,145.02,N/A,N/A,ok,
dfdc_test_002772,DFDC-DFDC_Real,0,UCF,visual,0.1046,probability,162.36,N/A,N/A,ok,
dfdc_test_002773,DFDC-DFDC_Real,0,UCF,visual,0.4551,probability,150.42,N/A,N/A,ok,
dfdc_test_002774,DFDC-DFDC_Real,0,UCF,visual,0.4623,probability,176.62,N/A,N/A,ok,
dfdc_test_002775,DFDC-DFDC_Real,0,UCF,visual,0.2273,probability,232.44,N/A,N/A,ok,
dfdc_test_002776,DFDC-DFDC_Real,0,UCF,visual,0.2814,probability,200.7,N/A,N/A,ok,
dfdc_test_002777,DFDC-DFDC_Real,0,UCF,visual,0.6929,probability,220.07,N/A,N/A,ok,
dfdc_test_002778,DFDC-DFDC_Real,0,UCF,visual,0.3371,probability,221.94,N/A,N/A,ok,
dfdc_test_002779,DFDC-DFDC_Real,0,UCF,visual,0.0423,probability,202.42,N/A,N/A,ok,
dfdc_test_002780,DFDC-DFDC_Real,0,UCF,visual,0.9933,probability,191.2,N/A,N/A,ok,
dfdc_test_002781,DFDC-DFDC_Real,0,UCF,visual,0.6442,probability,199.72,N/A,N/A,ok,
dfdc_test_002782,DFDC-DFDC_Real,0,UCF,visual,0.1011,probability,187.47,N/A,N/A,ok,
dfdc_test_002783,DFDC-DFDC_Real,0,UCF,visual,0.9791,probability,148.23,N/A,N/A,ok,
dfdc_test_002784,DFDC-DFDC_Real,0,UCF,visual,0.1224,probability,158.88,N/A,N/A,ok,
dfdc_test_002785,DFDC-DFDC_Real,0,UCF,visual,0.329,probability,161.66,N/A,N/A,ok,
dfdc_test_002786,DFDC-DFDC_Real,0,UCF,visual,0.3902,probability,158.1,N/A,N/A,ok,
dfdc_test_002787,DFDC-DFDC_Real,0,UCF,visual,0.387,probability,181.05,N/A,N/A,ok,
dfdc_test_002788,DFDC-DFDC_Real,0,UCF,visual,0.2585,probability,180.76,N/A,N/A,ok,
dfdc_test_002789,DFDC-DFDC_Real,0,UCF,visual,0.4224,probability,138.82,N/A,N/A,ok,
dfdc_test_002790,DFDC-DFDC_Real,0,UCF,visual,0.0814,probability,143.69,N/A,N/A,ok,
dfdc_test_002791,DFDC-DFDC_Real,0,UCF,visual,0.773,probability,145.35,N/A,N/A,ok,
dfdc_test_002792,DFDC-DFDC_Real,0,UCF,visual,0.6685,probability,173.29,N/A,N/A,ok,
dfdc_test_002793,DFDC-DFDC_Real,0,UCF,visual,0.0793,probability,148.48,N/A,N/A,ok,
dfdc_test_002794,DFDC-DFDC_Real,0,UCF,visual,0.1708,probability,162.32,N/A,N/A,ok,
dfdc_test_002795,DFDC-DFDC_Real,0,UCF,visual,0.7103,probability,144.93,N/A,N/A,ok,
dfdc_test_002796,DFDC-DFDC_Real,0,UCF,visual,0.5187,probability,148.7,N/A,N/A,ok,
dfdc_test_002797,DFDC-DFDC_Real,0,UCF,visual,0.397,probability,131.53,N/A,N/A,ok,
dfdc_test_002798,DFDC-DFDC_Real,0,UCF,visual,0.2617,probability,195.7,N/A,N/A,ok,
dfdc_test_002799,DFDC-DFDC_Real,0,UCF,visual,0.358,probability,157.76,N/A,N/A,ok,
dfdc_test_002800,DFDC-DFDC_Real,0,UCF,visual,0.3515,probability,189.32,N/A,N/A,ok,
dfdc_test_002801,DFDC-DFDC_Real,0,UCF,visual,0.0881,probability,142.62,N/A,N/A,ok,
dfdc_test_002802,DFDC-DFDC_Real,0,UCF,visual,0.9514,probability,135.27,N/A,N/A,ok,
dfdc_test_002803,DFDC-DFDC_Real,0,UCF,visual,0.4471,probability,136.54,N/A,N/A,ok,
dfdc_test_002804,DFDC-DFDC_Real,0,UCF,visual,0.76,probability,149.95,N/A,N/A,ok,
dfdc_test_002805,DFDC-DFDC_Real,0,UCF,visual,0.6022,probability,190.74,N/A,N/A,ok,
dfdc_test_002806,DFDC-DFDC_Real,0,UCF,visual,0.7982,probability,198.82,N/A,N/A,ok,
dfdc_test_002807,DFDC-DFDC_Real,0,UCF,visual,0.1618,probability,174.95,N/A,N/A,ok,
dfdc_test_002808,DFDC-DFDC_Real,0,UCF,visual,0.6868,probability,144.85,N/A,N/A,ok,
dfdc_test_002809,DFDC-DFDC_Real,0,UCF,visual,0.0617,probability,143.04,N/A,N/A,ok,
dfdc_test_002810,DFDC-DFDC_Real,0,UCF,visual,0.0307,probability,171.82,N/A,N/A,ok,
dfdc_test_002811,DFDC-DFDC_Real,0,UCF,visual,0.1771,probability,163.31,N/A,N/A,ok,
dfdc_test_002812,DFDC-DFDC_Real,0,UCF,visual,0.4779,probability,203.76,N/A,N/A,ok,
dfdc_test_002813,DFDC-DFDC_Real,0,UCF,visual,0.3922,probability,158.06,N/A,N/A,ok,
dfdc_test_002814,DFDC-DFDC_Real,0,UCF,visual,0.031,probability,155.94,N/A,N/A,ok,
dfdc_test_002815,DFDC-DFDC_Real,0,UCF,visual,0.8099,probability,167.81,N/A,N/A,ok,
dfdc_test_002816,DFDC-DFDC_Real,0,UCF,visual,0.2402,probability,190.55,N/A,N/A,ok,
dfdc_test_002817,DFDC-DFDC_Real,0,UCF,visual,0.4949,probability,131.56,N/A,N/A,ok,
dfdc_test_002818,DFDC-DFDC_Real,0,UCF,visual,0.1761,probability,132.1,N/A,N/A,ok,
dfdc_test_002819,DFDC-DFDC_Real,0,UCF,visual,0.0569,probability,131.55,N/A,N/A,ok,
dfdc_test_002820,DFDC-DFDC_Real,0,UCF,visual,0.0163,probability,119.36,N/A,N/A,ok,
dfdc_test_002821,DFDC-DFDC_Real,0,UCF,visual,0.6197,probability,135.26,N/A,N/A,ok,
dfdc_test_002822,DFDC-DFDC_Real,0,UCF,visual,0.7025,probability,142.13,N/A,N/A,ok,
dfdc_test_002823,DFDC-DFDC_Real,0,UCF,visual,0.751,probability,151.41,N/A,N/A,ok,
dfdc_test_002824,DFDC-DFDC_Real,0,UCF,visual,0.8922,probability,176.78,N/A,N/A,ok,
dfdc_test_002825,DFDC-DFDC_Real,0,UCF,visual,0.4499,probability,194.31,N/A,N/A,ok,
dfdc_test_002826,DFDC-DFDC_Real,0,UCF,visual,0.5487,probability,184.33,N/A,N/A,ok,
dfdc_test_002827,DFDC-DFDC_Real,0,UCF,visual,0.9207,probability,215.43,N/A,N/A,ok,
dfdc_test_002828,DFDC-DFDC_Real,0,UCF,visual,0.0936,probability,181.5,N/A,N/A,ok,
dfdc_test_002829,DFDC-DFDC_Real,0,UCF,visual,0.4499,probability,166.75,N/A,N/A,ok,
dfdc_test_002830,DFDC-DFDC_Real,0,UCF,visual,0.1451,probability,237.35,N/A,N/A,ok,
dfdc_test_002831,DFDC-DFDC_Real,0,UCF,visual,0.8836,probability,255.62,N/A,N/A,ok,
dfdc_test_002832,DFDC-DFDC_Real,0,UCF,visual,0.2484,probability,235.8,N/A,N/A,ok,
dfdc_test_002833,DFDC-DFDC_Real,0,UCF,visual,0.9692,probability,292.96,N/A,N/A,ok,
dfdc_test_002834,DFDC-DFDC_Real,0,UCF,visual,0.6511,probability,206.51,N/A,N/A,ok,
dfdc_test_002835,DFDC-DFDC_Real,0,UCF,visual,0.8553,probability,181.6,N/A,N/A,ok,
dfdc_test_002836,DFDC-DFDC_Real,0,UCF,visual,0.6533,probability,177.97,N/A,N/A,ok,
dfdc_test_002837,DFDC-DFDC_Real,0,UCF,visual,0.3218,probability,186.76,N/A,N/A,ok,
dfdc_test_002838,DFDC-DFDC_Real,0,UCF,visual,0.6288,probability,188.7,N/A,N/A,ok,
dfdc_test_002839,DFDC-DFDC_Real,0,UCF,visual,0.4988,probability,153.05,N/A,N/A,ok,
dfdc_test_002840,DFDC-DFDC_Real,0,UCF,visual,0.8928,probability,155.34,N/A,N/A,ok,
dfdc_test_002841,DFDC-DFDC_Real,0,UCF,visual,0.0639,probability,121.42,N/A,N/A,ok,
dfdc_test_002842,DFDC-DFDC_Real,0,UCF,visual,0.1962,probability,120.41,N/A,N/A,ok,
dfdc_test_002843,DFDC-DFDC_Real,0,UCF,visual,0.0421,probability,120.8,N/A,N/A,ok,
dfdc_test_002844,DFDC-DFDC_Real,0,UCF,visual,0.6781,probability,153.27,N/A,N/A,ok,
dfdc_test_002845,DFDC-DFDC_Real,0,UCF,visual,0.7609,probability,178.53,N/A,N/A,ok,
dfdc_test_002846,DFDC-DFDC_Real,0,UCF,visual,0.0695,probability,154.7,N/A,N/A,ok,
dfdc_test_002847,DFDC-DFDC_Real,0,UCF,visual,0.4285,probability,166.14,N/A,N/A,ok,
dfdc_test_002848,DFDC-DFDC_Real,0,UCF,visual,0.0262,probability,182.0,N/A,N/A,ok,
dfdc_test_002849,DFDC-DFDC_Real,0,UCF,visual,0.6741,probability,169.16,N/A,N/A,ok,
dfdc_test_002850,DFDC-DFDC_Real,0,UCF,visual,0.552,probability,193.5,N/A,N/A,ok,
dfdc_test_002851,DFDC-DFDC_Real,0,UCF,visual,0.8493,probability,157.69,N/A,N/A,ok,
dfdc_test_002852,DFDC-DFDC_Real,0,UCF,visual,0.2045,probability,179.79,N/A,N/A,ok,
dfdc_test_002853,DFDC-DFDC_Real,0,UCF,visual,0.2063,probability,176.75,N/A,N/A,ok,
dfdc_test_002854,DFDC-DFDC_Real,0,UCF,visual,0.4716,probability,178.94,N/A,N/A,ok,
dfdc_test_002855,DFDC-DFDC_Real,0,UCF,visual,0.0206,probability,213.44,N/A,N/A,ok,
dfdc_test_002856,DFDC-DFDC_Real,0,UCF,visual,0.8353,probability,195.39,N/A,N/A,ok,
dfdc_test_002857,DFDC-DFDC_Real,0,UCF,visual,0.1156,probability,171.57,N/A,N/A,ok,
dfdc_test_002858,DFDC-DFDC_Real,0,UCF,visual,0.4893,probability,165.4,N/A,N/A,ok,
dfdc_test_002859,DFDC-DFDC_Real,0,UCF,visual,0.7003,probability,162.39,N/A,N/A,ok,
dfdc_test_002860,DFDC-DFDC_Real,0,UCF,visual,0.3709,probability,176.94,N/A,N/A,ok,
dfdc_test_002861,DFDC-DFDC_Real,0,UCF,visual,0.3601,probability,175.24,N/A,N/A,ok,
dfdc_test_002862,DFDC-DFDC_Real,0,UCF,visual,0.6703,probability,149.34,N/A,N/A,ok,
dfdc_test_002863,DFDC-DFDC_Real,0,UCF,visual,0.8134,probability,148.42,N/A,N/A,ok,
dfdc_test_002864,DFDC-DFDC_Real,0,UCF,visual,0.8418,probability,192.55,N/A,N/A,ok,
dfdc_test_002865,DFDC-DFDC_Real,0,UCF,visual,0.0626,probability,186.29,N/A,N/A,ok,
dfdc_test_002866,DFDC-DFDC_Real,0,UCF,visual,0.0339,probability,179.55,N/A,N/A,ok,
dfdc_test_002867,DFDC-DFDC_Real,0,UCF,visual,0.4839,probability,168.37,N/A,N/A,ok,
dfdc_test_002868,DFDC-DFDC_Real,0,UCF,visual,0.7296,probability,153.12,N/A,N/A,ok,
dfdc_test_002869,DFDC-DFDC_Real,0,UCF,visual,0.9755,probability,139.38,N/A,N/A,ok,
dfdc_test_002870,DFDC-DFDC_Real,0,UCF,visual,0.683,probability,186.36,N/A,N/A,ok,
dfdc_test_002871,DFDC-DFDC_Real,0,UCF,visual,0.5537,probability,149.03,N/A,N/A,ok,
dfdc_test_002872,DFDC-DFDC_Real,0,UCF,visual,0.0981,probability,164.86,N/A,N/A,ok,
dfdc_test_002873,DFDC-DFDC_Real,0,UCF,visual,0.3242,probability,150.1,N/A,N/A,ok,
dfdc_test_002874,DFDC-DFDC_Real,0,UCF,visual,0.0193,probability,169.02,N/A,N/A,ok,
dfdc_test_002875,DFDC-DFDC_Real,0,UCF,visual,0.2211,probability,177.57,N/A,N/A,ok,
dfdc_test_002876,DFDC-DFDC_Real,0,UCF,visual,0.4348,probability,173.94,N/A,N/A,ok,
dfdc_test_002877,DFDC-DFDC_Real,0,UCF,visual,0.0241,probability,179.16,N/A,N/A,ok,
dfdc_test_002878,DFDC-DFDC_Real,0,UCF,visual,0.0609,probability,175.34,N/A,N/A,ok,
dfdc_test_002879,DFDC-DFDC_Real,0,UCF,visual,0.2402,probability,181.47,N/A,N/A,ok,
dfdc_test_002880,DFDC-DFDC_Real,0,UCF,visual,0.7292,probability,158.61,N/A,N/A,ok,
dfdc_test_002881,DFDC-DFDC_Real,0,UCF,visual,0.2786,probability,150.84,N/A,N/A,ok,
dfdc_test_002882,DFDC-DFDC_Real,0,UCF,visual,0.0391,probability,156.06,N/A,N/A,ok,
dfdc_test_002883,DFDC-DFDC_Real,0,UCF,visual,0.8493,probability,199.54,N/A,N/A,ok,
dfdc_test_002884,DFDC-DFDC_Real,0,UCF,visual,0.6974,probability,132.82,N/A,N/A,ok,
dfdc_test_002885,DFDC-DFDC_Real,0,UCF,visual,0.9819,probability,203.11,N/A,N/A,ok,
dfdc_test_002886,DFDC-DFDC_Real,0,UCF,visual,0.7667,probability,156.39,N/A,N/A,ok,
dfdc_test_002887,DFDC-DFDC_Real,0,UCF,visual,0.0252,probability,181.2,N/A,N/A,ok,
dfdc_test_002888,DFDC-DFDC_Real,0,UCF,visual,0.4997,probability,142.33,N/A,N/A,ok,
dfdc_test_002889,DFDC-DFDC_Real,0,UCF,visual,0.0716,probability,174.26,N/A,N/A,ok,
dfdc_test_002890,DFDC-DFDC_Real,0,UCF,visual,0.1192,probability,163.81,N/A,N/A,ok,
dfdc_test_002891,DFDC-DFDC_Real,0,UCF,visual,0.3388,probability,183.5,N/A,N/A,ok,
dfdc_test_002892,DFDC-DFDC_Real,0,UCF,visual,0.9583,probability,187.13,N/A,N/A,ok,
dfdc_test_002893,DFDC-DFDC_Real,0,UCF,visual,0.2439,probability,149.99,N/A,N/A,ok,
dfdc_test_002894,DFDC-DFDC_Real,0,UCF,visual,0.1757,probability,146.46,N/A,N/A,ok,
dfdc_test_002895,DFDC-DFDC_Real,0,UCF,visual,0.5224,probability,161.52,N/A,N/A,ok,
dfdc_test_002896,DFDC-DFDC_Real,0,UCF,visual,0.0352,probability,158.47,N/A,N/A,ok,
dfdc_test_002897,DFDC-DFDC_Real,0,UCF,visual,0.064,probability,143.13,N/A,N/A,ok,
dfdc_test_002898,DFDC-DFDC_Real,0,UCF,visual,0.0204,probability,140.2,N/A,N/A,ok,
dfdc_test_002899,DFDC-DFDC_Real,0,UCF,visual,0.6984,probability,156.51,N/A,N/A,ok,
dfdc_test_002900,DFDC-DFDC_Real,0,UCF,visual,0.8821,probability,133.22,N/A,N/A,ok,
dfdc_test_002901,DFDC-DFDC_Real,0,UCF,visual,0.3257,probability,163.94,N/A,N/A,ok,
dfdc_test_002902,DFDC-DFDC_Real,0,UCF,visual,0.6952,probability,130.33,N/A,N/A,ok,
dfdc_test_002903,DFDC-DFDC_Real,0,UCF,visual,0.0179,probability,120.25,N/A,N/A,ok,
dfdc_test_002904,DFDC-DFDC_Real,0,UCF,visual,0.2486,probability,136.16,N/A,N/A,ok,
dfdc_test_002905,DFDC-DFDC_Real,0,UCF,visual,0.3701,probability,203.21,N/A,N/A,ok,
dfdc_test_002906,DFDC-DFDC_Real,0,UCF,visual,0.2339,probability,232.29,N/A,N/A,ok,
dfdc_test_002907,DFDC-DFDC_Real,0,UCF,visual,0.993,probability,241.17,N/A,N/A,ok,
dfdc_test_002908,DFDC-DFDC_Real,0,UCF,visual,0.7759,probability,174.2,N/A,N/A,ok,
dfdc_test_002909,DFDC-DFDC_Real,0,UCF,visual,0.0124,probability,166.12,N/A,N/A,ok,
dfdc_test_002910,DFDC-DFDC_Real,0,UCF,visual,0.2152,probability,211.37,N/A,N/A,ok,
dfdc_test_002911,DFDC-DFDC_Real,0,UCF,visual,0.2449,probability,139.29,N/A,N/A,ok,
dfdc_test_002912,DFDC-DFDC_Real,0,UCF,visual,0.3996,probability,172.69,N/A,N/A,ok,
dfdc_test_002913,DFDC-DFDC_Real,0,UCF,visual,0.5209,probability,192.4,N/A,N/A,ok,
dfdc_test_002914,DFDC-DFDC_Real,0,UCF,visual,0.1001,probability,165.66,N/A,N/A,ok,
dfdc_test_002915,DFDC-DFDC_Real,0,UCF,visual,0.01,probability,207.79,N/A,N/A,ok,
dfdc_test_002916,DFDC-DFDC_Real,0,UCF,visual,0.2973,probability,236.36,N/A,N/A,ok,
dfdc_test_002917,DFDC-DFDC_Real,0,UCF,visual,0.932,probability,136.89,N/A,N/A,ok,
dfdc_test_002918,DFDC-DFDC_Real,0,UCF,visual,0.5608,probability,147.81,N/A,N/A,ok,
dfdc_test_002919,DFDC-DFDC_Real,0,UCF,visual,0.4449,probability,194.01,N/A,N/A,ok,
dfdc_test_002920,DFDC-DFDC_Real,0,UCF,visual,0.6315,probability,177.74,N/A,N/A,ok,
dfdc_test_002921,DFDC-DFDC_Real,0,UCF,visual,0.502,probability,220.79,N/A,N/A,ok,
dfdc_test_002922,DFDC-DFDC_Real,0,UCF,visual,0.1998,probability,154.15,N/A,N/A,ok,
dfdc_test_002923,DFDC-DFDC_Real,0,UCF,visual,0.4167,probability,165.69,N/A,N/A,ok,
dfdc_test_002924,DFDC-DFDC_Real,0,UCF,visual,0.7203,probability,181.81,N/A,N/A,ok,
dfdc_test_002925,DFDC-DFDC_Real,0,UCF,visual,0.3837,probability,148.94,N/A,N/A,ok,
dfdc_test_002926,DFDC-DFDC_Real,0,UCF,visual,0.3215,probability,198.51,N/A,N/A,ok,
dfdc_test_002927,DFDC-DFDC_Real,0,UCF,visual,0.7573,probability,164.95,N/A,N/A,ok,
dfdc_test_002928,DFDC-DFDC_Real,0,UCF,visual,0.2867,probability,207.04,N/A,N/A,ok,
dfdc_test_002929,DFDC-DFDC_Real,0,UCF,visual,0.1432,probability,185.94,N/A,N/A,ok,
dfdc_test_002930,DFDC-DFDC_Real,0,UCF,visual,0.618,probability,161.58,N/A,N/A,ok,
dfdc_test_002931,DFDC-DFDC_Real,0,UCF,visual,0.6513,probability,160.34,N/A,N/A,ok,
dfdc_test_002932,DFDC-DFDC_Real,0,UCF,visual,0.1057,probability,246.29,N/A,N/A,ok,
dfdc_test_002933,DFDC-DFDC_Real,0,UCF,visual,0.1327,probability,136.71,N/A,N/A,ok,
dfdc_test_002934,DFDC-DFDC_Real,0,UCF,visual,0.0751,probability,177.72,N/A,N/A,ok,
dfdc_test_002935,DFDC-DFDC_Real,0,UCF,visual,0.306,probability,195.75,N/A,N/A,ok,
dfdc_test_002936,DFDC-DFDC_Real,0,UCF,visual,0.4747,probability,140.1,N/A,N/A,ok,
dfdc_test_002937,DFDC-DFDC_Real,0,UCF,visual,0.9617,probability,118.34,N/A,N/A,ok,
dfdc_test_002938,DFDC-DFDC_Real,0,UCF,visual,0.9192,probability,127.2,N/A,N/A,ok,
dfdc_test_002939,DFDC-DFDC_Real,0,UCF,visual,0.0692,probability,143.36,N/A,N/A,ok,
dfdc_test_002940,DFDC-DFDC_Real,0,UCF,visual,0.6054,probability,128.8,N/A,N/A,ok,
dfdc_test_002941,DFDC-DFDC_Real,0,UCF,visual,0.5122,probability,142.37,N/A,N/A,ok,
dfdc_test_002942,DFDC-DFDC_Real,0,UCF,visual,0.9818,probability,176.1,N/A,N/A,ok,
dfdc_test_002943,DFDC-DFDC_Real,0,UCF,visual,0.552,probability,198.13,N/A,N/A,ok,
dfdc_test_002944,DFDC-DFDC_Real,0,UCF,visual,0.2953,probability,217.72,N/A,N/A,ok,
dfdc_test_002945,DFDC-DFDC_Real,0,UCF,visual,0.5772,probability,232.27,N/A,N/A,ok,
dfdc_test_002946,DFDC-DFDC_Real,0,UCF,visual,0.9888,probability,261.88,N/A,N/A,ok,
dfdc_test_002947,DFDC-DFDC_Real,0,UCF,visual,0.0166,probability,215.92,N/A,N/A,ok,
dfdc_test_002948,DFDC-DFDC_Real,0,UCF,visual,0.1078,probability,220.64,N/A,N/A,ok,
dfdc_test_002949,DFDC-DFDC_Real,0,UCF,visual,0.3679,probability,199.64,N/A,N/A,ok,
dfdc_test_002950,DFDC-DFDC_Real,0,UCF,visual,0.9644,probability,224.17,N/A,N/A,ok,
dfdc_test_002951,DFDC-DFDC_Real,0,UCF,visual,0.4201,probability,160.88,N/A,N/A,ok,
dfdc_test_002952,DFDC-DFDC_Real,0,UCF,visual,0.3211,probability,158.2,N/A,N/A,ok,
dfdc_test_002953,DFDC-DFDC_Real,0,UCF,visual,0.2696,probability,176.12,N/A,N/A,ok,
dfdc_test_002954,DFDC-DFDC_Real,0,UCF,visual,0.4416,probability,279.74,N/A,N/A,ok,
dfdc_test_002955,DFDC-DFDC_Real,0,UCF,visual,0.7005,probability,193.96,N/A,N/A,ok,
dfdc_test_002956,DFDC-DFDC_Real,0,UCF,visual,0.2183,probability,202.04,N/A,N/A,ok,
dfdc_test_002957,DFDC-DFDC_Real,0,UCF,visual,0.6511,probability,189.95,N/A,N/A,ok,
dfdc_test_002958,DFDC-DFDC_Real,0,UCF,visual,0.165,probability,167.99,N/A,N/A,ok,
dfdc_test_002959,DFDC-DFDC_Real,0,UCF,visual,0.0274,probability,232.05,N/A,N/A,ok,
dfdc_test_002960,DFDC-DFDC_Real,0,UCF,visual,0.14,probability,175.84,N/A,N/A,ok,
dfdc_test_002961,DFDC-DFDC_Real,0,UCF,visual,0.6602,probability,151.92,N/A,N/A,ok,
dfdc_test_002962,DFDC-DFDC_Real,0,UCF,visual,0.6378,probability,168.77,N/A,N/A,ok,
dfdc_test_002963,DFDC-DFDC_Real,0,UCF,visual,0.702,probability,153.07,N/A,N/A,ok,
dfdc_test_002964,DFDC-DFDC_Real,0,UCF,visual,0.1661,probability,166.97,N/A,N/A,ok,
dfdc_test_002965,DFDC-DFDC_Real,0,UCF,visual,0.1401,probability,164.88,N/A,N/A,ok,
dfdc_test_002966,DFDC-DFDC_Real,0,UCF,visual,0.6698,probability,172.46,N/A,N/A,ok,
dfdc_test_002967,DFDC-DFDC_Real,0,UCF,visual,0.0692,probability,159.06,N/A,N/A,ok,
dfdc_test_002968,DFDC-DFDC_Real,0,UCF,visual,0.0328,probability,174.51,N/A,N/A,ok,
dfdc_test_002969,DFDC-DFDC_Real,0,UCF,visual,0.3797,probability,163.67,N/A,N/A,ok,
dfdc_test_002970,DFDC-DFDC_Real,0,UCF,visual,0.4677,probability,154.99,N/A,N/A,ok,
dfdc_test_002971,DFDC-DFDC_Real,0,UCF,visual,0.0131,probability,135.65,N/A,N/A,ok,
dfdc_test_002972,DFDC-DFDC_Real,0,UCF,visual,0.676,probability,132.9,N/A,N/A,ok,
dfdc_test_002973,DFDC-DFDC_Real,0,UCF,visual,0.0479,probability,120.45,N/A,N/A,ok,
dfdc_test_002974,DFDC-DFDC_Real,0,UCF,visual,0.5259,probability,170.51,N/A,N/A,ok,
dfdc_test_002975,DFDC-DFDC_Real,0,UCF,visual,0.029,probability,175.52,N/A,N/A,ok,
dfdc_test_002976,DFDC-DFDC_Real,0,UCF,visual,0.8403,probability,162.08,N/A,N/A,ok,
dfdc_test_002977,DFDC-DFDC_Real,0,UCF,visual,0.458,probability,197.58,N/A,N/A,ok,
dfdc_test_002978,DFDC-DFDC_Real,0,UCF,visual,0.4292,probability,140.67,N/A,N/A,ok,
dfdc_test_002979,DFDC-DFDC_Real,0,UCF,visual,0.7106,probability,122.61,N/A,N/A,ok,
dfdc_test_002980,DFDC-DFDC_Real,0,UCF,visual,0.133,probability,128.06,N/A,N/A,ok,
dfdc_test_002981,DFDC-DFDC_Real,0,UCF,visual,0.7186,probability,150.34,N/A,N/A,ok,
dfdc_test_002982,DFDC-DFDC_Real,0,UCF,visual,0.5222,probability,135.87,N/A,N/A,ok,
dfdc_test_002983,DFDC-DFDC_Real,0,UCF,visual,0.1915,probability,114.89,N/A,N/A,ok,
dfdc_test_002984,DFDC-DFDC_Real,0,UCF,visual,0.4134,probability,162.13,N/A,N/A,ok,
dfdc_test_002985,DFDC-DFDC_Real,0,UCF,visual,0.366,probability,138.79,N/A,N/A,ok,
dfdc_test_002986,DFDC-DFDC_Real,0,UCF,visual,0.5653,probability,133.42,N/A,N/A,ok,
dfdc_test_002987,DFDC-DFDC_Real,0,UCF,visual,0.4221,probability,110.46,N/A,N/A,ok,
dfdc_test_002988,DFDC-DFDC_Real,0,UCF,visual,0.9615,probability,204.02,N/A,N/A,ok,
dfdc_test_002989,DFDC-DFDC_Real,0,UCF,visual,0.5098,probability,224.31,N/A,N/A,ok,
dfdc_test_002990,DFDC-DFDC_Real,0,UCF,visual,0.2426,probability,237.59,N/A,N/A,ok,
dfdc_test_002991,DFDC-DFDC_Real,0,UCF,visual,0.373,probability,161.26,N/A,N/A,ok,
dfdc_test_002992,DFDC-DFDC_Real,0,UCF,visual,0.9515,probability,124.94,N/A,N/A,ok,
dfdc_test_002993,DFDC-DFDC_Real,0,UCF,visual,0.5025,probability,142.92,N/A,N/A,ok,
dfdc_test_002994,DFDC-DFDC_Real,0,UCF,visual,0.4094,probability,159.63,N/A,N/A,ok,
dfdc_test_002995,DFDC-DFDC_Real,0,UCF,visual,0.3249,probability,126.95,N/A,N/A,ok,
dfdc_test_002996,DFDC-DFDC_Real,0,UCF,visual,0.6806,probability,184.72,N/A,N/A,ok,
dfdc_test_002997,DFDC-DFDC_Real,0,UCF,visual,0.3661,probability,160.12,N/A,N/A,ok,
dfdc_test_002998,DFDC-DFDC_Real,0,UCF,visual,0.8498,probability,155.65,N/A,N/A,ok,
dfdc_test_002999,DFDC-DFDC_Real,0,UCF,visual,0.6867,probability,144.34,N/A,N/A,ok,
dfdc_test_003000,DFDC-DFDC_Real,0,UCF,visual,0.478,probability,146.42,N/A,N/A,ok,
dfdc_test_003001,DFDC-DFDC_Real,0,UCF,visual,0.0277,probability,135.44,N/A,N/A,ok,
dfdc_test_003002,DFDC-DFDC_Real,0,UCF,visual,0.2727,probability,127.77,N/A,N/A,ok,
dfdc_test_003003,DFDC-DFDC_Real,0,UCF,visual,0.3346,probability,156.02,N/A,N/A,ok,
dfdc_test_003004,DFDC-DFDC_Real,0,UCF,visual,0.636,probability,147.57,N/A,N/A,ok,
dfdc_test_003005,DFDC-DFDC_Real,0,UCF,visual,0.2952,probability,135.01,N/A,N/A,ok,
dfdc_test_003006,DFDC-DFDC_Real,0,UCF,visual,0.2248,probability,146.54,N/A,N/A,ok,
dfdc_test_003007,DFDC-DFDC_Real,0,UCF,visual,0.0395,probability,127.39,N/A,N/A,ok,
dfdc_test_003008,DFDC-DFDC_Real,0,UCF,visual,0.2882,probability,129.95,N/A,N/A,ok,
dfdc_test_003009,DFDC-DFDC_Real,0,UCF,visual,0.4007,probability,109.41,N/A,N/A,ok,
dfdc_test_003010,DFDC-DFDC_Real,0,UCF,visual,0.1189,probability,155.06,N/A,N/A,ok,
dfdc_test_003011,DFDC-DFDC_Real,0,UCF,visual,0.735,probability,134.65,N/A,N/A,ok,
dfdc_test_003012,DFDC-DFDC_Real,0,UCF,visual,0.5444,probability,126.53,N/A,N/A,ok,
dfdc_test_003013,DFDC-DFDC_Real,0,UCF,visual,0.5275,probability,137.34,N/A,N/A,ok,
dfdc_test_003014,DFDC-DFDC_Real,0,UCF,visual,0.2747,probability,153.71,N/A,N/A,ok,
dfdc_test_003015,DFDC-DFDC_Real,0,UCF,visual,0.2259,probability,242.65,N/A,N/A,ok,
dfdc_test_003016,DFDC-DFDC_Real,0,UCF,visual,0.5655,probability,183.82,N/A,N/A,ok,
dfdc_test_003017,DFDC-DFDC_Real,0,UCF,visual,0.0466,probability,173.47,N/A,N/A,ok,
dfdc_test_003018,DFDC-DFDC_Real,0,UCF,visual,0.5054,probability,211.46,N/A,N/A,ok,
dfdc_test_003019,DFDC-DFDC_Real,0,UCF,visual,0.7416,probability,193.53,N/A,N/A,ok,
dfdc_test_003020,DFDC-DFDC_Real,0,UCF,visual,0.3598,probability,199.85,N/A,N/A,ok,
dfdc_test_003021,DFDC-DFDC_Real,0,UCF,visual,0.052,probability,186.27,N/A,N/A,ok,
dfdc_test_003022,DFDC-DFDC_Real,0,UCF,visual,0.147,probability,180.07,N/A,N/A,ok,
dfdc_test_003023,DFDC-DFDC_Real,0,UCF,visual,0.609,probability,220.76,N/A,N/A,ok,
dfdc_test_003024,DFDC-DFDC_Real,0,UCF,visual,0.3636,probability,198.22,N/A,N/A,ok,
dfdc_test_003025,DFDC-DFDC_Real,0,UCF,visual,0.3823,probability,138.68,N/A,N/A,ok,
dfdc_test_003026,DFDC-DFDC_Real,0,UCF,visual,0.3464,probability,114.69,N/A,N/A,ok,
dfdc_test_003027,DFDC-DFDC_Real,0,UCF,visual,0.0575,probability,172.49,N/A,N/A,ok,
dfdc_test_003028,DFDC-DFDC_Real,0,UCF,visual,0.0666,probability,190.45,N/A,N/A,ok,
dfdc_test_003029,DFDC-DFDC_Real,0,UCF,visual,0.0537,probability,199.92,N/A,N/A,ok,
dfdc_test_003030,DFDC-DFDC_Real,0,UCF,visual,0.7502,probability,200.79,N/A,N/A,ok,
dfdc_test_003031,DFDC-DFDC_Real,0,UCF,visual,0.999,probability,148.46,N/A,N/A,ok,
dfdc_test_003032,DFDC-DFDC_Real,0,UCF,visual,0.3555,probability,149.39,N/A,N/A,ok,
dfdc_test_003033,DFDC-DFDC_Real,0,UCF,visual,0.8021,probability,158.78,N/A,N/A,ok,
dfdc_test_003034,DFDC-DFDC_Real,0,UCF,visual,0.6451,probability,374.82,N/A,N/A,ok,
dfdc_test_003035,DFDC-DFDC_Real,0,UCF,visual,0.3902,probability,202.85,N/A,N/A,ok,
dfdc_test_003036,DFDC-DFDC_Real,0,UCF,visual,0.2512,probability,181.89,N/A,N/A,ok,
dfdc_test_003037,DFDC-DFDC_Real,0,UCF,visual,0.0712,probability,135.41,N/A,N/A,ok,
dfdc_test_003038,DFDC-DFDC_Real,0,UCF,visual,0.5415,probability,158.37,N/A,N/A,ok,
dfdc_test_003039,DFDC-DFDC_Real,0,UCF,visual,0.1109,probability,151.87,N/A,N/A,ok,
dfdc_test_003040,DFDC-DFDC_Real,0,UCF,visual,0.3397,probability,141.36,N/A,N/A,ok,
dfdc_test_003041,DFDC-DFDC_Real,0,UCF,visual,0.3545,probability,164.39,N/A,N/A,ok,
dfdc_test_003042,DFDC-DFDC_Real,0,UCF,visual,0.6258,probability,135.42,N/A,N/A,ok,
dfdc_test_003043,DFDC-DFDC_Real,0,UCF,visual,0.6846,probability,134.36,N/A,N/A,ok,
dfdc_test_003044,DFDC-DFDC_Real,0,UCF,visual,0.2361,probability,149.1,N/A,N/A,ok,
dfdc_test_003045,DFDC-DFDC_Real,0,UCF,visual,0.2191,probability,140.61,N/A,N/A,ok,
dfdc_test_003046,DFDC-DFDC_Real,0,UCF,visual,0.0176,probability,152.84,N/A,N/A,ok,
dfdc_test_003047,DFDC-DFDC_Real,0,UCF,visual,0.0182,probability,163.2,N/A,N/A,ok,
dfdc_test_003048,DFDC-DFDC_Real,0,UCF,visual,0.015,probability,151.51,N/A,N/A,ok,
dfdc_test_003049,DFDC-DFDC_Real,0,UCF,visual,0.8617,probability,127.62,N/A,N/A,ok,
dfdc_test_003050,DFDC-DFDC_Real,0,UCF,visual,0.8062,probability,142.44,N/A,N/A,ok,
dfdc_test_003051,DFDC-DFDC_Real,0,UCF,visual,0.4453,probability,138.11,N/A,N/A,ok,
dfdc_test_003052,DFDC-DFDC_Real,0,UCF,visual,0.5366,probability,112.71,N/A,N/A,ok,
dfdc_test_003053,DFDC-DFDC_Real,0,UCF,visual,0.5387,probability,132.11,N/A,N/A,ok,
dfdc_test_003054,DFDC-DFDC_Real,0,UCF,visual,0.3242,probability,122.54,N/A,N/A,ok,
dfdc_test_003055,DFDC-DFDC_Real,0,UCF,visual,0.363,probability,158.22,N/A,N/A,ok,
dfdc_test_003056,DFDC-DFDC_Real,0,UCF,visual,0.7427,probability,143.8,N/A,N/A,ok,
dfdc_test_003057,DFDC-DFDC_Real,0,UCF,visual,0.3599,probability,163.51,N/A,N/A,ok,
dfdc_test_003058,DFDC-DFDC_Real,0,UCF,visual,0.0175,probability,166.89,N/A,N/A,ok,
dfdc_test_003059,DFDC-DFDC_Real,0,UCF,visual,0.6309,probability,143.77,N/A,N/A,ok,
dfdc_test_003060,DFDC-DFDC_Real,0,UCF,visual,0.428,probability,154.5,N/A,N/A,ok,
dfdc_test_003061,DFDC-DFDC_Real,0,UCF,visual,0.7985,probability,110.52,N/A,N/A,ok,
dfdc_test_003062,DFDC-DFDC_Real,0,UCF,visual,0.2717,probability,128.1,N/A,N/A,ok,
dfdc_test_003063,DFDC-DFDC_Real,0,UCF,visual,0.1725,probability,160.68,N/A,N/A,ok,
dfdc_test_003064,DFDC-DFDC_Real,0,UCF,visual,0.0692,probability,121.48,N/A,N/A,ok,
dfdc_test_003065,DFDC-DFDC_Real,0,UCF,visual,0.1055,probability,157.51,N/A,N/A,ok,
dfdc_test_003066,DFDC-DFDC_Real,0,UCF,visual,0.0163,probability,160.81,N/A,N/A,ok,
dfdc_test_003067,DFDC-DFDC_Real,0,UCF,visual,0.5646,probability,161.71,N/A,N/A,ok,
dfdc_test_003068,DFDC-DFDC_Real,0,UCF,visual,0.9945,probability,154.66,N/A,N/A,ok,
dfdc_test_003069,DFDC-DFDC_Real,0,UCF,visual,0.0135,probability,156.75,N/A,N/A,ok,
dfdc_test_003070,DFDC-DFDC_Real,0,UCF,visual,0.4524,probability,151.44,N/A,N/A,ok,
dfdc_test_003071,DFDC-DFDC_Real,0,UCF,visual,0.3586,probability,127.76,N/A,N/A,ok,
dfdc_test_003072,DFDC-DFDC_Real,0,UCF,visual,0.7633,probability,136.05,N/A,N/A,ok,
dfdc_test_003073,DFDC-DFDC_Real,0,UCF,visual,0.2925,probability,142.56,N/A,N/A,ok,
dfdc_test_003074,DFDC-DFDC_Real,0,UCF,visual,0.7584,probability,217.77,N/A,N/A,ok,
dfdc_test_003075,DFDC-DFDC_Real,0,UCF,visual,0.0323,probability,187.26,N/A,N/A,ok,
dfdc_test_003076,DFDC-DFDC_Real,0,UCF,visual,0.5075,probability,211.13,N/A,N/A,ok,
dfdc_test_003077,DFDC-DFDC_Real,0,UCF,visual,0.243,probability,172.52,N/A,N/A,ok,
dfdc_test_003078,DFDC-DFDC_Real,0,UCF,visual,0.9656,probability,205.19,N/A,N/A,ok,
dfdc_test_003079,DFDC-DFDC_Real,0,UCF,visual,0.3824,probability,150.45,N/A,N/A,ok,
dfdc_test_003080,DFDC-DFDC_Real,0,UCF,visual,0.5064,probability,167.51,N/A,N/A,ok,
dfdc_test_003081,DFDC-DFDC_Real,0,UCF,visual,0.3925,probability,152.39,N/A,N/A,ok,
dfdc_test_003082,DFDC-DFDC_Real,0,UCF,visual,0.6211,probability,185.09,N/A,N/A,ok,
dfdc_test_003083,DFDC-DFDC_Real,0,UCF,visual,0.2664,probability,176.13,N/A,N/A,ok,
dfdc_test_003084,DFDC-DFDC_Real,0,UCF,visual,0.9257,probability,185.56,N/A,N/A,ok,
dfdc_test_003085,DFDC-DFDC_Real,0,UCF,visual,0.4565,probability,190.45,N/A,N/A,ok,
dfdc_test_003086,DFDC-DFDC_Real,0,UCF,visual,0.5312,probability,200.31,N/A,N/A,ok,
dfdc_test_003087,DFDC-DFDC_Real,0,UCF,visual,0.4148,probability,164.62,N/A,N/A,ok,
dfdc_test_003088,DFDC-DFDC_Real,0,UCF,visual,0.0592,probability,147.83,N/A,N/A,ok,
dfdc_test_003089,DFDC-DFDC_Real,0,UCF,visual,0.0931,probability,164.17,N/A,N/A,ok,
dfdc_test_003090,DFDC-DFDC_Real,0,UCF,visual,0.1542,probability,202.09,N/A,N/A,ok,
dfdc_test_003091,DFDC-DFDC_Real,0,UCF,visual,0.1817,probability,131.37,N/A,N/A,ok,
dfdc_test_003092,DFDC-DFDC_Real,0,UCF,visual,0.4485,probability,153.65,N/A,N/A,ok,
dfdc_test_003093,DFDC-DFDC_Real,0,UCF,visual,0.7036,probability,133.93,N/A,N/A,ok,
dfdc_test_003094,DFDC-DFDC_Real,0,UCF,visual,0.0241,probability,169.32,N/A,N/A,ok,
dfdc_test_003095,DFDC-DFDC_Real,0,UCF,visual,0.0584,probability,193.1,N/A,N/A,ok,
dfdc_test_003096,DFDC-DFDC_Real,0,UCF,visual,0.0705,probability,143.15,N/A,N/A,ok,
dfdc_test_003097,DFDC-DFDC_Real,0,UCF,visual,0.0718,probability,124.94,N/A,N/A,ok,
dfdc_test_003098,DFDC-DFDC_Real,0,UCF,visual,0.186,probability,142.52,N/A,N/A,ok,
dfdc_test_003099,DFDC-DFDC_Real,0,UCF,visual,0.1905,probability,145.19,N/A,N/A,ok,
dfdc_test_003100,DFDC-DFDC_Real,0,UCF,visual,0.4467,probability,176.21,N/A,N/A,ok,
dfdc_test_003101,DFDC-DFDC_Real,0,UCF,visual,0.0314,probability,140.47,N/A,N/A,ok,
dfdc_test_003102,DFDC-DFDC_Real,0,UCF,visual,0.2149,probability,125.81,N/A,N/A,ok,
dfdc_test_003103,DFDC-DFDC_Real,0,UCF,visual,0.3642,probability,155.2,N/A,N/A,ok,
dfdc_test_003104,DFDC-DFDC_Real,0,UCF,visual,0.2084,probability,163.95,N/A,N/A,ok,
dfdc_test_003105,DFDC-DFDC_Real,0,UCF,visual,0.02,probability,159.1,N/A,N/A,ok,
dfdc_test_003106,DFDC-DFDC_Real,0,UCF,visual,0.9583,probability,170.32,N/A,N/A,ok,
dfdc_test_003107,DFDC-DFDC_Real,0,UCF,visual,0.0207,probability,135.66,N/A,N/A,ok,
dfdc_test_003108,DFDC-DFDC_Real,0,UCF,visual,0.8441,probability,127.83,N/A,N/A,ok,
dfdc_test_003109,DFDC-DFDC_Real,0,UCF,visual,0.41,probability,135.07,N/A,N/A,ok,
dfdc_test_003110,DFDC-DFDC_Real,0,UCF,visual,0.4353,probability,115.13,N/A,N/A,ok,
dfdc_test_003111,DFDC-DFDC_Real,0,UCF,visual,0.0559,probability,108.15,N/A,N/A,ok,
dfdc_test_003112,DFDC-DFDC_Real,0,UCF,visual,0.0404,probability,114.77,N/A,N/A,ok,
dfdc_test_003113,DFDC-DFDC_Real,0,UCF,visual,0.0132,probability,115.46,N/A,N/A,ok,
dfdc_test_003114,DFDC-DFDC_Real,0,UCF,visual,0.8408,probability,117.4,N/A,N/A,ok,
dfdc_test_003115,DFDC-DFDC_Real,0,UCF,visual,0.3737,probability,140.17,N/A,N/A,ok,
dfdc_test_003116,DFDC-DFDC_Real,0,UCF,visual,0.5633,probability,141.79,N/A,N/A,ok,
dfdc_test_003117,DFDC-DFDC_Real,0,UCF,visual,0.0244,probability,132.26,N/A,N/A,ok,
dfdc_test_003118,DFDC-DFDC_Real,0,UCF,visual,0.0161,probability,117.59,N/A,N/A,ok,
dfdc_test_003119,DFDC-DFDC_Real,0,UCF,visual,0.9644,probability,174.56,N/A,N/A,ok,
dfdc_test_003120,DFDC-DFDC_Real,0,UCF,visual,0.2855,probability,243.09,N/A,N/A,ok,
dfdc_test_003121,DFDC-DFDC_Real,0,UCF,visual,0.9689,probability,248.73,N/A,N/A,ok,
dfdc_test_003122,DFDC-DFDC_Real,0,UCF,visual,0.0586,probability,277.38,N/A,N/A,ok,
dfdc_test_003123,DFDC-DFDC_Real,0,UCF,visual,0.5246,probability,209.75,N/A,N/A,ok,
dfdc_test_003124,DFDC-DFDC_Real,0,UCF,visual,0.2042,probability,273.9,N/A,N/A,ok,
dfdc_test_003125,DFDC-DFDC_Real,0,UCF,visual,0.4617,probability,200.24,N/A,N/A,ok,
dfdc_test_003126,DFDC-DFDC_Real,0,UCF,visual,0.0614,probability,170.4,N/A,N/A,ok,
dfdc_test_003127,DFDC-DFDC_Real,0,UCF,visual,0.0201,probability,202.83,N/A,N/A,ok,
dfdc_test_003128,DFDC-DFDC_Real,0,UCF,visual,0.4257,probability,136.05,N/A,N/A,ok,
dfdc_test_003129,DFDC-DFDC_Real,0,UCF,visual,0.0283,probability,184.39,N/A,N/A,ok,
dfdc_test_003130,DFDC-DFDC_Real,0,UCF,visual,0.2094,probability,191.76,N/A,N/A,ok,
dfdc_test_003131,DFDC-DFDC_Real,0,UCF,visual,0.0152,probability,191.81,N/A,N/A,ok,
dfdc_test_003132,DFDC-DFDC_Real,0,UCF,visual,0.5348,probability,188.07,N/A,N/A,ok,
dfdc_test_003133,DFDC-DFDC_Real,0,UCF,visual,0.6813,probability,128.26,N/A,N/A,ok,
dfdc_test_003134,DFDC-DFDC_Real,0,UCF,visual,0.0368,probability,196.95,N/A,N/A,ok,
dfdc_test_003135,DFDC-DFDC_Real,0,UCF,visual,0.3857,probability,166.67,N/A,N/A,ok,
dfdc_test_003136,DFDC-DFDC_Real,0,UCF,visual,0.0199,probability,198.78,N/A,N/A,ok,
dfdc_test_003137,DFDC-DFDC_Real,0,UCF,visual,0.4699,probability,170.69,N/A,N/A,ok,
dfdc_test_003138,DFDC-DFDC_Real,0,UCF,visual,0.4917,probability,132.26,N/A,N/A,ok,
dfdc_test_003139,DFDC-DFDC_Real,0,UCF,visual,0.546,probability,145.02,N/A,N/A,ok,
dfdc_test_003140,DFDC-DFDC_Real,0,UCF,visual,0.8294,probability,187.04,N/A,N/A,ok,
dfdc_test_003141,DFDC-DFDC_Real,0,UCF,visual,0.1687,probability,136.36,N/A,N/A,ok,
dfdc_test_003142,DFDC-DFDC_Real,0,UCF,visual,0.6226,probability,126.22,N/A,N/A,ok,
dfdc_test_003143,DFDC-DFDC_Real,0,UCF,visual,0.4648,probability,172.92,N/A,N/A,ok,
dfdc_test_003144,DFDC-DFDC_Real,0,UCF,visual,0.4632,probability,164.47,N/A,N/A,ok,
dfdc_test_003145,DFDC-DFDC_Real,0,UCF,visual,0.3367,probability,138.95,N/A,N/A,ok,
dfdc_test_003146,DFDC-DFDC_Real,0,UCF,visual,0.7125,probability,188.73,N/A,N/A,ok,
dfdc_test_003147,DFDC-DFDC_Real,0,UCF,visual,0.1816,probability,179.98,N/A,N/A,ok,
dfdc_test_003148,DFDC-DFDC_Real,0,UCF,visual,0.1193,probability,164.18,N/A,N/A,ok,
dfdc_test_003149,DFDC-DFDC_Real,0,UCF,visual,0.3962,probability,159.47,N/A,N/A,ok,
dfdc_test_003150,DFDC-DFDC_Real,0,UCF,visual,0.7181,probability,146.17,N/A,N/A,ok,
dfdc_test_003151,DFDC-DFDC_Real,0,UCF,visual,0.377,probability,137.77,N/A,N/A,ok,
dfdc_test_003152,DFDC-DFDC_Real,0,UCF,visual,0.5713,probability,133.88,N/A,N/A,ok,
dfdc_test_003153,DFDC-DFDC_Real,0,UCF,visual,0.6194,probability,155.01,N/A,N/A,ok,
dfdc_test_003154,DFDC-DFDC_Real,0,UCF,visual,0.0424,probability,135.97,N/A,N/A,ok,
dfdc_test_003155,DFDC-DFDC_Real,0,UCF,visual,0.2806,probability,181.15,N/A,N/A,ok,
dfdc_test_003156,DFDC-DFDC_Real,0,UCF,visual,0.7228,probability,116.37,N/A,N/A,ok,
dfdc_test_003157,DFDC-DFDC_Real,0,UCF,visual,0.2406,probability,114.32,N/A,N/A,ok,
dfdc_test_003158,DFDC-DFDC_Real,0,UCF,visual,0.7762,probability,126.23,N/A,N/A,ok,
dfdc_test_003159,DFDC-DFDC_Real,0,UCF,visual,0.7041,probability,172.1,N/A,N/A,ok,
dfdc_test_003160,DFDC-DFDC_Real,0,UCF,visual,0.6117,probability,147.0,N/A,N/A,ok,
dfdc_test_003161,DFDC-DFDC_Real,0,UCF,visual,0.3145,probability,106.94,N/A,N/A,ok,
dfdc_test_003162,DFDC-DFDC_Real,0,UCF,visual,0.431,probability,142.27,N/A,N/A,ok,
dfdc_test_003163,DFDC-DFDC_Real,0,UCF,visual,0.4602,probability,134.08,N/A,N/A,ok,
dfdc_test_003164,DFDC-DFDC_Real,0,UCF,visual,0.3807,probability,170.0,N/A,N/A,ok,
dfdc_test_003165,DFDC-DFDC_Real,0,UCF,visual,0.7702,probability,165.83,N/A,N/A,ok,
dfdc_test_003166,DFDC-DFDC_Real,0,UCF,visual,0.0185,probability,156.15,N/A,N/A,ok,
dfdc_test_003167,DFDC-DFDC_Real,0,UCF,visual,0.7016,probability,160.77,N/A,N/A,ok,
dfdc_test_003168,DFDC-DFDC_Real,0,UCF,visual,0.1557,probability,177.33,N/A,N/A,ok,
dfdc_test_003169,DFDC-DFDC_Real,0,UCF,visual,0.1538,probability,234.01,N/A,N/A,ok,
dfdc_test_003170,DFDC-DFDC_Real,0,UCF,visual,0.4116,probability,176.64,N/A,N/A,ok,
dfdc_test_003171,DFDC-DFDC_Real,0,UCF,visual,0.5937,probability,116.86,N/A,N/A,ok,
dfdc_test_003172,DFDC-DFDC_Real,0,UCF,visual,0.8696,probability,126.82,N/A,N/A,ok,
dfdc_test_003173,DFDC-DFDC_Real,0,UCF,visual,0.0611,probability,167.14,N/A,N/A,ok,
dfdc_test_003174,DFDC-DFDC_Real,0,UCF,visual,0.3296,probability,188.01,N/A,N/A,ok,
dfdc_test_003175,DFDC-DFDC_Real,0,UCF,visual,0.576,probability,122.58,N/A,N/A,ok,
dfdc_test_003176,DFDC-DFDC_Real,0,UCF,visual,0.5418,probability,119.66,N/A,N/A,ok,
dfdc_test_003177,DFDC-DFDC_Real,0,UCF,visual,0.1411,probability,138.55,N/A,N/A,ok,
dfdc_test_003178,DFDC-DFDC_Real,0,UCF,visual,0.05,probability,216.66,N/A,N/A,ok,
dfdc_test_003179,DFDC-DFDC_Real,0,UCF,visual,0.7657,probability,162.75,N/A,N/A,ok,
dfdc_test_003180,DFDC-DFDC_Real,0,UCF,visual,0.407,probability,230.58,N/A,N/A,ok,
dfdc_test_003181,DFDC-DFDC_Real,0,UCF,visual,0.2371,probability,165.64,N/A,N/A,ok,
dfdc_test_003182,DFDC-DFDC_Real,0,UCF,visual,0.3846,probability,130.78,N/A,N/A,ok,
dfdc_test_003183,DFDC-DFDC_Real,0,UCF,visual,0.1032,probability,202.96,N/A,N/A,ok,
dfdc_test_003184,DFDC-DFDC_Real,0,UCF,visual,0.1275,probability,202.21,N/A,N/A,ok,
dfdc_test_003185,DFDC-DFDC_Real,0,UCF,visual,0.4551,probability,185.78,N/A,N/A,ok,
dfdc_test_003186,DFDC-DFDC_Real,0,UCF,visual,0.8754,probability,181.86,N/A,N/A,ok,
dfdc_test_003187,DFDC-DFDC_Real,0,UCF,visual,0.6417,probability,222.14,N/A,N/A,ok,
dfdc_test_003188,DFDC-DFDC_Real,0,UCF,visual,0.3954,probability,203.87,N/A,N/A,ok,
dfdc_test_003189,DFDC-DFDC_Real,0,UCF,visual,0.5671,probability,247.09,N/A,N/A,ok,
dfdc_test_003190,DFDC-DFDC_Real,0,UCF,visual,0.4432,probability,256.08,N/A,N/A,ok,
dfdc_test_003191,DFDC-DFDC_Real,0,UCF,visual,0.1005,probability,187.98,N/A,N/A,ok,
dfdc_test_003192,DFDC-DFDC_Real,0,UCF,visual,0.0366,probability,277.58,N/A,N/A,ok,
dfdc_test_003193,DFDC-DFDC_Real,0,UCF,visual,0.7404,probability,228.15,N/A,N/A,ok,
dfdc_test_003194,DFDC-DFDC_Real,0,UCF,visual,0.3037,probability,216.02,N/A,N/A,ok,
dfdc_test_003195,DFDC-DFDC_Real,0,UCF,visual,0.7426,probability,190.63,N/A,N/A,ok,
dfdc_test_003196,DFDC-DFDC_Real,0,UCF,visual,0.964,probability,184.78,N/A,N/A,ok,
dfdc_test_003197,DFDC-DFDC_Real,0,UCF,visual,0.1914,probability,206.18,N/A,N/A,ok,
dfdc_test_003198,DFDC-DFDC_Real,0,UCF,visual,0.0524,probability,149.61,N/A,N/A,ok,
dfdc_test_003199,DFDC-DFDC_Real,0,UCF,visual,0.6769,probability,213.73,N/A,N/A,ok,
dfdc_test_003200,DFDC-DFDC_Real,0,UCF,visual,0.1382,probability,211.04,N/A,N/A,ok,
dfdc_test_003201,DFDC-DFDC_Real,0,UCF,visual,0.4189,probability,152.33,N/A,N/A,ok,
dfdc_test_003202,DFDC-DFDC_Real,0,UCF,visual,0.1867,probability,202.68,N/A,N/A,ok,
dfdc_test_003203,DFDC-DFDC_Real,0,UCF,visual,0.0408,probability,192.97,N/A,N/A,ok,
dfdc_test_003204,DFDC-DFDC_Real,0,UCF,visual,0.3726,probability,199.26,N/A,N/A,ok,
dfdc_test_003205,DFDC-DFDC_Real,0,UCF,visual,0.308,probability,182.98,N/A,N/A,ok,
dfdc_test_003206,DFDC-DFDC_Real,0,UCF,visual,0.5374,probability,196.76,N/A,N/A,ok,
dfdc_test_003207,DFDC-DFDC_Real,0,UCF,visual,0.516,probability,177.76,N/A,N/A,ok,
dfdc_test_003208,DFDC-DFDC_Real,0,UCF,visual,0.3941,probability,204.46,N/A,N/A,ok,
dfdc_test_003209,DFDC-DFDC_Real,0,UCF,visual,0.1087,probability,156.03,N/A,N/A,ok,
dfdc_test_003210,DFDC-DFDC_Real,0,UCF,visual,0.2568,probability,164.7,N/A,N/A,ok,
dfdc_test_003211,DFDC-DFDC_Real,0,UCF,visual,0.3731,probability,170.22,N/A,N/A,ok,
dfdc_test_003212,DFDC-DFDC_Real,0,UCF,visual,0.021,probability,151.47,N/A,N/A,ok,
dfdc_test_003213,DFDC-DFDC_Real,0,UCF,visual,0.3362,probability,224.45,N/A,N/A,ok,
dfdc_test_003214,DFDC-DFDC_Real,0,UCF,visual,0.079,probability,212.39,N/A,N/A,ok,
dfdc_test_003215,DFDC-DFDC_Real,0,UCF,visual,0.424,probability,146.92,N/A,N/A,ok,
dfdc_test_003216,DFDC-DFDC_Real,0,UCF,visual,0.2344,probability,157.59,N/A,N/A,ok,
dfdc_test_003217,DFDC-DFDC_Real,0,UCF,visual,0.1906,probability,187.02,N/A,N/A,ok,
dfdc_test_003218,DFDC-DFDC_Real,0,UCF,visual,0.2263,probability,175.63,N/A,N/A,ok,
dfdc_test_003219,DFDC-DFDC_Real,0,UCF,visual,0.3121,probability,208.74,N/A,N/A,ok,
dfdc_test_003220,DFDC-DFDC_Real,0,UCF,visual,0.0439,probability,167.2,N/A,N/A,ok,
dfdc_test_003221,DFDC-DFDC_Real,0,UCF,visual,0.5665,probability,142.73,N/A,N/A,ok,
dfdc_test_003222,DFDC-DFDC_Real,0,UCF,visual,0.979,probability,159.15,N/A,N/A,ok,
dfdc_test_003223,DFDC-DFDC_Real,0,UCF,visual,0.7342,probability,187.9,N/A,N/A,ok,
dfdc_test_003224,DFDC-DFDC_Real,0,UCF,visual,0.0064,probability,200.06,N/A,N/A,ok,
dfdc_test_003225,DFDC-DFDC_Real,0,UCF,visual,0.3239,probability,138.81,N/A,N/A,ok,
dfdc_test_003226,DFDC-DFDC_Real,0,UCF,visual,0.8853,probability,141.08,N/A,N/A,ok,
dfdc_test_003227,DFDC-DFDC_Real,0,UCF,visual,0.7354,probability,167.08,N/A,N/A,ok,
dfdc_test_003228,DFDC-DFDC_Real,0,UCF,visual,0.0938,probability,132.87,N/A,N/A,ok,
dfdc_test_003229,DFDC-DFDC_Real,0,UCF,visual,0.9771,probability,148.08,N/A,N/A,ok,
dfdc_test_003230,DFDC-DFDC_Real,0,UCF,visual,0.8345,probability,143.91,N/A,N/A,ok,
dfdc_test_003231,DFDC-DFDC_Real,0,UCF,visual,0.3299,probability,161.53,N/A,N/A,ok,
dfdc_test_003232,DFDC-DFDC_Real,0,UCF,visual,0.6686,probability,140.25,N/A,N/A,ok,
dfdc_test_003233,DFDC-DFDC_Real,0,UCF,visual,0.6075,probability,135.13,N/A,N/A,ok,
dfdc_test_003234,DFDC-DFDC_Real,0,UCF,visual,0.4016,probability,165.92,N/A,N/A,ok,
dfdc_test_003235,DFDC-DFDC_Real,0,UCF,visual,0.1357,probability,173.29,N/A,N/A,ok,
dfdc_test_003236,DFDC-DFDC_Real,0,UCF,visual,0.7374,probability,171.8,N/A,N/A,ok,
dfdc_test_003237,DFDC-DFDC_Real,0,UCF,visual,0.9612,probability,181.51,N/A,N/A,ok,
dfdc_test_003238,DFDC-DFDC_Real,0,UCF,visual,0.0102,probability,185.55,N/A,N/A,ok,
dfdc_test_003239,DFDC-DFDC_Real,0,UCF,visual,0.1101,probability,188.38,N/A,N/A,ok,
dfdc_test_003240,DFDC-DFDC_Real,0,UCF,visual,0.8931,probability,177.02,N/A,N/A,ok,
dfdc_test_003241,DFDC-DFDC_Real,0,UCF,visual,0.0289,probability,151.81,N/A,N/A,ok,
dfdc_test_003242,DFDC-DFDC_Real,0,UCF,visual,0.2575,probability,221.42,N/A,N/A,ok,
dfdc_test_003243,DFDC-DFDC_Real,0,UCF,visual,0.2917,probability,157.48,N/A,N/A,ok,
dfdc_test_003244,DFDC-DFDC_Real,0,UCF,visual,0.3912,probability,227.68,N/A,N/A,ok,
dfdc_test_003245,DFDC-DFDC_Real,0,UCF,visual,0.3351,probability,313.51,N/A,N/A,ok,
dfdc_test_003246,DFDC-DFDC_Real,0,UCF,visual,0.9351,probability,211.62,N/A,N/A,ok,
dfdc_test_003247,DFDC-DFDC_Real,0,UCF,visual,0.4937,probability,202.19,N/A,N/A,ok,
dfdc_test_003248,DFDC-DFDC_Real,0,UCF,visual,0.3936,probability,211.09,N/A,N/A,ok,
dfdc_test_003249,DFDC-DFDC_Real,0,UCF,visual,0.3126,probability,185.17,N/A,N/A,ok,
dfdc_test_003250,DFDC-DFDC_Real,0,UCF,visual,0.9974,probability,222.25,N/A,N/A,ok,
dfdc_test_003251,DFDC-DFDC_Real,0,UCF,visual,0.156,probability,235.72,N/A,N/A,ok,
dfdc_test_003252,DFDC-DFDC_Real,0,UCF,visual,0.0108,probability,173.47,N/A,N/A,ok,
dfdc_test_003253,DFDC-DFDC_Real,0,UCF,visual,0.1793,probability,196.04,N/A,N/A,ok,
dfdc_test_003254,DFDC-DFDC_Real,0,UCF,visual,0.7199,probability,195.96,N/A,N/A,ok,
dfdc_test_003255,DFDC-DFDC_Real,0,UCF,visual,0.1432,probability,208.59,N/A,N/A,ok,
dfdc_test_003256,DFDC-DFDC_Real,0,UCF,visual,0.7692,probability,216.87,N/A,N/A,ok,
dfdc_test_003257,DFDC-DFDC_Real,0,UCF,visual,0.0431,probability,149.6,N/A,N/A,ok,
dfdc_test_003258,DFDC-DFDC_Real,0,UCF,visual,0.1806,probability,141.82,N/A,N/A,ok,
dfdc_test_003259,DFDC-DFDC_Real,0,UCF,visual,0.0233,probability,169.81,N/A,N/A,ok,
dfdc_test_003260,DFDC-DFDC_Real,0,UCF,visual,0.8036,probability,191.61,N/A,N/A,ok,
dfdc_test_003261,DFDC-DFDC_Real,0,UCF,visual,0.0328,probability,157.84,N/A,N/A,ok,
dfdc_test_003262,DFDC-DFDC_Real,0,UCF,visual,0.0637,probability,205.83,N/A,N/A,ok,
dfdc_test_003263,DFDC-DFDC_Real,0,UCF,visual,0.6209,probability,304.0,N/A,N/A,ok,
dfdc_test_003264,DFDC-DFDC_Real,0,UCF,visual,0.4181,probability,139.17,N/A,N/A,ok,
dfdc_test_003265,DFDC-DFDC_Real,0,UCF,visual,0.0198,probability,129.26,N/A,N/A,ok,
dfdc_test_003266,DFDC-DFDC_Real,0,UCF,visual,0.362,probability,148.46,N/A,N/A,ok,
dfdc_test_003267,DFDC-DFDC_Real,0,UCF,visual,0.6733,probability,122.59,N/A,N/A,ok,
dfdc_test_003268,DFDC-DFDC_Real,0,UCF,visual,0.6318,probability,137.03,N/A,N/A,ok,
dfdc_test_003269,DFDC-DFDC_Real,0,UCF,visual,0.3337,probability,177.19,N/A,N/A,ok,
dfdc_test_003270,DFDC-DFDC_Real,0,UCF,visual,0.0851,probability,200.25,N/A,N/A,ok,
dfdc_test_003271,DFDC-DFDC_Real,0,UCF,visual,0.015,probability,182.34,N/A,N/A,ok,
dfdc_test_003272,DFDC-DFDC_Real,0,UCF,visual,0.5563,probability,214.52,N/A,N/A,ok,
dfdc_test_003273,DFDC-DFDC_Real,0,UCF,visual,0.4879,probability,220.94,N/A,N/A,ok,
dfdc_test_003274,DFDC-DFDC_Real,0,UCF,visual,0.8894,probability,186.38,N/A,N/A,ok,
dfdc_test_003275,DFDC-DFDC_Real,0,UCF,visual,0.1489,probability,147.68,N/A,N/A,ok,
dfdc_test_003276,DFDC-DFDC_Real,0,UCF,visual,0.1808,probability,154.07,N/A,N/A,ok,
dfdc_test_003277,DFDC-DFDC_Real,0,UCF,visual,0.9514,probability,193.67,N/A,N/A,ok,
dfdc_test_003278,DFDC-DFDC_Real,0,UCF,visual,0.6765,probability,178.86,N/A,N/A,ok,
dfdc_test_003279,DFDC-DFDC_Real,0,UCF,visual,0.4102,probability,197.13,N/A,N/A,ok,
dfdc_test_003280,DFDC-DFDC_Real,0,UCF,visual,0.0297,probability,204.51,N/A,N/A,ok,
dfdc_test_003281,DFDC-DFDC_Real,0,UCF,visual,0.1886,probability,202.03,N/A,N/A,ok,
dfdc_test_003282,DFDC-DFDC_Real,0,UCF,visual,0.4383,probability,209.7,N/A,N/A,ok,
dfdc_test_003283,DFDC-DFDC_Real,0,UCF,visual,0.1033,probability,206.33,N/A,N/A,ok,
dfdc_test_003284,DFDC-DFDC_Real,0,UCF,visual,0.399,probability,221.73,N/A,N/A,ok,
dfdc_test_003285,DFDC-DFDC_Real,0,UCF,visual,0.2723,probability,230.64,N/A,N/A,ok,
dfdc_test_003286,DFDC-DFDC_Real,0,UCF,visual,0.8386,probability,206.49,N/A,N/A,ok,
dfdc_test_003287,DFDC-DFDC_Real,0,UCF,visual,0.4761,probability,198.91,N/A,N/A,ok,
dfdc_test_003288,DFDC-DFDC_Real,0,UCF,visual,0.2799,probability,165.31,N/A,N/A,ok,
dfdc_test_003289,DFDC-DFDC_Real,0,UCF,visual,0.0253,probability,170.36,N/A,N/A,ok,
dfdc_test_003290,DFDC-DFDC_Real,0,UCF,visual,0.1395,probability,146.14,N/A,N/A,ok,
dfdc_test_003291,DFDC-DFDC_Real,0,UCF,visual,0.5696,probability,136.56,N/A,N/A,ok,
dfdc_test_003292,DFDC-DFDC_Real,0,UCF,visual,0.3354,probability,184.34,N/A,N/A,ok,
dfdc_test_003293,DFDC-DFDC_Real,0,UCF,visual,0.1785,probability,226.55,N/A,N/A,ok,
dfdc_test_003294,DFDC-DFDC_Real,0,UCF,visual,0.1796,probability,181.17,N/A,N/A,ok,
dfdc_test_003295,DFDC-DFDC_Real,0,UCF,visual,0.4119,probability,174.12,N/A,N/A,ok,
dfdc_test_003296,DFDC-DFDC_Real,0,UCF,visual,0.2602,probability,191.8,N/A,N/A,ok,
dfdc_test_003297,DFDC-DFDC_Real,0,UCF,visual,0.2691,probability,158.5,N/A,N/A,ok,
dfdc_test_003298,DFDC-DFDC_Real,0,UCF,visual,0.3761,probability,150.94,N/A,N/A,ok,
dfdc_test_003299,DFDC-DFDC_Real,0,UCF,visual,0.0105,probability,154.02,N/A,N/A,ok,
dfdc_test_003300,DFDC-DFDC_Real,0,UCF,visual,0.3507,probability,159.03,N/A,N/A,ok,
dfdc_test_003301,DFDC-DFDC_Real,0,UCF,visual,0.2483,probability,204.56,N/A,N/A,ok,
dfdc_test_003302,DFDC-DFDC_Real,0,UCF,visual,0.4767,probability,154.85,N/A,N/A,ok,
dfdc_test_003303,DFDC-DFDC_Real,0,UCF,visual,0.475,probability,218.24,N/A,N/A,ok,
dfdc_test_003304,DFDC-DFDC_Real,0,UCF,visual,0.1068,probability,184.33,N/A,N/A,ok,
dfdc_test_003305,DFDC-DFDC_Real,0,UCF,visual,0.3759,probability,117.56,N/A,N/A,ok,
dfdc_test_003306,DFDC-DFDC_Real,0,UCF,visual,0.1157,probability,115.73,N/A,N/A,ok,
dfdc_test_003307,DFDC-DFDC_Real,0,UCF,visual,0.9876,probability,118.95,N/A,N/A,ok,
dfdc_test_003308,DFDC-DFDC_Real,0,UCF,visual,0.0656,probability,149.61,N/A,N/A,ok,
dfdc_test_003309,DFDC-DFDC_Real,0,UCF,visual,0.2241,probability,141.29,N/A,N/A,ok,
dfdc_test_003310,DFDC-DFDC_Real,0,UCF,visual,0.6059,probability,149.94,N/A,N/A,ok,
dfdc_test_003311,DFDC-DFDC_Real,0,UCF,visual,0.0213,probability,111.55,N/A,N/A,ok,
dfdc_test_003312,DFDC-DFDC_Real,0,UCF,visual,0.0626,probability,128.81,N/A,N/A,ok,
dfdc_test_003313,DFDC-DFDC_Real,0,UCF,visual,0.6961,probability,121.89,N/A,N/A,ok,
dfdc_test_003314,DFDC-DFDC_Real,0,UCF,visual,0.7542,probability,151.75,N/A,N/A,ok,
dfdc_test_003315,DFDC-DFDC_Real,0,UCF,visual,0.1663,probability,227.16,N/A,N/A,ok,
dfdc_test_003316,DFDC-DFDC_Real,0,UCF,visual,0.6075,probability,187.3,N/A,N/A,ok,
dfdc_test_003317,DFDC-DFDC_Real,0,UCF,visual,0.5687,probability,235.87,N/A,N/A,ok,
dfdc_test_003318,DFDC-DFDC_Real,0,UCF,visual,0.5372,probability,184.68,N/A,N/A,ok,
dfdc_test_003319,DFDC-DFDC_Real,0,UCF,visual,0.572,probability,151.72,N/A,N/A,ok,
dfdc_test_003320,DFDC-DFDC_Real,0,UCF,visual,0.8176,probability,167.57,N/A,N/A,ok,
dfdc_test_003321,DFDC-DFDC_Real,0,UCF,visual,0.4676,probability,175.2,N/A,N/A,ok,
dfdc_test_003322,DFDC-DFDC_Real,0,UCF,visual,0.0873,probability,122.08,N/A,N/A,ok,
dfdc_test_003323,DFDC-DFDC_Real,0,UCF,visual,0.0206,probability,215.96,N/A,N/A,ok,
dfdc_test_003324,DFDC-DFDC_Real,0,UCF,visual,0.007,probability,216.56,N/A,N/A,ok,
dfdc_test_003325,DFDC-DFDC_Real,0,UCF,visual,0.2576,probability,181.61,N/A,N/A,ok,
dfdc_test_003326,DFDC-DFDC_Real,0,UCF,visual,0.448,probability,169.1,N/A,N/A,ok,
dfdc_test_003327,DFDC-DFDC_Real,0,UCF,visual,0.0315,probability,199.09,N/A,N/A,ok,
dfdc_test_003328,DFDC-DFDC_Real,0,UCF,visual,0.781,probability,212.59,N/A,N/A,ok,
dfdc_test_003329,DFDC-DFDC_Real,0,UCF,visual,0.0243,probability,194.5,N/A,N/A,ok,
dfdc_test_003330,DFDC-DFDC_Real,0,UCF,visual,0.4113,probability,186.15,N/A,N/A,ok,
dfdc_test_003331,DFDC-DFDC_Real,0,UCF,visual,0.4967,probability,160.81,N/A,N/A,ok,
dfdc_test_003332,DFDC-DFDC_Real,0,UCF,visual,0.3297,probability,128.66,N/A,N/A,ok,
dfdc_test_003333,DFDC-DFDC_Real,0,UCF,visual,0.2874,probability,140.28,N/A,N/A,ok,
dfdc_test_003334,DFDC-DFDC_Real,0,UCF,visual,0.156,probability,148.34,N/A,N/A,ok,
dfdc_test_003335,DFDC-DFDC_Real,0,UCF,visual,0.9197,probability,175.38,N/A,N/A,ok,
dfdc_test_003336,DFDC-DFDC_Real,0,UCF,visual,0.8984,probability,139.82,N/A,N/A,ok,
dfdc_test_003337,DFDC-DFDC_Real,0,UCF,visual,0.5542,probability,133.43,N/A,N/A,ok,
dfdc_test_003338,DFDC-DFDC_Real,0,UCF,visual,0.1157,probability,162.83,N/A,N/A,ok,
dfdc_test_003339,DFDC-DFDC_Real,0,UCF,visual,0.3441,probability,136.12,N/A,N/A,ok,
dfdc_test_003340,DFDC-DFDC_Real,0,UCF,visual,0.091,probability,156.72,N/A,N/A,ok,
dfdc_test_003341,DFDC-DFDC_Real,0,UCF,visual,0.8603,probability,136.64,N/A,N/A,ok,
dfdc_test_003342,DFDC-DFDC_Real,0,UCF,visual,0.9983,probability,141.94,N/A,N/A,ok,
dfdc_test_003343,DFDC-DFDC_Real,0,UCF,visual,0.7264,probability,123.45,N/A,N/A,ok,
dfdc_test_003344,DFDC-DFDC_Real,0,UCF,visual,0.3439,probability,123.49,N/A,N/A,ok,
dfdc_test_003345,DFDC-DFDC_Real,0,UCF,visual,0.1158,probability,118.24,N/A,N/A,ok,
dfdc_test_003346,DFDC-DFDC_Real,0,UCF,visual,0.7759,probability,138.19,N/A,N/A,ok,
dfdc_test_003347,DFDC-DFDC_Real,0,UCF,visual,0.2912,probability,145.49,N/A,N/A,ok,
dfdc_test_003348,DFDC-DFDC_Real,0,UCF,visual,0.0578,probability,116.48,N/A,N/A,ok,
dfdc_test_003349,DFDC-DFDC_Real,0,UCF,visual,0.6074,probability,167.13,N/A,N/A,ok,
dfdc_test_003350,DFDC-DFDC_Real,0,UCF,visual,0.1595,probability,152.39,N/A,N/A,ok,
dfdc_test_003351,DFDC-DFDC_Real,0,UCF,visual,0.718,probability,174.12,N/A,N/A,ok,
dfdc_test_003352,DFDC-DFDC_Real,0,UCF,visual,0.1333,probability,129.79,N/A,N/A,ok,
dfdc_test_003353,DFDC-DFDC_Real,0,UCF,visual,0.0855,probability,175.16,N/A,N/A,ok,
dfdc_test_003354,DFDC-DFDC_Real,0,UCF,visual,0.7802,probability,139.61,N/A,N/A,ok,
dfdc_test_003355,DFDC-DFDC_Real,0,UCF,visual,0.6744,probability,200.69,N/A,N/A,ok,
dfdc_test_003356,DFDC-DFDC_Real,0,UCF,visual,0.2997,probability,180.04,N/A,N/A,ok,
dfdc_test_003357,DFDC-DFDC_Real,0,UCF,visual,0.3549,probability,177.97,N/A,N/A,ok,
dfdc_test_003358,DFDC-DFDC_Real,0,UCF,visual,0.46,probability,118.08,N/A,N/A,ok,
dfdc_test_003359,DFDC-DFDC_Real,0,UCF,visual,0.0776,probability,123.92,N/A,N/A,ok,
dfdc_test_003360,DFDC-DFDC_Real,0,UCF,visual,0.3785,probability,174.92,N/A,N/A,ok,
dfdc_test_003361,DFDC-DFDC_Real,0,UCF,visual,0.7198,probability,165.1,N/A,N/A,ok,
dfdc_test_003362,DFDC-DFDC_Real,0,UCF,visual,0.1843,probability,116.01,N/A,N/A,ok,
dfdc_test_003363,DFDC-DFDC_Real,0,UCF,visual,0.3392,probability,154.96,N/A,N/A,ok,
dfdc_test_003364,DFDC-DFDC_Real,0,UCF,visual,0.4354,probability,176.68,N/A,N/A,ok,
dfdc_test_003365,DFDC-DFDC_Real,0,UCF,visual,0.6991,probability,212.44,N/A,N/A,ok,
dfdc_test_003366,DFDC-DFDC_Real,0,UCF,visual,0.0144,probability,161.55,N/A,N/A,ok,
dfdc_test_003367,DFDC-DFDC_Real,0,UCF,visual,0.4199,probability,179.86,N/A,N/A,ok,
dfdc_test_003368,DFDC-DFDC_Real,0,UCF,visual,0.3121,probability,134.54,N/A,N/A,ok,
dfdc_test_003369,DFDC-DFDC_Real,0,UCF,visual,0.325,probability,235.66,N/A,N/A,ok,
dfdc_test_003370,DFDC-DFDC_Real,0,UCF,visual,0.2213,probability,161.33,N/A,N/A,ok,
dfdc_test_003371,DFDC-DFDC_Real,0,UCF,visual,0.5901,probability,153.78,N/A,N/A,ok,
dfdc_test_003372,DFDC-DFDC_Real,0,UCF,visual,0.6572,probability,229.82,N/A,N/A,ok,
dfdc_test_003373,DFDC-DFDC_Real,0,UCF,visual,0.8992,probability,172.38,N/A,N/A,ok,
dfdc_test_003374,DFDC-DFDC_Real,0,UCF,visual,0.2118,probability,148.15,N/A,N/A,ok,
dfdc_test_003375,DFDC-DFDC_Real,0,UCF,visual,0.4911,probability,124.01,N/A,N/A,ok,
dfdc_test_003376,DFDC-DFDC_Real,0,UCF,visual,0.2686,probability,122.78,N/A,N/A,ok,
dfdc_test_003377,DFDC-DFDC_Real,0,UCF,visual,0.7106,probability,142.3,N/A,N/A,ok,
dfdc_test_003378,DFDC-DFDC_Real,0,UCF,visual,0.081,probability,133.55,N/A,N/A,ok,
dfdc_test_003379,DFDC-DFDC_Real,0,UCF,visual,0.9588,probability,146.39,N/A,N/A,ok,
dfdc_test_003380,DFDC-DFDC_Real,0,UCF,visual,0.8673,probability,175.85,N/A,N/A,ok,
dfdc_test_003381,DFDC-DFDC_Real,0,UCF,visual,0.8365,probability,138.21,N/A,N/A,ok,
dfdc_test_003382,DFDC-DFDC_Real,0,UCF,visual,0.4875,probability,165.28,N/A,N/A,ok,
dfdc_test_003383,DFDC-DFDC_Real,0,UCF,visual,0.4859,probability,171.44,N/A,N/A,ok,
dfdc_test_003384,DFDC-DFDC_Real,0,UCF,visual,0.5203,probability,158.96,N/A,N/A,ok,
dfdc_test_003385,DFDC-DFDC_Real,0,UCF,visual,0.2272,probability,124.73,N/A,N/A,ok,
dfdc_test_003386,DFDC-DFDC_Real,0,UCF,visual,0.2525,probability,127.97,N/A,N/A,ok,
dfdc_test_003387,DFDC-DFDC_Real,0,UCF,visual,0.5158,probability,126.1,N/A,N/A,ok,
dfdc_test_003388,DFDC-DFDC_Real,0,UCF,visual,0.086,probability,142.55,N/A,N/A,ok,
dfdc_test_003389,DFDC-DFDC_Real,0,UCF,visual,0.2398,probability,113.6,N/A,N/A,ok,
dfdc_test_003390,DFDC-DFDC_Real,0,UCF,visual,0.6415,probability,211.96,N/A,N/A,ok,
dfdc_test_003391,DFDC-DFDC_Real,0,UCF,visual,0.024,probability,148.2,N/A,N/A,ok,
dfdc_test_003392,DFDC-DFDC_Real,0,UCF,visual,0.043,probability,201.04,N/A,N/A,ok,
dfdc_test_003393,DFDC-DFDC_Real,0,UCF,visual,0.9396,probability,196.06,N/A,N/A,ok,
dfdc_test_003394,DFDC-DFDC_Real,0,UCF,visual,0.4933,probability,197.65,N/A,N/A,ok,
dfdc_test_003395,DFDC-DFDC_Real,0,UCF,visual,0.505,probability,214.68,N/A,N/A,ok,
dfdc_test_003396,DFDC-DFDC_Real,0,UCF,visual,0.088,probability,160.41,N/A,N/A,ok,
dfdc_test_003397,DFDC-DFDC_Real,0,UCF,visual,0.8936,probability,195.57,N/A,N/A,ok,
dfdc_test_003398,DFDC-DFDC_Real,0,UCF,visual,0.4638,probability,140.89,N/A,N/A,ok,
dfdc_test_003399,DFDC-DFDC_Real,0,UCF,visual,0.4024,probability,160.5,N/A,N/A,ok,
dfdc_test_003400,DFDC-DFDC_Real,0,UCF,visual,0.3544,probability,130.35,N/A,N/A,ok,
dfdc_test_003401,DFDC-DFDC_Real,0,UCF,visual,0.2339,probability,134.77,N/A,N/A,ok,
dfdc_test_003402,DFDC-DFDC_Real,0,UCF,visual,0.1075,probability,133.23,N/A,N/A,ok,
dfdc_test_003403,DFDC-DFDC_Real,0,UCF,visual,0.0154,probability,162.21,N/A,N/A,ok,
dfdc_test_003404,DFDC-DFDC_Real,0,UCF,visual,0.2306,probability,161.14,N/A,N/A,ok,
dfdc_test_003405,DFDC-DFDC_Real,0,UCF,visual,0.0462,probability,120.2,N/A,N/A,ok,
dfdc_test_003406,DFDC-DFDC_Real,0,UCF,visual,0.576,probability,126.64,N/A,N/A,ok,
dfdc_test_003407,DFDC-DFDC_Real,0,UCF,visual,0.5668,probability,145.46,N/A,N/A,ok,
dfdc_test_003408,DFDC-DFDC_Real,0,UCF,visual,0.1706,probability,124.38,N/A,N/A,ok,
dfdc_test_003409,DFDC-DFDC_Real,0,UCF,visual,0.0576,probability,123.98,N/A,N/A,ok,
dfdc_test_003410,DFDC-DFDC_Real,0,UCF,visual,0.2219,probability,165.08,N/A,N/A,ok,
dfdc_test_003411,DFDC-DFDC_Real,0,UCF,visual,0.2063,probability,169.6,N/A,N/A,ok,
dfdc_test_003412,DFDC-DFDC_Real,0,UCF,visual,0.2932,probability,179.16,N/A,N/A,ok,
dfdc_test_003413,DFDC-DFDC_Real,0,UCF,visual,0.173,probability,137.06,N/A,N/A,ok,
dfdc_test_003414,DFDC-DFDC_Real,0,UCF,visual,0.594,probability,190.03,N/A,N/A,ok,
dfdc_test_003415,DFDC-DFDC_Real,0,UCF,visual,0.0226,probability,196.61,N/A,N/A,ok,
dfdc_test_003416,DFDC-DFDC_Real,0,UCF,visual,0.7385,probability,185.13,N/A,N/A,ok,
dfdc_test_003417,DFDC-DFDC_Real,0,UCF,visual,0.9559,probability,217.2,N/A,N/A,ok,
dfdc_test_003418,DFDC-DFDC_Real,0,UCF,visual,0.7423,probability,181.45,N/A,N/A,ok,
dfdc_test_003419,DFDC-DFDC_Real,0,UCF,visual,0.3308,probability,149.5,N/A,N/A,ok,
dfdc_test_003420,DFDC-DFDC_Real,0,UCF,visual,0.4666,probability,219.2,N/A,N/A,ok,
dfdc_test_003421,DFDC-DFDC_Real,0,UCF,visual,0.2343,probability,171.81,N/A,N/A,ok,
dfdc_test_003422,DFDC-DFDC_Real,0,UCF,visual,0.3903,probability,223.0,N/A,N/A,ok,
dfdc_test_003423,DFDC-DFDC_Real,0,UCF,visual,0.8961,probability,192.52,N/A,N/A,ok,
dfdc_test_003424,DFDC-DFDC_Real,0,UCF,visual,0.4508,probability,128.16,N/A,N/A,ok,
dfdc_test_003425,DFDC-DFDC_Real,0,UCF,visual,0.5222,probability,126.1,N/A,N/A,ok,
dfdc_test_003426,DFDC-DFDC_Real,0,UCF,visual,0.2041,probability,136.58,N/A,N/A,ok,
dfdc_test_003427,DFDC-DFDC_Real,0,UCF,visual,0.17,probability,116.77,N/A,N/A,ok,
dfdc_test_003428,DFDC-DFDC_Real,0,UCF,visual,0.0323,probability,205.17,N/A,N/A,ok,
dfdc_test_003429,DFDC-DFDC_Real,0,UCF,visual,0.0986,probability,232.46,N/A,N/A,ok,
dfdc_test_003430,DFDC-DFDC_Real,0,UCF,visual,0.3477,probability,175.28,N/A,N/A,ok,
dfdc_test_003431,DFDC-DFDC_Real,0,UCF,visual,0.0397,probability,185.33,N/A,N/A,ok,
dfdc_test_003432,DFDC-DFDC_Real,0,UCF,visual,0.3354,probability,159.81,N/A,N/A,ok,
dfdc_test_003433,DFDC-DFDC_Real,0,UCF,visual,0.5878,probability,240.81,N/A,N/A,ok,
dfdc_test_003434,DFDC-DFDC_Real,0,UCF,visual,0.4788,probability,126.93,N/A,N/A,ok,
dfdc_test_003435,DFDC-DFDC_Real,0,UCF,visual,0.0658,probability,143.77,N/A,N/A,ok,
dfdc_test_003436,DFDC-DFDC_Real,0,UCF,visual,0.7718,probability,135.45,N/A,N/A,ok,
dfdc_test_003437,DFDC-DFDC_Real,0,UCF,visual,0.2515,probability,143.4,N/A,N/A,ok,
dfdc_test_003438,DFDC-DFDC_Real,0,UCF,visual,0.0754,probability,140.02,N/A,N/A,ok,
dfdc_test_003439,DFDC-DFDC_Real,0,UCF,visual,0.4542,probability,150.67,N/A,N/A,ok,
dfdc_test_003440,DFDC-DFDC_Real,0,UCF,visual,0.1647,probability,193.58,N/A,N/A,ok,
dfdc_test_003441,DFDC-DFDC_Real,0,UCF,visual,0.2892,probability,158.4,N/A,N/A,ok,
dfdc_test_003442,DFDC-DFDC_Real,0,UCF,visual,0.0777,probability,150.01,N/A,N/A,ok,
dfdc_test_003443,DFDC-DFDC_Real,0,UCF,visual,0.1193,probability,132.66,N/A,N/A,ok,
dfdc_test_003444,DFDC-DFDC_Real,0,UCF,visual,0.8186,probability,135.45,N/A,N/A,ok,
dfdc_test_003445,DFDC-DFDC_Real,0,UCF,visual,0.3115,probability,118.45,N/A,N/A,ok,
dfdc_test_003446,DFDC-DFDC_Real,0,UCF,visual,0.0282,probability,134.83,N/A,N/A,ok,
dfdc_test_003447,DFDC-DFDC_Real,0,UCF,visual,0.3521,probability,110.2,N/A,N/A,ok,
dfdc_test_003448,DFDC-DFDC_Real,0,UCF,visual,0.7845,probability,122.82,N/A,N/A,ok,
dfdc_test_003449,DFDC-DFDC_Real,0,UCF,visual,0.9962,probability,137.64,N/A,N/A,ok,
dfdc_test_003450,DFDC-DFDC_Real,0,UCF,visual,0.7304,probability,167.28,N/A,N/A,ok,
dfdc_test_003451,DFDC-DFDC_Real,0,UCF,visual,0.1175,probability,124.03,N/A,N/A,ok,
dfdc_test_003452,DFDC-DFDC_Real,0,UCF,visual,0.0979,probability,138.86,N/A,N/A,ok,
dfdc_test_003453,DFDC-DFDC_Real,0,UCF,visual,0.1604,probability,149.03,N/A,N/A,ok,
dfdc_test_003454,DFDC-DFDC_Real,0,UCF,visual,0.3832,probability,144.7,N/A,N/A,ok,
dfdc_test_003455,DFDC-DFDC_Real,0,UCF,visual,0.3387,probability,135.21,N/A,N/A,ok,
dfdc_test_003456,DFDC-DFDC_Real,0,UCF,visual,0.4339,probability,228.0,N/A,N/A,ok,
dfdc_test_003457,DFDC-DFDC_Real,0,UCF,visual,0.9861,probability,239.7,N/A,N/A,ok,
dfdc_test_003458,DFDC-DFDC_Real,0,UCF,visual,0.9423,probability,225.47,N/A,N/A,ok,
dfdc_test_003459,DFDC-DFDC_Real,0,UCF,visual,0.3003,probability,190.33,N/A,N/A,ok,
dfdc_test_003460,DFDC-DFDC_Real,0,UCF,visual,0.0402,probability,198.92,N/A,N/A,ok,
dfdc_test_003461,DFDC-DFDC_Real,0,UCF,visual,0.0131,probability,239.69,N/A,N/A,ok,
dfdc_test_003462,DFDC-DFDC_Real,0,UCF,visual,0.6529,probability,243.69,N/A,N/A,ok,
dfdc_test_003463,DFDC-DFDC_Real,0,UCF,visual,0.3083,probability,230.48,N/A,N/A,ok,
dfdc_test_003464,DFDC-DFDC_Real,0,UCF,visual,0.2367,probability,205.1,N/A,N/A,ok,
dfdc_test_003465,DFDC-DFDC_Real,0,UCF,visual,0.3888,probability,226.04,N/A,N/A,ok,
dfdc_test_003466,DFDC-DFDC_Real,0,UCF,visual,0.0337,probability,215.53,N/A,N/A,ok,
dfdc_test_003467,DFDC-DFDC_Real,0,UCF,visual,0.5402,probability,206.74,N/A,N/A,ok,
dfdc_test_003468,DFDC-DFDC_Real,0,UCF,visual,0.4888,probability,168.46,N/A,N/A,ok,
dfdc_test_003469,DFDC-DFDC_Real,0,UCF,visual,0.4283,probability,132.79,N/A,N/A,ok,
dfdc_test_003470,DFDC-DFDC_Real,0,UCF,visual,0.0324,probability,150.61,N/A,N/A,ok,
dfdc_test_003471,DFDC-DFDC_Real,0,UCF,visual,0.069,probability,193.86,N/A,N/A,ok,
dfdc_test_003472,DFDC-DFDC_Real,0,UCF,visual,0.2931,probability,139.97,N/A,N/A,ok,
dfdc_test_003473,DFDC-DFDC_Real,0,UCF,visual,0.2134,probability,184.95,N/A,N/A,ok,
dfdc_test_003474,DFDC-DFDC_Real,0,UCF,visual,0.0285,probability,184.32,N/A,N/A,ok,
dfdc_test_003475,DFDC-DFDC_Real,0,UCF,visual,0.8739,probability,161.64,N/A,N/A,ok,
dfdc_test_003476,DFDC-DFDC_Real,0,UCF,visual,0.3396,probability,234.16,N/A,N/A,ok,
dfdc_test_003477,DFDC-DFDC_Real,0,UCF,visual,0.2642,probability,183.42,N/A,N/A,ok,
dfdc_test_003478,DFDC-DFDC_Real,0,UCF,visual,0.6667,probability,166.79,N/A,N/A,ok,
dfdc_test_003479,DFDC-DFDC_Real,0,UCF,visual,0.1195,probability,141.05,N/A,N/A,ok,
dfdc_test_003480,DFDC-DFDC_Real,0,UCF,visual,0.5777,probability,146.6,N/A,N/A,ok,
dfdc_test_003481,DFDC-DFDC_Real,0,UCF,visual,0.3089,probability,150.6,N/A,N/A,ok,
dfdc_test_003482,DFDC-DFDC_Real,0,UCF,visual,0.0301,probability,157.38,N/A,N/A,ok,
dfdc_test_003483,DFDC-DFDC_Real,0,UCF,visual,0.3664,probability,163.14,N/A,N/A,ok,
dfdc_test_003484,DFDC-DFDC_Real,0,UCF,visual,0.9801,probability,169.47,N/A,N/A,ok,
dfdc_test_003485,DFDC-DFDC_Real,0,UCF,visual,0.0315,probability,149.95,N/A,N/A,ok,
dfdc_test_003486,DFDC-DFDC_Real,0,UCF,visual,0.9261,probability,148.94,N/A,N/A,ok,
dfdc_test_003487,DFDC-DFDC_Real,0,UCF,visual,0.0176,probability,186.44,N/A,N/A,ok,
dfdc_test_003488,DFDC-DFDC_Real,0,UCF,visual,0.7189,probability,134.03,N/A,N/A,ok,
dfdc_test_003489,DFDC-DFDC_Real,0,UCF,visual,0.3798,probability,143.2,N/A,N/A,ok,
dfdc_test_003490,DFDC-DFDC_Real,0,UCF,visual,0.231,probability,174.52,N/A,N/A,ok,
dfdc_test_003491,DFDC-DFDC_Real,0,UCF,visual,0.9092,probability,126.44,N/A,N/A,ok,
dfdc_test_003492,DFDC-DFDC_Real,0,UCF,visual,0.7656,probability,153.64,N/A,N/A,ok,
dfdc_test_003493,DFDC-DFDC_Real,0,UCF,visual,0.2537,probability,152.71,N/A,N/A,ok,
dfdc_test_003494,DFDC-DFDC_Real,0,UCF,visual,0.0177,probability,166.23,N/A,N/A,ok,
dfdc_test_003495,DFDC-DFDC_Real,0,UCF,visual,0.4623,probability,167.63,N/A,N/A,ok,
dfdc_test_003496,DFDC-DFDC_Real,0,UCF,visual,0.4545,probability,142.28,N/A,N/A,ok,
dfdc_test_003497,DFDC-DFDC_Real,0,UCF,visual,0.3695,probability,164.07,N/A,N/A,ok,
dfdc_test_003498,DFDC-DFDC_Real,0,UCF,visual,0.8927,probability,127.36,N/A,N/A,ok,
dfdc_test_003499,DFDC-DFDC_Real,0,UCF,visual,0.7826,probability,156.1,N/A,N/A,ok,
dfdc_test_003500,DFDC-DFDC_Real,0,UCF,visual,0.0607,probability,154.53,N/A,N/A,ok,
dfdc_test_003501,DFDC-DFDC_Real,0,UCF,visual,0.0626,probability,160.37,N/A,N/A,ok,
dfdc_test_003502,DFDC-DFDC_Real,0,UCF,visual,0.275,probability,154.99,N/A,N/A,ok,
dfdc_test_003503,DFDC-DFDC_Real,0,UCF,visual,0.0419,probability,167.52,N/A,N/A,ok,
dfdc_test_003504,DFDC-DFDC_Real,0,UCF,visual,0.1661,probability,135.26,N/A,N/A,ok,
dfdc_test_003505,DFDC-DFDC_Real,0,UCF,visual,0.043,probability,127.53,N/A,N/A,ok,
dfdc_test_003506,DFDC-DFDC_Real,0,UCF,visual,0.1383,probability,139.48,N/A,N/A,ok,
dfdc_test_003507,DFDC-DFDC_Real,0,UCF,visual,0.3305,probability,119.07,N/A,N/A,ok,
dfdc_test_003508,DFDC-DFDC_Real,0,UCF,visual,0.5089,probability,116.51,N/A,N/A,ok,
dfdc_test_003509,DFDC-DFDC_Real,0,UCF,visual,0.2697,probability,124.25,N/A,N/A,ok,
dfdc_test_003510,DFDC-DFDC_Real,0,UCF,visual,0.2455,probability,163.97,N/A,N/A,ok,
dfdc_test_003511,DFDC-DFDC_Real,0,UCF,visual,0.9963,probability,117.55,N/A,N/A,ok,
dfdc_test_003512,DFDC-DFDC_Real,0,UCF,visual,0.1559,probability,118.94,N/A,N/A,ok,
dfdc_test_003513,DFDC-DFDC_Real,0,UCF,visual,0.1761,probability,141.4,N/A,N/A,ok,
dfdc_test_003514,DFDC-DFDC_Real,0,UCF,visual,0.8864,probability,165.04,N/A,N/A,ok,
dfdc_test_003515,DFDC-DFDC_Real,0,UCF,visual,0.0257,probability,154.25,N/A,N/A,ok,
dfdc_test_003516,DFDC-DFDC_Real,0,UCF,visual,0.3242,probability,108.97,N/A,N/A,ok,
dfdc_test_003517,DFDC-DFDC_Real,0,UCF,visual,0.9024,probability,149.91,N/A,N/A,ok,
dfdc_test_003518,DFDC-DFDC_Real,0,UCF,visual,0.1603,probability,232.29,N/A,N/A,ok,
dfdc_test_003519,DFDC-DFDC_Real,0,UCF,visual,0.5433,probability,166.55,N/A,N/A,ok,
dfdc_test_003520,DFDC-DFDC_Real,0,UCF,visual,0.3091,probability,166.48,N/A,N/A,ok,
dfdc_test_003521,DFDC-DFDC_Real,0,UCF,visual,0.9672,probability,168.61,N/A,N/A,ok,
dfdc_test_003522,DFDC-DFDC_Real,0,UCF,visual,0.0331,probability,193.67,N/A,N/A,ok,
dfdc_test_003523,DFDC-DFDC_Real,0,UCF,visual,0.2878,probability,194.95,N/A,N/A,ok,
dfdc_test_003524,DFDC-DFDC_Real,0,UCF,visual,0.4562,probability,205.39,N/A,N/A,ok,
dfdc_test_003525,DFDC-DFDC_Real,0,UCF,visual,0.0119,probability,192.23,N/A,N/A,ok,
dfdc_test_003526,DFDC-DFDC_Real,0,UCF,visual,0.1297,probability,171.17,N/A,N/A,ok,
dfdc_test_003527,DFDC-DFDC_Real,0,UCF,visual,0.0951,probability,200.34,N/A,N/A,ok,
dfdc_test_003528,DFDC-DFDC_Real,0,UCF,visual,0.6977,probability,181.47,N/A,N/A,ok,
dfdc_test_003529,DFDC-DFDC_Real,0,UCF,visual,0.8168,probability,189.22,N/A,N/A,ok,
dfdc_test_003530,DFDC-DFDC_Real,0,UCF,visual,0.2175,probability,225.82,N/A,N/A,ok,
dfdc_test_003531,DFDC-DFDC_Real,0,UCF,visual,0.3392,probability,156.14,N/A,N/A,ok,
dfdc_test_003532,DFDC-DFDC_Real,0,UCF,visual,0.1732,probability,194.58,N/A,N/A,ok,
dfdc_test_003533,DFDC-DFDC_Real,0,UCF,visual,0.0656,probability,216.74,N/A,N/A,ok,
dfdc_test_003534,DFDC-DFDC_Real,0,UCF,visual,0.0136,probability,179.53,N/A,N/A,ok,
dfdc_test_003535,DFDC-DFDC_Real,0,UCF,visual,0.3665,probability,215.02,N/A,N/A,ok,
dfdc_test_003536,DFDC-DFDC_Real,0,UCF,visual,0.509,probability,225.1,N/A,N/A,ok,
dfdc_test_003537,DFDC-DFDC_Real,0,UCF,visual,0.5091,probability,190.2,N/A,N/A,ok,
dfdc_test_003538,DFDC-DFDC_Real,0,UCF,visual,0.3909,probability,162.15,N/A,N/A,ok,
dfdc_test_003539,DFDC-DFDC_Real,0,UCF,visual,0.0423,probability,154.83,N/A,N/A,ok,
dfdc_test_003540,DFDC-DFDC_Real,0,UCF,visual,0.0461,probability,185.45,N/A,N/A,ok,
dfdc_test_003541,DFDC-DFDC_Real,0,UCF,visual,0.4028,probability,180.67,N/A,N/A,ok,
dfdc_test_003542,DFDC-DFDC_Real,0,UCF,visual,0.7974,probability,180.49,N/A,N/A,ok,
dfdc_test_003543,DFDC-DFDC_Real,0,UCF,visual,0.8091,probability,201.53,N/A,N/A,ok,
dfdc_test_003544,DFDC-DFDC_Real,0,UCF,visual,0.9676,probability,156.84,N/A,N/A,ok,
dfdc_test_003545,DFDC-DFDC_Real,0,UCF,visual,0.5087,probability,155.44,N/A,N/A,ok,
dfdc_test_003546,DFDC-DFDC_Real,0,UCF,visual,0.052,probability,169.55,N/A,N/A,ok,
dfdc_test_003547,DFDC-DFDC_Real,0,UCF,visual,0.2447,probability,204.88,N/A,N/A,ok,
dfdc_test_003548,DFDC-DFDC_Real,0,UCF,visual,0.2786,probability,130.63,N/A,N/A,ok,
dfdc_test_003549,DFDC-DFDC_Real,0,UCF,visual,0.275,probability,142.84,N/A,N/A,ok,
dfdc_test_003550,DFDC-DFDC_Real,0,UCF,visual,0.0518,probability,165.17,N/A,N/A,ok,
dfdc_test_003551,DFDC-DFDC_Real,0,UCF,visual,0.7751,probability,170.23,N/A,N/A,ok,
dfdc_test_003552,DFDC-DFDC_Real,0,UCF,visual,0.4966,probability,192.23,N/A,N/A,ok,
dfdc_test_003553,DFDC-DFDC_Real,0,UCF,visual,0.2004,probability,177.71,N/A,N/A,ok,
dfdc_test_003554,DFDC-DFDC_Real,0,UCF,visual,0.1175,probability,160.17,N/A,N/A,ok,
dfdc_test_003555,DFDC-DFDC_Real,0,UCF,visual,0.5814,probability,160.44,N/A,N/A,ok,
dfdc_test_003556,DFDC-DFDC_Real,0,UCF,visual,0.2756,probability,164.6,N/A,N/A,ok,
dfdc_test_003557,DFDC-DFDC_Real,0,UCF,visual,0.3569,probability,146.26,N/A,N/A,ok,
dfdc_test_003558,DFDC-DFDC_Real,0,UCF,visual,0.4071,probability,142.33,N/A,N/A,ok,
dfdc_test_003559,DFDC-DFDC_Real,0,UCF,visual,0.7927,probability,193.44,N/A,N/A,ok,
dfdc_test_003560,DFDC-DFDC_Real,0,UCF,visual,0.0633,probability,202.28,N/A,N/A,ok,
dfdc_test_003561,DFDC-DFDC_Real,0,UCF,visual,0.2342,probability,171.44,N/A,N/A,ok,
dfdc_test_003562,DFDC-DFDC_Real,0,UCF,visual,0.1452,probability,140.97,N/A,N/A,ok,
dfdc_test_003563,DFDC-DFDC_Real,0,UCF,visual,0.1336,probability,196.9,N/A,N/A,ok,
dfdc_test_003564,DFDC-DFDC_Real,0,UCF,visual,0.4075,probability,135.55,N/A,N/A,ok,
dfdc_test_003565,DFDC-DFDC_Real,0,UCF,visual,0.1056,probability,126.46,N/A,N/A,ok,
dfdc_test_003566,DFDC-DFDC_Real,0,UCF,visual,0.403,probability,132.75,N/A,N/A,ok,
dfdc_test_003567,DFDC-DFDC_Real,0,UCF,visual,0.9637,probability,113.58,N/A,N/A,ok,
dfdc_test_003568,DFDC-DFDC_Real,0,UCF,visual,0.9511,probability,104.13,N/A,N/A,ok,
dfdc_test_003569,DFDC-DFDC_Real,0,UCF,visual,0.4737,probability,108.8,N/A,N/A,ok,
dfdc_test_003570,DFDC-DFDC_Real,0,UCF,visual,0.0229,probability,177.38,N/A,N/A,ok,
dfdc_test_003571,DFDC-DFDC_Real,0,UCF,visual,0.1612,probability,191.62,N/A,N/A,ok,
dfdc_test_003572,DFDC-DFDC_Real,0,UCF,visual,0.5762,probability,199.65,N/A,N/A,ok,
dfdc_test_003573,DFDC-DFDC_Real,0,UCF,visual,0.4321,probability,247.5,N/A,N/A,ok,
dfdc_test_003574,DFDC-DFDC_Real,0,UCF,visual,0.3551,probability,214.43,N/A,N/A,ok,
dfdc_test_003575,DFDC-DFDC_Real,0,UCF,visual,0.7206,probability,213.49,N/A,N/A,ok,
dfdc_test_003576,DFDC-DFDC_Real,0,UCF,visual,0.8218,probability,302.95,N/A,N/A,ok,
dfdc_test_003577,DFDC-DFDC_Real,0,UCF,visual,0.4994,probability,192.77,N/A,N/A,ok,
dfdc_test_003578,DFDC-DFDC_Real,0,UCF,visual,0.5896,probability,157.22,N/A,N/A,ok,
dfdc_test_003579,DFDC-DFDC_Real,0,UCF,visual,0.4496,probability,189.97,N/A,N/A,ok,
dfdc_test_003580,DFDC-DFDC_Real,0,UCF,visual,0.0633,probability,202.55,N/A,N/A,ok,
dfdc_test_003581,DFDC-DFDC_Real,0,UCF,visual,0.6173,probability,168.69,N/A,N/A,ok,
dfdc_test_003582,DFDC-DFDC_Real,0,UCF,visual,0.9809,probability,163.86,N/A,N/A,ok,
dfdc_test_003583,DFDC-DFDC_Real,0,UCF,visual,0.184,probability,299.97,N/A,N/A,ok,
dfdc_test_003584,DFDC-DFDC_Real,0,UCF,visual,0.4847,probability,216.08,N/A,N/A,ok,
dfdc_test_003585,DFDC-DFDC_Real,0,UCF,visual,0.0743,probability,209.58,N/A,N/A,ok,
dfdc_test_003586,DFDC-DFDC_Real,0,UCF,visual,0.8418,probability,219.51,N/A,N/A,ok,
dfdc_test_003587,DFDC-DFDC_Real,0,UCF,visual,0.0103,probability,250.4,N/A,N/A,ok,
dfdc_test_003588,DFDC-DFDC_Real,0,UCF,visual,0.3845,probability,246.94,N/A,N/A,ok,
dfdc_test_003589,DFDC-DFDC_Real,0,UCF,visual,0.051,probability,196.58,N/A,N/A,ok,
dfdc_test_003590,DFDC-DFDC_Real,0,UCF,visual,0.8664,probability,213.61,N/A,N/A,ok,
dfdc_test_003591,DFDC-DFDC_Real,0,UCF,visual,0.2702,probability,182.8,N/A,N/A,ok,
dfdc_test_003592,DFDC-DFDC_Real,0,UCF,visual,0.6486,probability,139.08,N/A,N/A,ok,
dfdc_test_003593,DFDC-DFDC_Real,0,UCF,visual,0.3044,probability,186.84,N/A,N/A,ok,
dfdc_test_003594,DFDC-DFDC_Real,0,UCF,visual,0.3989,probability,168.54,N/A,N/A,ok,
dfdc_test_003595,DFDC-DFDC_Real,0,UCF,visual,0.2433,probability,159.21,N/A,N/A,ok,
dfdc_test_003596,DFDC-DFDC_Real,0,UCF,visual,0.8268,probability,150.87,N/A,N/A,ok,
dfdc_test_003597,DFDC-DFDC_Real,0,UCF,visual,0.1587,probability,179.56,N/A,N/A,ok,
dfdc_test_003598,DFDC-DFDC_Real,0,UCF,visual,0.6129,probability,328.91,N/A,N/A,ok,
dfdc_test_003599,DFDC-DFDC_Real,0,UCF,visual,0.5024,probability,199.84,N/A,N/A,ok,
dfdc_test_003600,DFDC-DFDC_Real,0,UCF,visual,0.1482,probability,180.23,N/A,N/A,ok,
dfdc_test_003601,DFDC-DFDC_Real,0,UCF,visual,0.0171,probability,181.39,N/A,N/A,ok,
dfdc_test_003602,DFDC-DFDC_Real,0,UCF,visual,0.7146,probability,123.18,N/A,N/A,ok,
dfdc_test_003603,DFDC-DFDC_Real,0,UCF,visual,0.6265,probability,199.27,N/A,N/A,ok,
dfdc_test_003604,DFDC-DFDC_Real,0,UCF,visual,0.1687,probability,196.23,N/A,N/A,ok,
dfdc_test_003605,DFDC-DFDC_Real,0,UCF,visual,0.4692,probability,157.13,N/A,N/A,ok,
dfdc_test_003606,DFDC-DFDC_Real,0,UCF,visual,0.0797,probability,157.47,N/A,N/A,ok,
dfdc_test_003607,DFDC-DFDC_Real,0,UCF,visual,0.0191,probability,151.69,N/A,N/A,ok,
dfdc_test_003608,DFDC-DFDC_Real,0,UCF,visual,0.051,probability,147.57,N/A,N/A,ok,
dfdc_test_003609,DFDC-DFDC_Real,0,UCF,visual,0.8266,probability,178.63,N/A,N/A,ok,
dfdc_test_003610,DFDC-DFDC_Real,0,UCF,visual,0.6333,probability,154.2,N/A,N/A,ok,
dfdc_test_003611,DFDC-DFDC_Real,0,UCF,visual,0.0541,probability,145.56,N/A,N/A,ok,
dfdc_test_003612,DFDC-DFDC_Real,0,UCF,visual,0.2579,probability,188.26,N/A,N/A,ok,
dfdc_test_003613,DFDC-DFDC_Real,0,UCF,visual,0.1729,probability,164.68,N/A,N/A,ok,
dfdc_test_003614,DFDC-DFDC_Real,0,UCF,visual,0.8439,probability,182.73,N/A,N/A,ok,
dfdc_test_003615,DFDC-DFDC_Real,0,UCF,visual,0.5102,probability,161.85,N/A,N/A,ok,
dfdc_test_003616,DFDC-DFDC_Real,0,UCF,visual,0.2944,probability,137.03,N/A,N/A,ok,
dfdc_test_003617,DFDC-DFDC_Real,0,UCF,visual,0.7539,probability,124.13,N/A,N/A,ok,
dfdc_test_003618,DFDC-DFDC_Real,0,UCF,visual,0.4286,probability,215.85,N/A,N/A,ok,
dfdc_test_003619,DFDC-DFDC_Real,0,UCF,visual,0.4179,probability,206.91,N/A,N/A,ok,
dfdc_test_003620,DFDC-DFDC_Real,0,UCF,visual,0.6162,probability,190.75,N/A,N/A,ok,
dfdc_test_003621,DFDC-DFDC_Real,0,UCF,visual,0.467,probability,179.88,N/A,N/A,ok,
dfdc_test_003622,DFDC-DFDC_Real,0,UCF,visual,0.4813,probability,207.73,N/A,N/A,ok,
dfdc_test_003623,DFDC-DFDC_Real,0,UCF,visual,0.2606,probability,178.98,N/A,N/A,ok,
dfdc_test_003624,DFDC-DFDC_Real,0,UCF,visual,0.3114,probability,134.43,N/A,N/A,ok,
dfdc_test_003625,DFDC-DFDC_Real,0,UCF,visual,0.8208,probability,133.6,N/A,N/A,ok,
dfdc_test_003626,DFDC-DFDC_Real,0,UCF,visual,0.6172,probability,139.81,N/A,N/A,ok,
dfdc_test_003627,DFDC-DFDC_Real,0,UCF,visual,0.5075,probability,159.27,N/A,N/A,ok,
dfdc_test_003628,DFDC-DFDC_Real,0,UCF,visual,0.0173,probability,194.19,N/A,N/A,ok,
dfdc_test_003629,DFDC-DFDC_Real,0,UCF,visual,0.0759,probability,152.52,N/A,N/A,ok,
dfdc_test_003630,DFDC-DFDC_Real,0,UCF,visual,0.2885,probability,161.84,N/A,N/A,ok,
dfdc_test_003631,DFDC-DFDC_Real,0,UCF,visual,0.353,probability,173.83,N/A,N/A,ok,
dfdc_test_003632,DFDC-DFDC_Real,0,UCF,visual,0.0805,probability,201.25,N/A,N/A,ok,
dfdc_test_003633,DFDC-DFDC_Real,0,UCF,visual,0.649,probability,178.64,N/A,N/A,ok,
dfdc_test_003634,DFDC-DFDC_Real,0,UCF,visual,0.0488,probability,125.0,N/A,N/A,ok,
dfdc_test_003635,DFDC-DFDC_Real,0,UCF,visual,0.1192,probability,145.63,N/A,N/A,ok,
dfdc_test_003636,DFDC-DFDC_Real,0,UCF,visual,0.7937,probability,224.32,N/A,N/A,ok,
dfdc_test_003637,DFDC-DFDC_Real,0,UCF,visual,0.3344,probability,185.19,N/A,N/A,ok,
dfdc_test_003638,DFDC-DFDC_Real,0,UCF,visual,0.3802,probability,273.59,N/A,N/A,ok,
dfdc_test_003639,DFDC-DFDC_Real,0,UCF,visual,0.9577,probability,291.29,N/A,N/A,ok,
dfdc_test_003640,DFDC-DFDC_Real,0,UCF,visual,0.0308,probability,281.43,N/A,N/A,ok,
dfdc_test_003641,DFDC-DFDC_Real,0,UCF,visual,0.4034,probability,211.16,N/A,N/A,ok,
dfdc_test_003642,DFDC-DFDC_Real,0,UCF,visual,0.1374,probability,167.74,N/A,N/A,ok,
dfdc_test_003643,DFDC-DFDC_Real,0,UCF,visual,0.14,probability,178.74,N/A,N/A,ok,
dfdc_test_003644,DFDC-DFDC_Real,0,UCF,visual,0.2651,probability,239.75,N/A,N/A,ok,
dfdc_test_003645,DFDC-DFDC_Real,0,UCF,visual,0.0301,probability,180.26,N/A,N/A,ok,
dfdc_test_003646,DFDC-DFDC_Real,0,UCF,visual,0.3839,probability,213.2,N/A,N/A,ok,
dfdc_test_003647,DFDC-DFDC_Real,0,UCF,visual,0.4544,probability,181.25,N/A,N/A,ok,
dfdc_test_003648,DFDC-DFDC_Real,0,UCF,visual,0.331,probability,151.93,N/A,N/A,ok,
dfdc_test_003649,DFDC-DFDC_Real,0,UCF,visual,0.5959,probability,203.64,N/A,N/A,ok,
dfdc_test_003650,DFDC-DFDC_Real,0,UCF,visual,0.0086,probability,188.49,N/A,N/A,ok,
dfdc_test_003651,DFDC-DFDC_Real,0,UCF,visual,0.909,probability,132.73,N/A,N/A,ok,
dfdc_test_003652,DFDC-DFDC_Real,0,UCF,visual,0.0933,probability,122.98,N/A,N/A,ok,
dfdc_test_003653,DFDC-DFDC_Real,0,UCF,visual,0.2156,probability,149.65,N/A,N/A,ok,
dfdc_test_003654,DFDC-DFDC_Real,0,UCF,visual,0.6722,probability,166.59,N/A,N/A,ok,
dfdc_test_003655,DFDC-DFDC_Real,0,UCF,visual,0.0376,probability,138.75,N/A,N/A,ok,
dfdc_test_003656,DFDC-DFDC_Real,0,UCF,visual,0.8682,probability,169.84,N/A,N/A,ok,
dfdc_test_003657,DFDC-DFDC_Real,0,UCF,visual,0.2147,probability,148.38,N/A,N/A,ok,
dfdc_test_003658,DFDC-DFDC_Real,0,UCF,visual,0.3855,probability,167.73,N/A,N/A,ok,
dfdc_test_003659,DFDC-DFDC_Real,0,UCF,visual,0.7928,probability,151.54,N/A,N/A,ok,
dfdc_test_003660,DFDC-DFDC_Real,0,UCF,visual,0.313,probability,201.79,N/A,N/A,ok,
dfdc_test_003661,DFDC-DFDC_Real,0,UCF,visual,0.0169,probability,175.25,N/A,N/A,ok,
dfdc_test_003662,DFDC-DFDC_Real,0,UCF,visual,0.4696,probability,172.29,N/A,N/A,ok,
dfdc_test_003663,DFDC-DFDC_Real,0,UCF,visual,0.0543,probability,154.51,N/A,N/A,ok,
dfdc_test_003664,DFDC-DFDC_Real,0,UCF,visual,0.9901,probability,146.57,N/A,N/A,ok,
dfdc_test_003665,DFDC-DFDC_Real,0,UCF,visual,0.335,probability,137.86,N/A,N/A,ok,
dfdc_test_003666,DFDC-DFDC_Real,0,UCF,visual,0.1164,probability,235.12,N/A,N/A,ok,
dfdc_test_003667,DFDC-DFDC_Real,0,UCF,visual,0.3016,probability,209.0,N/A,N/A,ok,
dfdc_test_003668,DFDC-DFDC_Real,0,UCF,visual,0.0109,probability,251.41,N/A,N/A,ok,
dfdc_test_003669,DFDC-DFDC_Real,0,UCF,visual,0.2876,probability,254.94,N/A,N/A,ok,
dfdc_test_003670,DFDC-DFDC_Real,0,UCF,visual,0.9099,probability,204.44,N/A,N/A,ok,
dfdc_test_003671,DFDC-DFDC_Real,0,UCF,visual,0.3569,probability,200.93,N/A,N/A,ok,
dfdc_test_003672,DFDC-DFDC_Real,0,UCF,visual,0.8118,probability,221.1,N/A,N/A,ok,
dfdc_test_003673,DFDC-DFDC_Real,0,UCF,visual,0.5368,probability,212.55,N/A,N/A,ok,
dfdc_test_003674,DFDC-DFDC_Real,0,UCF,visual,0.1064,probability,202.76,N/A,N/A,ok,
dfdc_test_003675,DFDC-DFDC_Real,0,UCF,visual,0.3544,probability,184.48,N/A,N/A,ok,
dfdc_test_003676,DFDC-DFDC_Real,0,UCF,visual,0.952,probability,211.05,N/A,N/A,ok,
dfdc_test_003677,DFDC-DFDC_Real,0,UCF,visual,0.161,probability,140.26,N/A,N/A,ok,
dfdc_test_003678,DFDC-DFDC_Real,0,UCF,visual,0.3075,probability,139.07,N/A,N/A,ok,
dfdc_test_003679,DFDC-DFDC_Real,0,UCF,visual,0.515,probability,168.63,N/A,N/A,ok,
dfdc_test_003680,DFDC-DFDC_Real,0,UCF,visual,0.4269,probability,180.74,N/A,N/A,ok,
dfdc_test_003681,DFDC-DFDC_Real,0,UCF,visual,0.4053,probability,168.57,N/A,N/A,ok,
dfdc_test_003682,DFDC-DFDC_Real,0,UCF,visual,0.6938,probability,225.09,N/A,N/A,ok,
dfdc_test_003683,DFDC-DFDC_Real,0,UCF,visual,0.5705,probability,206.55,N/A,N/A,ok,
dfdc_test_003684,DFDC-DFDC_Real,0,UCF,visual,0.1516,probability,156.84,N/A,N/A,ok,
dfdc_test_003685,DFDC-DFDC_Real,0,UCF,visual,0.6468,probability,147.86,N/A,N/A,ok,
dfdc_test_003686,DFDC-DFDC_Real,0,UCF,visual,0.8456,probability,224.06,N/A,N/A,ok,
dfdc_test_003687,DFDC-DFDC_Real,0,UCF,visual,0.4127,probability,214.04,N/A,N/A,ok,
dfdc_test_003688,DFDC-DFDC_Real,0,UCF,visual,0.3743,probability,169.66,N/A,N/A,ok,
dfdc_test_003689,DFDC-DFDC_Real,0,UCF,visual,0.0237,probability,229.24,N/A,N/A,ok,
dfdc_test_003690,DFDC-DFDC_Real,0,UCF,visual,0.0608,probability,194.17,N/A,N/A,ok,
dfdc_test_003691,DFDC-DFDC_Real,0,UCF,visual,0.0702,probability,209.06,N/A,N/A,ok,
dfdc_test_003692,DFDC-DFDC_Real,0,UCF,visual,0.1715,probability,195.22,N/A,N/A,ok,
dfdc_test_003693,DFDC-DFDC_Real,0,UCF,visual,0.6589,probability,205.64,N/A,N/A,ok,
dfdc_test_003694,DFDC-DFDC_Real,0,UCF,visual,0.2837,probability,191.2,N/A,N/A,ok,
dfdc_test_003695,DFDC-DFDC_Real,0,UCF,visual,0.1023,probability,187.86,N/A,N/A,ok,
dfdc_test_003696,DFDC-DFDC_Real,0,UCF,visual,0.5163,probability,225.26,N/A,N/A,ok,
dfdc_test_003697,DFDC-DFDC_Real,0,UCF,visual,0.4678,probability,188.24,N/A,N/A,ok,
dfdc_test_003698,DFDC-DFDC_Real,0,UCF,visual,0.1784,probability,157.44,N/A,N/A,ok,
dfdc_test_003699,DFDC-DFDC_Real,0,UCF,visual,0.5408,probability,150.73,N/A,N/A,ok,
dfdc_test_003700,DFDC-DFDC_Real,0,UCF,visual,0.1503,probability,130.83,N/A,N/A,ok,
dfdc_test_003701,DFDC-DFDC_Real,0,UCF,visual,0.0161,probability,165.53,N/A,N/A,ok,
dfdc_test_003702,DFDC-DFDC_Real,0,UCF,visual,0.6517,probability,138.07,N/A,N/A,ok,
dfdc_test_003703,DFDC-DFDC_Real,0,UCF,visual,0.5524,probability,161.5,N/A,N/A,ok,
dfdc_test_003704,DFDC-DFDC_Real,0,UCF,visual,0.3797,probability,138.22,N/A,N/A,ok,
dfdc_test_003705,DFDC-DFDC_Real,0,UCF,visual,0.8362,probability,126.72,N/A,N/A,ok,
dfdc_test_003706,DFDC-DFDC_Real,0,UCF,visual,0.022,probability,135.43,N/A,N/A,ok,
dfdc_test_003707,DFDC-DFDC_Real,0,UCF,visual,0.0989,probability,175.12,N/A,N/A,ok,
dfdc_test_003708,DFDC-DFDC_Real,0,UCF,visual,0.132,probability,154.07,N/A,N/A,ok,
dfdc_test_003709,DFDC-DFDC_Real,0,UCF,visual,0.7872,probability,143.09,N/A,N/A,ok,
dfdc_test_003710,DFDC-DFDC_Real,0,UCF,visual,0.4434,probability,143.55,N/A,N/A,ok,
dfdc_test_003711,DFDC-DFDC_Real,0,UCF,visual,0.4256,probability,239.37,N/A,N/A,ok,
dfdc_test_003712,DFDC-DFDC_Real,0,UCF,visual,0.0707,probability,281.53,N/A,N/A,ok,
dfdc_test_003713,DFDC-DFDC_Real,0,UCF,visual,0.0287,probability,214.17,N/A,N/A,ok,
dfdc_test_003714,DFDC-DFDC_Real,0,UCF,visual,0.6407,probability,200.41,N/A,N/A,ok,
dfdc_test_003715,DFDC-DFDC_Real,0,UCF,visual,0.6648,probability,218.91,N/A,N/A,ok,
dfdc_test_003716,DFDC-DFDC_Real,0,UCF,visual,0.3725,probability,242.72,N/A,N/A,ok,
dfdc_test_003717,DFDC-DFDC_Real,0,UCF,visual,0.9254,probability,142.26,N/A,N/A,ok,
dfdc_test_003718,DFDC-DFDC_Real,0,UCF,visual,0.0715,probability,152.05,N/A,N/A,ok,
dfdc_test_003719,DFDC-DFDC_Real,0,UCF,visual,0.4535,probability,131.55,N/A,N/A,ok,
dfdc_test_003720,DFDC-DFDC_Real,0,UCF,visual,0.5487,probability,155.66,N/A,N/A,ok,
dfdc_test_003721,DFDC-DFDC_Real,0,UCF,visual,0.1536,probability,161.57,N/A,N/A,ok,
dfdc_test_003722,DFDC-DFDC_Real,0,UCF,visual,0.0366,probability,207.83,N/A,N/A,ok,
dfdc_test_003723,DFDC-DFDC_Real,0,UCF,visual,0.4797,probability,237.05,N/A,N/A,ok,
dfdc_test_003724,DFDC-DFDC_Real,0,UCF,visual,0.5324,probability,171.19,N/A,N/A,ok,
dfdc_test_003725,DFDC-DFDC_Real,0,UCF,visual,0.6368,probability,170.78,N/A,N/A,ok,
dfdc_test_003726,DFDC-DFDC_Real,0,UCF,visual,0.2031,probability,192.95,N/A,N/A,ok,
dfdc_test_003727,DFDC-DFDC_Real,0,UCF,visual,0.0417,probability,147.04,N/A,N/A,ok,
dfdc_test_003728,DFDC-DFDC_Real,0,UCF,visual,0.9308,probability,121.85,N/A,N/A,ok,
dfdc_test_003729,DFDC-DFDC_Real,0,UCF,visual,0.08,probability,131.92,N/A,N/A,ok,
dfdc_test_003730,DFDC-DFDC_Real,0,UCF,visual,0.0293,probability,123.92,N/A,N/A,ok,
dfdc_test_003731,DFDC-DFDC_Real,0,UCF,visual,0.0242,probability,157.87,N/A,N/A,ok,
dfdc_test_003732,DFDC-DFDC_Real,0,UCF,visual,0.0899,probability,111.71,N/A,N/A,ok,
dfdc_test_003733,DFDC-DFDC_Real,0,UCF,visual,0.298,probability,113.9,N/A,N/A,ok,
dfdc_test_003734,DFDC-DFDC_Real,0,UCF,visual,0.8322,probability,155.08,N/A,N/A,ok,
dfdc_test_003735,DFDC-DFDC_Real,0,UCF,visual,0.4812,probability,167.35,N/A,N/A,ok,
dfdc_test_003736,DFDC-DFDC_Real,0,UCF,visual,0.2259,probability,133.39,N/A,N/A,ok,
dfdc_test_003737,DFDC-DFDC_Real,0,UCF,visual,0.0924,probability,203.14,N/A,N/A,ok,
dfdc_test_003738,DFDC-DFDC_Real,0,UCF,visual,0.1175,probability,165.45,N/A,N/A,ok,
dfdc_test_003739,DFDC-DFDC_Real,0,UCF,visual,0.3246,probability,143.83,N/A,N/A,ok,
dfdc_test_003740,DFDC-DFDC_Real,0,UCF,visual,0.3492,probability,163.87,N/A,N/A,ok,
dfdc_test_003741,DFDC-DFDC_Real,0,UCF,visual,0.0847,probability,158.62,N/A,N/A,ok,
dfdc_test_003742,DFDC-DFDC_Real,0,UCF,visual,0.0992,probability,186.89,N/A,N/A,ok,
dfdc_test_003743,DFDC-DFDC_Real,0,UCF,visual,0.0947,probability,147.44,N/A,N/A,ok,
dfdc_test_003744,DFDC-DFDC_Real,0,UCF,visual,0.1534,probability,174.21,N/A,N/A,ok,
dfdc_test_003745,DFDC-DFDC_Real,0,UCF,visual,0.2887,probability,157.95,N/A,N/A,ok,
dfdc_test_003746,DFDC-DFDC_Real,0,UCF,visual,0.637,probability,149.95,N/A,N/A,ok,
dfdc_test_003747,DFDC-DFDC_Real,0,UCF,visual,0.0918,probability,160.29,N/A,N/A,ok,
dfdc_test_003748,DFDC-DFDC_Real,0,UCF,visual,0.8322,probability,163.35,N/A,N/A,ok,
dfdc_test_003749,DFDC-DFDC_Real,0,UCF,visual,0.9905,probability,194.94,N/A,N/A,ok,
dfdc_test_003750,DFDC-DFDC_Real,0,UCF,visual,0.258,probability,171.02,N/A,N/A,ok,
dfdc_test_003751,DFDC-DFDC_Real,0,UCF,visual,0.0921,probability,140.89,N/A,N/A,ok,
dfdc_test_003752,DFDC-DFDC_Real,0,UCF,visual,0.8198,probability,157.31,N/A,N/A,ok,
dfdc_test_003753,DFDC-DFDC_Real,0,UCF,visual,0.7467,probability,177.63,N/A,N/A,ok,
dfdc_test_003754,DFDC-DFDC_Real,0,UCF,visual,0.4186,probability,186.29,N/A,N/A,ok,
dfdc_test_003755,DFDC-DFDC_Real,0,UCF,visual,0.1802,probability,200.24,N/A,N/A,ok,
dfdc_test_003756,DFDC-DFDC_Real,0,UCF,visual,0.2982,probability,204.28,N/A,N/A,ok,
dfdc_test_003757,DFDC-DFDC_Real,0,UCF,visual,0.1889,probability,182.91,N/A,N/A,ok,
dfdc_test_003758,DFDC-DFDC_Real,0,UCF,visual,0.3774,probability,149.94,N/A,N/A,ok,
dfdc_test_003759,DFDC-DFDC_Real,0,UCF,visual,0.9133,probability,168.89,N/A,N/A,ok,
dfdc_test_003760,DFDC-DFDC_Real,0,UCF,visual,0.3354,probability,199.9,N/A,N/A,ok,
dfdc_test_003761,DFDC-DFDC_Real,0,UCF,visual,0.1548,probability,163.63,N/A,N/A,ok,
dfdc_test_003762,DFDC-DFDC_Real,0,UCF,visual,0.7116,probability,126.49,N/A,N/A,ok,
dfdc_test_003763,DFDC-DFDC_Real,0,UCF,visual,0.0419,probability,202.06,N/A,N/A,ok,
dfdc_test_003764,DFDC-DFDC_Real,0,UCF,visual,0.6842,probability,165.44,N/A,N/A,ok,
dfdc_test_003765,DFDC-DFDC_Real,0,UCF,visual,0.8895,probability,192.51,N/A,N/A,ok,
dfdc_test_003766,DFDC-DFDC_Real,0,UCF,visual,0.6409,probability,207.73,N/A,N/A,ok,
dfdc_test_003767,DFDC-DFDC_Real,0,UCF,visual,0.2014,probability,156.01,N/A,N/A,ok,
dfdc_test_003768,DFDC-DFDC_Real,0,UCF,visual,0.4277,probability,161.33,N/A,N/A,ok,
dfdc_test_003769,DFDC-DFDC_Real,0,UCF,visual,0.4048,probability,173.92,N/A,N/A,ok,
dfdc_test_003770,DFDC-DFDC_Real,0,UCF,visual,0.4106,probability,171.58,N/A,N/A,ok,
dfdc_test_003771,DFDC-DFDC_Real,0,UCF,visual,0.1655,probability,140.44,N/A,N/A,ok,
dfdc_test_003772,DFDC-DFDC_Real,0,UCF,visual,0.9485,probability,166.7,N/A,N/A,ok,
dfdc_test_003773,DFDC-DFDC_Real,0,UCF,visual,0.9191,probability,124.04,N/A,N/A,ok,
dfdc_test_003774,DFDC-DFDC_Real,0,UCF,visual,0.3162,probability,129.75,N/A,N/A,ok,
dfdc_test_003775,DFDC-DFDC_Real,0,UCF,visual,0.0688,probability,150.0,N/A,N/A,ok,
dfdc_test_003776,DFDC-DFDC_Real,0,UCF,visual,0.3553,probability,144.69,N/A,N/A,ok,
dfdc_test_003777,DFDC-DFDC_Real,0,UCF,visual,0.3321,probability,150.64,N/A,N/A,ok,
dfdc_test_003778,DFDC-DFDC_Real,0,UCF,visual,0.4986,probability,155.87,N/A,N/A,ok,
dfdc_test_003779,DFDC-DFDC_Real,0,UCF,visual,0.1504,probability,122.01,N/A,N/A,ok,
dfdc_test_003780,DFDC-DFDC_Real,0,UCF,visual,0.4846,probability,177.08,N/A,N/A,ok,
dfdc_test_003781,DFDC-DFDC_Real,0,UCF,visual,0.1136,probability,174.54,N/A,N/A,ok,
dfdc_test_003782,DFDC-DFDC_Real,0,UCF,visual,0.2009,probability,242.78,N/A,N/A,ok,
dfdc_test_003783,DFDC-DFDC_Real,0,UCF,visual,0.9229,probability,242.58,N/A,N/A,ok,
dfdc_test_003784,DFDC-DFDC_Real,0,UCF,visual,0.2387,probability,179.03,N/A,N/A,ok,
dfdc_test_003785,DFDC-DFDC_Real,0,UCF,visual,0.2749,probability,188.7,N/A,N/A,ok,
dfdc_test_003786,DFDC-DFDC_Real,0,UCF,visual,0.4205,probability,260.79,N/A,N/A,ok,
dfdc_test_003787,DFDC-DFDC_Real,0,UCF,visual,0.3724,probability,219.16,N/A,N/A,ok,
dfdc_test_003788,DFDC-DFDC_Real,0,UCF,visual,0.3083,probability,197.71,N/A,N/A,ok,
dfdc_test_003789,DFDC-DFDC_Real,0,UCF,visual,0.3498,probability,165.96,N/A,N/A,ok,
dfdc_test_003790,DFDC-DFDC_Real,0,UCF,visual,0.4575,probability,208.11,N/A,N/A,ok,
dfdc_test_003791,DFDC-DFDC_Real,0,UCF,visual,0.1135,probability,158.58,N/A,N/A,ok,
dfdc_test_003792,DFDC-DFDC_Real,0,UCF,visual,0.4644,probability,218.94,N/A,N/A,ok,
dfdc_test_003793,DFDC-DFDC_Real,0,UCF,visual,0.0411,probability,191.15,N/A,N/A,ok,
dfdc_test_003794,DFDC-DFDC_Real,0,UCF,visual,0.0854,probability,176.15,N/A,N/A,ok,
dfdc_test_003795,DFDC-DFDC_Real,0,UCF,visual,0.4295,probability,205.44,N/A,N/A,ok,
dfdc_test_003796,DFDC-DFDC_Real,0,UCF,visual,0.5439,probability,214.37,N/A,N/A,ok,
dfdc_test_003797,DFDC-DFDC_Real,0,UCF,visual,0.1904,probability,183.34,N/A,N/A,ok,
dfdc_test_003798,DFDC-DFDC_Real,0,UCF,visual,0.1428,probability,143.16,N/A,N/A,ok,
dfdc_test_003799,DFDC-DFDC_Real,0,UCF,visual,0.6595,probability,142.71,N/A,N/A,ok,
dfdc_test_003800,DFDC-DFDC_Real,0,UCF,visual,0.4111,probability,134.86,N/A,N/A,ok,
dfdc_test_003801,DFDC-DFDC_Real,0,UCF,visual,0.1111,probability,170.03,N/A,N/A,ok,
dfdc_test_003802,DFDC-DFDC_Real,0,UCF,visual,0.2047,probability,135.01,N/A,N/A,ok,
dfdc_test_003803,DFDC-DFDC_Real,0,UCF,visual,0.1587,probability,138.09,N/A,N/A,ok,
dfdc_test_003804,DFDC-DFDC_Real,0,UCF,visual,0.5134,probability,174.1,N/A,N/A,ok,
dfdc_test_003805,DFDC-DFDC_Real,0,UCF,visual,0.1354,probability,155.97,N/A,N/A,ok,
dfdc_test_003806,DFDC-DFDC_Real,0,UCF,visual,0.1283,probability,159.49,N/A,N/A,ok,
dfdc_test_003807,DFDC-DFDC_Real,0,UCF,visual,0.2153,probability,120.6,N/A,N/A,ok,
dfdc_test_003808,DFDC-DFDC_Real,0,UCF,visual,0.3737,probability,179.22,N/A,N/A,ok,
dfdc_test_003809,DFDC-DFDC_Real,0,UCF,visual,0.1848,probability,166.79,N/A,N/A,ok,
dfdc_test_003810,DFDC-DFDC_Real,0,UCF,visual,0.4257,probability,140.21,N/A,N/A,ok,
dfdc_test_003811,DFDC-DFDC_Real,0,UCF,visual,0.1005,probability,135.69,N/A,N/A,ok,
dfdc_test_003812,DFDC-DFDC_Real,0,UCF,visual,0.0167,probability,120.75,N/A,N/A,ok,
dfdc_test_003813,DFDC-DFDC_Real,0,UCF,visual,0.8428,probability,130.43,N/A,N/A,ok,
dfdc_test_003814,DFDC-DFDC_Real,0,UCF,visual,0.4389,probability,119.08,N/A,N/A,ok,
dfdc_test_003815,DFDC-DFDC_Real,0,UCF,visual,0.0454,probability,147.38,N/A,N/A,ok,
dfdc_test_003816,DFDC-DFDC_Real,0,UCF,visual,0.6665,probability,175.6,N/A,N/A,ok,
dfdc_test_003817,DFDC-DFDC_Real,0,UCF,visual,0.2756,probability,190.6,N/A,N/A,ok,
dfdc_test_003818,DFDC-DFDC_Real,0,UCF,visual,0.7236,probability,152.36,N/A,N/A,ok,
dfdc_test_003819,DFDC-DFDC_Real,0,UCF,visual,0.6882,probability,125.66,N/A,N/A,ok,
dfdc_test_003820,DFDC-DFDC_Real,0,UCF,visual,0.9943,probability,150.29,N/A,N/A,ok,
dfdc_test_003821,DFDC-DFDC_Real,0,UCF,visual,0.8549,probability,145.07,N/A,N/A,ok,
dfdc_test_003822,DFDC-DFDC_Real,0,UCF,visual,0.1484,probability,147.5,N/A,N/A,ok,
dfdc_test_003823,DFDC-DFDC_Real,0,UCF,visual,0.1791,probability,131.7,N/A,N/A,ok,
dfdc_test_003824,DFDC-DFDC_Real,0,UCF,visual,0.9954,probability,136.69,N/A,N/A,ok,
dfdc_test_003825,DFDC-DFDC_Real,0,UCF,visual,0.0857,probability,131.09,N/A,N/A,ok,
dfdc_test_003826,DFDC-DFDC_Real,0,UCF,visual,0.9308,probability,103.98,N/A,N/A,ok,
dfdc_test_003827,DFDC-DFDC_Real,0,UCF,visual,0.0379,probability,113.08,N/A,N/A,ok,
dfdc_test_003828,DFDC-DFDC_Real,0,UCF,visual,0.2686,probability,122.38,N/A,N/A,ok,
dfdc_test_003829,DFDC-DFDC_Real,0,UCF,visual,0.8491,probability,116.21,N/A,N/A,ok,
dfdc_test_003830,DFDC-DFDC_Real,0,UCF,visual,0.7607,probability,167.96,N/A,N/A,ok,
dfdc_test_003831,DFDC-DFDC_Real,0,UCF,visual,0.6444,probability,173.26,N/A,N/A,ok,
dfdc_test_003832,DFDC-DFDC_Real,0,UCF,visual,0.9505,probability,192.24,N/A,N/A,ok,
dfdc_test_003833,DFDC-DFDC_Real,0,UCF,visual,0.8527,probability,196.07,N/A,N/A,ok,
dfdc_test_003834,DFDC-DFDC_Real,0,UCF,visual,0.2931,probability,193.31,N/A,N/A,ok,
dfdc_test_003835,DFDC-DFDC_Real,0,UCF,visual,0.5385,probability,187.29,N/A,N/A,ok,
dfdc_test_003836,DFDC-DFDC_Real,0,UCF,visual,0.5849,probability,180.18,N/A,N/A,ok,
dfdc_test_003837,DFDC-DFDC_Real,0,UCF,visual,0.3127,probability,179.95,N/A,N/A,ok,
dfdc_test_003838,DFDC-DFDC_Real,0,UCF,visual,0.8792,probability,179.03,N/A,N/A,ok,
dfdc_test_003839,DFDC-DFDC_Real,0,UCF,visual,0.1843,probability,190.23,N/A,N/A,ok,
dfdc_test_003840,DFDC-DFDC_Real,0,UCF,visual,0.3288,probability,188.16,N/A,N/A,ok,
dfdc_test_003841,DFDC-DFDC_Real,0,UCF,visual,0.2711,probability,174.61,N/A,N/A,ok,
dfdc_test_003842,DFDC-DFDC_Real,0,UCF,visual,0.1425,probability,145.02,N/A,N/A,ok,
dfdc_test_003843,DFDC-DFDC_Real,0,UCF,visual,0.3226,probability,167.14,N/A,N/A,ok,
dfdc_test_003844,DFDC-DFDC_Real,0,UCF,visual,0.8167,probability,183.36,N/A,N/A,ok,
dfdc_test_003845,DFDC-DFDC_Real,0,UCF,visual,0.8221,probability,184.23,N/A,N/A,ok,
dfdc_test_003846,DFDC-DFDC_Real,0,UCF,visual,0.3507,probability,191.67,N/A,N/A,ok,
dfdc_test_003847,DFDC-DFDC_Real,0,UCF,visual,0.4759,probability,127.48,N/A,N/A,ok,
dfdc_test_003848,DFDC-DFDC_Real,0,UCF,visual,0.0159,probability,156.51,N/A,N/A,ok,
dfdc_test_003849,DFDC-DFDC_Real,0,UCF,visual,0.9223,probability,179.27,N/A,N/A,ok,
dfdc_test_003850,DFDC-DFDC_Real,0,UCF,visual,0.424,probability,204.92,N/A,N/A,ok,
dfdc_test_003851,DFDC-DFDC_Real,0,UCF,visual,0.1772,probability,170.73,N/A,N/A,ok,
dfdc_test_003852,DFDC-DFDC_Real,0,UCF,visual,0.9182,probability,188.29,N/A,N/A,ok,
dfdc_test_003853,DFDC-DFDC_Real,0,UCF,visual,0.7498,probability,228.27,N/A,N/A,ok,
dfdc_test_003854,DFDC-DFDC_Real,0,UCF,visual,0.2838,probability,202.31,N/A,N/A,ok,
dfdc_test_003855,DFDC-DFDC_Real,0,UCF,visual,0.1803,probability,202.13,N/A,N/A,ok,
dfdc_test_003856,DFDC-DFDC_Real,0,UCF,visual,0.0165,probability,171.72,N/A,N/A,ok,
dfdc_test_003857,DFDC-DFDC_Real,0,UCF,visual,0.1231,probability,141.85,N/A,N/A,ok,
dfdc_test_003858,DFDC-DFDC_Real,0,UCF,visual,0.1318,probability,122.52,N/A,N/A,ok,
dfdc_test_003859,DFDC-DFDC_Real,0,UCF,visual,0.1106,probability,115.96,N/A,N/A,ok,
dfdc_test_003860,DFDC-DFDC_Real,0,UCF,visual,0.0171,probability,162.61,N/A,N/A,ok,
dfdc_test_003861,DFDC-DFDC_Real,0,UCF,visual,0.8036,probability,215.78,N/A,N/A,ok,
dfdc_test_003862,DFDC-DFDC_Real,0,UCF,visual,0.3034,probability,190.27,N/A,N/A,ok,
dfdc_test_003863,DFDC-DFDC_Real,0,UCF,visual,0.6071,probability,246.0,N/A,N/A,ok,
dfdc_test_003864,DFDC-DFDC_Real,0,UCF,visual,0.2188,probability,199.47,N/A,N/A,ok,
dfdc_test_003865,DFDC-DFDC_Real,0,UCF,visual,0.1906,probability,186.33,N/A,N/A,ok,
dfdc_test_003866,DFDC-DFDC_Real,0,UCF,visual,0.9843,probability,186.6,N/A,N/A,ok,
dfdc_test_003867,DFDC-DFDC_Real,0,UCF,visual,0.58,probability,232.45,N/A,N/A,ok,
dfdc_test_003868,DFDC-DFDC_Real,0,UCF,visual,0.3319,probability,195.72,N/A,N/A,ok,
dfdc_test_003869,DFDC-DFDC_Real,0,UCF,visual,0.1725,probability,179.65,N/A,N/A,ok,
dfdc_test_003870,DFDC-DFDC_Real,0,UCF,visual,0.1411,probability,191.39,N/A,N/A,ok,
dfdc_test_003871,DFDC-DFDC_Real,0,UCF,visual,0.2806,probability,143.9,N/A,N/A,ok,
dfdc_test_003872,DFDC-DFDC_Real,0,UCF,visual,0.4786,probability,207.53,N/A,N/A,ok,
dfdc_test_003873,DFDC-DFDC_Real,0,UCF,visual,0.3102,probability,197.18,N/A,N/A,ok,
dfdc_test_003874,DFDC-DFDC_Real,0,UCF,visual,0.4618,probability,194.71,N/A,N/A,ok,
dfdc_test_003875,DFDC-DFDC_Real,0,UCF,visual,0.215,probability,218.36,N/A,N/A,ok,
dfdc_test_003876,DFDC-DFDC_Real,0,UCF,visual,0.3455,probability,171.88,N/A,N/A,ok,
dfdc_test_003877,DFDC-DFDC_Real,0,UCF,visual,0.2192,probability,144.87,N/A,N/A,ok,
dfdc_test_003878,DFDC-DFDC_Real,0,UCF,visual,0.2732,probability,195.29,N/A,N/A,ok,
dfdc_test_003879,DFDC-DFDC_Real,0,UCF,visual,0.1354,probability,199.16,N/A,N/A,ok,
dfdc_test_003880,DFDC-DFDC_Real,0,UCF,visual,0.2885,probability,189.51,N/A,N/A,ok,
dfdc_test_003881,DFDC-DFDC_Real,0,UCF,visual,0.012,probability,132.57,N/A,N/A,ok,
dfdc_test_003882,DFDC-DFDC_Real,0,UCF,visual,0.8762,probability,124.96,N/A,N/A,ok,
dfdc_test_003883,DFDC-DFDC_Real,0,UCF,visual,0.0156,probability,195.93,N/A,N/A,ok,
dfdc_test_003884,DFDC-DFDC_Real,0,UCF,visual,0.0485,probability,142.46,N/A,N/A,ok,
dfdc_test_003885,DFDC-DFDC_Real,0,UCF,visual,0.0674,probability,194.73,N/A,N/A,ok,
dfdc_test_003886,DFDC-DFDC_Real,0,UCF,visual,0.7245,probability,126.51,N/A,N/A,ok,
dfdc_test_003887,DFDC-DFDC_Real,0,UCF,visual,0.5677,probability,139.72,N/A,N/A,ok,
dfdc_test_003888,DFDC-DFDC_Real,0,UCF,visual,0.6321,probability,147.56,N/A,N/A,ok,
dfdc_test_003889,DFDC-DFDC_Real,0,UCF,visual,0.1832,probability,137.92,N/A,N/A,ok,
dfdc_test_003890,DFDC-DFDC_Real,0,UCF,visual,0.2635,probability,132.4,N/A,N/A,ok,
dfdc_test_003891,DFDC-DFDC_Real,0,UCF,visual,0.7571,probability,185.6,N/A,N/A,ok,
dfdc_test_003892,DFDC-DFDC_Real,0,UCF,visual,0.1571,probability,176.62,N/A,N/A,ok,
dfdc_test_003893,DFDC-DFDC_Real,0,UCF,visual,0.5188,probability,172.38,N/A,N/A,ok,
dfdc_test_003894,DFDC-DFDC_Real,0,UCF,visual,0.1992,probability,175.98,N/A,N/A,ok,
dfdc_test_003895,DFDC-DFDC_Real,0,UCF,visual,0.4317,probability,281.85,N/A,N/A,ok,
dfdc_test_003896,DFDC-DFDC_Real,0,UCF,visual,0.4615,probability,305.97,N/A,N/A,ok,
dfdc_test_003897,DFDC-DFDC_Real,0,UCF,visual,0.0477,probability,223.13,N/A,N/A,ok,
dfdc_test_003898,DFDC-DFDC_Real,0,UCF,visual,0.7849,probability,249.29,N/A,N/A,ok,
dfdc_test_003899,DFDC-DFDC_Real,0,UCF,visual,0.3825,probability,202.99,N/A,N/A,ok,
dfdc_test_003900,DFDC-DFDC_Real,0,UCF,visual,0.4294,probability,219.09,N/A,N/A,ok,
dfdc_test_003901,DFDC-DFDC_Real,0,UCF,visual,0.6421,probability,223.48,N/A,N/A,ok,
dfdc_test_003902,DFDC-DFDC_Real,0,UCF,visual,0.0991,probability,232.3,N/A,N/A,ok,
dfdc_test_003903,DFDC-DFDC_Real,0,UCF,visual,0.975,probability,352.2,N/A,N/A,ok,
dfdc_test_003904,DFDC-DFDC_Real,0,UCF,visual,0.0189,probability,302.26,N/A,N/A,ok,
dfdc_test_003905,DFDC-DFDC_Real,0,UCF,visual,0.0289,probability,315.41,N/A,N/A,ok,
dfdc_test_003906,DFDC-DFDC_Real,0,UCF,visual,0.8123,probability,227.47,N/A,N/A,ok,
dfdc_test_003907,DFDC-DFDC_Real,0,UCF,visual,0.9166,probability,220.9,N/A,N/A,ok,
dfdc_test_003908,DFDC-DFDC_Real,0,UCF,visual,0.5223,probability,206.33,N/A,N/A,ok,
dfdc_test_003909,DFDC-DFDC_Real,0,UCF,visual,0.4595,probability,213.74,N/A,N/A,ok,
dfdc_test_003910,DFDC-DFDC_Real,0,UCF,visual,0.1179,probability,211.8,N/A,N/A,ok,
dfdc_test_003911,DFDC-DFDC_Real,0,UCF,visual,0.2716,probability,172.78,N/A,N/A,ok,
dfdc_test_003912,DFDC-DFDC_Real,0,UCF,visual,0.1546,probability,193.47,N/A,N/A,ok,
dfdc_test_003913,DFDC-DFDC_Real,0,UCF,visual,0.4224,probability,245.54,N/A,N/A,ok,
dfdc_test_003914,DFDC-DFDC_Real,0,UCF,visual,0.4129,probability,169.03,N/A,N/A,ok,
dfdc_test_003915,DFDC-DFDC_Real,0,UCF,visual,0.3522,probability,152.1,N/A,N/A,ok,
dfdc_test_003916,DFDC-DFDC_Real,0,UCF,visual,0.5734,probability,258.09,N/A,N/A,ok,
dfdc_test_003917,DFDC-DFDC_Real,0,UCF,visual,0.7698,probability,268.24,N/A,N/A,ok,
dfdc_test_003918,DFDC-DFDC_Real,0,UCF,visual,0.2454,probability,232.21,N/A,N/A,ok,
dfdc_test_003919,DFDC-DFDC_Real,0,UCF,visual,0.6644,probability,190.13,N/A,N/A,ok,
dfdc_test_003920,DFDC-DFDC_Real,0,UCF,visual,0.1644,probability,190.97,N/A,N/A,ok,
dfdc_test_003921,DFDC-DFDC_Real,0,UCF,visual,0.1564,probability,213.58,N/A,N/A,ok,
dfdc_test_003922,DFDC-DFDC_Real,0,UCF,visual,0.5079,probability,146.32,N/A,N/A,ok,
dfdc_test_003923,DFDC-DFDC_Real,0,UCF,visual,0.9951,probability,145.97,N/A,N/A,ok,
dfdc_test_003924,DFDC-DFDC_Real,0,UCF,visual,0.5675,probability,211.91,N/A,N/A,ok,
dfdc_test_003925,DFDC-DFDC_Real,0,UCF,visual,0.1205,probability,165.46,N/A,N/A,ok,
dfdc_test_003926,DFDC-DFDC_Real,0,UCF,visual,0.4786,probability,195.62,N/A,N/A,ok,
dfdc_test_003927,DFDC-DFDC_Real,0,UCF,visual,0.1031,probability,133.61,N/A,N/A,ok,
dfdc_test_003928,DFDC-DFDC_Real,0,UCF,visual,0.3913,probability,264.86,N/A,N/A,ok,
dfdc_test_003929,DFDC-DFDC_Real,0,UCF,visual,0.6019,probability,243.04,N/A,N/A,ok,
dfdc_test_003930,DFDC-DFDC_Real,0,UCF,visual,0.1855,probability,192.2,N/A,N/A,ok,
dfdc_test_003931,DFDC-DFDC_Real,0,UCF,visual,0.586,probability,168.93,N/A,N/A,ok,
dfdc_test_003932,DFDC-DFDC_Real,0,UCF,visual,0.859,probability,163.59,N/A,N/A,ok,
dfdc_test_003933,DFDC-DFDC_Real,0,UCF,visual,0.0148,probability,151.04,N/A,N/A,ok,
dfdc_test_003934,DFDC-DFDC_Real,0,UCF,visual,0.4844,probability,185.1,N/A,N/A,ok,
dfdc_test_003935,DFDC-DFDC_Real,0,UCF,visual,0.7898,probability,155.93,N/A,N/A,ok,
dfdc_test_003936,DFDC-DFDC_Real,0,UCF,visual,0.4599,probability,255.35,N/A,N/A,ok,
dfdc_test_003937,DFDC-DFDC_Real,0,UCF,visual,0.4996,probability,285.61,N/A,N/A,ok,
dfdc_test_003938,DFDC-DFDC_Real,0,UCF,visual,0.779,probability,168.48,N/A,N/A,ok,
dfdc_test_003939,DFDC-DFDC_Real,0,UCF,visual,0.3869,probability,200.38,N/A,N/A,ok,
dfdc_test_003940,DFDC-DFDC_Real,0,UCF,visual,0.5238,probability,247.0,N/A,N/A,ok,
dfdc_test_003941,DFDC-DFDC_Real,0,UCF,visual,0.3037,probability,244.02,N/A,N/A,ok,
dfdc_test_003942,DFDC-DFDC_Real,0,UCF,visual,0.9679,probability,204.36,N/A,N/A,ok,
dfdc_test_003943,DFDC-DFDC_Real,0,UCF,visual,0.1119,probability,186.83,N/A,N/A,ok,
dfdc_test_003944,DFDC-DFDC_Real,0,UCF,visual,0.2652,probability,192.5,N/A,N/A,ok,
dfdc_test_003945,DFDC-DFDC_Real,0,UCF,visual,0.2131,probability,199.26,N/A,N/A,ok,
dfdc_test_003946,DFDC-DFDC_Real,0,UCF,visual,0.2609,probability,192.03,N/A,N/A,ok,
dfdc_test_003947,DFDC-DFDC_Real,0,UCF,visual,0.1613,probability,163.51,N/A,N/A,ok,
dfdc_test_003948,DFDC-DFDC_Real,0,UCF,visual,0.0198,probability,182.43,N/A,N/A,ok,
dfdc_test_003949,DFDC-DFDC_Real,0,UCF,visual,0.1425,probability,143.52,N/A,N/A,ok,
dfdc_test_003950,DFDC-DFDC_Real,0,UCF,visual,0.6923,probability,191.34,N/A,N/A,ok,
dfdc_test_003951,DFDC-DFDC_Real,0,UCF,visual,0.2949,probability,134.81,N/A,N/A,ok,
dfdc_test_003952,DFDC-DFDC_Real,0,UCF,visual,0.5022,probability,178.78,N/A,N/A,ok,
dfdc_test_003953,DFDC-DFDC_Real,0,UCF,visual,0.2141,probability,169.9,N/A,N/A,ok,
dfdc_test_003954,DFDC-DFDC_Real,0,UCF,visual,0.5417,probability,153.3,N/A,N/A,ok,
dfdc_test_003955,DFDC-DFDC_Real,0,UCF,visual,0.5088,probability,124.85,N/A,N/A,ok,
dfdc_test_003956,DFDC-DFDC_Real,0,UCF,visual,0.0657,probability,144.91,N/A,N/A,ok,
dfdc_test_003957,DFDC-DFDC_Real,0,UCF,visual,0.1005,probability,189.01,N/A,N/A,ok,
dfdc_test_003958,DFDC-DFDC_Real,0,UCF,visual,0.2426,probability,171.45,N/A,N/A,ok,
dfdc_test_003959,DFDC-DFDC_Real,0,UCF,visual,0.8215,probability,141.17,N/A,N/A,ok,
dfdc_test_003960,DFDC-DFDC_Real,0,UCF,visual,0.6358,probability,176.32,N/A,N/A,ok,
dfdc_test_003961,DFDC-DFDC_Real,0,UCF,visual,0.1048,probability,149.74,N/A,N/A,ok,
dfdc_test_003962,DFDC-DFDC_Real,0,UCF,visual,0.3179,probability,166.68,N/A,N/A,ok,
dfdc_test_003963,DFDC-DFDC_Real,0,UCF,visual,0.0194,probability,130.23,N/A,N/A,ok,
dfdc_test_003964,DFDC-DFDC_Real,0,UCF,visual,0.189,probability,221.61,N/A,N/A,ok,
dfdc_test_003965,DFDC-DFDC_Real,0,UCF,visual,0.4085,probability,175.07,N/A,N/A,ok,
dfdc_test_003966,DFDC-DFDC_Real,0,UCF,visual,0.3468,probability,152.23,N/A,N/A,ok,
dfdc_test_003967,DFDC-DFDC_Real,0,UCF,visual,0.1102,probability,166.01,N/A,N/A,ok,
dfdc_test_003968,DFDC-DFDC_Real,0,UCF,visual,0.7663,probability,188.72,N/A,N/A,ok,
dfdc_test_003969,DFDC-DFDC_Real,0,UCF,visual,0.088,probability,165.61,N/A,N/A,ok,
dfdc_test_003970,DFDC-DFDC_Real,0,UCF,visual,0.3983,probability,177.62,N/A,N/A,ok,
dfdc_test_003971,DFDC-DFDC_Real,0,UCF,visual,0.3652,probability,153.16,N/A,N/A,ok,
dfdc_test_003972,DFDC-DFDC_Real,0,UCF,visual,0.0401,probability,142.64,N/A,N/A,ok,
dfdc_test_003973,DFDC-DFDC_Real,0,UCF,visual,0.8316,probability,176.8,N/A,N/A,ok,
dfdc_test_003974,DFDC-DFDC_Real,0,UCF,visual,0.2433,probability,160.31,N/A,N/A,ok,
dfdc_test_003975,DFDC-DFDC_Real,0,UCF,visual,0.3635,probability,149.26,N/A,N/A,ok,
dfdc_test_003976,DFDC-DFDC_Real,0,UCF,visual,0.7173,probability,157.57,N/A,N/A,ok,
dfdc_test_003977,DFDC-DFDC_Real,0,UCF,visual,0.4968,probability,168.65,N/A,N/A,ok,
dfdc_test_003978,DFDC-DFDC_Real,0,UCF,visual,0.0769,probability,140.17,N/A,N/A,ok,
dfdc_test_003979,DFDC-DFDC_Real,0,UCF,visual,0.6542,probability,137.92,N/A,N/A,ok,
dfdc_test_003980,DFDC-DFDC_Real,0,UCF,visual,0.5396,probability,184.39,N/A,N/A,ok,
dfdc_test_003981,DFDC-DFDC_Real,0,UCF,visual,0.488,probability,151.3,N/A,N/A,ok,
dfdc_test_003982,DFDC-DFDC_Real,0,UCF,visual,0.269,probability,169.17,N/A,N/A,ok,
dfdc_test_003983,DFDC-DFDC_Real,0,UCF,visual,0.4526,probability,128.62,N/A,N/A,ok,
dfdc_test_003984,DFDC-DFDC_Real,0,UCF,visual,0.9232,probability,178.53,N/A,N/A,ok,
dfdc_test_003985,DFDC-DFDC_Real,0,UCF,visual,0.4589,probability,168.11,N/A,N/A,ok,
dfdc_test_003986,DFDC-DFDC_Real,0,UCF,visual,0.4592,probability,155.52,N/A,N/A,ok,
dfdc_test_003987,DFDC-DFDC_Real,0,UCF,visual,0.2655,probability,122.88,N/A,N/A,ok,
dfdc_test_003988,DFDC-DFDC_Real,0,UCF,visual,0.3961,probability,182.01,N/A,N/A,ok,
dfdc_test_003989,DFDC-DFDC_Real,0,UCF,visual,0.5677,probability,166.93,N/A,N/A,ok,
dfdc_test_003990,DFDC-DFDC_Real,0,UCF,visual,0.9859,probability,170.03,N/A,N/A,ok,
dfdc_test_003991,DFDC-DFDC_Real,0,UCF,visual,0.5181,probability,176.02,N/A,N/A,ok,
dfdc_test_003992,DFDC-DFDC_Real,0,UCF,visual,0.5314,probability,134.52,N/A,N/A,ok,
dfdc_test_003993,DFDC-DFDC_Real,0,UCF,visual,0.6177,probability,154.65,N/A,N/A,ok,
dfdc_test_003994,DFDC-DFDC_Real,0,UCF,visual,0.1073,probability,143.37,N/A,N/A,ok,
dfdc_test_003995,DFDC-DFDC_Real,0,UCF,visual,0.6762,probability,192.75,N/A,N/A,ok,
dfdc_test_003996,DFDC-DFDC_Real,0,UCF,visual,0.1085,probability,158.29,N/A,N/A,ok,
dfdc_test_003997,DFDC-DFDC_Real,0,UCF,visual,0.8419,probability,171.4,N/A,N/A,ok,
dfdc_test_003998,DFDC-DFDC_Real,0,UCF,visual,0.4429,probability,171.06,N/A,N/A,ok,
dfdc_test_003999,DFDC-DFDC_Real,0,UCF,visual,0.3712,probability,169.75,N/A,N/A,ok,
dfdc_test_004000,DFDC-DFDC_Real,0,UCF,visual,0.7275,probability,189.61,N/A,N/A,ok,
dfdc_test_004001,DFDC-DFDC_Real,0,UCF,visual,0.8133,probability,161.33,N/A,N/A,ok,
dfdc_test_004002,DFDC-DFDC_Real,0,UCF,visual,0.6726,probability,151.69,N/A,N/A,ok,
dfdc_test_004003,DFDC-DFDC_Real,0,UCF,visual,0.0312,probability,177.38,N/A,N/A,ok,
dfdc_test_004004,DFDC-DFDC_Real,0,UCF,visual,0.0399,probability,193.56,N/A,N/A,ok,
dfdc_test_004005,DFDC-DFDC_Real,0,UCF,visual,0.6195,probability,199.3,N/A,N/A,ok,
dfdc_test_004006,DFDC-DFDC_Real,0,UCF,visual,0.0865,probability,205.68,N/A,N/A,ok,
dfdc_test_004007,DFDC-DFDC_Real,0,UCF,visual,0.079,probability,167.35,N/A,N/A,ok,
dfdc_test_004008,DFDC-DFDC_Real,0,UCF,visual,0.7161,probability,151.43,N/A,N/A,ok,
dfdc_test_004009,DFDC-DFDC_Real,0,UCF,visual,0.3867,probability,153.25,N/A,N/A,ok,
dfdc_test_004010,DFDC-DFDC_Real,0,UCF,visual,0.1395,probability,188.97,N/A,N/A,ok,
dfdc_test_004011,DFDC-DFDC_Real,0,UCF,visual,0.0193,probability,143.47,N/A,N/A,ok,
dfdc_test_004012,DFDC-DFDC_Real,0,UCF,visual,0.0818,probability,176.95,N/A,N/A,ok,
dfdc_test_004013,DFDC-DFDC_Real,0,UCF,visual,0.1135,probability,170.53,N/A,N/A,ok,
dfdc_test_004014,DFDC-DFDC_Real,0,UCF,visual,0.4668,probability,222.96,N/A,N/A,ok,
dfdc_test_004015,DFDC-DFDC_Real,0,UCF,visual,0.0378,probability,213.18,N/A,N/A,ok,
dfdc_test_004016,DFDC-DFDC_Real,0,UCF,visual,0.0166,probability,195.61,N/A,N/A,ok,
dfdc_test_004017,DFDC-DFDC_Real,0,UCF,visual,0.0492,probability,163.1,N/A,N/A,ok,
dfdc_test_004018,DFDC-DFDC_Real,0,UCF,visual,0.6086,probability,141.52,N/A,N/A,ok,
dfdc_test_004019,DFDC-DFDC_Real,0,UCF,visual,0.2738,probability,121.4,N/A,N/A,ok,
dfdc_test_004020,DFDC-DFDC_Real,0,UCF,visual,0.5957,probability,124.26,N/A,N/A,ok,
dfdc_test_004021,DFDC-DFDC_Real,0,UCF,visual,0.1839,probability,99.98,N/A,N/A,ok,
dfdc_test_004022,DFDC-DFDC_Real,0,UCF,visual,0.0167,probability,111.59,N/A,N/A,ok,
dfdc_test_004023,DFDC-DFDC_Real,0,UCF,visual,0.3052,probability,100.97,N/A,N/A,ok,
dfdc_test_004024,DFDC-DFDC_Real,0,UCF,visual,0.304,probability,110.11,N/A,N/A,ok,
dfdc_test_004025,DFDC-DFDC_Real,0,UCF,visual,0.0563,probability,150.49,N/A,N/A,ok,
dfdc_test_004026,DFDC-DFDC_Real,0,UCF,visual,0.1126,probability,142.06,N/A,N/A,ok,
dfdc_test_004027,DFDC-DFDC_Real,0,UCF,visual,0.0786,probability,119.43,N/A,N/A,ok,
dfdc_test_004028,DFDC-DFDC_Real,0,UCF,visual,0.0989,probability,125.6,N/A,N/A,ok,
dfdc_test_004029,DFDC-DFDC_Real,0,UCF,visual,0.4311,probability,122.89,N/A,N/A,ok,
dfdc_test_004030,DFDC-DFDC_Real,0,UCF,visual,0.6999,probability,147.01,N/A,N/A,ok,
dfdc_test_004031,DFDC-DFDC_Real,0,UCF,visual,0.8516,probability,124.89,N/A,N/A,ok,
dfdc_test_004032,DFDC-DFDC_Real,0,UCF,visual,0.1685,probability,138.28,N/A,N/A,ok,
dfdc_test_004033,DFDC-DFDC_Real,0,UCF,visual,0.209,probability,128.16,N/A,N/A,ok,
dfdc_test_004034,DFDC-DFDC_Real,0,UCF,visual,0.1193,probability,146.49,N/A,N/A,ok,
dfdc_test_004035,DFDC-DFDC_Real,0,UCF,visual,0.563,probability,183.17,N/A,N/A,ok,
dfdc_test_004036,DFDC-DFDC_Real,0,UCF,visual,0.1291,probability,145.63,N/A,N/A,ok,
dfdc_test_004037,DFDC-DFDC_Real,0,UCF,visual,0.6972,probability,151.7,N/A,N/A,ok,
dfdc_test_004038,DFDC-DFDC_Real,0,UCF,visual,0.0689,probability,163.66,N/A,N/A,ok,
dfdc_test_004039,DFDC-DFDC_Real,0,UCF,visual,0.4919,probability,129.89,N/A,N/A,ok,
dfdc_test_004040,DFDC-DFDC_Real,0,UCF,visual,0.8351,probability,166.89,N/A,N/A,ok,
dfdc_test_004041,DFDC-DFDC_Real,0,UCF,visual,0.5364,probability,127.71,N/A,N/A,ok,
dfdc_test_004042,DFDC-DFDC_Real,0,UCF,visual,0.4842,probability,129.38,N/A,N/A,ok,
dfdc_test_004043,DFDC-DFDC_Real,0,UCF,visual,0.4641,probability,168.76,N/A,N/A,ok,
dfdc_test_004044,DFDC-DFDC_Real,0,UCF,visual,0.8222,probability,136.57,N/A,N/A,ok,
dfdc_test_004045,DFDC-DFDC_Real,0,UCF,visual,0.2248,probability,150.59,N/A,N/A,ok,
dfdc_test_004046,DFDC-DFDC_Real,0,UCF,visual,0.6156,probability,125.82,N/A,N/A,ok,
dfdc_test_004047,DFDC-DFDC_Real,0,UCF,visual,0.773,probability,145.78,N/A,N/A,ok,
dfdc_test_004048,DFDC-DFDC_Real,0,UCF,visual,0.4304,probability,136.59,N/A,N/A,ok,
dfdc_test_004049,DFDC-DFDC_Real,0,UCF,visual,0.7543,probability,126.61,N/A,N/A,ok,
dfdc_test_004050,DFDC-DFDC_Real,0,UCF,visual,0.0772,probability,195.5,N/A,N/A,ok,
dfdc_test_004051,DFDC-DFDC_Real,0,UCF,visual,0.1328,probability,119.48,N/A,N/A,ok,
dfdc_test_004052,DFDC-DFDC_Real,0,UCF,visual,0.646,probability,171.29,N/A,N/A,ok,
dfdc_test_004053,DFDC-DFDC_Real,0,UCF,visual,0.0646,probability,221.92,N/A,N/A,ok,
dfdc_test_004054,DFDC-DFDC_Real,0,UCF,visual,0.0208,probability,140.19,N/A,N/A,ok,
dfdc_test_004055,DFDC-DFDC_Real,0,UCF,visual,0.0739,probability,135.79,N/A,N/A,ok,
dfdc_test_004056,DFDC-DFDC_Real,0,UCF,visual,0.7968,probability,129.29,N/A,N/A,ok,
dfdc_test_004057,DFDC-DFDC_Real,0,UCF,visual,0.2376,probability,124.44,N/A,N/A,ok,
dfdc_test_004058,DFDC-DFDC_Real,0,UCF,visual,0.1742,probability,115.42,N/A,N/A,ok,
dfdc_test_004059,DFDC-DFDC_Real,0,UCF,visual,0.3113,probability,207.63,N/A,N/A,ok,
dfdc_test_004060,DFDC-DFDC_Real,0,UCF,visual,0.9477,probability,202.51,N/A,N/A,ok,
dfdc_test_004061,DFDC-DFDC_Real,0,UCF,visual,0.7757,probability,271.13,N/A,N/A,ok,
dfdc_test_004062,DFDC-DFDC_Real,0,UCF,visual,0.998,probability,305.22,N/A,N/A,ok,
dfdc_test_004063,DFDC-DFDC_Real,0,UCF,visual,0.0872,probability,198.6,N/A,N/A,ok,
dfdc_test_004064,DFDC-DFDC_Real,0,UCF,visual,0.2143,probability,205.95,N/A,N/A,ok,
dfdc_test_004065,DFDC-DFDC_Real,0,UCF,visual,0.5922,probability,251.65,N/A,N/A,ok,
dfdc_test_004066,DFDC-DFDC_Real,0,UCF,visual,0.0178,probability,141.94,N/A,N/A,ok,
dfdc_test_004067,DFDC-DFDC_Real,0,UCF,visual,0.0876,probability,251.95,N/A,N/A,ok,
dfdc_test_004068,DFDC-DFDC_Real,0,UCF,visual,0.6781,probability,209.71,N/A,N/A,ok,
dfdc_test_004069,DFDC-DFDC_Real,0,UCF,visual,0.6626,probability,275.8,N/A,N/A,ok,
dfdc_test_004070,DFDC-DFDC_Real,0,UCF,visual,0.1557,probability,327.46,N/A,N/A,ok,
dfdc_test_004071,DFDC-DFDC_Real,0,UCF,visual,0.2145,probability,271.4,N/A,N/A,ok,
dfdc_test_004072,DFDC-DFDC_Real,0,UCF,visual,0.0142,probability,274.68,N/A,N/A,ok,
dfdc_test_004073,DFDC-DFDC_Real,0,UCF,visual,0.3918,probability,256.21,N/A,N/A,ok,
dfdc_test_004074,DFDC-DFDC_Real,0,UCF,visual,0.0785,probability,318.33,N/A,N/A,ok,
dfdc_test_004075,DFDC-DFDC_Real,0,UCF,visual,0.4523,probability,292.81,N/A,N/A,ok,
dfdc_test_004076,DFDC-DFDC_Real,0,UCF,visual,0.6233,probability,280.77,N/A,N/A,ok,
dfdc_test_004077,DFDC-DFDC_Real,0,UCF,visual,0.9948,probability,263.81,N/A,N/A,ok,
dfdc_test_004078,DFDC-DFDC_Real,0,UCF,visual,0.9645,probability,252.95,N/A,N/A,ok,
dfdc_test_004079,DFDC-DFDC_Real,0,UCF,visual,0.4917,probability,233.4,N/A,N/A,ok,
dfdc_test_004080,DFDC-DFDC_Real,0,UCF,visual,0.6461,probability,180.43,N/A,N/A,ok,
dfdc_test_004081,DFDC-DFDC_Real,0,UCF,visual,0.9196,probability,174.17,N/A,N/A,ok,
dfdc_test_004082,DFDC-DFDC_Real,0,UCF,visual,0.4197,probability,181.61,N/A,N/A,ok,
dfdc_test_004083,DFDC-DFDC_Real,0,UCF,visual,0.4337,probability,233.53,N/A,N/A,ok,
dfdc_test_004084,DFDC-DFDC_Real,0,UCF,visual,0.4221,probability,195.97,N/A,N/A,ok,
dfdc_test_004085,DFDC-DFDC_Real,0,UCF,visual,0.2163,probability,207.82,N/A,N/A,ok,
dfdc_test_004086,DFDC-DFDC_Real,0,UCF,visual,0.4985,probability,185.92,N/A,N/A,ok,
dfdc_test_004087,DFDC-DFDC_Real,0,UCF,visual,0.012,probability,147.09,N/A,N/A,ok,
dfdc_test_004088,DFDC-DFDC_Real,0,UCF,visual,0.3322,probability,148.22,N/A,N/A,ok,
dfdc_test_004089,DFDC-DFDC_Real,0,UCF,visual,0.8841,probability,188.71,N/A,N/A,ok,
dfdc_test_004090,DFDC-DFDC_Real,0,UCF,visual,0.1237,probability,187.66,N/A,N/A,ok,
dfdc_test_004091,DFDC-DFDC_Real,0,UCF,visual,0.8332,probability,165.5,N/A,N/A,ok,
dfdc_test_004092,DFDC-DFDC_Real,0,UCF,visual,0.5505,probability,210.27,N/A,N/A,ok,
dfdc_test_004093,DFDC-DFDC_Real,0,UCF,visual,0.397,probability,151.06,N/A,N/A,ok,
dfdc_test_004094,DFDC-DFDC_Real,0,UCF,visual,0.3734,probability,166.83,N/A,N/A,ok,
dfdc_test_004095,DFDC-DFDC_Real,0,UCF,visual,0.3371,probability,149.46,N/A,N/A,ok,
dfdc_test_004096,DFDC-DFDC_Real,0,UCF,visual,0.3793,probability,154.73,N/A,N/A,ok,
dfdc_test_004097,DFDC-DFDC_Real,0,UCF,visual,0.7245,probability,161.33,N/A,N/A,ok,
dfdc_test_004098,DFDC-DFDC_Real,0,UCF,visual,0.1689,probability,150.69,N/A,N/A,ok,
dfdc_test_004099,DFDC-DFDC_Real,0,UCF,visual,0.4117,probability,165.26,N/A,N/A,ok,
dfdc_test_004100,DFDC-DFDC_Real,0,UCF,visual,0.4821,probability,192.94,N/A,N/A,ok,
dfdc_test_004101,DFDC-DFDC_Real,0,UCF,visual,0.2113,probability,170.98,N/A,N/A,ok,
dfdc_test_004102,DFDC-DFDC_Real,0,UCF,visual,0.4323,probability,206.67,N/A,N/A,ok,
dfdc_test_004103,DFDC-DFDC_Real,0,UCF,visual,0.0377,probability,152.74,N/A,N/A,ok,
dfdc_test_004104,DFDC-DFDC_Real,0,UCF,visual,0.1731,probability,230.51,N/A,N/A,ok,
dfdc_test_004105,DFDC-DFDC_Real,0,UCF,visual,0.8573,probability,203.62,N/A,N/A,ok,
dfdc_test_004106,DFDC-DFDC_Real,0,UCF,visual,0.78,probability,215.69,N/A,N/A,ok,
dfdc_test_004107,DFDC-DFDC_Real,0,UCF,visual,0.948,probability,203.9,N/A,N/A,ok,
dfdc_test_004108,DFDC-DFDC_Real,0,UCF,visual,0.6995,probability,149.26,N/A,N/A,ok,
dfdc_test_004109,DFDC-DFDC_Real,0,UCF,visual,0.2438,probability,134.33,N/A,N/A,ok,
dfdc_test_004110,DFDC-DFDC_Real,0,UCF,visual,0.0312,probability,222.55,N/A,N/A,ok,
dfdc_test_004111,DFDC-DFDC_Real,0,UCF,visual,0.7402,probability,207.84,N/A,N/A,ok,
dfdc_test_004112,DFDC-DFDC_Real,0,UCF,visual,0.0326,probability,192.32,N/A,N/A,ok,
dfdc_test_004113,DFDC-DFDC_Real,0,UCF,visual,0.3636,probability,333.51,N/A,N/A,ok,
dfdc_test_004114,DFDC-DFDC_Real,0,UCF,visual,0.2868,probability,230.31,N/A,N/A,ok,
dfdc_test_004115,DFDC-DFDC_Real,0,UCF,visual,0.1363,probability,165.52,N/A,N/A,ok,
dfdc_test_004116,DFDC-DFDC_Real,0,UCF,visual,0.1345,probability,267.74,N/A,N/A,ok,
dfdc_test_004117,DFDC-DFDC_Real,0,UCF,visual,0.1282,probability,149.83,N/A,N/A,ok,
dfdc_test_004118,DFDC-DFDC_Real,0,UCF,visual,0.7765,probability,131.56,N/A,N/A,ok,
dfdc_test_004119,DFDC-DFDC_Real,0,UCF,visual,0.5815,probability,223.6,N/A,N/A,ok,
dfdc_test_004120,DFDC-DFDC_Real,0,UCF,visual,0.7136,probability,257.1,N/A,N/A,ok,
dfdc_test_004121,DFDC-DFDC_Real,0,UCF,visual,0.1479,probability,157.95,N/A,N/A,ok,
dfdc_test_004122,DFDC-DFDC_Real,0,UCF,visual,0.7246,probability,194.3,N/A,N/A,ok,
dfdc_test_004123,DFDC-DFDC_Real,0,UCF,visual,0.0159,probability,215.35,N/A,N/A,ok,
dfdc_test_004124,DFDC-DFDC_Real,0,UCF,visual,0.0242,probability,218.46,N/A,N/A,ok,
dfdc_test_004125,DFDC-DFDC_Real,0,UCF,visual,0.9201,probability,171.88,N/A,N/A,ok,
dfdc_test_004126,DFDC-DFDC_Real,0,UCF,visual,0.1491,probability,217.34,N/A,N/A,ok,
dfdc_test_004127,DFDC-DFDC_Real,0,UCF,visual,0.1446,probability,207.39,N/A,N/A,ok,
dfdc_test_004128,DFDC-DFDC_Real,0,UCF,visual,0.4216,probability,163.77,N/A,N/A,ok,
dfdc_test_004129,DFDC-DFDC_Real,0,UCF,visual,0.1636,probability,159.38,N/A,N/A,ok,
dfdc_test_004130,DFDC-DFDC_Real,0,UCF,visual,0.6412,probability,198.0,N/A,N/A,ok,
dfdc_test_004131,DFDC-DFDC_Real,0,UCF,visual,0.5272,probability,141.13,N/A,N/A,ok,
dfdc_test_004132,DFDC-DFDC_Real,0,UCF,visual,0.3497,probability,121.86,N/A,N/A,ok,
dfdc_test_004133,DFDC-DFDC_Real,0,UCF,visual,0.7676,probability,204.44,N/A,N/A,ok,
dfdc_test_004134,DFDC-DFDC_Real,0,UCF,visual,0.3736,probability,152.21,N/A,N/A,ok,
dfdc_test_004135,DFDC-DFDC_Real,0,UCF,visual,0.6817,probability,128.36,N/A,N/A,ok,
dfdc_test_004136,DFDC-DFDC_Real,0,UCF,visual,0.7464,probability,148.7,N/A,N/A,ok,
dfdc_test_004137,DFDC-DFDC_Real,0,UCF,visual,0.6264,probability,144.89,N/A,N/A,ok,
dfdc_test_004138,DFDC-DFDC_Real,0,UCF,visual,0.416,probability,142.28,N/A,N/A,ok,
dfdc_test_004139,DFDC-DFDC_Real,0,UCF,visual,0.4195,probability,119.29,N/A,N/A,ok,
dfdc_test_004140,DFDC-DFDC_Real,0,UCF,visual,0.7777,probability,147.08,N/A,N/A,ok,
dfdc_test_004141,DFDC-DFDC_Real,0,UCF,visual,0.0955,probability,163.02,N/A,N/A,ok,
dfdc_test_004142,DFDC-DFDC_Real,0,UCF,visual,0.3926,probability,158.62,N/A,N/A,ok,
dfdc_test_004143,DFDC-DFDC_Real,0,UCF,visual,0.1165,probability,127.19,N/A,N/A,ok,
dfdc_test_004144,DFDC-DFDC_Real,0,UCF,visual,0.3151,probability,200.69,N/A,N/A,ok,
dfdc_test_004145,DFDC-DFDC_Real,0,UCF,visual,0.2684,probability,135.28,N/A,N/A,ok,
dfdc_test_004146,DFDC-DFDC_Real,0,UCF,visual,0.3052,probability,129.77,N/A,N/A,ok,
dfdc_test_004147,DFDC-DFDC_Real,0,UCF,visual,0.9934,probability,151.2,N/A,N/A,ok,
dfdc_test_004148,DFDC-DFDC_Real,0,UCF,visual,0.652,probability,120.77,N/A,N/A,ok,
dfdc_test_004149,DFDC-DFDC_Real,0,UCF,visual,0.2738,probability,139.94,N/A,N/A,ok,
dfdc_test_004150,DFDC-DFDC_Real,0,UCF,visual,0.3264,probability,117.31,N/A,N/A,ok,
dfdc_test_004151,DFDC-DFDC_Real,0,UCF,visual,0.4097,probability,129.44,N/A,N/A,ok,
dfdc_test_004152,DFDC-DFDC_Real,0,UCF,visual,0.7431,probability,154.17,N/A,N/A,ok,
dfdc_test_004153,DFDC-DFDC_Real,0,UCF,visual,0.9571,probability,146.42,N/A,N/A,ok,
dfdc_test_004154,DFDC-DFDC_Real,0,UCF,visual,0.0429,probability,111.61,N/A,N/A,ok,
dfdc_test_004155,DFDC-DFDC_Real,0,UCF,visual,0.3445,probability,168.7,N/A,N/A,ok,
dfdc_test_004156,DFDC-DFDC_Real,0,UCF,visual,0.4012,probability,189.35,N/A,N/A,ok,
dfdc_test_004157,DFDC-DFDC_Real,0,UCF,visual,0.2755,probability,220.81,N/A,N/A,ok,
dfdc_test_004158,DFDC-DFDC_Real,0,UCF,visual,0.4246,probability,204.0,N/A,N/A,ok,
dfdc_test_004159,DFDC-DFDC_Real,0,UCF,visual,0.3355,probability,168.95,N/A,N/A,ok,
dfdc_test_004160,DFDC-DFDC_Real,0,UCF,visual,0.5544,probability,180.34,N/A,N/A,ok,
dfdc_test_004161,DFDC-DFDC_Real,0,UCF,visual,0.2692,probability,136.64,N/A,N/A,ok,
dfdc_test_004162,DFDC-DFDC_Real,0,UCF,visual,0.0939,probability,174.45,N/A,N/A,ok,
dfdc_test_004163,DFDC-DFDC_Real,0,UCF,visual,0.172,probability,146.81,N/A,N/A,ok,
dfdc_test_004164,DFDC-DFDC_Real,0,UCF,visual,0.8772,probability,153.46,N/A,N/A,ok,
dfdc_test_004165,DFDC-DFDC_Real,0,UCF,visual,0.528,probability,169.15,N/A,N/A,ok,
dfdc_test_004166,DFDC-DFDC_Real,0,UCF,visual,0.8991,probability,125.72,N/A,N/A,ok,
dfdc_test_004167,DFDC-DFDC_Real,0,UCF,visual,0.0162,probability,163.77,N/A,N/A,ok,
dfdc_test_004168,DFDC-DFDC_Real,0,UCF,visual,0.0198,probability,174.45,N/A,N/A,ok,
dfdc_test_004169,DFDC-DFDC_Real,0,UCF,visual,0.0463,probability,195.75,N/A,N/A,ok,
dfdc_test_004170,DFDC-DFDC_Real,0,UCF,visual,0.0635,probability,164.51,N/A,N/A,ok,
dfdc_test_004171,DFDC-DFDC_Real,0,UCF,visual,0.8316,probability,174.55,N/A,N/A,ok,
dfdc_test_004172,DFDC-DFDC_Real,0,UCF,visual,0.1786,probability,221.53,N/A,N/A,ok,
dfdc_test_004173,DFDC-DFDC_Real,0,UCF,visual,0.6467,probability,266.63,N/A,N/A,ok,
dfdc_test_004174,DFDC-DFDC_Real,0,UCF,visual,0.1871,probability,200.41,N/A,N/A,ok,
dfdc_test_004175,DFDC-DFDC_Real,0,UCF,visual,0.0837,probability,201.63,N/A,N/A,ok,
dfdc_test_004176,DFDC-DFDC_Real,0,UCF,visual,0.099,probability,187.49,N/A,N/A,ok,
dfdc_test_004177,DFDC-DFDC_Real,0,UCF,visual,0.0559,probability,199.73,N/A,N/A,ok,
dfdc_test_004178,DFDC-DFDC_Real,0,UCF,visual,0.3452,probability,179.92,N/A,N/A,ok,
dfdc_test_004179,DFDC-DFDC_Real,0,UCF,visual,0.1742,probability,152.81,N/A,N/A,ok,
dfdc_test_004180,DFDC-DFDC_Real,0,UCF,visual,0.2375,probability,165.81,N/A,N/A,ok,
dfdc_test_004181,DFDC-DFDC_Real,0,UCF,visual,0.6166,probability,147.39,N/A,N/A,ok,
dfdc_test_004182,DFDC-DFDC_Real,0,UCF,visual,0.878,probability,135.8,N/A,N/A,ok,
dfdc_test_004183,DFDC-DFDC_Real,0,UCF,visual,0.3698,probability,164.19,N/A,N/A,ok,
dfdc_test_004184,DFDC-DFDC_Real,0,UCF,visual,0.0465,probability,153.11,N/A,N/A,ok,
dfdc_test_004185,DFDC-DFDC_Real,0,UCF,visual,0.6991,probability,198.4,N/A,N/A,ok,
dfdc_test_004186,DFDC-DFDC_Real,0,UCF,visual,0.9698,probability,149.85,N/A,N/A,ok,
dfdc_test_004187,DFDC-DFDC_Real,0,UCF,visual,0.0261,probability,119.7,N/A,N/A,ok,
dfdc_test_004188,DFDC-DFDC_Real,0,UCF,visual,0.6402,probability,161.76,N/A,N/A,ok,
dfdc_test_004189,DFDC-DFDC_Real,0,UCF,visual,0.1362,probability,140.65,N/A,N/A,ok,
dfdc_test_004190,DFDC-DFDC_Real,0,UCF,visual,0.7317,probability,166.48,N/A,N/A,ok,
dfdc_test_004191,DFDC-DFDC_Real,0,UCF,visual,0.1566,probability,150.28,N/A,N/A,ok,
dfdc_test_004192,DFDC-DFDC_Real,0,UCF,visual,0.8684,probability,124.82,N/A,N/A,ok,
dfdc_test_004193,DFDC-DFDC_Real,0,UCF,visual,0.6285,probability,130.24,N/A,N/A,ok,
dfdc_test_004194,DFDC-DFDC_Real,0,UCF,visual,0.2729,probability,125.84,N/A,N/A,ok,
dfdc_test_004195,DFDC-DFDC_Real,0,UCF,visual,0.1505,probability,125.48,N/A,N/A,ok,
dfdc_test_004196,DFDC-DFDC_Real,0,UCF,visual,0.679,probability,158.94,N/A,N/A,ok,
dfdc_test_004197,DFDC-DFDC_Real,0,UCF,visual,0.4617,probability,139.41,N/A,N/A,ok,
dfdc_test_004198,DFDC-DFDC_Real,0,UCF,visual,0.1451,probability,163.15,N/A,N/A,ok,
dfdc_test_004199,DFDC-DFDC_Real,0,UCF,visual,0.4796,probability,175.88,N/A,N/A,ok,
dfdc_test_004200,DFDC-DFDC_Real,0,UCF,visual,0.5404,probability,159.44,N/A,N/A,ok,
dfdc_test_004201,DFDC-DFDC_Real,0,UCF,visual,0.0272,probability,145.26,N/A,N/A,ok,
dfdc_test_004202,DFDC-DFDC_Real,0,UCF,visual,0.6541,probability,145.0,N/A,N/A,ok,
dfdc_test_004203,DFDC-DFDC_Real,0,UCF,visual,0.3122,probability,167.77,N/A,N/A,ok,
dfdc_test_004204,DFDC-DFDC_Real,0,UCF,visual,0.5234,probability,179.95,N/A,N/A,ok,
dfdc_test_004205,DFDC-DFDC_Real,0,UCF,visual,0.011,probability,180.28,N/A,N/A,ok,
dfdc_test_004206,DFDC-DFDC_Real,0,UCF,visual,0.1009,probability,179.51,N/A,N/A,ok,
dfdc_test_004207,DFDC-DFDC_Real,0,UCF,visual,0.9485,probability,148.47,N/A,N/A,ok,
dfdc_test_004208,DFDC-DFDC_Real,0,UCF,visual,0.0326,probability,161.9,N/A,N/A,ok,
dfdc_test_004209,DFDC-DFDC_Real,0,UCF,visual,0.4017,probability,181.36,N/A,N/A,ok,
dfdc_test_004210,DFDC-DFDC_Real,0,UCF,visual,0.0119,probability,173.15,N/A,N/A,ok,
dfdc_test_004211,DFDC-DFDC_Real,0,UCF,visual,0.9968,probability,177.39,N/A,N/A,ok,
dfdc_test_004212,DFDC-DFDC_Real,0,UCF,visual,0.0797,probability,144.97,N/A,N/A,ok,
dfdc_test_004213,DFDC-DFDC_Real,0,UCF,visual,0.2959,probability,175.51,N/A,N/A,ok,
dfdc_test_004214,DFDC-DFDC_Real,0,UCF,visual,0.1371,probability,158.05,N/A,N/A,ok,
dfdc_test_004215,DFDC-DFDC_Real,0,UCF,visual,0.2569,probability,192.74,N/A,N/A,ok,
dfdc_test_004216,DFDC-DFDC_Real,0,UCF,visual,0.4879,probability,166.23,N/A,N/A,ok,
dfdc_test_004217,DFDC-DFDC_Real,0,UCF,visual,0.2668,probability,153.59,N/A,N/A,ok,
dfdc_test_004218,DFDC-DFDC_Real,0,UCF,visual,0.3221,probability,197.89,N/A,N/A,ok,
dfdc_test_004219,DFDC-DFDC_Real,0,UCF,visual,0.0929,probability,180.77,N/A,N/A,ok,
dfdc_test_004220,DFDC-DFDC_Real,0,UCF,visual,0.1421,probability,190.08,N/A,N/A,ok,
dfdc_test_004221,DFDC-DFDC_Real,0,UCF,visual,0.4135,probability,144.31,N/A,N/A,ok,
dfdc_test_004222,DFDC-DFDC_Real,0,UCF,visual,0.3391,probability,165.69,N/A,N/A,ok,
dfdc_test_004223,DFDC-DFDC_Real,0,UCF,visual,0.0153,probability,164.71,N/A,N/A,ok,
dfdc_test_004224,DFDC-DFDC_Real,0,UCF,visual,0.5569,probability,144.14,N/A,N/A,ok,
dfdc_test_004225,DFDC-DFDC_Real,0,UCF,visual,0.5383,probability,176.86,N/A,N/A,ok,
dfdc_test_004226,DFDC-DFDC_Real,0,UCF,visual,0.1144,probability,225.51,N/A,N/A,ok,
dfdc_test_004227,DFDC-DFDC_Real,0,UCF,visual,0.7618,probability,167.11,N/A,N/A,ok,
dfdc_test_004228,DFDC-DFDC_Real,0,UCF,visual,0.9976,probability,179.91,N/A,N/A,ok,
dfdc_test_004229,DFDC-DFDC_Real,0,UCF,visual,0.8175,probability,251.23,N/A,N/A,ok,
dfdc_test_004230,DFDC-DFDC_Real,0,UCF,visual,0.7941,probability,206.25,N/A,N/A,ok,
dfdc_test_004231,DFDC-DFDC_Real,0,UCF,visual,0.1837,probability,231.35,N/A,N/A,ok,
dfdc_test_004232,DFDC-DFDC_Real,0,UCF,visual,0.1599,probability,187.63,N/A,N/A,ok,
dfdc_test_004233,DFDC-DFDC_Real,0,UCF,visual,0.2972,probability,167.78,N/A,N/A,ok,
dfdc_test_004234,DFDC-DFDC_Real,0,UCF,visual,0.9059,probability,191.95,N/A,N/A,ok,
dfdc_test_004235,DFDC-DFDC_Real,0,UCF,visual,0.414,probability,163.98,N/A,N/A,ok,
dfdc_test_004236,DFDC-DFDC_Real,0,UCF,visual,0.7365,probability,127.52,N/A,N/A,ok,
dfdc_test_004237,DFDC-DFDC_Real,0,UCF,visual,0.4299,probability,124.81,N/A,N/A,ok,
dfdc_test_004238,DFDC-DFDC_Real,0,UCF,visual,0.4605,probability,116.76,N/A,N/A,ok,
dfdc_test_004239,DFDC-DFDC_Real,0,UCF,visual,0.2778,probability,128.83,N/A,N/A,ok,
dfdc_test_004240,DFDC-DFDC_Real,0,UCF,visual,0.0201,probability,192.3,N/A,N/A,ok,
dfdc_test_004241,DFDC-DFDC_Real,0,UCF,visual,0.0752,probability,136.73,N/A,N/A,ok,
dfdc_test_004242,DFDC-DFDC_Real,0,UCF,visual,0.1205,probability,165.53,N/A,N/A,ok,
dfdc_test_004243,DFDC-DFDC_Real,0,UCF,visual,0.4516,probability,115.12,N/A,N/A,ok,
dfdc_test_004244,DFDC-DFDC_Real,0,UCF,visual,0.3729,probability,157.37,N/A,N/A,ok,
dfdc_test_004245,DFDC-DFDC_Real,0,UCF,visual,0.5802,probability,151.03,N/A,N/A,ok,
dfdc_test_004246,DFDC-DFDC_Real,0,UCF,visual,0.3093,probability,154.61,N/A,N/A,ok,
dfdc_test_004247,DFDC-DFDC_Real,0,UCF,visual,0.0208,probability,136.56,N/A,N/A,ok,
dfdc_test_004248,DFDC-DFDC_Real,0,UCF,visual,0.5123,probability,185.96,N/A,N/A,ok,
dfdc_test_004249,DFDC-DFDC_Real,0,UCF,visual,0.2493,probability,150.35,N/A,N/A,ok,
dfdc_test_004250,DFDC-DFDC_Real,0,UCF,visual,0.0412,probability,168.35,N/A,N/A,ok,
dfdc_test_004251,DFDC-DFDC_Real,0,UCF,visual,0.4598,probability,146.81,N/A,N/A,ok,
dfdc_test_004252,DFDC-DFDC_Real,0,UCF,visual,0.0372,probability,170.14,N/A,N/A,ok,
dfdc_test_004253,DFDC-DFDC_Real,0,UCF,visual,0.1222,probability,174.91,N/A,N/A,ok,
dfdc_test_004254,DFDC-DFDC_Real,0,UCF,visual,0.3057,probability,127.46,N/A,N/A,ok,
dfdc_test_004255,DFDC-DFDC_Real,0,UCF,visual,0.0451,probability,121.54,N/A,N/A,ok,
dfdc_test_004256,DFDC-DFDC_Real,0,UCF,visual,0.5773,probability,210.49,N/A,N/A,ok,
dfdc_test_004257,DFDC-DFDC_Real,0,UCF,visual,0.9196,probability,165.18,N/A,N/A,ok,
dfdc_test_004258,DFDC-DFDC_Real,0,UCF,visual,0.209,probability,173.3,N/A,N/A,ok,
dfdc_test_004259,DFDC-DFDC_Real,0,UCF,visual,0.0524,probability,194.23,N/A,N/A,ok,
dfdc_test_004260,DFDC-DFDC_Real,0,UCF,visual,0.4515,probability,263.55,N/A,N/A,ok,
dfdc_test_004261,DFDC-DFDC_Real,0,UCF,visual,0.2687,probability,186.16,N/A,N/A,ok,
dfdc_test_004262,DFDC-DFDC_Real,0,UCF,visual,0.2769,probability,162.43,N/A,N/A,ok,
dfdc_test_004263,DFDC-DFDC_Real,0,UCF,visual,0.9818,probability,220.71,N/A,N/A,ok,
dfdc_test_004264,DFDC-DFDC_Real,0,UCF,visual,0.2981,probability,159.74,N/A,N/A,ok,
dfdc_test_004265,DFDC-DFDC_Real,0,UCF,visual,0.28,probability,160.86,N/A,N/A,ok,
dfdc_test_004266,DFDC-DFDC_Real,0,UCF,visual,0.8627,probability,141.72,N/A,N/A,ok,
dfdc_test_004267,DFDC-DFDC_Real,0,UCF,visual,0.8784,probability,134.92,N/A,N/A,ok,
dfdc_test_004268,DFDC-DFDC_Real,0,UCF,visual,0.0416,probability,155.47,N/A,N/A,ok,
dfdc_test_004269,DFDC-DFDC_Real,0,UCF,visual,0.984,probability,157.19,N/A,N/A,ok,
dfdc_test_004270,DFDC-DFDC_Real,0,UCF,visual,0.5867,probability,236.78,N/A,N/A,ok,
dfdc_test_004271,DFDC-DFDC_Real,0,UCF,visual,0.202,probability,228.55,N/A,N/A,ok,
dfdc_test_004272,DFDC-DFDC_Real,0,UCF,visual,0.5961,probability,279.37,N/A,N/A,ok,
dfdc_test_004273,DFDC-DFDC_Real,0,UCF,visual,0.4445,probability,285.76,N/A,N/A,ok,
dfdc_test_004274,DFDC-DFDC_Real,0,UCF,visual,0.2635,probability,229.89,N/A,N/A,ok,
dfdc_test_004275,DFDC-DFDC_Real,0,UCF,visual,0.3936,probability,198.56,N/A,N/A,ok,
dfdc_test_004276,DFDC-DFDC_Real,0,UCF,visual,0.3455,probability,219.68,N/A,N/A,ok,
dfdc_test_004277,DFDC-DFDC_Real,0,UCF,visual,0.6773,probability,206.29,N/A,N/A,ok,
dfdc_test_004278,DFDC-DFDC_Real,0,UCF,visual,0.0237,probability,149.07,N/A,N/A,ok,
dfdc_test_004279,DFDC-DFDC_Real,0,UCF,visual,0.0331,probability,275.75,N/A,N/A,ok,
dfdc_test_004280,DFDC-DFDC_Real,0,UCF,visual,0.2452,probability,234.79,N/A,N/A,ok,
dfdc_test_004281,DFDC-DFDC_Real,0,UCF,visual,0.6668,probability,212.79,N/A,N/A,ok,
dfdc_test_004282,DFDC-DFDC_Real,0,UCF,visual,0.2164,probability,169.6,N/A,N/A,ok,
dfdc_test_004283,DFDC-DFDC_Real,0,UCF,visual,0.6389,probability,232.04,N/A,N/A,ok,
dfdc_test_004284,DFDC-DFDC_Real,0,UCF,visual,0.5007,probability,196.38,N/A,N/A,ok,
dfdc_test_004285,DFDC-DFDC_Real,0,UCF,visual,0.4916,probability,199.08,N/A,N/A,ok,
dfdc_test_004286,DFDC-DFDC_Real,0,UCF,visual,0.9149,probability,188.55,N/A,N/A,ok,
dfdc_test_004287,DFDC-DFDC_Real,0,UCF,visual,0.0818,probability,205.02,N/A,N/A,ok,
dfdc_test_004288,DFDC-DFDC_Real,0,UCF,visual,0.4675,probability,193.73,N/A,N/A,ok,
dfdc_test_004289,DFDC-DFDC_Real,0,UCF,visual,0.3491,probability,174.87,N/A,N/A,ok,
dfdc_test_004290,DFDC-DFDC_Real,0,UCF,visual,0.6408,probability,207.53,N/A,N/A,ok,
dfdc_test_004291,DFDC-DFDC_Real,0,UCF,visual,0.0506,probability,127.89,N/A,N/A,ok,
dfdc_test_004292,DFDC-DFDC_Real,0,UCF,visual,0.9728,probability,150.58,N/A,N/A,ok,
dfdc_test_004293,DFDC-DFDC_Real,0,UCF,visual,0.0455,probability,233.84,N/A,N/A,ok,
dfdc_test_004294,DFDC-DFDC_Real,0,UCF,visual,0.7387,probability,160.33,N/A,N/A,ok,
dfdc_test_004295,DFDC-DFDC_Real,0,UCF,visual,0.2233,probability,222.35,N/A,N/A,ok,
dfdc_test_004296,DFDC-DFDC_Real,0,UCF,visual,0.7436,probability,149.68,N/A,N/A,ok,
dfdc_test_004297,DFDC-DFDC_Real,0,UCF,visual,0.8245,probability,214.25,N/A,N/A,ok,
dfdc_test_004298,DFDC-DFDC_Real,0,UCF,visual,0.1312,probability,225.36,N/A,N/A,ok,
dfdc_test_004299,DFDC-DFDC_Real,0,UCF,visual,0.3774,probability,124.54,N/A,N/A,ok,
dfdc_test_004300,DFDC-DFDC_Real,0,UCF,visual,0.9862,probability,222.81,N/A,N/A,ok,
dfdc_test_004301,DFDC-DFDC_Real,0,UCF,visual,0.2236,probability,174.63,N/A,N/A,ok,
dfdc_test_004302,DFDC-DFDC_Real,0,UCF,visual,0.4344,probability,148.52,N/A,N/A,ok,
dfdc_test_004303,DFDC-DFDC_Real,0,UCF,visual,0.0184,probability,182.85,N/A,N/A,ok,
dfdc_test_004304,DFDC-DFDC_Real,0,UCF,visual,0.1962,probability,121.52,N/A,N/A,ok,
dfdc_test_004305,DFDC-DFDC_Real,0,UCF,visual,0.4394,probability,106.59,N/A,N/A,ok,
dfdc_test_004306,DFDC-DFDC_Real,0,UCF,visual,0.0687,probability,133.78,N/A,N/A,ok,
dfdc_test_004307,DFDC-DFDC_Real,0,UCF,visual,0.7222,probability,146.11,N/A,N/A,ok,
dfdc_test_004308,DFDC-DFDC_Real,0,UCF,visual,0.4501,probability,139.06,N/A,N/A,ok,
dfdc_test_004309,DFDC-DFDC_Real,0,UCF,visual,0.4432,probability,114.92,N/A,N/A,ok,
dfdc_test_004310,DFDC-DFDC_Real,0,UCF,visual,0.5748,probability,118.62,N/A,N/A,ok,
dfdc_test_004311,DFDC-DFDC_Real,0,UCF,visual,0.2464,probability,124.77,N/A,N/A,ok,
dfdc_test_004312,DFDC-DFDC_Real,0,UCF,visual,0.2094,probability,124.16,N/A,N/A,ok,
dfdc_test_004313,DFDC-DFDC_Real,0,UCF,visual,0.5922,probability,113.31,N/A,N/A,ok,
dfdc_test_004314,DFDC-DFDC_Real,0,UCF,visual,0.1809,probability,172.41,N/A,N/A,ok,
dfdc_test_004315,DFDC-DFDC_Real,0,UCF,visual,0.0139,probability,169.37,N/A,N/A,ok,
dfdc_test_004316,DFDC-DFDC_Real,0,UCF,visual,0.5039,probability,126.52,N/A,N/A,ok,
dfdc_test_004317,DFDC-DFDC_Real,0,UCF,visual,0.6832,probability,140.88,N/A,N/A,ok,
dfdc_test_004318,DFDC-DFDC_Real,0,UCF,visual,0.034,probability,154.59,N/A,N/A,ok,
dfdc_test_004319,DFDC-DFDC_Real,0,UCF,visual,0.1102,probability,161.77,N/A,N/A,ok,
dfdc_test_004320,DFDC-DFDC_Real,0,UCF,visual,0.8982,probability,148.82,N/A,N/A,ok,
dfdc_test_004321,DFDC-DFDC_Real,0,UCF,visual,0.2408,probability,134.04,N/A,N/A,ok,
dfdc_test_004322,DFDC-DFDC_Real,0,UCF,visual,0.5424,probability,142.1,N/A,N/A,ok,
dfdc_test_004323,DFDC-DFDC_Real,0,UCF,visual,0.2495,probability,123.25,N/A,N/A,ok,
dfdc_test_004324,DFDC-DFDC_Real,0,UCF,visual,0.4566,probability,151.18,N/A,N/A,ok,
dfdc_test_004325,DFDC-DFDC_Real,0,UCF,visual,0.7305,probability,127.32,N/A,N/A,ok,
dfdc_test_004326,DFDC-DFDC_Real,0,UCF,visual,0.2708,probability,113.4,N/A,N/A,ok,
dfdc_test_004327,DFDC-DFDC_Real,0,UCF,visual,0.4407,probability,134.71,N/A,N/A,ok,
dfdc_test_004328,DFDC-DFDC_Real,0,UCF,visual,0.2424,probability,159.63,N/A,N/A,ok,
dfdc_test_004329,DFDC-DFDC_Real,0,UCF,visual,0.282,probability,172.62,N/A,N/A,ok,
dfdc_test_004330,DFDC-DFDC_Real,0,UCF,visual,0.2979,probability,156.13,N/A,N/A,ok,
dfdc_test_004331,DFDC-DFDC_Real,0,UCF,visual,0.1263,probability,166.95,N/A,N/A,ok,
dfdc_test_004332,DFDC-DFDC_Real,0,UCF,visual,0.5332,probability,159.32,N/A,N/A,ok,
dfdc_test_004333,DFDC-DFDC_Real,0,UCF,visual,0.068,probability,147.7,N/A,N/A,ok,
dfdc_test_004334,DFDC-DFDC_Real,0,UCF,visual,0.0892,probability,144.35,N/A,N/A,ok,
dfdc_test_004335,DFDC-DFDC_Real,0,UCF,visual,0.3493,probability,199.46,N/A,N/A,ok,
dfdc_test_004336,DFDC-DFDC_Real,0,UCF,visual,0.0545,probability,122.71,N/A,N/A,ok,
dfdc_test_004337,DFDC-DFDC_Real,0,UCF,visual,0.3941,probability,175.58,N/A,N/A,ok,
dfdc_test_004338,DFDC-DFDC_Real,0,UCF,visual,0.1622,probability,201.65,N/A,N/A,ok,
dfdc_test_004339,DFDC-DFDC_Real,0,UCF,visual,0.5204,probability,150.36,N/A,N/A,ok,
dfdc_test_004340,DFDC-DFDC_Real,0,UCF,visual,0.3324,probability,175.23,N/A,N/A,ok,
dfdc_test_004341,DFDC-DFDC_Real,0,UCF,visual,0.485,probability,159.42,N/A,N/A,ok,
dfdc_test_004342,DFDC-DFDC_Real,0,UCF,visual,0.4276,probability,190.43,N/A,N/A,ok,
dfdc_test_004343,DFDC-DFDC_Real,0,UCF,visual,0.7017,probability,171.16,N/A,N/A,ok,
dfdc_test_004344,DFDC-DFDC_Real,0,UCF,visual,0.5789,probability,190.93,N/A,N/A,ok,
dfdc_test_004345,DFDC-DFDC_Real,0,UCF,visual,0.3439,probability,169.78,N/A,N/A,ok,
dfdc_test_004346,DFDC-DFDC_Real,0,UCF,visual,0.3027,probability,157.86,N/A,N/A,ok,
dfdc_test_004347,DFDC-DFDC_Real,0,UCF,visual,0.2792,probability,191.03,N/A,N/A,ok,
dfdc_test_004348,DFDC-DFDC_Real,0,UCF,visual,0.3514,probability,161.41,N/A,N/A,ok,
dfdc_test_004349,DFDC-DFDC_Real,0,UCF,visual,0.3311,probability,144.51,N/A,N/A,ok,
dfdc_test_004350,DFDC-DFDC_Real,0,UCF,visual,0.3042,probability,160.32,N/A,N/A,ok,
dfdc_test_004351,DFDC-DFDC_Real,0,UCF,visual,0.0463,probability,159.06,N/A,N/A,ok,
dfdc_test_004352,DFDC-DFDC_Real,0,UCF,visual,0.6816,probability,173.32,N/A,N/A,ok,
dfdc_test_004353,DFDC-DFDC_Real,0,UCF,visual,0.205,probability,181.09,N/A,N/A,ok,
dfdc_test_004354,DFDC-DFDC_Real,0,UCF,visual,0.2486,probability,147.21,N/A,N/A,ok,
dfdc_test_004355,DFDC-DFDC_Real,0,UCF,visual,0.5617,probability,181.3,N/A,N/A,ok,
dfdc_test_004356,DFDC-DFDC_Real,0,UCF,visual,0.6471,probability,191.89,N/A,N/A,ok,
dfdc_test_004357,DFDC-DFDC_Real,0,UCF,visual,0.9858,probability,140.73,N/A,N/A,ok,
dfdc_test_004358,DFDC-DFDC_Real,0,UCF,visual,0.0649,probability,130.99,N/A,N/A,ok,
dfdc_test_004359,DFDC-DFDC_Real,0,UCF,visual,0.9648,probability,128.83,N/A,N/A,ok,
dfdc_test_004360,DFDC-DFDC_Real,0,UCF,visual,0.0658,probability,125.65,N/A,N/A,ok,
dfdc_test_004361,DFDC-DFDC_Real,0,UCF,visual,0.3013,probability,156.83,N/A,N/A,ok,
dfdc_test_004362,DFDC-DFDC_Real,0,UCF,visual,0.4766,probability,119.47,N/A,N/A,ok,
dfdc_test_004363,DFDC-DFDC_Real,0,UCF,visual,0.6699,probability,123.94,N/A,N/A,ok,
dfdc_test_004364,DFDC-DFDC_Real,0,UCF,visual,0.198,probability,148.93,N/A,N/A,ok,
dfdc_test_004365,DFDC-DFDC_Real,0,UCF,visual,0.0327,probability,153.01,N/A,N/A,ok,
dfdc_test_004366,DFDC-DFDC_Real,0,UCF,visual,0.5741,probability,173.42,N/A,N/A,ok,
dfdc_test_004367,DFDC-DFDC_Real,0,UCF,visual,0.9117,probability,155.87,N/A,N/A,ok,
dfdc_test_004368,DFDC-DFDC_Real,0,UCF,visual,0.0745,probability,162.02,N/A,N/A,ok,
dfdc_test_004369,DFDC-DFDC_Real,0,UCF,visual,0.2392,probability,143.81,N/A,N/A,ok,
dfdc_test_004370,DFDC-DFDC_Real,0,UCF,visual,0.32,probability,166.21,N/A,N/A,ok,
dfdc_test_004371,DFDC-DFDC_Real,0,UCF,visual,0.1337,probability,213.6,N/A,N/A,ok,
dfdc_test_004372,DFDC-DFDC_Real,0,UCF,visual,0.5672,probability,166.92,N/A,N/A,ok,
dfdc_test_004373,DFDC-DFDC_Real,0,UCF,visual,0.9054,probability,200.84,N/A,N/A,ok,
dfdc_test_004374,DFDC-DFDC_Real,0,UCF,visual,0.0683,probability,245.83,N/A,N/A,ok,
dfdc_test_004375,DFDC-DFDC_Real,0,UCF,visual,0.1344,probability,217.01,N/A,N/A,ok,
dfdc_test_004376,DFDC-DFDC_Real,0,UCF,visual,0.7284,probability,166.19,N/A,N/A,ok,
dfdc_test_004377,DFDC-DFDC_Real,0,UCF,visual,0.8935,probability,217.53,N/A,N/A,ok,
dfdc_test_004378,DFDC-DFDC_Real,0,UCF,visual,0.2842,probability,217.63,N/A,N/A,ok,
dfdc_test_004379,DFDC-DFDC_Real,0,UCF,visual,0.3415,probability,186.23,N/A,N/A,ok,
dfdc_test_004380,DFDC-DFDC_Real,0,UCF,visual,0.0167,probability,184.23,N/A,N/A,ok,
dfdc_test_004381,DFDC-DFDC_Real,0,UCF,visual,0.1984,probability,175.5,N/A,N/A,ok,
dfdc_test_004382,DFDC-DFDC_Real,0,UCF,visual,0.1935,probability,176.28,N/A,N/A,ok,
dfdc_test_004383,DFDC-DFDC_Real,0,UCF,visual,0.9354,probability,190.8,N/A,N/A,ok,
dfdc_test_004384,DFDC-DFDC_Real,0,UCF,visual,0.5887,probability,241.48,N/A,N/A,ok,
dfdc_test_004385,DFDC-DFDC_Real,0,UCF,visual,0.0086,probability,200.21,N/A,N/A,ok,
dfdc_test_004386,DFDC-DFDC_Real,0,UCF,visual,0.0229,probability,244.28,N/A,N/A,ok,
dfdc_test_004387,DFDC-DFDC_Real,0,UCF,visual,0.6035,probability,160.68,N/A,N/A,ok,
dfdc_test_004388,DFDC-DFDC_Real,0,UCF,visual,0.1386,probability,155.0,N/A,N/A,ok,
dfdc_test_004389,DFDC-DFDC_Real,0,UCF,visual,0.7025,probability,156.12,N/A,N/A,ok,
dfdc_test_004390,DFDC-DFDC_Real,0,UCF,visual,0.1672,probability,159.75,N/A,N/A,ok,
dfdc_test_004391,DFDC-DFDC_Real,0,UCF,visual,0.3922,probability,155.39,N/A,N/A,ok,
dfdc_test_004392,DFDC-DFDC_Real,0,UCF,visual,0.6113,probability,174.33,N/A,N/A,ok,
dfdc_test_004393,DFDC-DFDC_Real,0,UCF,visual,0.0322,probability,224.11,N/A,N/A,ok,
dfdc_test_004394,DFDC-DFDC_Real,0,UCF,visual,0.252,probability,229.8,N/A,N/A,ok,
dfdc_test_004395,DFDC-DFDC_Real,0,UCF,visual,0.6618,probability,176.2,N/A,N/A,ok,
dfdc_test_004396,DFDC-DFDC_Real,0,UCF,visual,0.3882,probability,194.07,N/A,N/A,ok,
dfdc_test_004397,DFDC-DFDC_Real,0,UCF,visual,0.2194,probability,191.25,N/A,N/A,ok,
dfdc_test_004398,DFDC-DFDC_Real,0,UCF,visual,0.0659,probability,185.48,N/A,N/A,ok,
dfdc_test_004399,DFDC-DFDC_Real,0,UCF,visual,0.0725,probability,194.61,N/A,N/A,ok,
dfdc_test_004400,DFDC-DFDC_Real,0,UCF,visual,0.7914,probability,193.25,N/A,N/A,ok,
dfdc_test_004401,DFDC-DFDC_Real,0,UCF,visual,0.4117,probability,213.5,N/A,N/A,ok,
dfdc_test_004402,DFDC-DFDC_Real,0,UCF,visual,0.6206,probability,249.94,N/A,N/A,ok,
dfdc_test_004403,DFDC-DFDC_Real,0,UCF,visual,0.0362,probability,216.4,N/A,N/A,ok,
dfdc_test_004404,DFDC-DFDC_Real,0,UCF,visual,0.9693,probability,195.35,N/A,N/A,ok,
dfdc_test_004405,DFDC-DFDC_Real,0,UCF,visual,0.2841,probability,141.59,N/A,N/A,ok,
dfdc_test_004406,DFDC-DFDC_Real,0,UCF,visual,0.9702,probability,185.57,N/A,N/A,ok,
dfdc_test_004407,DFDC-DFDC_Real,0,UCF,visual,0.0354,probability,130.71,N/A,N/A,ok,
dfdc_test_004408,DFDC-DFDC_Real,0,UCF,visual,0.4038,probability,143.93,N/A,N/A,ok,
dfdc_test_004409,DFDC-DFDC_Real,0,UCF,visual,0.3715,probability,131.04,N/A,N/A,ok,
dfdc_test_004410,DFDC-DFDC_Real,0,UCF,visual,0.0136,probability,202.92,N/A,N/A,ok,
dfdc_test_004411,DFDC-DFDC_Real,0,UCF,visual,0.4896,probability,186.62,N/A,N/A,ok,
dfdc_test_004412,DFDC-DFDC_Real,0,UCF,visual,0.827,probability,228.63,N/A,N/A,ok,
dfdc_test_004413,DFDC-DFDC_Real,0,UCF,visual,0.3131,probability,216.04,N/A,N/A,ok,
dfdc_test_004414,DFDC-DFDC_Real,0,UCF,visual,0.7668,probability,219.7,N/A,N/A,ok,
dfdc_test_004415,DFDC-DFDC_Real,0,UCF,visual,0.4342,probability,263.01,N/A,N/A,ok,
dfdc_test_004416,DFDC-DFDC_Real,0,UCF,visual,0.9406,probability,229.57,N/A,N/A,ok,
dfdc_test_004417,DFDC-DFDC_Real,0,UCF,visual,0.5839,probability,192.14,N/A,N/A,ok,
dfdc_test_004418,DFDC-DFDC_Real,0,UCF,visual,0.3953,probability,195.9,N/A,N/A,ok,
dfdc_test_004419,DFDC-DFDC_Real,0,UCF,visual,0.8294,probability,154.13,N/A,N/A,ok,
dfdc_test_004420,DFDC-DFDC_Real,0,UCF,visual,0.8731,probability,252.22,N/A,N/A,ok,
dfdc_test_004421,DFDC-DFDC_Real,0,UCF,visual,0.0883,probability,170.27,N/A,N/A,ok,
dfdc_test_004422,DFDC-DFDC_Real,0,UCF,visual,0.1567,probability,221.53,N/A,N/A,ok,
dfdc_test_004423,DFDC-DFDC_Real,0,UCF,visual,0.1482,probability,193.62,N/A,N/A,ok,
dfdc_test_004424,DFDC-DFDC_Real,0,UCF,visual,0.5645,probability,247.57,N/A,N/A,ok,
dfdc_test_004425,DFDC-DFDC_Real,0,UCF,visual,0.3394,probability,161.66,N/A,N/A,ok,
dfdc_test_004426,DFDC-DFDC_Real,0,UCF,visual,0.391,probability,185.77,N/A,N/A,ok,
dfdc_test_004427,DFDC-DFDC_Real,0,UCF,visual,0.8206,probability,165.33,N/A,N/A,ok,
dfdc_test_004428,DFDC-DFDC_Real,0,UCF,visual,0.4125,probability,213.93,N/A,N/A,ok,
dfdc_test_004429,DFDC-DFDC_Real,0,UCF,visual,0.1516,probability,267.01,N/A,N/A,ok,
dfdc_test_004430,DFDC-DFDC_Real,0,UCF,visual,0.2733,probability,265.72,N/A,N/A,ok,
dfdc_test_004431,DFDC-DFDC_Real,0,UCF,visual,0.2644,probability,223.87,N/A,N/A,ok,
dfdc_test_004432,DFDC-DFDC_Real,0,UCF,visual,0.4638,probability,243.16,N/A,N/A,ok,
dfdc_test_004433,DFDC-DFDC_Real,0,UCF,visual,0.3674,probability,271.92,N/A,N/A,ok,
dfdc_test_004434,DFDC-DFDC_Real,0,UCF,visual,0.5602,probability,301.75,N/A,N/A,ok,
dfdc_test_004435,DFDC-DFDC_Real,0,UCF,visual,0.2345,probability,212.94,N/A,N/A,ok,
dfdc_test_004436,DFDC-DFDC_Real,0,UCF,visual,0.0561,probability,145.54,N/A,N/A,ok,
dfdc_test_004437,DFDC-DFDC_Real,0,UCF,visual,0.9143,probability,141.86,N/A,N/A,ok,
dfdc_test_004438,DFDC-DFDC_Real,0,UCF,visual,0.723,probability,189.84,N/A,N/A,ok,
dfdc_test_004439,DFDC-DFDC_Real,0,UCF,visual,0.2861,probability,124.48,N/A,N/A,ok,
dfdc_test_004440,DFDC-DFDC_Real,0,UCF,visual,0.4654,probability,183.19,N/A,N/A,ok,
dfdc_test_004441,DFDC-DFDC_Real,0,UCF,visual,0.9916,probability,137.63,N/A,N/A,ok,
dfdc_test_004442,DFDC-DFDC_Real,0,UCF,visual,0.5613,probability,162.3,N/A,N/A,ok,
dfdc_test_004443,DFDC-DFDC_Real,0,UCF,visual,0.8975,probability,185.09,N/A,N/A,ok,
dfdc_test_004444,DFDC-DFDC_Real,0,UCF,visual,0.7863,probability,223.18,N/A,N/A,ok,
dfdc_test_004445,DFDC-DFDC_Real,0,UCF,visual,0.1145,probability,132.67,N/A,N/A,ok,
dfdc_test_004446,DFDC-DFDC_Real,0,UCF,visual,0.4276,probability,165.18,N/A,N/A,ok,
dfdc_test_004447,DFDC-DFDC_Real,0,UCF,visual,0.1687,probability,193.72,N/A,N/A,ok,
dfdc_test_004448,DFDC-DFDC_Real,0,UCF,visual,0.4734,probability,118.73,N/A,N/A,ok,
dfdc_test_004449,DFDC-DFDC_Real,0,UCF,visual,0.061,probability,143.91,N/A,N/A,ok,
dfdc_test_004450,DFDC-DFDC_Real,0,UCF,visual,0.1864,probability,218.63,N/A,N/A,ok,
dfdc_test_004451,DFDC-DFDC_Real,0,UCF,visual,0.5,probability,194.06,N/A,N/A,ok,
dfdc_test_004452,DFDC-DFDC_Real,0,UCF,visual,0.3419,probability,209.48,N/A,N/A,ok,
dfdc_test_004453,DFDC-DFDC_Real,0,UCF,visual,0.4048,probability,203.34,N/A,N/A,ok,
dfdc_test_004454,DFDC-DFDC_Real,0,UCF,visual,0.2069,probability,146.96,N/A,N/A,ok,
dfdc_test_004455,DFDC-DFDC_Real,0,UCF,visual,0.2193,probability,190.2,N/A,N/A,ok,
dfdc_test_004456,DFDC-DFDC_Real,0,UCF,visual,0.0266,probability,190.21,N/A,N/A,ok,
dfdc_test_004457,DFDC-DFDC_Real,0,UCF,visual,0.0396,probability,182.5,N/A,N/A,ok,
dfdc_test_004458,DFDC-DFDC_Real,0,UCF,visual,0.1078,probability,181.72,N/A,N/A,ok,
dfdc_test_004459,DFDC-DFDC_Real,0,UCF,visual,0.957,probability,183.82,N/A,N/A,ok,
dfdc_test_004460,DFDC-DFDC_Real,0,UCF,visual,0.2276,probability,172.54,N/A,N/A,ok,
dfdc_test_004461,DFDC-DFDC_Real,0,UCF,visual,0.2854,probability,154.4,N/A,N/A,ok,
dfdc_test_004462,DFDC-DFDC_Real,0,UCF,visual,0.233,probability,144.64,N/A,N/A,ok,
dfdc_test_004463,DFDC-DFDC_Real,0,UCF,visual,0.7895,probability,158.25,N/A,N/A,ok,
dfdc_test_004464,DFDC-DFDC_Real,0,UCF,visual,0.0432,probability,179.39,N/A,N/A,ok,
dfdc_test_004465,DFDC-DFDC_Real,0,UCF,visual,0.4212,probability,172.25,N/A,N/A,ok,
dfdc_test_004466,DFDC-DFDC_Real,0,UCF,visual,0.1801,probability,208.87,N/A,N/A,ok,
dfdc_test_004467,DFDC-DFDC_Real,0,UCF,visual,0.0837,probability,158.56,N/A,N/A,ok,
dfdc_test_004468,DFDC-DFDC_Real,0,UCF,visual,0.1133,probability,178.81,N/A,N/A,ok,
dfdc_test_004469,DFDC-DFDC_Real,0,UCF,visual,0.9063,probability,154.31,N/A,N/A,ok,
dfdc_test_004470,DFDC-DFDC_Real,0,UCF,visual,0.9957,probability,172.17,N/A,N/A,ok,
dfdc_test_004471,DFDC-DFDC_Real,0,UCF,visual,0.1608,probability,137.07,N/A,N/A,ok,
dfdc_test_004472,DFDC-DFDC_Real,0,UCF,visual,0.273,probability,154.12,N/A,N/A,ok,
dfdc_test_004473,DFDC-DFDC_Real,0,UCF,visual,0.5129,probability,119.35,N/A,N/A,ok,
dfdc_test_004474,DFDC-DFDC_Real,0,UCF,visual,0.1371,probability,164.75,N/A,N/A,ok,
dfdc_test_004475,DFDC-DFDC_Real,0,UCF,visual,0.5148,probability,162.61,N/A,N/A,ok,
dfdc_test_004476,DFDC-DFDC_Real,0,UCF,visual,0.3581,probability,151.7,N/A,N/A,ok,
dfdc_test_004477,DFDC-DFDC_Real,0,UCF,visual,0.4552,probability,145.89,N/A,N/A,ok,
dfdc_test_004478,DFDC-DFDC_Real,0,UCF,visual,0.2601,probability,139.27,N/A,N/A,ok,
dfdc_test_004479,DFDC-DFDC_Real,0,UCF,visual,0.401,probability,154.64,N/A,N/A,ok,
dfdc_test_004480,DFDC-DFDC_Real,0,UCF,visual,0.0841,probability,168.98,N/A,N/A,ok,
dfdc_test_004481,DFDC-DFDC_Real,0,UCF,visual,0.7525,probability,160.24,N/A,N/A,ok,
dfdc_test_004482,DFDC-DFDC_Real,0,UCF,visual,0.3774,probability,174.83,N/A,N/A,ok,
dfdc_test_004483,DFDC-DFDC_Real,0,UCF,visual,0.0787,probability,220.93,N/A,N/A,ok,
dfdc_test_004484,DFDC-DFDC_Real,0,UCF,visual,0.1617,probability,162.39,N/A,N/A,ok,
dfdc_test_004485,DFDC-DFDC_Real,0,UCF,visual,0.2523,probability,245.3,N/A,N/A,ok,
dfdc_test_004486,DFDC-DFDC_Real,0,UCF,visual,0.574,probability,202.42,N/A,N/A,ok,
dfdc_test_004487,DFDC-DFDC_Real,0,UCF,visual,0.0705,probability,148.07,N/A,N/A,ok,
dfdc_test_004488,DFDC-DFDC_Real,0,UCF,visual,0.3041,probability,153.66,N/A,N/A,ok,
dfdc_test_004489,DFDC-DFDC_Real,0,UCF,visual,0.5449,probability,148.13,N/A,N/A,ok,
dfdc_test_004490,DFDC-DFDC_Real,0,UCF,visual,0.0294,probability,138.35,N/A,N/A,ok,
dfdc_test_004491,DFDC-DFDC_Real,0,UCF,visual,0.5852,probability,156.19,N/A,N/A,ok,
dfdc_test_004492,DFDC-DFDC_Real,0,UCF,visual,0.8322,probability,178.14,N/A,N/A,ok,
dfdc_test_004493,DFDC-DFDC_Real,0,UCF,visual,0.2095,probability,191.57,N/A,N/A,ok,
dfdc_test_004494,DFDC-DFDC_Real,0,UCF,visual,0.1529,probability,178.98,N/A,N/A,ok,
dfdc_test_004495,DFDC-DFDC_Real,0,UCF,visual,0.2395,probability,187.8,N/A,N/A,ok,
dfdc_test_004496,DFDC-DFDC_Real,0,UCF,visual,0.5639,probability,212.47,N/A,N/A,ok,
dfdc_test_004497,DFDC-DFDC_Real,0,UCF,visual,0.1246,probability,135.01,N/A,N/A,ok,
dfdc_test_004498,DFDC-DFDC_Real,0,UCF,visual,0.1311,probability,164.91,N/A,N/A,ok,
dfdc_test_004499,DFDC-DFDC_Real,0,UCF,visual,0.7505,probability,165.14,N/A,N/A,ok,
dfdc_test_004500,DFDC-DFDC_Real,0,UCF,visual,0.3969,probability,182.31,N/A,N/A,ok,
dfdc_test_004501,DFDC-DFDC_Real,0,UCF,visual,0.9099,probability,151.32,N/A,N/A,ok,
dfdc_test_004502,DFDC-DFDC_Real,0,UCF,visual,0.8985,probability,174.46,N/A,N/A,ok,
dfdc_test_004503,DFDC-DFDC_Real,0,UCF,visual,0.8136,probability,200.26,N/A,N/A,ok,
dfdc_test_004504,DFDC-DFDC_Real,0,UCF,visual,0.9937,probability,249.37,N/A,N/A,ok,
dfdc_test_004505,DFDC-DFDC_Real,0,UCF,visual,0.2059,probability,219.85,N/A,N/A,ok,
dfdc_test_004506,DFDC-DFDC_Real,0,UCF,visual,0.9111,probability,176.71,N/A,N/A,ok,
dfdc_test_004507,DFDC-DFDC_Real,0,UCF,visual,0.2214,probability,158.26,N/A,N/A,ok,
dfdc_test_004508,DFDC-DFDC_Real,0,UCF,visual,0.4992,probability,170.09,N/A,N/A,ok,
dfdc_test_004509,DFDC-DFDC_Real,0,UCF,visual,0.9765,probability,152.67,N/A,N/A,ok,
dfdc_test_004510,DFDC-DFDC_Real,0,UCF,visual,0.6055,probability,153.57,N/A,N/A,ok,
dfdc_test_004511,DFDC-DFDC_Real,0,UCF,visual,0.0303,probability,122.5,N/A,N/A,ok,
dfdc_test_004512,DFDC-DFDC_Real,0,UCF,visual,0.4597,probability,197.03,N/A,N/A,ok,
dfdc_test_004513,DFDC-DFDC_Real,0,UCF,visual,0.312,probability,174.1,N/A,N/A,ok,
dfdc_test_004514,DFDC-DFDC_Real,0,UCF,visual,0.7055,probability,145.69,N/A,N/A,ok,
dfdc_test_004515,DFDC-DFDC_Real,0,UCF,visual,0.3839,probability,146.65,N/A,N/A,ok,
dfdc_test_004516,DFDC-DFDC_Real,0,UCF,visual,0.8306,probability,145.3,N/A,N/A,ok,
dfdc_test_004517,DFDC-DFDC_Real,0,UCF,visual,0.9742,probability,151.91,N/A,N/A,ok,
dfdc_test_004518,DFDC-DFDC_Real,0,UCF,visual,0.742,probability,130.96,N/A,N/A,ok,
dfdc_test_004519,DFDC-DFDC_Real,0,UCF,visual,0.3738,probability,136.55,N/A,N/A,ok,
dfdc_test_004520,DFDC-DFDC_Real,0,UCF,visual,0.4071,probability,154.65,N/A,N/A,ok,
dfdc_test_004521,DFDC-DFDC_Real,0,UCF,visual,0.2837,probability,141.02,N/A,N/A,ok,
dfdc_test_004522,DFDC-DFDC_Real,0,UCF,visual,0.2984,probability,120.91,N/A,N/A,ok,
dfdc_test_004523,DFDC-DFDC_Real,0,UCF,visual,0.1667,probability,134.42,N/A,N/A,ok,
dfdc_test_004524,DFDC-DFDC_Real,0,UCF,visual,0.0505,probability,160.95,N/A,N/A,ok,
dfdc_test_004525,DFDC-DFDC_Real,0,UCF,visual,0.8174,probability,174.93,N/A,N/A,ok,
dfdc_test_004526,DFDC-DFDC_Real,0,UCF,visual,0.1944,probability,163.99,N/A,N/A,ok,
dfdc_test_004527,DFDC-DFDC_Real,0,UCF,visual,0.3585,probability,157.47,N/A,N/A,ok,
dfdc_test_004528,DFDC-DFDC_Real,0,UCF,visual,0.5572,probability,170.52,N/A,N/A,ok,
dfdc_test_004529,DFDC-DFDC_Real,0,UCF,visual,0.1573,probability,139.46,N/A,N/A,ok,
dfdc_test_004530,DFDC-DFDC_Real,0,UCF,visual,0.9594,probability,176.39,N/A,N/A,ok,
dfdc_test_004531,DFDC-DFDC_Real,0,UCF,visual,0.6244,probability,152.94,N/A,N/A,ok,
dfdc_test_004532,DFDC-DFDC_Real,0,UCF,visual,0.0495,probability,199.89,N/A,N/A,ok,
dfdc_test_004533,DFDC-DFDC_Real,0,UCF,visual,0.7371,probability,210.57,N/A,N/A,ok,
dfdc_test_004534,DFDC-DFDC_Real,0,UCF,visual,0.263,probability,168.91,N/A,N/A,ok,
dfdc_test_004535,DFDC-DFDC_Real,0,UCF,visual,0.0342,probability,190.23,N/A,N/A,ok,
dfdc_test_004536,DFDC-DFDC_Real,0,UCF,visual,0.4411,probability,199.87,N/A,N/A,ok,
dfdc_test_004537,DFDC-DFDC_Real,0,UCF,visual,0.0899,probability,169.45,N/A,N/A,ok,
dfdc_test_004538,DFDC-DFDC_Real,0,UCF,visual,0.2351,probability,183.91,N/A,N/A,ok,
dfdc_test_004539,DFDC-DFDC_Real,0,UCF,visual,0.0791,probability,189.36,N/A,N/A,ok,
dfdc_test_004540,DFDC-DFDC_Real,0,UCF,visual,0.1254,probability,149.57,N/A,N/A,ok,
dfdc_test_004541,DFDC-DFDC_Real,0,UCF,visual,0.1402,probability,143.17,N/A,N/A,ok,
dfdc_test_004542,DFDC-DFDC_Real,0,UCF,visual,0.9807,probability,160.89,N/A,N/A,ok,
dfdc_test_004543,DFDC-DFDC_Real,0,UCF,visual,0.9865,probability,153.19,N/A,N/A,ok,
dfdc_test_004544,DFDC-DFDC_Real,0,UCF,visual,0.9913,probability,235.59,N/A,N/A,ok,
dfdc_test_004545,DFDC-DFDC_Real,0,UCF,visual,0.4787,probability,218.14,N/A,N/A,ok,
dfdc_test_004546,DFDC-DFDC_Real,0,UCF,visual,0.164,probability,204.38,N/A,N/A,ok,
dfdc_test_004547,DFDC-DFDC_Real,0,UCF,visual,0.5788,probability,176.42,N/A,N/A,ok,
dfdc_test_004548,DFDC-DFDC_Real,0,UCF,visual,0.8385,probability,186.01,N/A,N/A,ok,
dfdc_test_004549,DFDC-DFDC_Real,0,UCF,visual,0.6585,probability,145.62,N/A,N/A,ok,
dfdc_test_004550,DFDC-DFDC_Real,0,UCF,visual,0.4052,probability,182.61,N/A,N/A,ok,
dfdc_test_004551,DFDC-DFDC_Real,0,UCF,visual,0.1724,probability,161.03,N/A,N/A,ok,
dfdc_test_004552,DFDC-DFDC_Real,0,UCF,visual,0.396,probability,210.1,N/A,N/A,ok,
dfdc_test_004553,DFDC-DFDC_Real,0,UCF,visual,0.1303,probability,158.27,N/A,N/A,ok,
dfdc_test_004554,DFDC-DFDC_Real,0,UCF,visual,0.306,probability,265.33,N/A,N/A,ok,
dfdc_test_004555,DFDC-DFDC_Real,0,UCF,visual,0.3581,probability,244.36,N/A,N/A,ok,
dfdc_test_004556,DFDC-DFDC_Real,0,UCF,visual,0.2056,probability,223.11,N/A,N/A,ok,
dfdc_test_004557,DFDC-DFDC_Real,0,UCF,visual,0.5835,probability,186.14,N/A,N/A,ok,
dfdc_test_004558,DFDC-DFDC_Real,0,UCF,visual,0.9808,probability,211.3,N/A,N/A,ok,
dfdc_test_004559,DFDC-DFDC_Real,0,UCF,visual,0.2681,probability,212.82,N/A,N/A,ok,
dfdc_test_004560,DFDC-DFDC_Real,0,UCF,visual,0.9596,probability,281.75,N/A,N/A,ok,
dfdc_test_004561,DFDC-DFDC_Real,0,UCF,visual,0.0268,probability,183.42,N/A,N/A,ok,
dfdc_test_004562,DFDC-DFDC_Real,0,UCF,visual,0.4732,probability,171.21,N/A,N/A,ok,
dfdc_test_004563,DFDC-DFDC_Real,0,UCF,visual,0.0479,probability,148.6,N/A,N/A,ok,
dfdc_test_004564,DFDC-DFDC_Real,0,UCF,visual,0.2742,probability,162.25,N/A,N/A,ok,
dfdc_test_004565,DFDC-DFDC_Real,0,UCF,visual,0.7852,probability,155.96,N/A,N/A,ok,
dfdc_test_004566,DFDC-DFDC_Real,0,UCF,visual,0.0309,probability,168.46,N/A,N/A,ok,
dfdc_test_004567,DFDC-DFDC_Real,0,UCF,visual,0.8094,probability,159.9,N/A,N/A,ok,
dfdc_test_004568,DFDC-DFDC_Real,0,UCF,visual,0.453,probability,170.62,N/A,N/A,ok,
dfdc_test_004569,DFDC-DFDC_Real,0,UCF,visual,0.337,probability,129.7,N/A,N/A,ok,
dfdc_test_004570,DFDC-DFDC_Real,0,UCF,visual,0.4056,probability,156.41,N/A,N/A,ok,
dfdc_test_004571,DFDC-DFDC_Real,0,UCF,visual,0.4386,probability,112.86,N/A,N/A,ok,
dfdc_test_004572,DFDC-DFDC_Real,0,UCF,visual,0.6601,probability,129.3,N/A,N/A,ok,
dfdc_test_004573,DFDC-DFDC_Real,0,UCF,visual,0.538,probability,137.17,N/A,N/A,ok,
dfdc_test_004574,DFDC-DFDC_Real,0,UCF,visual,0.0188,probability,148.98,N/A,N/A,ok,
dfdc_test_004575,DFDC-DFDC_Real,0,UCF,visual,0.2334,probability,206.92,N/A,N/A,ok,
dfdc_test_004576,DFDC-DFDC_Real,0,UCF,visual,0.446,probability,202.6,N/A,N/A,ok,
dfdc_test_004577,DFDC-DFDC_Real,0,UCF,visual,0.5664,probability,233.15,N/A,N/A,ok,
dfdc_test_004578,DFDC-DFDC_Real,0,UCF,visual,0.4517,probability,194.36,N/A,N/A,ok,
dfdc_test_004579,DFDC-DFDC_Real,0,UCF,visual,0.6256,probability,219.93,N/A,N/A,ok,
dfdc_test_004580,DFDC-DFDC_Real,0,UCF,visual,0.5758,probability,164.31,N/A,N/A,ok,
dfdc_test_004581,DFDC-DFDC_Real,0,UCF,visual,0.0656,probability,127.0,N/A,N/A,ok,
dfdc_test_004582,DFDC-DFDC_Real,0,UCF,visual,0.0503,probability,191.81,N/A,N/A,ok,
dfdc_test_004583,DFDC-DFDC_Real,0,UCF,visual,0.4065,probability,185.98,N/A,N/A,ok,
dfdc_test_004584,DFDC-DFDC_Real,0,UCF,visual,0.9014,probability,162.07,N/A,N/A,ok,
dfdc_test_004585,DFDC-DFDC_Real,0,UCF,visual,0.1975,probability,194.48,N/A,N/A,ok,
dfdc_test_004586,DFDC-DFDC_Real,0,UCF,visual,0.5379,probability,223.57,N/A,N/A,ok,
dfdc_test_004587,DFDC-DFDC_Real,0,UCF,visual,0.2068,probability,163.44,N/A,N/A,ok,
dfdc_test_004588,DFDC-DFDC_Real,0,UCF,visual,0.3728,probability,152.97,N/A,N/A,ok,
dfdc_test_004589,DFDC-DFDC_Real,0,UCF,visual,0.2135,probability,152.9,N/A,N/A,ok,
dfdc_test_004590,DFDC-DFDC_Real,0,UCF,visual,0.0162,probability,161.18,N/A,N/A,ok,
dfdc_test_004591,DFDC-DFDC_Real,0,UCF,visual,0.8881,probability,194.91,N/A,N/A,ok,
dfdc_test_004592,DFDC-DFDC_Real,0,UCF,visual,0.4641,probability,162.95,N/A,N/A,ok,
dfdc_test_004593,DFDC-DFDC_Real,0,UCF,visual,0.223,probability,262.58,N/A,N/A,ok,
dfdc_test_004594,DFDC-DFDC_Real,0,UCF,visual,0.2139,probability,197.2,N/A,N/A,ok,
dfdc_test_004595,DFDC-DFDC_Real,0,UCF,visual,0.3544,probability,201.49,N/A,N/A,ok,
dfdc_test_004596,DFDC-DFDC_Real,0,UCF,visual,0.0325,probability,214.99,N/A,N/A,ok,
dfdc_test_004597,DFDC-DFDC_Real,0,UCF,visual,0.0157,probability,229.19,N/A,N/A,ok,
dfdc_test_004598,DFDC-DFDC_Real,0,UCF,visual,0.8719,probability,175.83,N/A,N/A,ok,
dfdc_test_004599,DFDC-DFDC_Real,0,UCF,visual,0.0365,probability,157.71,N/A,N/A,ok,
dfdc_test_004600,DFDC-DFDC_Real,0,UCF,visual,0.1444,probability,216.54,N/A,N/A,ok,
dfdc_test_004601,DFDC-DFDC_Real,0,UCF,visual,0.2504,probability,177.94,N/A,N/A,ok,
dfdc_test_004602,DFDC-DFDC_Real,0,UCF,visual,0.7996,probability,164.41,N/A,N/A,ok,
dfdc_test_004603,DFDC-DFDC_Real,0,UCF,visual,0.1617,probability,244.26,N/A,N/A,ok,
dfdc_test_004604,DFDC-DFDC_Real,0,UCF,visual,0.7442,probability,177.62,N/A,N/A,ok,
dfdc_test_004605,DFDC-DFDC_Real,0,UCF,visual,0.4046,probability,179.44,N/A,N/A,ok,
dfdc_test_004606,DFDC-DFDC_Real,0,UCF,visual,0.5214,probability,129.27,N/A,N/A,ok,
dfdc_test_004607,DFDC-DFDC_Real,0,UCF,visual,0.955,probability,187.7,N/A,N/A,ok,
dfdc_test_004608,DFDC-DFDC_Real,0,UCF,visual,0.9398,probability,140.18,N/A,N/A,ok,
dfdc_test_004609,DFDC-DFDC_Real,0,UCF,visual,0.2023,probability,162.22,N/A,N/A,ok,
dfdc_test_004610,DFDC-DFDC_Real,0,UCF,visual,0.4549,probability,146.97,N/A,N/A,ok,
dfdc_test_004611,DFDC-DFDC_Real,0,UCF,visual,0.3795,probability,126.29,N/A,N/A,ok,
dfdc_test_004612,DFDC-DFDC_Real,0,UCF,visual,0.0778,probability,133.0,N/A,N/A,ok,
dfdc_test_004613,DFDC-DFDC_Real,0,UCF,visual,0.0925,probability,180.59,N/A,N/A,ok,
dfdc_test_004614,DFDC-DFDC_Real,0,UCF,visual,0.3094,probability,160.62,N/A,N/A,ok,
dfdc_test_004615,DFDC-DFDC_Real,0,UCF,visual,0.3492,probability,136.53,N/A,N/A,ok,
dfdc_test_004616,DFDC-DFDC_Real,0,UCF,visual,0.7385,probability,141.13,N/A,N/A,ok,
dfdc_test_004617,DFDC-DFDC_Real,0,UCF,visual,0.2116,probability,137.87,N/A,N/A,ok,
dfdc_test_004618,DFDC-DFDC_Real,0,UCF,visual,0.529,probability,137.82,N/A,N/A,ok,
dfdc_test_004619,DFDC-DFDC_Real,0,UCF,visual,0.7367,probability,130.77,N/A,N/A,ok,
dfdc_test_004620,DFDC-DFDC_Real,0,UCF,visual,0.4632,probability,170.06,N/A,N/A,ok,
dfdc_test_004621,DFDC-DFDC_Real,0,UCF,visual,0.3901,probability,147.95,N/A,N/A,ok,
dfdc_test_004622,DFDC-DFDC_Real,0,UCF,visual,0.84,probability,179.99,N/A,N/A,ok,
dfdc_test_004623,DFDC-DFDC_Real,0,UCF,visual,0.1718,probability,146.38,N/A,N/A,ok,
dfdc_test_004624,DFDC-DFDC_Real,0,UCF,visual,0.0188,probability,181.23,N/A,N/A,ok,
dfdc_test_004625,DFDC-DFDC_Real,0,UCF,visual,0.7565,probability,179.59,N/A,N/A,ok,
dfdc_test_004626,DFDC-DFDC_Real,0,UCF,visual,0.6607,probability,143.13,N/A,N/A,ok,
dfdc_test_004627,DFDC-DFDC_Real,0,UCF,visual,0.258,probability,133.55,N/A,N/A,ok,
dfdc_test_004628,DFDC-DFDC_Real,0,UCF,visual,0.4851,probability,143.58,N/A,N/A,ok,
dfdc_test_004629,DFDC-DFDC_Real,0,UCF,visual,0.7098,probability,156.94,N/A,N/A,ok,
dfdc_test_004630,DFDC-DFDC_Real,0,UCF,visual,0.4905,probability,192.85,N/A,N/A,ok,
dfdc_test_004631,DFDC-DFDC_Real,0,UCF,visual,0.2241,probability,192.9,N/A,N/A,ok,
dfdc_test_004632,DFDC-DFDC_Real,0,UCF,visual,0.2801,probability,237.35,N/A,N/A,ok,
dfdc_test_004633,DFDC-DFDC_Real,0,UCF,visual,0.358,probability,213.58,N/A,N/A,ok,
dfdc_test_004634,DFDC-DFDC_Real,0,UCF,visual,0.9462,probability,236.41,N/A,N/A,ok,
dfdc_test_004635,DFDC-DFDC_Real,0,UCF,visual,0.8041,probability,272.25,N/A,N/A,ok,
dfdc_test_004636,DFDC-DFDC_Real,0,UCF,visual,0.9579,probability,264.34,N/A,N/A,ok,
dfdc_test_004637,DFDC-DFDC_Real,0,UCF,visual,0.0411,probability,220.99,N/A,N/A,ok,
dfdc_test_004638,DFDC-DFDC_Real,0,UCF,visual,0.0237,probability,208.44,N/A,N/A,ok,
dfdc_test_004639,DFDC-DFDC_Real,0,UCF,visual,0.0681,probability,227.83,N/A,N/A,ok,
dfdc_test_004640,DFDC-DFDC_Real,0,UCF,visual,0.2468,probability,213.4,N/A,N/A,ok,
dfdc_test_004641,DFDC-DFDC_Real,0,UCF,visual,0.5578,probability,175.11,N/A,N/A,ok,
dfdc_test_004642,DFDC-DFDC_Real,0,UCF,visual,0.592,probability,182.75,N/A,N/A,ok,
dfdc_test_004643,DFDC-DFDC_Real,0,UCF,visual,0.2084,probability,210.83,N/A,N/A,ok,
dfdc_test_004644,DFDC-DFDC_Real,0,UCF,visual,0.1695,probability,216.69,N/A,N/A,ok,
dfdc_test_004645,DFDC-DFDC_Real,0,UCF,visual,0.2606,probability,130.46,N/A,N/A,ok,
dfdc_test_004646,DFDC-DFDC_Real,0,UCF,visual,0.3407,probability,217.52,N/A,N/A,ok,
dfdc_test_004647,DFDC-DFDC_Real,0,UCF,visual,0.0611,probability,172.79,N/A,N/A,ok,
dfdc_test_004648,DFDC-DFDC_Real,0,UCF,visual,0.1954,probability,197.33,N/A,N/A,ok,
dfdc_test_004649,DFDC-DFDC_Real,0,UCF,visual,0.0945,probability,131.29,N/A,N/A,ok,
dfdc_test_004650,DFDC-DFDC_Real,0,UCF,visual,0.5758,probability,188.94,N/A,N/A,ok,
dfdc_test_004651,DFDC-DFDC_Real,0,UCF,visual,0.8796,probability,153.96,N/A,N/A,ok,
dfdc_test_004652,DFDC-DFDC_Real,0,UCF,visual,0.8322,probability,151.29,N/A,N/A,ok,
dfdc_test_004653,DFDC-DFDC_Real,0,UCF,visual,0.5129,probability,139.17,N/A,N/A,ok,
dfdc_test_004654,DFDC-DFDC_Real,0,UCF,visual,0.1118,probability,142.76,N/A,N/A,ok,
dfdc_test_004655,DFDC-DFDC_Real,0,UCF,visual,0.1636,probability,139.5,N/A,N/A,ok,
dfdc_test_004656,DFDC-DFDC_Real,0,UCF,visual,0.1933,probability,175.27,N/A,N/A,ok,
dfdc_test_004657,DFDC-DFDC_Real,0,UCF,visual,0.6983,probability,163.46,N/A,N/A,ok,
dfdc_test_004658,DFDC-DFDC_Real,0,UCF,visual,0.9103,probability,198.89,N/A,N/A,ok,
dfdc_test_004659,DFDC-DFDC_Real,0,UCF,visual,0.7265,probability,188.91,N/A,N/A,ok,
dfdc_test_004660,DFDC-DFDC_Real,0,UCF,visual,0.4557,probability,214.54,N/A,N/A,ok,
dfdc_test_004661,DFDC-DFDC_Real,0,UCF,visual,0.4547,probability,190.18,N/A,N/A,ok,
dfdc_test_004662,DFDC-DFDC_Real,0,UCF,visual,0.9684,probability,223.51,N/A,N/A,ok,
dfdc_test_004663,DFDC-DFDC_Real,0,UCF,visual,0.0451,probability,173.13,N/A,N/A,ok,
dfdc_test_004664,DFDC-DFDC_Real,0,UCF,visual,0.9703,probability,195.33,N/A,N/A,ok,
dfdc_test_004665,DFDC-DFDC_Real,0,UCF,visual,0.0159,probability,174.09,N/A,N/A,ok,
dfdc_test_004666,DFDC-DFDC_Real,0,UCF,visual,0.2111,probability,142.31,N/A,N/A,ok,
dfdc_test_004667,DFDC-DFDC_Real,0,UCF,visual,0.2078,probability,179.9,N/A,N/A,ok,
dfdc_test_004668,DFDC-DFDC_Real,0,UCF,visual,0.4656,probability,150.35,N/A,N/A,ok,
dfdc_test_004669,DFDC-DFDC_Real,0,UCF,visual,0.5635,probability,128.07,N/A,N/A,ok,
dfdc_test_004670,DFDC-DFDC_Real,0,UCF,visual,0.4697,probability,130.55,N/A,N/A,ok,
dfdc_test_004671,DFDC-DFDC_Real,0,UCF,visual,0.789,probability,152.1,N/A,N/A,ok,
dfdc_test_004672,DFDC-DFDC_Real,0,UCF,visual,0.0349,probability,125.04,N/A,N/A,ok,
dfdc_test_004673,DFDC-DFDC_Real,0,UCF,visual,0.2183,probability,133.13,N/A,N/A,ok,
dfdc_test_004674,DFDC-DFDC_Real,0,UCF,visual,0.8881,probability,139.73,N/A,N/A,ok,
dfdc_test_004675,DFDC-DFDC_Real,0,UCF,visual,0.3903,probability,126.7,N/A,N/A,ok,
dfdc_test_004676,DFDC-DFDC_Real,0,UCF,visual,0.4032,probability,134.56,N/A,N/A,ok,
dfdc_test_004677,DFDC-DFDC_Real,0,UCF,visual,0.5377,probability,121.36,N/A,N/A,ok,
dfdc_test_004678,DFDC-DFDC_Real,0,UCF,visual,0.3631,probability,136.44,N/A,N/A,ok,
dfdc_test_004679,DFDC-DFDC_Real,0,UCF,visual,0.0197,probability,117.62,N/A,N/A,ok,
dfdc_test_004680,DFDC-DFDC_Real,0,UCF,visual,0.0534,probability,169.13,N/A,N/A,ok,
dfdc_test_004681,DFDC-DFDC_Real,0,UCF,visual,0.2207,probability,150.08,N/A,N/A,ok,
dfdc_test_004682,DFDC-DFDC_Real,0,UCF,visual,0.1627,probability,129.13,N/A,N/A,ok,
dfdc_test_004683,DFDC-DFDC_Real,0,UCF,visual,0.3961,probability,138.51,N/A,N/A,ok,
dfdc_test_004684,DFDC-DFDC_Real,0,UCF,visual,0.6079,probability,134.24,N/A,N/A,ok,
dfdc_test_004685,DFDC-DFDC_Real,0,UCF,visual,0.5965,probability,142.31,N/A,N/A,ok,
dfdc_test_004686,DFDC-DFDC_Real,0,UCF,visual,0.9188,probability,165.13,N/A,N/A,ok,
dfdc_test_004687,DFDC-DFDC_Real,0,UCF,visual,0.4057,probability,127.5,N/A,N/A,ok,
dfdc_test_004688,DFDC-DFDC_Real,0,UCF,visual,0.3004,probability,171.27,N/A,N/A,ok,
dfdc_test_004689,DFDC-DFDC_Real,0,UCF,visual,0.9879,probability,182.95,N/A,N/A,ok,
dfdc_test_004690,DFDC-DFDC_Real,0,UCF,visual,0.0875,probability,136.99,N/A,N/A,ok,
dfdc_test_004691,DFDC-DFDC_Real,0,UCF,visual,0.7683,probability,150.73,N/A,N/A,ok,
dfdc_test_004692,DFDC-DFDC_Real,0,UCF,visual,0.6269,probability,149.81,N/A,N/A,ok,
dfdc_test_004693,DFDC-DFDC_Real,0,UCF,visual,0.0456,probability,174.91,N/A,N/A,ok,
dfdc_test_004694,DFDC-DFDC_Real,0,UCF,visual,0.0572,probability,278.86,N/A,N/A,ok,
dfdc_test_004695,DFDC-DFDC_Real,0,UCF,visual,0.1219,probability,221.48,N/A,N/A,ok,
dfdc_test_004696,DFDC-DFDC_Real,0,UCF,visual,0.4156,probability,217.52,N/A,N/A,ok,
dfdc_test_004697,DFDC-DFDC_Real,0,UCF,visual,0.4686,probability,159.29,N/A,N/A,ok,
dfdc_test_004698,DFDC-DFDC_Real,0,UCF,visual,0.3734,probability,140.67,N/A,N/A,ok,
dfdc_test_004699,DFDC-DFDC_Real,0,UCF,visual,0.2656,probability,130.07,N/A,N/A,ok,
dfdc_test_004700,DFDC-DFDC_Real,0,UCF,visual,0.0412,probability,121.22,N/A,N/A,ok,
dfdc_test_004701,DFDC-DFDC_Real,0,UCF,visual,0.7971,probability,142.31,N/A,N/A,ok,
dfdc_test_004702,DFDC-DFDC_Real,0,UCF,visual,0.4368,probability,141.57,N/A,N/A,ok,
dfdc_test_004703,DFDC-DFDC_Real,0,UCF,visual,0.6701,probability,141.01,N/A,N/A,ok,
